Analysis & Synthesis report for robot_motor_top
Sun Feb 22 14:27:43 2026
Quartus Prime Version 20.1.1 Build 720 11/11/2020 SJ Lite Edition


---------------------
; Table of Contents ;
---------------------
  1. Legal Notice
  2. Analysis & Synthesis Summary
  3. Analysis & Synthesis Settings
  4. Parallel Compilation
  5. Analysis & Synthesis Source Files Read
  6. Analysis & Synthesis Resource Usage Summary
  7. Analysis & Synthesis Resource Utilization by Entity
  8. Analysis & Synthesis RAM Summary
  9. Analysis & Synthesis DSP Block Usage Summary
 10. Analysis & Synthesis IP Cores Summary
 11. State Machine - |robot_motor_top|uart_rx:u_uart_rx|state
 12. State Machine - |robot_motor_top|servo:u_servo|state
 13. State Machine - |robot_motor_top|msg_sender:msg_fsm|state
 14. State Machine - |robot_motor_top|uart_tx:uart|state
 15. State Machine - |robot_motor_top|t2a_dht:u_dht|state
 16. State Machine - |robot_motor_top|ir_and_us:path_ctrl|us_sensor:us_f|state
 17. State Machine - |robot_motor_top|ir_and_us:path_ctrl|us_sensor:us_r|state
 18. State Machine - |robot_motor_top|ir_and_us:path_ctrl|us_sensor:us_l|state
 19. State Machine - |robot_motor_top|motor_controller:motor_ctrl|false_count
 20. State Machine - |robot_motor_top|motor_controller:motor_ctrl|state
 21. Registers Removed During Synthesis
 22. Removed Registers Triggering Further Register Optimizations
 23. General Register Statistics
 24. Inverted Register Statistics
 25. Multiplexer Restructuring Statistics (Restructuring Performed)
 26. Source assignments for sld_signaltap:auto_signaltap_0
 27. Parameter Settings for User Entity Instance: motor_controller:motor_ctrl
 28. Parameter Settings for User Entity Instance: ir_and_us:path_ctrl
 29. Parameter Settings for User Entity Instance: ir_and_us:path_ctrl|us_sensor:us_l
 30. Parameter Settings for User Entity Instance: ir_and_us:path_ctrl|us_sensor:us_r
 31. Parameter Settings for User Entity Instance: ir_and_us:path_ctrl|us_sensor:us_f
 32. Parameter Settings for User Entity Instance: t2a_dht:u_dht
 33. Parameter Settings for User Entity Instance: moisture_sensor:ms|adc_controller:adc_inst
 34. Parameter Settings for User Entity Instance: uart_tx:uart
 35. Parameter Settings for User Entity Instance: msg_sender:msg_fsm
 36. Parameter Settings for User Entity Instance: uart_rx:u_uart_rx
 37. Parameter Settings for User Entity Instance: bot_position:u_bot_position
 38. Parameter Settings for Inferred Entity Instance: sld_signaltap:auto_signaltap_0
 39. Parameter Settings for Inferred Entity Instance: ir_and_us:path_ctrl|us_sensor:us_f|lpm_mult:Mult0
 40. Parameter Settings for Inferred Entity Instance: ir_and_us:path_ctrl|us_sensor:us_l|lpm_mult:Mult0
 41. Parameter Settings for Inferred Entity Instance: ir_and_us:path_ctrl|us_sensor:us_r|lpm_mult:Mult0
 42. Parameter Settings for Inferred Entity Instance: msg_sender:msg_fsm|lpm_divide:Mod2
 43. Parameter Settings for Inferred Entity Instance: msg_sender:msg_fsm|lpm_divide:Mod1
 44. Parameter Settings for Inferred Entity Instance: msg_sender:msg_fsm|lpm_divide:Div1
 45. Parameter Settings for Inferred Entity Instance: msg_sender:msg_fsm|lpm_divide:Div0
 46. Parameter Settings for Inferred Entity Instance: msg_sender:msg_fsm|lpm_divide:Mod0
 47. lpm_mult Parameter Settings by Entity Instance
 48. Port Connectivity Checks: "bot_position:u_bot_position"
 49. Port Connectivity Checks: "servo:u_servo|servo_pwm:s2"
 50. Port Connectivity Checks: "servo:u_servo|servo_pwm:s1"
 51. Port Connectivity Checks: "moisture_sensor:ms"
 52. Port Connectivity Checks: "t2a_dht:u_dht"
 53. Port Connectivity Checks: "ir_and_us:path_ctrl"
 54. Port Connectivity Checks: "encoder_decoder:encB"
 55. Port Connectivity Checks: "encoder_decoder:encA"
 56. Signal Tap Logic Analyzer Settings
 57. Post-Synthesis Netlist Statistics for Top Partition
 58. Elapsed Time Per Partition
 59. Connections to In-System Debugging Instance "auto_signaltap_0"
 60. Analysis & Synthesis Messages
 61. Analysis & Synthesis Suppressed Messages



----------------
; Legal Notice ;
----------------
Copyright (C) 2020  Intel Corporation. All rights reserved.
Your use of Intel Corporation's design tools, logic functions 
and other software and tools, and any partner logic 
functions, and any output files from any of the foregoing 
(including device programming or simulation files), and any 
associated documentation or information are expressly subject 
to the terms and conditions of the Intel Program License 
Subscription Agreement, the Intel Quartus Prime License Agreement,
the Intel FPGA IP License Agreement, or other applicable license
agreement, including, without limitation, that your use is for
the sole purpose of programming logic devices manufactured by
Intel and sold by Intel or its authorized distributors.  Please
refer to the applicable agreement for further details, at
https://fpgasoftware.intel.com/eula.



+----------------------------------------------------------------------------------+
; Analysis & Synthesis Summary                                                     ;
+------------------------------------+---------------------------------------------+
; Analysis & Synthesis Status        ; Successful - Sun Feb 22 14:27:43 2026       ;
; Quartus Prime Version              ; 20.1.1 Build 720 11/11/2020 SJ Lite Edition ;
; Revision Name                      ; robot_motor_top                             ;
; Top-level Entity Name              ; robot_motor_top                             ;
; Family                             ; Cyclone IV E                                ;
; Total logic elements               ; 3,091                                       ;
;     Total combinational functions  ; 2,260                                       ;
;     Dedicated logic registers      ; 1,859                                       ;
; Total registers                    ; 1859                                        ;
; Total pins                         ; 30                                          ;
; Total virtual pins                 ; 0                                           ;
; Total memory bits                  ; 30,208                                      ;
; Embedded Multiplier 9-bit elements ; 12                                          ;
; Total PLLs                         ; 0                                           ;
+------------------------------------+---------------------------------------------+


+------------------------------------------------------------------------------------------------------------+
; Analysis & Synthesis Settings                                                                              ;
+------------------------------------------------------------------+--------------------+--------------------+
; Option                                                           ; Setting            ; Default Value      ;
+------------------------------------------------------------------+--------------------+--------------------+
; Device                                                           ; EP4CE22F17C6       ;                    ;
; Top-level entity name                                            ; robot_motor_top    ; robot_motor_top    ;
; Family name                                                      ; Cyclone IV E       ; Cyclone V          ;
; Use smart compilation                                            ; Off                ; Off                ;
; Enable parallel Assembler and Timing Analyzer during compilation ; On                 ; On                 ;
; Enable compact report table                                      ; Off                ; Off                ;
; Restructure Multiplexers                                         ; Auto               ; Auto               ;
; Create Debugging Nodes for IP Cores                              ; Off                ; Off                ;
; Preserve fewer node names                                        ; On                 ; On                 ;
; Intel FPGA IP Evaluation Mode                                    ; Enable             ; Enable             ;
; Verilog Version                                                  ; Verilog_2001       ; Verilog_2001       ;
; VHDL Version                                                     ; VHDL_1993          ; VHDL_1993          ;
; State Machine Processing                                         ; Auto               ; Auto               ;
; Safe State Machine                                               ; Off                ; Off                ;
; Extract Verilog State Machines                                   ; On                 ; On                 ;
; Extract VHDL State Machines                                      ; On                 ; On                 ;
; Ignore Verilog initial constructs                                ; Off                ; Off                ;
; Iteration limit for constant Verilog loops                       ; 5000               ; 5000               ;
; Iteration limit for non-constant Verilog loops                   ; 250                ; 250                ;
; Add Pass-Through Logic to Inferred RAMs                          ; On                 ; On                 ;
; Infer RAMs from Raw Logic                                        ; On                 ; On                 ;
; Parallel Synthesis                                               ; On                 ; On                 ;
; DSP Block Balancing                                              ; Auto               ; Auto               ;
; NOT Gate Push-Back                                               ; On                 ; On                 ;
; Power-Up Don't Care                                              ; On                 ; On                 ;
; Remove Redundant Logic Cells                                     ; Off                ; Off                ;
; Remove Duplicate Registers                                       ; On                 ; On                 ;
; Ignore CARRY Buffers                                             ; Off                ; Off                ;
; Ignore CASCADE Buffers                                           ; Off                ; Off                ;
; Ignore GLOBAL Buffers                                            ; Off                ; Off                ;
; Ignore ROW GLOBAL Buffers                                        ; Off                ; Off                ;
; Ignore LCELL Buffers                                             ; Off                ; Off                ;
; Ignore SOFT Buffers                                              ; On                 ; On                 ;
; Limit AHDL Integers to 32 Bits                                   ; Off                ; Off                ;
; Optimization Technique                                           ; Balanced           ; Balanced           ;
; Carry Chain Length                                               ; 70                 ; 70                 ;
; Auto Carry Chains                                                ; On                 ; On                 ;
; Auto Open-Drain Pins                                             ; On                 ; On                 ;
; Perform WYSIWYG Primitive Resynthesis                            ; Off                ; Off                ;
; Auto ROM Replacement                                             ; On                 ; On                 ;
; Auto RAM Replacement                                             ; On                 ; On                 ;
; Auto DSP Block Replacement                                       ; On                 ; On                 ;
; Auto Shift Register Replacement                                  ; Auto               ; Auto               ;
; Allow Shift Register Merging across Hierarchies                  ; Auto               ; Auto               ;
; Auto Clock Enable Replacement                                    ; On                 ; On                 ;
; Strict RAM Replacement                                           ; Off                ; Off                ;
; Allow Synchronous Control Signals                                ; On                 ; On                 ;
; Force Use of Synchronous Clear Signals                           ; Off                ; Off                ;
; Auto RAM Block Balancing                                         ; On                 ; On                 ;
; Auto RAM to Logic Cell Conversion                                ; Off                ; Off                ;
; Auto Resource Sharing                                            ; Off                ; Off                ;
; Allow Any RAM Size For Recognition                               ; Off                ; Off                ;
; Allow Any ROM Size For Recognition                               ; Off                ; Off                ;
; Allow Any Shift Register Size For Recognition                    ; Off                ; Off                ;
; Use LogicLock Constraints during Resource Balancing              ; On                 ; On                 ;
; Ignore translate_off and synthesis_off directives                ; Off                ; Off                ;
; Timing-Driven Synthesis                                          ; On                 ; On                 ;
; Report Parameter Settings                                        ; On                 ; On                 ;
; Report Source Assignments                                        ; On                 ; On                 ;
; Report Connectivity Checks                                       ; On                 ; On                 ;
; Ignore Maximum Fan-Out Assignments                               ; Off                ; Off                ;
; Synchronization Register Chain Length                            ; 2                  ; 2                  ;
; Power Optimization During Synthesis                              ; Normal compilation ; Normal compilation ;
; HDL message level                                                ; Level2             ; Level2             ;
; Suppress Register Optimization Related Messages                  ; Off                ; Off                ;
; Number of Removed Registers Reported in Synthesis Report         ; 5000               ; 5000               ;
; Number of Swept Nodes Reported in Synthesis Report               ; 5000               ; 5000               ;
; Number of Inverted Registers Reported in Synthesis Report        ; 100                ; 100                ;
; Clock MUX Protection                                             ; On                 ; On                 ;
; Auto Gated Clock Conversion                                      ; Off                ; Off                ;
; Block Design Naming                                              ; Auto               ; Auto               ;
; SDC constraint protection                                        ; Off                ; Off                ;
; Synthesis Effort                                                 ; Auto               ; Auto               ;
; Shift Register Replacement - Allow Asynchronous Clear Signal     ; On                 ; On                 ;
; Pre-Mapping Resynthesis Optimization                             ; Off                ; Off                ;
; Analysis & Synthesis Message Level                               ; Medium             ; Medium             ;
; Disable Register Merging Across Hierarchies                      ; Auto               ; Auto               ;
; Resource Aware Inference For Block RAM                           ; On                 ; On                 ;
+------------------------------------------------------------------+--------------------+--------------------+


+------------------------------------------+
; Parallel Compilation                     ;
+----------------------------+-------------+
; Processors                 ; Number      ;
+----------------------------+-------------+
; Number detected on machine ; 12          ;
; Maximum allowed            ; 10          ;
;                            ;             ;
; Average used               ; 1.00        ;
; Maximum used               ; 10          ;
;                            ;             ;
; Usage by Processor         ; % Time Used ;
;     Processor 1            ; 100.0%      ;
;     Processor 2            ;   0.0%      ;
;     Processor 3            ;   0.0%      ;
;     Processor 4            ;   0.0%      ;
;     Processor 5            ;   0.0%      ;
;     Processor 6            ;   0.0%      ;
;     Processors 7-10        ;   0.0%      ;
+----------------------------+-------------+


+----------------------------------------------------------------------------------------------------------------------------------------------------------------------------------------------------------------------------------------------------------------------------------------+
; Analysis & Synthesis Source Files Read                                                                                                                                                                                                                                                 ;
+--------------------------------------------------------------------+-----------------+----------------------------------------------+------------------------------------------------------------------------------------------------------------------------------------+-------------+
; File Name with User-Entered Path                                   ; Used in Netlist ; File Type                                    ; File Name with Absolute Path                                                                                                       ; Library     ;
+--------------------------------------------------------------------+-----------------+----------------------------------------------+------------------------------------------------------------------------------------------------------------------------------------+-------------+
; robot_motor_top.v                                                  ; yes             ; User Verilog HDL File                        ; C:/Users/dutta/OneDrive/Desktop/task5/mb_4975_task5b/ALL_IN_ONE/robot_motor_top.v                                                  ;             ;
; encoder_decoder.v                                                  ; yes             ; User Verilog HDL File                        ; C:/Users/dutta/OneDrive/Desktop/task5/mb_4975_task5b/ALL_IN_ONE/encoder_decoder.v                                                  ;             ;
; motor_controller.v                                                 ; yes             ; User Verilog HDL File                        ; C:/Users/dutta/OneDrive/Desktop/task5/mb_4975_task5b/ALL_IN_ONE/motor_controller.v                                                 ;             ;
; pwm_generator.v                                                    ; yes             ; User Verilog HDL File                        ; C:/Users/dutta/OneDrive/Desktop/task5/mb_4975_task5b/ALL_IN_ONE/pwm_generator.v                                                    ;             ;
; ir_sensor.v                                                        ; yes             ; User Verilog HDL File                        ; C:/Users/dutta/OneDrive/Desktop/task5/mb_4975_task5b/ALL_IN_ONE/ir_sensor.v                                                        ;             ;
; us_sensor.v                                                        ; yes             ; User Verilog HDL File                        ; C:/Users/dutta/OneDrive/Desktop/task5/mb_4975_task5b/ALL_IN_ONE/us_sensor.v                                                        ;             ;
; ir_and_us.v                                                        ; yes             ; User Verilog HDL File                        ; C:/Users/dutta/OneDrive/Desktop/task5/mb_4975_task5b/ALL_IN_ONE/ir_and_us.v                                                        ;             ;
; dht_11.v                                                           ; yes             ; User Verilog HDL File                        ; C:/Users/dutta/OneDrive/Desktop/task5/mb_4975_task5b/ALL_IN_ONE/dht_11.v                                                           ;             ;
; soil_moisture.v                                                    ; yes             ; User Verilog HDL File                        ; C:/Users/dutta/OneDrive/Desktop/task5/mb_4975_task5b/ALL_IN_ONE/soil_moisture.v                                                    ;             ;
; adc_controller.v                                                   ; yes             ; User Verilog HDL File                        ; C:/Users/dutta/OneDrive/Desktop/task5/mb_4975_task5b/ALL_IN_ONE/adc_controller.v                                                   ;             ;
; clk3125.v                                                          ; yes             ; User Verilog HDL File                        ; C:/Users/dutta/OneDrive/Desktop/task5/mb_4975_task5b/ALL_IN_ONE/clk3125.v                                                          ;             ;
; uart_tx.v                                                          ; yes             ; User Verilog HDL File                        ; C:/Users/dutta/OneDrive/Desktop/task5/mb_4975_task5b/ALL_IN_ONE/uart_tx.v                                                          ;             ;
; msg_sender.v                                                       ; yes             ; User Verilog HDL File                        ; C:/Users/dutta/OneDrive/Desktop/task5/mb_4975_task5b/ALL_IN_ONE/msg_sender.v                                                       ;             ;
; servo.v                                                            ; yes             ; User Verilog HDL File                        ; C:/Users/dutta/OneDrive/Desktop/task5/mb_4975_task5b/ALL_IN_ONE/servo.v                                                            ;             ;
; uart_rx.v                                                          ; yes             ; User Verilog HDL File                        ; C:/Users/dutta/OneDrive/Desktop/task5/mb_4975_task5b/ALL_IN_ONE/uart_rx.v                                                          ;             ;
; uart_cmd_parser.v                                                  ; yes             ; User Verilog HDL File                        ; C:/Users/dutta/OneDrive/Desktop/task5/mb_4975_task5b/ALL_IN_ONE/uart_cmd_parser.v                                                  ;             ;
; position_finder.v                                                  ; yes             ; User Verilog HDL File                        ; C:/Users/dutta/OneDrive/Desktop/task5/mb_4975_task5b/ALL_IN_ONE/position_finder.v                                                  ;             ;
; sld_signaltap.vhd                                                  ; yes             ; Megafunction                                 ; d:/quartus/quartus/libraries/megafunctions/sld_signaltap.vhd                                                                       ;             ;
; sld_signaltap_impl.vhd                                             ; yes             ; Encrypted Megafunction                       ; d:/quartus/quartus/libraries/megafunctions/sld_signaltap_impl.vhd                                                                  ;             ;
; sld_ela_control.vhd                                                ; yes             ; Encrypted Megafunction                       ; d:/quartus/quartus/libraries/megafunctions/sld_ela_control.vhd                                                                     ;             ;
; lpm_shiftreg.tdf                                                   ; yes             ; Megafunction                                 ; d:/quartus/quartus/libraries/megafunctions/lpm_shiftreg.tdf                                                                        ;             ;
; lpm_constant.inc                                                   ; yes             ; Megafunction                                 ; d:/quartus/quartus/libraries/megafunctions/lpm_constant.inc                                                                        ;             ;
; dffeea.inc                                                         ; yes             ; Megafunction                                 ; d:/quartus/quartus/libraries/megafunctions/dffeea.inc                                                                              ;             ;
; aglobal201.inc                                                     ; yes             ; Megafunction                                 ; d:/quartus/quartus/libraries/megafunctions/aglobal201.inc                                                                          ;             ;
; sld_mbpmg.vhd                                                      ; yes             ; Encrypted Megafunction                       ; d:/quartus/quartus/libraries/megafunctions/sld_mbpmg.vhd                                                                           ;             ;
; sld_ela_trigger_flow_mgr.vhd                                       ; yes             ; Encrypted Megafunction                       ; d:/quartus/quartus/libraries/megafunctions/sld_ela_trigger_flow_mgr.vhd                                                            ;             ;
; sld_buffer_manager.vhd                                             ; yes             ; Encrypted Megafunction                       ; d:/quartus/quartus/libraries/megafunctions/sld_buffer_manager.vhd                                                                  ;             ;
; sld_gap_detector.vhd                                               ; yes             ; Encrypted Megafunction                       ; d:/quartus/quartus/libraries/megafunctions/sld_gap_detector.vhd                                                                    ;             ;
; altsyncram.tdf                                                     ; yes             ; Megafunction                                 ; d:/quartus/quartus/libraries/megafunctions/altsyncram.tdf                                                                          ;             ;
; stratix_ram_block.inc                                              ; yes             ; Megafunction                                 ; d:/quartus/quartus/libraries/megafunctions/stratix_ram_block.inc                                                                   ;             ;
; lpm_mux.inc                                                        ; yes             ; Megafunction                                 ; d:/quartus/quartus/libraries/megafunctions/lpm_mux.inc                                                                             ;             ;
; lpm_decode.inc                                                     ; yes             ; Megafunction                                 ; d:/quartus/quartus/libraries/megafunctions/lpm_decode.inc                                                                          ;             ;
; a_rdenreg.inc                                                      ; yes             ; Megafunction                                 ; d:/quartus/quartus/libraries/megafunctions/a_rdenreg.inc                                                                           ;             ;
; altrom.inc                                                         ; yes             ; Megafunction                                 ; d:/quartus/quartus/libraries/megafunctions/altrom.inc                                                                              ;             ;
; altram.inc                                                         ; yes             ; Megafunction                                 ; d:/quartus/quartus/libraries/megafunctions/altram.inc                                                                              ;             ;
; altdpram.inc                                                       ; yes             ; Megafunction                                 ; d:/quartus/quartus/libraries/megafunctions/altdpram.inc                                                                            ;             ;
; db/altsyncram_m524.tdf                                             ; yes             ; Auto-Generated Megafunction                  ; C:/Users/dutta/OneDrive/Desktop/task5/mb_4975_task5b/ALL_IN_ONE/db/altsyncram_m524.tdf                                             ;             ;
; altdpram.tdf                                                       ; yes             ; Megafunction                                 ; d:/quartus/quartus/libraries/megafunctions/altdpram.tdf                                                                            ;             ;
; memmodes.inc                                                       ; yes             ; Megafunction                                 ; d:/quartus/quartus/libraries/others/maxplus2/memmodes.inc                                                                          ;             ;
; a_hdffe.inc                                                        ; yes             ; Megafunction                                 ; d:/quartus/quartus/libraries/megafunctions/a_hdffe.inc                                                                             ;             ;
; alt_le_rden_reg.inc                                                ; yes             ; Megafunction                                 ; d:/quartus/quartus/libraries/megafunctions/alt_le_rden_reg.inc                                                                     ;             ;
; altsyncram.inc                                                     ; yes             ; Megafunction                                 ; d:/quartus/quartus/libraries/megafunctions/altsyncram.inc                                                                          ;             ;
; lpm_mux.tdf                                                        ; yes             ; Megafunction                                 ; d:/quartus/quartus/libraries/megafunctions/lpm_mux.tdf                                                                             ;             ;
; muxlut.inc                                                         ; yes             ; Megafunction                                 ; d:/quartus/quartus/libraries/megafunctions/muxlut.inc                                                                              ;             ;
; bypassff.inc                                                       ; yes             ; Megafunction                                 ; d:/quartus/quartus/libraries/megafunctions/bypassff.inc                                                                            ;             ;
; altshift.inc                                                       ; yes             ; Megafunction                                 ; d:/quartus/quartus/libraries/megafunctions/altshift.inc                                                                            ;             ;
; db/mux_0tc.tdf                                                     ; yes             ; Auto-Generated Megafunction                  ; C:/Users/dutta/OneDrive/Desktop/task5/mb_4975_task5b/ALL_IN_ONE/db/mux_0tc.tdf                                                     ;             ;
; lpm_decode.tdf                                                     ; yes             ; Megafunction                                 ; d:/quartus/quartus/libraries/megafunctions/lpm_decode.tdf                                                                          ;             ;
; declut.inc                                                         ; yes             ; Megafunction                                 ; d:/quartus/quartus/libraries/megafunctions/declut.inc                                                                              ;             ;
; lpm_compare.inc                                                    ; yes             ; Megafunction                                 ; d:/quartus/quartus/libraries/megafunctions/lpm_compare.inc                                                                         ;             ;
; db/decode_dvf.tdf                                                  ; yes             ; Auto-Generated Megafunction                  ; C:/Users/dutta/OneDrive/Desktop/task5/mb_4975_task5b/ALL_IN_ONE/db/decode_dvf.tdf                                                  ;             ;
; lpm_counter.tdf                                                    ; yes             ; Megafunction                                 ; d:/quartus/quartus/libraries/megafunctions/lpm_counter.tdf                                                                         ;             ;
; lpm_add_sub.inc                                                    ; yes             ; Megafunction                                 ; d:/quartus/quartus/libraries/megafunctions/lpm_add_sub.inc                                                                         ;             ;
; cmpconst.inc                                                       ; yes             ; Megafunction                                 ; d:/quartus/quartus/libraries/megafunctions/cmpconst.inc                                                                            ;             ;
; lpm_counter.inc                                                    ; yes             ; Megafunction                                 ; d:/quartus/quartus/libraries/megafunctions/lpm_counter.inc                                                                         ;             ;
; alt_counter_stratix.inc                                            ; yes             ; Megafunction                                 ; d:/quartus/quartus/libraries/megafunctions/alt_counter_stratix.inc                                                                 ;             ;
; db/cntr_7hi.tdf                                                    ; yes             ; Auto-Generated Megafunction                  ; C:/Users/dutta/OneDrive/Desktop/task5/mb_4975_task5b/ALL_IN_ONE/db/cntr_7hi.tdf                                                    ;             ;
; db/cmpr_sgc.tdf                                                    ; yes             ; Auto-Generated Megafunction                  ; C:/Users/dutta/OneDrive/Desktop/task5/mb_4975_task5b/ALL_IN_ONE/db/cmpr_sgc.tdf                                                    ;             ;
; db/cntr_h6j.tdf                                                    ; yes             ; Auto-Generated Megafunction                  ; C:/Users/dutta/OneDrive/Desktop/task5/mb_4975_task5b/ALL_IN_ONE/db/cntr_h6j.tdf                                                    ;             ;
; db/cntr_8hi.tdf                                                    ; yes             ; Auto-Generated Megafunction                  ; C:/Users/dutta/OneDrive/Desktop/task5/mb_4975_task5b/ALL_IN_ONE/db/cntr_8hi.tdf                                                    ;             ;
; db/cmpr_rgc.tdf                                                    ; yes             ; Auto-Generated Megafunction                  ; C:/Users/dutta/OneDrive/Desktop/task5/mb_4975_task5b/ALL_IN_ONE/db/cmpr_rgc.tdf                                                    ;             ;
; db/cntr_23j.tdf                                                    ; yes             ; Auto-Generated Megafunction                  ; C:/Users/dutta/OneDrive/Desktop/task5/mb_4975_task5b/ALL_IN_ONE/db/cntr_23j.tdf                                                    ;             ;
; db/cmpr_ngc.tdf                                                    ; yes             ; Auto-Generated Megafunction                  ; C:/Users/dutta/OneDrive/Desktop/task5/mb_4975_task5b/ALL_IN_ONE/db/cmpr_ngc.tdf                                                    ;             ;
; sld_rom_sr.vhd                                                     ; yes             ; Encrypted Megafunction                       ; d:/quartus/quartus/libraries/megafunctions/sld_rom_sr.vhd                                                                          ;             ;
; sld_jtag_endpoint_adapter.vhd                                      ; yes             ; Encrypted Megafunction                       ; d:/quartus/quartus/libraries/megafunctions/sld_jtag_endpoint_adapter.vhd                                                           ;             ;
; sld_jtag_endpoint_adapter_impl.sv                                  ; yes             ; Encrypted Megafunction                       ; d:/quartus/quartus/libraries/megafunctions/sld_jtag_endpoint_adapter_impl.sv                                                       ;             ;
; sld_hub.vhd                                                        ; yes             ; Encrypted Megafunction                       ; d:/quartus/quartus/libraries/megafunctions/sld_hub.vhd                                                                             ; altera_sld  ;
; db/ip/sld524ca611/alt_sld_fab.v                                    ; yes             ; Encrypted Auto-Found Verilog HDL File        ; C:/Users/dutta/OneDrive/Desktop/task5/mb_4975_task5b/ALL_IN_ONE/db/ip/sld524ca611/alt_sld_fab.v                                    ; alt_sld_fab ;
; db/ip/sld524ca611/submodules/alt_sld_fab_alt_sld_fab.v             ; yes             ; Encrypted Auto-Found Verilog HDL File        ; C:/Users/dutta/OneDrive/Desktop/task5/mb_4975_task5b/ALL_IN_ONE/db/ip/sld524ca611/submodules/alt_sld_fab_alt_sld_fab.v             ; alt_sld_fab ;
; db/ip/sld524ca611/submodules/alt_sld_fab_alt_sld_fab_ident.sv      ; yes             ; Auto-Found SystemVerilog HDL File            ; C:/Users/dutta/OneDrive/Desktop/task5/mb_4975_task5b/ALL_IN_ONE/db/ip/sld524ca611/submodules/alt_sld_fab_alt_sld_fab_ident.sv      ; alt_sld_fab ;
; db/ip/sld524ca611/submodules/alt_sld_fab_alt_sld_fab_presplit.sv   ; yes             ; Encrypted Auto-Found SystemVerilog HDL File  ; C:/Users/dutta/OneDrive/Desktop/task5/mb_4975_task5b/ALL_IN_ONE/db/ip/sld524ca611/submodules/alt_sld_fab_alt_sld_fab_presplit.sv   ; alt_sld_fab ;
; db/ip/sld524ca611/submodules/alt_sld_fab_alt_sld_fab_sldfabric.vhd ; yes             ; Encrypted Auto-Found VHDL File               ; C:/Users/dutta/OneDrive/Desktop/task5/mb_4975_task5b/ALL_IN_ONE/db/ip/sld524ca611/submodules/alt_sld_fab_alt_sld_fab_sldfabric.vhd ; alt_sld_fab ;
; db/ip/sld524ca611/submodules/alt_sld_fab_alt_sld_fab_splitter.sv   ; yes             ; Encrypted Auto-Found SystemVerilog HDL File  ; C:/Users/dutta/OneDrive/Desktop/task5/mb_4975_task5b/ALL_IN_ONE/db/ip/sld524ca611/submodules/alt_sld_fab_alt_sld_fab_splitter.sv   ; alt_sld_fab ;
; sld_jtag_hub.vhd                                                   ; yes             ; Encrypted Megafunction                       ; d:/quartus/quartus/libraries/megafunctions/sld_jtag_hub.vhd                                                                        ;             ;
; lpm_mult.tdf                                                       ; yes             ; Megafunction                                 ; d:/quartus/quartus/libraries/megafunctions/lpm_mult.tdf                                                                            ;             ;
; multcore.inc                                                       ; yes             ; Megafunction                                 ; d:/quartus/quartus/libraries/megafunctions/multcore.inc                                                                            ;             ;
; db/mult_ngt.tdf                                                    ; yes             ; Auto-Generated Megafunction                  ; C:/Users/dutta/OneDrive/Desktop/task5/mb_4975_task5b/ALL_IN_ONE/db/mult_ngt.tdf                                                    ;             ;
; lpm_divide.tdf                                                     ; yes             ; Megafunction                                 ; d:/quartus/quartus/libraries/megafunctions/lpm_divide.tdf                                                                          ;             ;
; abs_divider.inc                                                    ; yes             ; Megafunction                                 ; d:/quartus/quartus/libraries/megafunctions/abs_divider.inc                                                                         ;             ;
; sign_div_unsign.inc                                                ; yes             ; Megafunction                                 ; d:/quartus/quartus/libraries/megafunctions/sign_div_unsign.inc                                                                     ;             ;
; db/lpm_divide_i9m.tdf                                              ; yes             ; Auto-Generated Megafunction                  ; C:/Users/dutta/OneDrive/Desktop/task5/mb_4975_task5b/ALL_IN_ONE/db/lpm_divide_i9m.tdf                                              ;             ;
; db/sign_div_unsign_7kh.tdf                                         ; yes             ; Auto-Generated Megafunction                  ; C:/Users/dutta/OneDrive/Desktop/task5/mb_4975_task5b/ALL_IN_ONE/db/sign_div_unsign_7kh.tdf                                         ;             ;
; db/alt_u_div_24f.tdf                                               ; yes             ; Auto-Generated Megafunction                  ; C:/Users/dutta/OneDrive/Desktop/task5/mb_4975_task5b/ALL_IN_ONE/db/alt_u_div_24f.tdf                                               ;             ;
; db/add_sub_7pc.tdf                                                 ; yes             ; Auto-Generated Megafunction                  ; C:/Users/dutta/OneDrive/Desktop/task5/mb_4975_task5b/ALL_IN_ONE/db/add_sub_7pc.tdf                                                 ;             ;
; db/add_sub_8pc.tdf                                                 ; yes             ; Auto-Generated Megafunction                  ; C:/Users/dutta/OneDrive/Desktop/task5/mb_4975_task5b/ALL_IN_ONE/db/add_sub_8pc.tdf                                                 ;             ;
; db/lpm_divide_m9m.tdf                                              ; yes             ; Auto-Generated Megafunction                  ; C:/Users/dutta/OneDrive/Desktop/task5/mb_4975_task5b/ALL_IN_ONE/db/lpm_divide_m9m.tdf                                              ;             ;
; db/sign_div_unsign_bkh.tdf                                         ; yes             ; Auto-Generated Megafunction                  ; C:/Users/dutta/OneDrive/Desktop/task5/mb_4975_task5b/ALL_IN_ONE/db/sign_div_unsign_bkh.tdf                                         ;             ;
; db/alt_u_div_a4f.tdf                                               ; yes             ; Auto-Generated Megafunction                  ; C:/Users/dutta/OneDrive/Desktop/task5/mb_4975_task5b/ALL_IN_ONE/db/alt_u_div_a4f.tdf                                               ;             ;
; db/lpm_divide_jhm.tdf                                              ; yes             ; Auto-Generated Megafunction                  ; C:/Users/dutta/OneDrive/Desktop/task5/mb_4975_task5b/ALL_IN_ONE/db/lpm_divide_jhm.tdf                                              ;             ;
+--------------------------------------------------------------------+-----------------+----------------------------------------------+------------------------------------------------------------------------------------------------------------------------------------+-------------+


+---------------------------------------------------------+
; Analysis & Synthesis Resource Usage Summary             ;
+---------------------------------------------+-----------+
; Resource                                    ; Usage     ;
+---------------------------------------------+-----------+
; Estimated Total logic elements              ; 3,091     ;
;                                             ;           ;
; Total combinational functions               ; 2260      ;
; Logic element usage by number of LUT inputs ;           ;
;     -- 4 input functions                    ; 967       ;
;     -- 3 input functions                    ; 496       ;
;     -- <=2 input functions                  ; 797       ;
;                                             ;           ;
; Logic elements by mode                      ;           ;
;     -- normal mode                          ; 1723      ;
;     -- arithmetic mode                      ; 537       ;
;                                             ;           ;
; Total registers                             ; 1859      ;
;     -- Dedicated logic registers            ; 1859      ;
;     -- I/O registers                        ; 0         ;
;                                             ;           ;
; I/O pins                                    ; 30        ;
; Total memory bits                           ; 30208     ;
;                                             ;           ;
; Embedded Multiplier 9-bit elements          ; 12        ;
;                                             ;           ;
; Maximum fan-out node                        ; clk~input ;
; Maximum fan-out                             ; 1318      ;
; Total fan-out                               ; 14611     ;
; Average fan-out                             ; 3.43      ;
+---------------------------------------------+-----------+


+-------------------------------------------------------------------------------------------------------------------------------------------------------------------------------------------------------------------------------------------------------------------------------------------------------------------------------------------------------------------------------------------------------------------------------------------------------------------------------------------------------------------------------------------------------------------------------------------------------------------------------------------------------------------------------------+
; Analysis & Synthesis Resource Utilization by Entity                                                                                                                                                                                                                                                                                                                                                                                                                                                                                                                                                                                                                                 ;
+-----------------------------------------------------------------------------------------------------------------------------------------+---------------------+---------------------------+-------------+--------------+---------+-----------+------+--------------+-------------------------------------------------------------------------------------------------------------------------------------------------------------------------------------------------------------------------------------------------------------------------------------------------------------------------------------------------------------+-----------------------------------+--------------+
; Compilation Hierarchy Node                                                                                                              ; Combinational ALUTs ; Dedicated Logic Registers ; Memory Bits ; DSP Elements ; DSP 9x9 ; DSP 18x18 ; Pins ; Virtual Pins ; Full Hierarchy Name                                                                                                                                                                                                                                                                                                                                         ; Entity Name                       ; Library Name ;
+-----------------------------------------------------------------------------------------------------------------------------------------+---------------------+---------------------------+-------------+--------------+---------+-----------+------+--------------+-------------------------------------------------------------------------------------------------------------------------------------------------------------------------------------------------------------------------------------------------------------------------------------------------------------------------------------------------------------+-----------------------------------+--------------+
; |robot_motor_top                                                                                                                        ; 2260 (1)            ; 1859 (0)                  ; 30208       ; 12           ; 0       ; 6         ; 30   ; 0            ; |robot_motor_top                                                                                                                                                                                                                                                                                                                                            ; robot_motor_top                   ; work         ;
;    |clk3125:u_clk_div|                                                                                                                  ; 4 (4)               ; 4 (4)                     ; 0           ; 0            ; 0       ; 0         ; 0    ; 0            ; |robot_motor_top|clk3125:u_clk_div                                                                                                                                                                                                                                                                                                                          ; clk3125                           ; work         ;
;    |ir_and_us:path_ctrl|                                                                                                                ; 510 (0)             ; 354 (0)                   ; 0           ; 12           ; 0       ; 6         ; 0    ; 0            ; |robot_motor_top|ir_and_us:path_ctrl                                                                                                                                                                                                                                                                                                                        ; ir_and_us                         ; work         ;
;       |ir_sensor:irr_f|                                                                                                                 ; 1 (1)               ; 3 (3)                     ; 0           ; 0            ; 0       ; 0         ; 0    ; 0            ; |robot_motor_top|ir_and_us:path_ctrl|ir_sensor:irr_f                                                                                                                                                                                                                                                                                                        ; ir_sensor                         ; work         ;
;       |ir_sensor:irr_l|                                                                                                                 ; 1 (1)               ; 3 (3)                     ; 0           ; 0            ; 0       ; 0         ; 0    ; 0            ; |robot_motor_top|ir_and_us:path_ctrl|ir_sensor:irr_l                                                                                                                                                                                                                                                                                                        ; ir_sensor                         ; work         ;
;       |ir_sensor:irr_r|                                                                                                                 ; 1 (1)               ; 3 (3)                     ; 0           ; 0            ; 0       ; 0         ; 0    ; 0            ; |robot_motor_top|ir_and_us:path_ctrl|ir_sensor:irr_r                                                                                                                                                                                                                                                                                                        ; ir_sensor                         ; work         ;
;       |us_sensor:us_f|                                                                                                                  ; 169 (169)           ; 115 (115)                 ; 0           ; 4            ; 0       ; 2         ; 0    ; 0            ; |robot_motor_top|ir_and_us:path_ctrl|us_sensor:us_f                                                                                                                                                                                                                                                                                                         ; us_sensor                         ; work         ;
;          |lpm_mult:Mult0|                                                                                                               ; 0 (0)               ; 0 (0)                     ; 0           ; 4            ; 0       ; 2         ; 0    ; 0            ; |robot_motor_top|ir_and_us:path_ctrl|us_sensor:us_f|lpm_mult:Mult0                                                                                                                                                                                                                                                                                          ; lpm_mult                          ; work         ;
;             |mult_ngt:auto_generated|                                                                                                   ; 0 (0)               ; 0 (0)                     ; 0           ; 4            ; 0       ; 2         ; 0    ; 0            ; |robot_motor_top|ir_and_us:path_ctrl|us_sensor:us_f|lpm_mult:Mult0|mult_ngt:auto_generated                                                                                                                                                                                                                                                                  ; mult_ngt                          ; work         ;
;       |us_sensor:us_l|                                                                                                                  ; 169 (169)           ; 115 (115)                 ; 0           ; 4            ; 0       ; 2         ; 0    ; 0            ; |robot_motor_top|ir_and_us:path_ctrl|us_sensor:us_l                                                                                                                                                                                                                                                                                                         ; us_sensor                         ; work         ;
;          |lpm_mult:Mult0|                                                                                                               ; 0 (0)               ; 0 (0)                     ; 0           ; 4            ; 0       ; 2         ; 0    ; 0            ; |robot_motor_top|ir_and_us:path_ctrl|us_sensor:us_l|lpm_mult:Mult0                                                                                                                                                                                                                                                                                          ; lpm_mult                          ; work         ;
;             |mult_ngt:auto_generated|                                                                                                   ; 0 (0)               ; 0 (0)                     ; 0           ; 4            ; 0       ; 2         ; 0    ; 0            ; |robot_motor_top|ir_and_us:path_ctrl|us_sensor:us_l|lpm_mult:Mult0|mult_ngt:auto_generated                                                                                                                                                                                                                                                                  ; mult_ngt                          ; work         ;
;       |us_sensor:us_r|                                                                                                                  ; 169 (169)           ; 115 (115)                 ; 0           ; 4            ; 0       ; 2         ; 0    ; 0            ; |robot_motor_top|ir_and_us:path_ctrl|us_sensor:us_r                                                                                                                                                                                                                                                                                                         ; us_sensor                         ; work         ;
;          |lpm_mult:Mult0|                                                                                                               ; 0 (0)               ; 0 (0)                     ; 0           ; 4            ; 0       ; 2         ; 0    ; 0            ; |robot_motor_top|ir_and_us:path_ctrl|us_sensor:us_r|lpm_mult:Mult0                                                                                                                                                                                                                                                                                          ; lpm_mult                          ; work         ;
;             |mult_ngt:auto_generated|                                                                                                   ; 0 (0)               ; 0 (0)                     ; 0           ; 4            ; 0       ; 2         ; 0    ; 0            ; |robot_motor_top|ir_and_us:path_ctrl|us_sensor:us_r|lpm_mult:Mult0|mult_ngt:auto_generated                                                                                                                                                                                                                                                                  ; mult_ngt                          ; work         ;
;    |moisture_sensor:ms|                                                                                                                 ; 38 (3)              ; 35 (4)                    ; 0           ; 0            ; 0       ; 0         ; 0    ; 0            ; |robot_motor_top|moisture_sensor:ms                                                                                                                                                                                                                                                                                                                         ; moisture_sensor                   ; work         ;
;       |adc_controller:adc_inst|                                                                                                         ; 35 (35)             ; 31 (31)                   ; 0           ; 0            ; 0       ; 0         ; 0    ; 0            ; |robot_motor_top|moisture_sensor:ms|adc_controller:adc_inst                                                                                                                                                                                                                                                                                                 ; adc_controller                    ; work         ;
;    |motor_controller:motor_ctrl|                                                                                                        ; 383 (371)           ; 74 (72)                   ; 0           ; 0            ; 0       ; 0         ; 0    ; 0            ; |robot_motor_top|motor_controller:motor_ctrl                                                                                                                                                                                                                                                                                                                ; motor_controller                  ; work         ;
;       |pwm_generator:pwmA|                                                                                                              ; 6 (6)               ; 1 (1)                     ; 0           ; 0            ; 0       ; 0         ; 0    ; 0            ; |robot_motor_top|motor_controller:motor_ctrl|pwm_generator:pwmA                                                                                                                                                                                                                                                                                             ; pwm_generator                     ; work         ;
;       |pwm_generator:pwmB|                                                                                                              ; 6 (6)               ; 1 (1)                     ; 0           ; 0            ; 0       ; 0         ; 0    ; 0            ; |robot_motor_top|motor_controller:motor_ctrl|pwm_generator:pwmB                                                                                                                                                                                                                                                                                             ; pwm_generator                     ; work         ;
;    |msg_sender:msg_fsm|                                                                                                                 ; 325 (186)           ; 34 (34)                   ; 0           ; 0            ; 0       ; 0         ; 0    ; 0            ; |robot_motor_top|msg_sender:msg_fsm                                                                                                                                                                                                                                                                                                                         ; msg_sender                        ; work         ;
;       |lpm_divide:Div0|                                                                                                                 ; 19 (0)              ; 0 (0)                     ; 0           ; 0            ; 0       ; 0         ; 0    ; 0            ; |robot_motor_top|msg_sender:msg_fsm|lpm_divide:Div0                                                                                                                                                                                                                                                                                                         ; lpm_divide                        ; work         ;
;          |lpm_divide_jhm:auto_generated|                                                                                                ; 19 (0)              ; 0 (0)                     ; 0           ; 0            ; 0       ; 0         ; 0    ; 0            ; |robot_motor_top|msg_sender:msg_fsm|lpm_divide:Div0|lpm_divide_jhm:auto_generated                                                                                                                                                                                                                                                                           ; lpm_divide_jhm                    ; work         ;
;             |sign_div_unsign_bkh:divider|                                                                                               ; 19 (0)              ; 0 (0)                     ; 0           ; 0            ; 0       ; 0         ; 0    ; 0            ; |robot_motor_top|msg_sender:msg_fsm|lpm_divide:Div0|lpm_divide_jhm:auto_generated|sign_div_unsign_bkh:divider                                                                                                                                                                                                                                               ; sign_div_unsign_bkh               ; work         ;
;                |alt_u_div_a4f:divider|                                                                                                  ; 19 (19)             ; 0 (0)                     ; 0           ; 0            ; 0       ; 0         ; 0    ; 0            ; |robot_motor_top|msg_sender:msg_fsm|lpm_divide:Div0|lpm_divide_jhm:auto_generated|sign_div_unsign_bkh:divider|alt_u_div_a4f:divider                                                                                                                                                                                                                         ; alt_u_div_a4f                     ; work         ;
;       |lpm_divide:Div1|                                                                                                                 ; 44 (0)              ; 0 (0)                     ; 0           ; 0            ; 0       ; 0         ; 0    ; 0            ; |robot_motor_top|msg_sender:msg_fsm|lpm_divide:Div1                                                                                                                                                                                                                                                                                                         ; lpm_divide                        ; work         ;
;          |lpm_divide_jhm:auto_generated|                                                                                                ; 44 (0)              ; 0 (0)                     ; 0           ; 0            ; 0       ; 0         ; 0    ; 0            ; |robot_motor_top|msg_sender:msg_fsm|lpm_divide:Div1|lpm_divide_jhm:auto_generated                                                                                                                                                                                                                                                                           ; lpm_divide_jhm                    ; work         ;
;             |sign_div_unsign_bkh:divider|                                                                                               ; 44 (0)              ; 0 (0)                     ; 0           ; 0            ; 0       ; 0         ; 0    ; 0            ; |robot_motor_top|msg_sender:msg_fsm|lpm_divide:Div1|lpm_divide_jhm:auto_generated|sign_div_unsign_bkh:divider                                                                                                                                                                                                                                               ; sign_div_unsign_bkh               ; work         ;
;                |alt_u_div_a4f:divider|                                                                                                  ; 44 (44)             ; 0 (0)                     ; 0           ; 0            ; 0       ; 0         ; 0    ; 0            ; |robot_motor_top|msg_sender:msg_fsm|lpm_divide:Div1|lpm_divide_jhm:auto_generated|sign_div_unsign_bkh:divider|alt_u_div_a4f:divider                                                                                                                                                                                                                         ; alt_u_div_a4f                     ; work         ;
;       |lpm_divide:Mod0|                                                                                                                 ; 23 (0)              ; 0 (0)                     ; 0           ; 0            ; 0       ; 0         ; 0    ; 0            ; |robot_motor_top|msg_sender:msg_fsm|lpm_divide:Mod0                                                                                                                                                                                                                                                                                                         ; lpm_divide                        ; work         ;
;          |lpm_divide_m9m:auto_generated|                                                                                                ; 23 (0)              ; 0 (0)                     ; 0           ; 0            ; 0       ; 0         ; 0    ; 0            ; |robot_motor_top|msg_sender:msg_fsm|lpm_divide:Mod0|lpm_divide_m9m:auto_generated                                                                                                                                                                                                                                                                           ; lpm_divide_m9m                    ; work         ;
;             |sign_div_unsign_bkh:divider|                                                                                               ; 23 (0)              ; 0 (0)                     ; 0           ; 0            ; 0       ; 0         ; 0    ; 0            ; |robot_motor_top|msg_sender:msg_fsm|lpm_divide:Mod0|lpm_divide_m9m:auto_generated|sign_div_unsign_bkh:divider                                                                                                                                                                                                                                               ; sign_div_unsign_bkh               ; work         ;
;                |alt_u_div_a4f:divider|                                                                                                  ; 23 (23)             ; 0 (0)                     ; 0           ; 0            ; 0       ; 0         ; 0    ; 0            ; |robot_motor_top|msg_sender:msg_fsm|lpm_divide:Mod0|lpm_divide_m9m:auto_generated|sign_div_unsign_bkh:divider|alt_u_div_a4f:divider                                                                                                                                                                                                                         ; alt_u_div_a4f                     ; work         ;
;       |lpm_divide:Mod1|                                                                                                                 ; 47 (0)              ; 0 (0)                     ; 0           ; 0            ; 0       ; 0         ; 0    ; 0            ; |robot_motor_top|msg_sender:msg_fsm|lpm_divide:Mod1                                                                                                                                                                                                                                                                                                         ; lpm_divide                        ; work         ;
;          |lpm_divide_m9m:auto_generated|                                                                                                ; 47 (0)              ; 0 (0)                     ; 0           ; 0            ; 0       ; 0         ; 0    ; 0            ; |robot_motor_top|msg_sender:msg_fsm|lpm_divide:Mod1|lpm_divide_m9m:auto_generated                                                                                                                                                                                                                                                                           ; lpm_divide_m9m                    ; work         ;
;             |sign_div_unsign_bkh:divider|                                                                                               ; 47 (0)              ; 0 (0)                     ; 0           ; 0            ; 0       ; 0         ; 0    ; 0            ; |robot_motor_top|msg_sender:msg_fsm|lpm_divide:Mod1|lpm_divide_m9m:auto_generated|sign_div_unsign_bkh:divider                                                                                                                                                                                                                                               ; sign_div_unsign_bkh               ; work         ;
;                |alt_u_div_a4f:divider|                                                                                                  ; 47 (47)             ; 0 (0)                     ; 0           ; 0            ; 0       ; 0         ; 0    ; 0            ; |robot_motor_top|msg_sender:msg_fsm|lpm_divide:Mod1|lpm_divide_m9m:auto_generated|sign_div_unsign_bkh:divider|alt_u_div_a4f:divider                                                                                                                                                                                                                         ; alt_u_div_a4f                     ; work         ;
;       |lpm_divide:Mod2|                                                                                                                 ; 6 (0)               ; 0 (0)                     ; 0           ; 0            ; 0       ; 0         ; 0    ; 0            ; |robot_motor_top|msg_sender:msg_fsm|lpm_divide:Mod2                                                                                                                                                                                                                                                                                                         ; lpm_divide                        ; work         ;
;          |lpm_divide_i9m:auto_generated|                                                                                                ; 6 (0)               ; 0 (0)                     ; 0           ; 0            ; 0       ; 0         ; 0    ; 0            ; |robot_motor_top|msg_sender:msg_fsm|lpm_divide:Mod2|lpm_divide_i9m:auto_generated                                                                                                                                                                                                                                                                           ; lpm_divide_i9m                    ; work         ;
;             |sign_div_unsign_7kh:divider|                                                                                               ; 6 (0)               ; 0 (0)                     ; 0           ; 0            ; 0       ; 0         ; 0    ; 0            ; |robot_motor_top|msg_sender:msg_fsm|lpm_divide:Mod2|lpm_divide_i9m:auto_generated|sign_div_unsign_7kh:divider                                                                                                                                                                                                                                               ; sign_div_unsign_7kh               ; work         ;
;                |alt_u_div_24f:divider|                                                                                                  ; 6 (6)               ; 0 (0)                     ; 0           ; 0            ; 0       ; 0         ; 0    ; 0            ; |robot_motor_top|msg_sender:msg_fsm|lpm_divide:Mod2|lpm_divide_i9m:auto_generated|sign_div_unsign_7kh:divider|alt_u_div_24f:divider                                                                                                                                                                                                                         ; alt_u_div_24f                     ; work         ;
;    |servo:u_servo|                                                                                                                      ; 103 (53)            ; 56 (37)                   ; 0           ; 0            ; 0       ; 0         ; 0    ; 0            ; |robot_motor_top|servo:u_servo                                                                                                                                                                                                                                                                                                                              ; servo                             ; work         ;
;       |servo_pwm:s1|                                                                                                                    ; 41 (41)             ; 18 (18)                   ; 0           ; 0            ; 0       ; 0         ; 0    ; 0            ; |robot_motor_top|servo:u_servo|servo_pwm:s1                                                                                                                                                                                                                                                                                                                 ; servo_pwm                         ; work         ;
;       |servo_pwm:s2|                                                                                                                    ; 9 (9)               ; 1 (1)                     ; 0           ; 0            ; 0       ; 0         ; 0    ; 0            ; |robot_motor_top|servo:u_servo|servo_pwm:s2                                                                                                                                                                                                                                                                                                                 ; servo_pwm                         ; work         ;
;    |sld_hub:auto_hub|                                                                                                                   ; 125 (1)             ; 90 (0)                    ; 0           ; 0            ; 0       ; 0         ; 0    ; 0            ; |robot_motor_top|sld_hub:auto_hub                                                                                                                                                                                                                                                                                                                           ; sld_hub                           ; altera_sld   ;
;       |alt_sld_fab_with_jtag_input:\instrumentation_fabric_with_node_gen:fabric_gen_new_way:with_jtag_input_gen:instrumentation_fabric| ; 124 (0)             ; 90 (0)                    ; 0           ; 0            ; 0       ; 0         ; 0    ; 0            ; |robot_motor_top|sld_hub:auto_hub|alt_sld_fab_with_jtag_input:\instrumentation_fabric_with_node_gen:fabric_gen_new_way:with_jtag_input_gen:instrumentation_fabric                                                                                                                                                                                           ; alt_sld_fab_with_jtag_input       ; altera_sld   ;
;          |alt_sld_fab:instrumentation_fabric|                                                                                           ; 124 (0)             ; 90 (0)                    ; 0           ; 0            ; 0       ; 0         ; 0    ; 0            ; |robot_motor_top|sld_hub:auto_hub|alt_sld_fab_with_jtag_input:\instrumentation_fabric_with_node_gen:fabric_gen_new_way:with_jtag_input_gen:instrumentation_fabric|alt_sld_fab:instrumentation_fabric                                                                                                                                                        ; alt_sld_fab                       ; alt_sld_fab  ;
;             |alt_sld_fab_alt_sld_fab:alt_sld_fab|                                                                                       ; 124 (1)             ; 90 (5)                    ; 0           ; 0            ; 0       ; 0         ; 0    ; 0            ; |robot_motor_top|sld_hub:auto_hub|alt_sld_fab_with_jtag_input:\instrumentation_fabric_with_node_gen:fabric_gen_new_way:with_jtag_input_gen:instrumentation_fabric|alt_sld_fab:instrumentation_fabric|alt_sld_fab_alt_sld_fab:alt_sld_fab                                                                                                                    ; alt_sld_fab_alt_sld_fab           ; alt_sld_fab  ;
;                |alt_sld_fab_alt_sld_fab_sldfabric:sldfabric|                                                                            ; 123 (0)             ; 85 (0)                    ; 0           ; 0            ; 0       ; 0         ; 0    ; 0            ; |robot_motor_top|sld_hub:auto_hub|alt_sld_fab_with_jtag_input:\instrumentation_fabric_with_node_gen:fabric_gen_new_way:with_jtag_input_gen:instrumentation_fabric|alt_sld_fab:instrumentation_fabric|alt_sld_fab_alt_sld_fab:alt_sld_fab|alt_sld_fab_alt_sld_fab_sldfabric:sldfabric                                                                        ; alt_sld_fab_alt_sld_fab_sldfabric ; alt_sld_fab  ;
;                   |sld_jtag_hub:\jtag_hub_gen:real_sld_jtag_hub|                                                                        ; 123 (84)            ; 85 (57)                   ; 0           ; 0            ; 0       ; 0         ; 0    ; 0            ; |robot_motor_top|sld_hub:auto_hub|alt_sld_fab_with_jtag_input:\instrumentation_fabric_with_node_gen:fabric_gen_new_way:with_jtag_input_gen:instrumentation_fabric|alt_sld_fab:instrumentation_fabric|alt_sld_fab_alt_sld_fab:alt_sld_fab|alt_sld_fab_alt_sld_fab_sldfabric:sldfabric|sld_jtag_hub:\jtag_hub_gen:real_sld_jtag_hub                           ; sld_jtag_hub                      ; work         ;
;                      |sld_rom_sr:hub_info_reg|                                                                                          ; 21 (21)             ; 9 (9)                     ; 0           ; 0            ; 0       ; 0         ; 0    ; 0            ; |robot_motor_top|sld_hub:auto_hub|alt_sld_fab_with_jtag_input:\instrumentation_fabric_with_node_gen:fabric_gen_new_way:with_jtag_input_gen:instrumentation_fabric|alt_sld_fab:instrumentation_fabric|alt_sld_fab_alt_sld_fab:alt_sld_fab|alt_sld_fab_alt_sld_fab_sldfabric:sldfabric|sld_jtag_hub:\jtag_hub_gen:real_sld_jtag_hub|sld_rom_sr:hub_info_reg   ; sld_rom_sr                        ; work         ;
;                      |sld_shadow_jsm:shadow_jsm|                                                                                        ; 18 (18)             ; 19 (19)                   ; 0           ; 0            ; 0       ; 0         ; 0    ; 0            ; |robot_motor_top|sld_hub:auto_hub|alt_sld_fab_with_jtag_input:\instrumentation_fabric_with_node_gen:fabric_gen_new_way:with_jtag_input_gen:instrumentation_fabric|alt_sld_fab:instrumentation_fabric|alt_sld_fab_alt_sld_fab:alt_sld_fab|alt_sld_fab_alt_sld_fab_sldfabric:sldfabric|sld_jtag_hub:\jtag_hub_gen:real_sld_jtag_hub|sld_shadow_jsm:shadow_jsm ; sld_shadow_jsm                    ; altera_sld   ;
;    |sld_signaltap:auto_signaltap_0|                                                                                                     ; 522 (2)             ; 1016 (116)                ; 30208       ; 0            ; 0       ; 0         ; 0    ; 0            ; |robot_motor_top|sld_signaltap:auto_signaltap_0                                                                                                                                                                                                                                                                                                             ; sld_signaltap                     ; work         ;
;       |sld_signaltap_impl:sld_signaltap_body|                                                                                           ; 520 (0)             ; 900 (0)                   ; 30208       ; 0            ; 0       ; 0         ; 0    ; 0            ; |robot_motor_top|sld_signaltap:auto_signaltap_0|sld_signaltap_impl:sld_signaltap_body                                                                                                                                                                                                                                                                       ; sld_signaltap_impl                ; work         ;
;          |sld_signaltap_implb:sld_signaltap_body|                                                                                       ; 520 (86)            ; 900 (310)                 ; 30208       ; 0            ; 0       ; 0         ; 0    ; 0            ; |robot_motor_top|sld_signaltap:auto_signaltap_0|sld_signaltap_impl:sld_signaltap_body|sld_signaltap_implb:sld_signaltap_body                                                                                                                                                                                                                                ; sld_signaltap_implb               ; work         ;
;             |altdpram:\stp_non_zero_ram_gen:attribute_mem_gen:attribute_mem|                                                            ; 21 (0)              ; 58 (58)                   ; 0           ; 0            ; 0       ; 0         ; 0    ; 0            ; |robot_motor_top|sld_signaltap:auto_signaltap_0|sld_signaltap_impl:sld_signaltap_body|sld_signaltap_implb:sld_signaltap_body|altdpram:\stp_non_zero_ram_gen:attribute_mem_gen:attribute_mem                                                                                                                                                                 ; altdpram                          ; work         ;
;                |lpm_decode:wdecoder|                                                                                                    ; 2 (0)               ; 0 (0)                     ; 0           ; 0            ; 0       ; 0         ; 0    ; 0            ; |robot_motor_top|sld_signaltap:auto_signaltap_0|sld_signaltap_impl:sld_signaltap_body|sld_signaltap_implb:sld_signaltap_body|altdpram:\stp_non_zero_ram_gen:attribute_mem_gen:attribute_mem|lpm_decode:wdecoder                                                                                                                                             ; lpm_decode                        ; work         ;
;                   |decode_dvf:auto_generated|                                                                                           ; 2 (2)               ; 0 (0)                     ; 0           ; 0            ; 0       ; 0         ; 0    ; 0            ; |robot_motor_top|sld_signaltap:auto_signaltap_0|sld_signaltap_impl:sld_signaltap_body|sld_signaltap_implb:sld_signaltap_body|altdpram:\stp_non_zero_ram_gen:attribute_mem_gen:attribute_mem|lpm_decode:wdecoder|decode_dvf:auto_generated                                                                                                                   ; decode_dvf                        ; work         ;
;                |lpm_mux:mux|                                                                                                            ; 19 (0)              ; 0 (0)                     ; 0           ; 0            ; 0       ; 0         ; 0    ; 0            ; |robot_motor_top|sld_signaltap:auto_signaltap_0|sld_signaltap_impl:sld_signaltap_body|sld_signaltap_implb:sld_signaltap_body|altdpram:\stp_non_zero_ram_gen:attribute_mem_gen:attribute_mem|lpm_mux:mux                                                                                                                                                     ; lpm_mux                           ; work         ;
;                   |mux_0tc:auto_generated|                                                                                              ; 19 (19)             ; 0 (0)                     ; 0           ; 0            ; 0       ; 0         ; 0    ; 0            ; |robot_motor_top|sld_signaltap:auto_signaltap_0|sld_signaltap_impl:sld_signaltap_body|sld_signaltap_implb:sld_signaltap_body|altdpram:\stp_non_zero_ram_gen:attribute_mem_gen:attribute_mem|lpm_mux:mux|mux_0tc:auto_generated                                                                                                                              ; mux_0tc                           ; work         ;
;             |altsyncram:\stp_non_zero_ram_gen:stp_buffer_ram|                                                                           ; 0 (0)               ; 0 (0)                     ; 30208       ; 0            ; 0       ; 0         ; 0    ; 0            ; |robot_motor_top|sld_signaltap:auto_signaltap_0|sld_signaltap_impl:sld_signaltap_body|sld_signaltap_implb:sld_signaltap_body|altsyncram:\stp_non_zero_ram_gen:stp_buffer_ram                                                                                                                                                                                ; altsyncram                        ; work         ;
;                |altsyncram_m524:auto_generated|                                                                                         ; 0 (0)               ; 0 (0)                     ; 30208       ; 0            ; 0       ; 0         ; 0    ; 0            ; |robot_motor_top|sld_signaltap:auto_signaltap_0|sld_signaltap_impl:sld_signaltap_body|sld_signaltap_implb:sld_signaltap_body|altsyncram:\stp_non_zero_ram_gen:stp_buffer_ram|altsyncram_m524:auto_generated                                                                                                                                                 ; altsyncram_m524                   ; work         ;
;             |lpm_shiftreg:segment_offset_config_deserialize|                                                                            ; 0 (0)               ; 9 (9)                     ; 0           ; 0            ; 0       ; 0         ; 0    ; 0            ; |robot_motor_top|sld_signaltap:auto_signaltap_0|sld_signaltap_impl:sld_signaltap_body|sld_signaltap_implb:sld_signaltap_body|lpm_shiftreg:segment_offset_config_deserialize                                                                                                                                                                                 ; lpm_shiftreg                      ; work         ;
;             |lpm_shiftreg:status_register|                                                                                              ; 18 (18)             ; 17 (17)                   ; 0           ; 0            ; 0       ; 0         ; 0    ; 0            ; |robot_motor_top|sld_signaltap:auto_signaltap_0|sld_signaltap_impl:sld_signaltap_body|sld_signaltap_implb:sld_signaltap_body|lpm_shiftreg:status_register                                                                                                                                                                                                   ; lpm_shiftreg                      ; work         ;
;             |serial_crc_16:\tdo_crc_gen:tdo_crc_calc|                                                                                   ; 14 (14)             ; 13 (13)                   ; 0           ; 0            ; 0       ; 0         ; 0    ; 0            ; |robot_motor_top|sld_signaltap:auto_signaltap_0|sld_signaltap_impl:sld_signaltap_body|sld_signaltap_implb:sld_signaltap_body|serial_crc_16:\tdo_crc_gen:tdo_crc_calc                                                                                                                                                                                        ; serial_crc_16                     ; work         ;
;             |sld_buffer_manager:sld_buffer_manager_inst|                                                                                ; 77 (77)             ; 54 (54)                   ; 0           ; 0            ; 0       ; 0         ; 0    ; 0            ; |robot_motor_top|sld_signaltap:auto_signaltap_0|sld_signaltap_impl:sld_signaltap_body|sld_signaltap_implb:sld_signaltap_body|sld_buffer_manager:sld_buffer_manager_inst                                                                                                                                                                                     ; sld_buffer_manager                ; work         ;
;             |sld_ela_control:ela_control|                                                                                               ; 139 (2)             ; 311 (5)                   ; 0           ; 0            ; 0       ; 0         ; 0    ; 0            ; |robot_motor_top|sld_signaltap:auto_signaltap_0|sld_signaltap_impl:sld_signaltap_body|sld_signaltap_implb:sld_signaltap_body|sld_ela_control:ela_control                                                                                                                                                                                                    ; sld_ela_control                   ; work         ;
;                |lpm_shiftreg:\storage_on_enable_bit:trigger_condition_deserialize|                                                      ; 0 (0)               ; 1 (1)                     ; 0           ; 0            ; 0       ; 0         ; 0    ; 0            ; |robot_motor_top|sld_signaltap:auto_signaltap_0|sld_signaltap_impl:sld_signaltap_body|sld_signaltap_implb:sld_signaltap_body|sld_ela_control:ela_control|lpm_shiftreg:\storage_on_enable_bit:trigger_condition_deserialize                                                                                                                                  ; lpm_shiftreg                      ; work         ;
;                |lpm_shiftreg:trigger_config_deserialize|                                                                                ; 0 (0)               ; 4 (4)                     ; 0           ; 0            ; 0       ; 0         ; 0    ; 0            ; |robot_motor_top|sld_signaltap:auto_signaltap_0|sld_signaltap_impl:sld_signaltap_body|sld_signaltap_implb:sld_signaltap_body|sld_ela_control:ela_control|lpm_shiftreg:trigger_config_deserialize                                                                                                                                                            ; lpm_shiftreg                      ; work         ;
;                |sld_ela_basic_multi_level_trigger:\basic_multi_level_mbpm_trigger_gen:multi_level_mbpm|                                 ; 116 (0)             ; 290 (0)                   ; 0           ; 0            ; 0       ; 0         ; 0    ; 0            ; |robot_motor_top|sld_signaltap:auto_signaltap_0|sld_signaltap_impl:sld_signaltap_body|sld_signaltap_implb:sld_signaltap_body|sld_ela_control:ela_control|sld_ela_basic_multi_level_trigger:\basic_multi_level_mbpm_trigger_gen:multi_level_mbpm                                                                                                             ; sld_ela_basic_multi_level_trigger ; work         ;
;                   |lpm_shiftreg:trigger_condition_deserialize|                                                                          ; 0 (0)               ; 174 (174)                 ; 0           ; 0            ; 0       ; 0         ; 0    ; 0            ; |robot_motor_top|sld_signaltap:auto_signaltap_0|sld_signaltap_impl:sld_signaltap_body|sld_signaltap_implb:sld_signaltap_body|sld_ela_control:ela_control|sld_ela_basic_multi_level_trigger:\basic_multi_level_mbpm_trigger_gen:multi_level_mbpm|lpm_shiftreg:trigger_condition_deserialize                                                                  ; lpm_shiftreg                      ; work         ;
;                   |sld_mbpmg:\trigger_modules_gen:0:trigger_match|                                                                      ; 116 (0)             ; 116 (0)                   ; 0           ; 0            ; 0       ; 0         ; 0    ; 0            ; |robot_motor_top|sld_signaltap:auto_signaltap_0|sld_signaltap_impl:sld_signaltap_body|sld_signaltap_implb:sld_signaltap_body|sld_ela_control:ela_control|sld_ela_basic_multi_level_trigger:\basic_multi_level_mbpm_trigger_gen:multi_level_mbpm|sld_mbpmg:\trigger_modules_gen:0:trigger_match                                                              ; sld_mbpmg                         ; work         ;
;                      |sld_sbpmg:\gen_sbpmg_pipeline_less_than_two:sm0:0:sm1|                                                            ; 2 (2)               ; 2 (2)                     ; 0           ; 0            ; 0       ; 0         ; 0    ; 0            ; |robot_motor_top|sld_signaltap:auto_signaltap_0|sld_signaltap_impl:sld_signaltap_body|sld_signaltap_implb:sld_signaltap_body|sld_ela_control:ela_control|sld_ela_basic_multi_level_trigger:\basic_multi_level_mbpm_trigger_gen:multi_level_mbpm|sld_mbpmg:\trigger_modules_gen:0:trigger_match|sld_sbpmg:\gen_sbpmg_pipeline_less_than_two:sm0:0:sm1        ; sld_sbpmg                         ; work         ;
;                      |sld_sbpmg:\gen_sbpmg_pipeline_less_than_two:sm0:10:sm1|                                                           ; 2 (2)               ; 2 (2)                     ; 0           ; 0            ; 0       ; 0         ; 0    ; 0            ; |robot_motor_top|sld_signaltap:auto_signaltap_0|sld_signaltap_impl:sld_signaltap_body|sld_signaltap_implb:sld_signaltap_body|sld_ela_control:ela_control|sld_ela_basic_multi_level_trigger:\basic_multi_level_mbpm_trigger_gen:multi_level_mbpm|sld_mbpmg:\trigger_modules_gen:0:trigger_match|sld_sbpmg:\gen_sbpmg_pipeline_less_than_two:sm0:10:sm1       ; sld_sbpmg                         ; work         ;
;                      |sld_sbpmg:\gen_sbpmg_pipeline_less_than_two:sm0:11:sm1|                                                           ; 2 (2)               ; 2 (2)                     ; 0           ; 0            ; 0       ; 0         ; 0    ; 0            ; |robot_motor_top|sld_signaltap:auto_signaltap_0|sld_signaltap_impl:sld_signaltap_body|sld_signaltap_implb:sld_signaltap_body|sld_ela_control:ela_control|sld_ela_basic_multi_level_trigger:\basic_multi_level_mbpm_trigger_gen:multi_level_mbpm|sld_mbpmg:\trigger_modules_gen:0:trigger_match|sld_sbpmg:\gen_sbpmg_pipeline_less_than_two:sm0:11:sm1       ; sld_sbpmg                         ; work         ;
;                      |sld_sbpmg:\gen_sbpmg_pipeline_less_than_two:sm0:12:sm1|                                                           ; 2 (2)               ; 2 (2)                     ; 0           ; 0            ; 0       ; 0         ; 0    ; 0            ; |robot_motor_top|sld_signaltap:auto_signaltap_0|sld_signaltap_impl:sld_signaltap_body|sld_signaltap_implb:sld_signaltap_body|sld_ela_control:ela_control|sld_ela_basic_multi_level_trigger:\basic_multi_level_mbpm_trigger_gen:multi_level_mbpm|sld_mbpmg:\trigger_modules_gen:0:trigger_match|sld_sbpmg:\gen_sbpmg_pipeline_less_than_two:sm0:12:sm1       ; sld_sbpmg                         ; work         ;
;                      |sld_sbpmg:\gen_sbpmg_pipeline_less_than_two:sm0:13:sm1|                                                           ; 2 (2)               ; 2 (2)                     ; 0           ; 0            ; 0       ; 0         ; 0    ; 0            ; |robot_motor_top|sld_signaltap:auto_signaltap_0|sld_signaltap_impl:sld_signaltap_body|sld_signaltap_implb:sld_signaltap_body|sld_ela_control:ela_control|sld_ela_basic_multi_level_trigger:\basic_multi_level_mbpm_trigger_gen:multi_level_mbpm|sld_mbpmg:\trigger_modules_gen:0:trigger_match|sld_sbpmg:\gen_sbpmg_pipeline_less_than_two:sm0:13:sm1       ; sld_sbpmg                         ; work         ;
;                      |sld_sbpmg:\gen_sbpmg_pipeline_less_than_two:sm0:14:sm1|                                                           ; 2 (2)               ; 2 (2)                     ; 0           ; 0            ; 0       ; 0         ; 0    ; 0            ; |robot_motor_top|sld_signaltap:auto_signaltap_0|sld_signaltap_impl:sld_signaltap_body|sld_signaltap_implb:sld_signaltap_body|sld_ela_control:ela_control|sld_ela_basic_multi_level_trigger:\basic_multi_level_mbpm_trigger_gen:multi_level_mbpm|sld_mbpmg:\trigger_modules_gen:0:trigger_match|sld_sbpmg:\gen_sbpmg_pipeline_less_than_two:sm0:14:sm1       ; sld_sbpmg                         ; work         ;
;                      |sld_sbpmg:\gen_sbpmg_pipeline_less_than_two:sm0:15:sm1|                                                           ; 2 (2)               ; 2 (2)                     ; 0           ; 0            ; 0       ; 0         ; 0    ; 0            ; |robot_motor_top|sld_signaltap:auto_signaltap_0|sld_signaltap_impl:sld_signaltap_body|sld_signaltap_implb:sld_signaltap_body|sld_ela_control:ela_control|sld_ela_basic_multi_level_trigger:\basic_multi_level_mbpm_trigger_gen:multi_level_mbpm|sld_mbpmg:\trigger_modules_gen:0:trigger_match|sld_sbpmg:\gen_sbpmg_pipeline_less_than_two:sm0:15:sm1       ; sld_sbpmg                         ; work         ;
;                      |sld_sbpmg:\gen_sbpmg_pipeline_less_than_two:sm0:16:sm1|                                                           ; 2 (2)               ; 2 (2)                     ; 0           ; 0            ; 0       ; 0         ; 0    ; 0            ; |robot_motor_top|sld_signaltap:auto_signaltap_0|sld_signaltap_impl:sld_signaltap_body|sld_signaltap_implb:sld_signaltap_body|sld_ela_control:ela_control|sld_ela_basic_multi_level_trigger:\basic_multi_level_mbpm_trigger_gen:multi_level_mbpm|sld_mbpmg:\trigger_modules_gen:0:trigger_match|sld_sbpmg:\gen_sbpmg_pipeline_less_than_two:sm0:16:sm1       ; sld_sbpmg                         ; work         ;
;                      |sld_sbpmg:\gen_sbpmg_pipeline_less_than_two:sm0:17:sm1|                                                           ; 2 (2)               ; 2 (2)                     ; 0           ; 0            ; 0       ; 0         ; 0    ; 0            ; |robot_motor_top|sld_signaltap:auto_signaltap_0|sld_signaltap_impl:sld_signaltap_body|sld_signaltap_implb:sld_signaltap_body|sld_ela_control:ela_control|sld_ela_basic_multi_level_trigger:\basic_multi_level_mbpm_trigger_gen:multi_level_mbpm|sld_mbpmg:\trigger_modules_gen:0:trigger_match|sld_sbpmg:\gen_sbpmg_pipeline_less_than_two:sm0:17:sm1       ; sld_sbpmg                         ; work         ;
;                      |sld_sbpmg:\gen_sbpmg_pipeline_less_than_two:sm0:18:sm1|                                                           ; 2 (2)               ; 2 (2)                     ; 0           ; 0            ; 0       ; 0         ; 0    ; 0            ; |robot_motor_top|sld_signaltap:auto_signaltap_0|sld_signaltap_impl:sld_signaltap_body|sld_signaltap_implb:sld_signaltap_body|sld_ela_control:ela_control|sld_ela_basic_multi_level_trigger:\basic_multi_level_mbpm_trigger_gen:multi_level_mbpm|sld_mbpmg:\trigger_modules_gen:0:trigger_match|sld_sbpmg:\gen_sbpmg_pipeline_less_than_two:sm0:18:sm1       ; sld_sbpmg                         ; work         ;
;                      |sld_sbpmg:\gen_sbpmg_pipeline_less_than_two:sm0:19:sm1|                                                           ; 2 (2)               ; 2 (2)                     ; 0           ; 0            ; 0       ; 0         ; 0    ; 0            ; |robot_motor_top|sld_signaltap:auto_signaltap_0|sld_signaltap_impl:sld_signaltap_body|sld_signaltap_implb:sld_signaltap_body|sld_ela_control:ela_control|sld_ela_basic_multi_level_trigger:\basic_multi_level_mbpm_trigger_gen:multi_level_mbpm|sld_mbpmg:\trigger_modules_gen:0:trigger_match|sld_sbpmg:\gen_sbpmg_pipeline_less_than_two:sm0:19:sm1       ; sld_sbpmg                         ; work         ;
;                      |sld_sbpmg:\gen_sbpmg_pipeline_less_than_two:sm0:1:sm1|                                                            ; 2 (2)               ; 2 (2)                     ; 0           ; 0            ; 0       ; 0         ; 0    ; 0            ; |robot_motor_top|sld_signaltap:auto_signaltap_0|sld_signaltap_impl:sld_signaltap_body|sld_signaltap_implb:sld_signaltap_body|sld_ela_control:ela_control|sld_ela_basic_multi_level_trigger:\basic_multi_level_mbpm_trigger_gen:multi_level_mbpm|sld_mbpmg:\trigger_modules_gen:0:trigger_match|sld_sbpmg:\gen_sbpmg_pipeline_less_than_two:sm0:1:sm1        ; sld_sbpmg                         ; work         ;
;                      |sld_sbpmg:\gen_sbpmg_pipeline_less_than_two:sm0:20:sm1|                                                           ; 2 (2)               ; 2 (2)                     ; 0           ; 0            ; 0       ; 0         ; 0    ; 0            ; |robot_motor_top|sld_signaltap:auto_signaltap_0|sld_signaltap_impl:sld_signaltap_body|sld_signaltap_implb:sld_signaltap_body|sld_ela_control:ela_control|sld_ela_basic_multi_level_trigger:\basic_multi_level_mbpm_trigger_gen:multi_level_mbpm|sld_mbpmg:\trigger_modules_gen:0:trigger_match|sld_sbpmg:\gen_sbpmg_pipeline_less_than_two:sm0:20:sm1       ; sld_sbpmg                         ; work         ;
;                      |sld_sbpmg:\gen_sbpmg_pipeline_less_than_two:sm0:21:sm1|                                                           ; 2 (2)               ; 2 (2)                     ; 0           ; 0            ; 0       ; 0         ; 0    ; 0            ; |robot_motor_top|sld_signaltap:auto_signaltap_0|sld_signaltap_impl:sld_signaltap_body|sld_signaltap_implb:sld_signaltap_body|sld_ela_control:ela_control|sld_ela_basic_multi_level_trigger:\basic_multi_level_mbpm_trigger_gen:multi_level_mbpm|sld_mbpmg:\trigger_modules_gen:0:trigger_match|sld_sbpmg:\gen_sbpmg_pipeline_less_than_two:sm0:21:sm1       ; sld_sbpmg                         ; work         ;
;                      |sld_sbpmg:\gen_sbpmg_pipeline_less_than_two:sm0:22:sm1|                                                           ; 2 (2)               ; 2 (2)                     ; 0           ; 0            ; 0       ; 0         ; 0    ; 0            ; |robot_motor_top|sld_signaltap:auto_signaltap_0|sld_signaltap_impl:sld_signaltap_body|sld_signaltap_implb:sld_signaltap_body|sld_ela_control:ela_control|sld_ela_basic_multi_level_trigger:\basic_multi_level_mbpm_trigger_gen:multi_level_mbpm|sld_mbpmg:\trigger_modules_gen:0:trigger_match|sld_sbpmg:\gen_sbpmg_pipeline_less_than_two:sm0:22:sm1       ; sld_sbpmg                         ; work         ;
;                      |sld_sbpmg:\gen_sbpmg_pipeline_less_than_two:sm0:23:sm1|                                                           ; 2 (2)               ; 2 (2)                     ; 0           ; 0            ; 0       ; 0         ; 0    ; 0            ; |robot_motor_top|sld_signaltap:auto_signaltap_0|sld_signaltap_impl:sld_signaltap_body|sld_signaltap_implb:sld_signaltap_body|sld_ela_control:ela_control|sld_ela_basic_multi_level_trigger:\basic_multi_level_mbpm_trigger_gen:multi_level_mbpm|sld_mbpmg:\trigger_modules_gen:0:trigger_match|sld_sbpmg:\gen_sbpmg_pipeline_less_than_two:sm0:23:sm1       ; sld_sbpmg                         ; work         ;
;                      |sld_sbpmg:\gen_sbpmg_pipeline_less_than_two:sm0:24:sm1|                                                           ; 2 (2)               ; 2 (2)                     ; 0           ; 0            ; 0       ; 0         ; 0    ; 0            ; |robot_motor_top|sld_signaltap:auto_signaltap_0|sld_signaltap_impl:sld_signaltap_body|sld_signaltap_implb:sld_signaltap_body|sld_ela_control:ela_control|sld_ela_basic_multi_level_trigger:\basic_multi_level_mbpm_trigger_gen:multi_level_mbpm|sld_mbpmg:\trigger_modules_gen:0:trigger_match|sld_sbpmg:\gen_sbpmg_pipeline_less_than_two:sm0:24:sm1       ; sld_sbpmg                         ; work         ;
;                      |sld_sbpmg:\gen_sbpmg_pipeline_less_than_two:sm0:25:sm1|                                                           ; 2 (2)               ; 2 (2)                     ; 0           ; 0            ; 0       ; 0         ; 0    ; 0            ; |robot_motor_top|sld_signaltap:auto_signaltap_0|sld_signaltap_impl:sld_signaltap_body|sld_signaltap_implb:sld_signaltap_body|sld_ela_control:ela_control|sld_ela_basic_multi_level_trigger:\basic_multi_level_mbpm_trigger_gen:multi_level_mbpm|sld_mbpmg:\trigger_modules_gen:0:trigger_match|sld_sbpmg:\gen_sbpmg_pipeline_less_than_two:sm0:25:sm1       ; sld_sbpmg                         ; work         ;
;                      |sld_sbpmg:\gen_sbpmg_pipeline_less_than_two:sm0:26:sm1|                                                           ; 2 (2)               ; 2 (2)                     ; 0           ; 0            ; 0       ; 0         ; 0    ; 0            ; |robot_motor_top|sld_signaltap:auto_signaltap_0|sld_signaltap_impl:sld_signaltap_body|sld_signaltap_implb:sld_signaltap_body|sld_ela_control:ela_control|sld_ela_basic_multi_level_trigger:\basic_multi_level_mbpm_trigger_gen:multi_level_mbpm|sld_mbpmg:\trigger_modules_gen:0:trigger_match|sld_sbpmg:\gen_sbpmg_pipeline_less_than_two:sm0:26:sm1       ; sld_sbpmg                         ; work         ;
;                      |sld_sbpmg:\gen_sbpmg_pipeline_less_than_two:sm0:27:sm1|                                                           ; 2 (2)               ; 2 (2)                     ; 0           ; 0            ; 0       ; 0         ; 0    ; 0            ; |robot_motor_top|sld_signaltap:auto_signaltap_0|sld_signaltap_impl:sld_signaltap_body|sld_signaltap_implb:sld_signaltap_body|sld_ela_control:ela_control|sld_ela_basic_multi_level_trigger:\basic_multi_level_mbpm_trigger_gen:multi_level_mbpm|sld_mbpmg:\trigger_modules_gen:0:trigger_match|sld_sbpmg:\gen_sbpmg_pipeline_less_than_two:sm0:27:sm1       ; sld_sbpmg                         ; work         ;
;                      |sld_sbpmg:\gen_sbpmg_pipeline_less_than_two:sm0:28:sm1|                                                           ; 2 (2)               ; 2 (2)                     ; 0           ; 0            ; 0       ; 0         ; 0    ; 0            ; |robot_motor_top|sld_signaltap:auto_signaltap_0|sld_signaltap_impl:sld_signaltap_body|sld_signaltap_implb:sld_signaltap_body|sld_ela_control:ela_control|sld_ela_basic_multi_level_trigger:\basic_multi_level_mbpm_trigger_gen:multi_level_mbpm|sld_mbpmg:\trigger_modules_gen:0:trigger_match|sld_sbpmg:\gen_sbpmg_pipeline_less_than_two:sm0:28:sm1       ; sld_sbpmg                         ; work         ;
;                      |sld_sbpmg:\gen_sbpmg_pipeline_less_than_two:sm0:29:sm1|                                                           ; 2 (2)               ; 2 (2)                     ; 0           ; 0            ; 0       ; 0         ; 0    ; 0            ; |robot_motor_top|sld_signaltap:auto_signaltap_0|sld_signaltap_impl:sld_signaltap_body|sld_signaltap_implb:sld_signaltap_body|sld_ela_control:ela_control|sld_ela_basic_multi_level_trigger:\basic_multi_level_mbpm_trigger_gen:multi_level_mbpm|sld_mbpmg:\trigger_modules_gen:0:trigger_match|sld_sbpmg:\gen_sbpmg_pipeline_less_than_two:sm0:29:sm1       ; sld_sbpmg                         ; work         ;
;                      |sld_sbpmg:\gen_sbpmg_pipeline_less_than_two:sm0:2:sm1|                                                            ; 2 (2)               ; 2 (2)                     ; 0           ; 0            ; 0       ; 0         ; 0    ; 0            ; |robot_motor_top|sld_signaltap:auto_signaltap_0|sld_signaltap_impl:sld_signaltap_body|sld_signaltap_implb:sld_signaltap_body|sld_ela_control:ela_control|sld_ela_basic_multi_level_trigger:\basic_multi_level_mbpm_trigger_gen:multi_level_mbpm|sld_mbpmg:\trigger_modules_gen:0:trigger_match|sld_sbpmg:\gen_sbpmg_pipeline_less_than_two:sm0:2:sm1        ; sld_sbpmg                         ; work         ;
;                      |sld_sbpmg:\gen_sbpmg_pipeline_less_than_two:sm0:30:sm1|                                                           ; 2 (2)               ; 2 (2)                     ; 0           ; 0            ; 0       ; 0         ; 0    ; 0            ; |robot_motor_top|sld_signaltap:auto_signaltap_0|sld_signaltap_impl:sld_signaltap_body|sld_signaltap_implb:sld_signaltap_body|sld_ela_control:ela_control|sld_ela_basic_multi_level_trigger:\basic_multi_level_mbpm_trigger_gen:multi_level_mbpm|sld_mbpmg:\trigger_modules_gen:0:trigger_match|sld_sbpmg:\gen_sbpmg_pipeline_less_than_two:sm0:30:sm1       ; sld_sbpmg                         ; work         ;
;                      |sld_sbpmg:\gen_sbpmg_pipeline_less_than_two:sm0:31:sm1|                                                           ; 2 (2)               ; 2 (2)                     ; 0           ; 0            ; 0       ; 0         ; 0    ; 0            ; |robot_motor_top|sld_signaltap:auto_signaltap_0|sld_signaltap_impl:sld_signaltap_body|sld_signaltap_implb:sld_signaltap_body|sld_ela_control:ela_control|sld_ela_basic_multi_level_trigger:\basic_multi_level_mbpm_trigger_gen:multi_level_mbpm|sld_mbpmg:\trigger_modules_gen:0:trigger_match|sld_sbpmg:\gen_sbpmg_pipeline_less_than_two:sm0:31:sm1       ; sld_sbpmg                         ; work         ;
;                      |sld_sbpmg:\gen_sbpmg_pipeline_less_than_two:sm0:32:sm1|                                                           ; 2 (2)               ; 2 (2)                     ; 0           ; 0            ; 0       ; 0         ; 0    ; 0            ; |robot_motor_top|sld_signaltap:auto_signaltap_0|sld_signaltap_impl:sld_signaltap_body|sld_signaltap_implb:sld_signaltap_body|sld_ela_control:ela_control|sld_ela_basic_multi_level_trigger:\basic_multi_level_mbpm_trigger_gen:multi_level_mbpm|sld_mbpmg:\trigger_modules_gen:0:trigger_match|sld_sbpmg:\gen_sbpmg_pipeline_less_than_two:sm0:32:sm1       ; sld_sbpmg                         ; work         ;
;                      |sld_sbpmg:\gen_sbpmg_pipeline_less_than_two:sm0:33:sm1|                                                           ; 2 (2)               ; 2 (2)                     ; 0           ; 0            ; 0       ; 0         ; 0    ; 0            ; |robot_motor_top|sld_signaltap:auto_signaltap_0|sld_signaltap_impl:sld_signaltap_body|sld_signaltap_implb:sld_signaltap_body|sld_ela_control:ela_control|sld_ela_basic_multi_level_trigger:\basic_multi_level_mbpm_trigger_gen:multi_level_mbpm|sld_mbpmg:\trigger_modules_gen:0:trigger_match|sld_sbpmg:\gen_sbpmg_pipeline_less_than_two:sm0:33:sm1       ; sld_sbpmg                         ; work         ;
;                      |sld_sbpmg:\gen_sbpmg_pipeline_less_than_two:sm0:34:sm1|                                                           ; 2 (2)               ; 2 (2)                     ; 0           ; 0            ; 0       ; 0         ; 0    ; 0            ; |robot_motor_top|sld_signaltap:auto_signaltap_0|sld_signaltap_impl:sld_signaltap_body|sld_signaltap_implb:sld_signaltap_body|sld_ela_control:ela_control|sld_ela_basic_multi_level_trigger:\basic_multi_level_mbpm_trigger_gen:multi_level_mbpm|sld_mbpmg:\trigger_modules_gen:0:trigger_match|sld_sbpmg:\gen_sbpmg_pipeline_less_than_two:sm0:34:sm1       ; sld_sbpmg                         ; work         ;
;                      |sld_sbpmg:\gen_sbpmg_pipeline_less_than_two:sm0:35:sm1|                                                           ; 2 (2)               ; 2 (2)                     ; 0           ; 0            ; 0       ; 0         ; 0    ; 0            ; |robot_motor_top|sld_signaltap:auto_signaltap_0|sld_signaltap_impl:sld_signaltap_body|sld_signaltap_implb:sld_signaltap_body|sld_ela_control:ela_control|sld_ela_basic_multi_level_trigger:\basic_multi_level_mbpm_trigger_gen:multi_level_mbpm|sld_mbpmg:\trigger_modules_gen:0:trigger_match|sld_sbpmg:\gen_sbpmg_pipeline_less_than_two:sm0:35:sm1       ; sld_sbpmg                         ; work         ;
;                      |sld_sbpmg:\gen_sbpmg_pipeline_less_than_two:sm0:36:sm1|                                                           ; 2 (2)               ; 2 (2)                     ; 0           ; 0            ; 0       ; 0         ; 0    ; 0            ; |robot_motor_top|sld_signaltap:auto_signaltap_0|sld_signaltap_impl:sld_signaltap_body|sld_signaltap_implb:sld_signaltap_body|sld_ela_control:ela_control|sld_ela_basic_multi_level_trigger:\basic_multi_level_mbpm_trigger_gen:multi_level_mbpm|sld_mbpmg:\trigger_modules_gen:0:trigger_match|sld_sbpmg:\gen_sbpmg_pipeline_less_than_two:sm0:36:sm1       ; sld_sbpmg                         ; work         ;
;                      |sld_sbpmg:\gen_sbpmg_pipeline_less_than_two:sm0:37:sm1|                                                           ; 2 (2)               ; 2 (2)                     ; 0           ; 0            ; 0       ; 0         ; 0    ; 0            ; |robot_motor_top|sld_signaltap:auto_signaltap_0|sld_signaltap_impl:sld_signaltap_body|sld_signaltap_implb:sld_signaltap_body|sld_ela_control:ela_control|sld_ela_basic_multi_level_trigger:\basic_multi_level_mbpm_trigger_gen:multi_level_mbpm|sld_mbpmg:\trigger_modules_gen:0:trigger_match|sld_sbpmg:\gen_sbpmg_pipeline_less_than_two:sm0:37:sm1       ; sld_sbpmg                         ; work         ;
;                      |sld_sbpmg:\gen_sbpmg_pipeline_less_than_two:sm0:38:sm1|                                                           ; 2 (2)               ; 2 (2)                     ; 0           ; 0            ; 0       ; 0         ; 0    ; 0            ; |robot_motor_top|sld_signaltap:auto_signaltap_0|sld_signaltap_impl:sld_signaltap_body|sld_signaltap_implb:sld_signaltap_body|sld_ela_control:ela_control|sld_ela_basic_multi_level_trigger:\basic_multi_level_mbpm_trigger_gen:multi_level_mbpm|sld_mbpmg:\trigger_modules_gen:0:trigger_match|sld_sbpmg:\gen_sbpmg_pipeline_less_than_two:sm0:38:sm1       ; sld_sbpmg                         ; work         ;
;                      |sld_sbpmg:\gen_sbpmg_pipeline_less_than_two:sm0:39:sm1|                                                           ; 2 (2)               ; 2 (2)                     ; 0           ; 0            ; 0       ; 0         ; 0    ; 0            ; |robot_motor_top|sld_signaltap:auto_signaltap_0|sld_signaltap_impl:sld_signaltap_body|sld_signaltap_implb:sld_signaltap_body|sld_ela_control:ela_control|sld_ela_basic_multi_level_trigger:\basic_multi_level_mbpm_trigger_gen:multi_level_mbpm|sld_mbpmg:\trigger_modules_gen:0:trigger_match|sld_sbpmg:\gen_sbpmg_pipeline_less_than_two:sm0:39:sm1       ; sld_sbpmg                         ; work         ;
;                      |sld_sbpmg:\gen_sbpmg_pipeline_less_than_two:sm0:3:sm1|                                                            ; 2 (2)               ; 2 (2)                     ; 0           ; 0            ; 0       ; 0         ; 0    ; 0            ; |robot_motor_top|sld_signaltap:auto_signaltap_0|sld_signaltap_impl:sld_signaltap_body|sld_signaltap_implb:sld_signaltap_body|sld_ela_control:ela_control|sld_ela_basic_multi_level_trigger:\basic_multi_level_mbpm_trigger_gen:multi_level_mbpm|sld_mbpmg:\trigger_modules_gen:0:trigger_match|sld_sbpmg:\gen_sbpmg_pipeline_less_than_two:sm0:3:sm1        ; sld_sbpmg                         ; work         ;
;                      |sld_sbpmg:\gen_sbpmg_pipeline_less_than_two:sm0:40:sm1|                                                           ; 2 (2)               ; 2 (2)                     ; 0           ; 0            ; 0       ; 0         ; 0    ; 0            ; |robot_motor_top|sld_signaltap:auto_signaltap_0|sld_signaltap_impl:sld_signaltap_body|sld_signaltap_implb:sld_signaltap_body|sld_ela_control:ela_control|sld_ela_basic_multi_level_trigger:\basic_multi_level_mbpm_trigger_gen:multi_level_mbpm|sld_mbpmg:\trigger_modules_gen:0:trigger_match|sld_sbpmg:\gen_sbpmg_pipeline_less_than_two:sm0:40:sm1       ; sld_sbpmg                         ; work         ;
;                      |sld_sbpmg:\gen_sbpmg_pipeline_less_than_two:sm0:41:sm1|                                                           ; 2 (2)               ; 2 (2)                     ; 0           ; 0            ; 0       ; 0         ; 0    ; 0            ; |robot_motor_top|sld_signaltap:auto_signaltap_0|sld_signaltap_impl:sld_signaltap_body|sld_signaltap_implb:sld_signaltap_body|sld_ela_control:ela_control|sld_ela_basic_multi_level_trigger:\basic_multi_level_mbpm_trigger_gen:multi_level_mbpm|sld_mbpmg:\trigger_modules_gen:0:trigger_match|sld_sbpmg:\gen_sbpmg_pipeline_less_than_two:sm0:41:sm1       ; sld_sbpmg                         ; work         ;
;                      |sld_sbpmg:\gen_sbpmg_pipeline_less_than_two:sm0:42:sm1|                                                           ; 2 (2)               ; 2 (2)                     ; 0           ; 0            ; 0       ; 0         ; 0    ; 0            ; |robot_motor_top|sld_signaltap:auto_signaltap_0|sld_signaltap_impl:sld_signaltap_body|sld_signaltap_implb:sld_signaltap_body|sld_ela_control:ela_control|sld_ela_basic_multi_level_trigger:\basic_multi_level_mbpm_trigger_gen:multi_level_mbpm|sld_mbpmg:\trigger_modules_gen:0:trigger_match|sld_sbpmg:\gen_sbpmg_pipeline_less_than_two:sm0:42:sm1       ; sld_sbpmg                         ; work         ;
;                      |sld_sbpmg:\gen_sbpmg_pipeline_less_than_two:sm0:43:sm1|                                                           ; 2 (2)               ; 2 (2)                     ; 0           ; 0            ; 0       ; 0         ; 0    ; 0            ; |robot_motor_top|sld_signaltap:auto_signaltap_0|sld_signaltap_impl:sld_signaltap_body|sld_signaltap_implb:sld_signaltap_body|sld_ela_control:ela_control|sld_ela_basic_multi_level_trigger:\basic_multi_level_mbpm_trigger_gen:multi_level_mbpm|sld_mbpmg:\trigger_modules_gen:0:trigger_match|sld_sbpmg:\gen_sbpmg_pipeline_less_than_two:sm0:43:sm1       ; sld_sbpmg                         ; work         ;
;                      |sld_sbpmg:\gen_sbpmg_pipeline_less_than_two:sm0:44:sm1|                                                           ; 2 (2)               ; 2 (2)                     ; 0           ; 0            ; 0       ; 0         ; 0    ; 0            ; |robot_motor_top|sld_signaltap:auto_signaltap_0|sld_signaltap_impl:sld_signaltap_body|sld_signaltap_implb:sld_signaltap_body|sld_ela_control:ela_control|sld_ela_basic_multi_level_trigger:\basic_multi_level_mbpm_trigger_gen:multi_level_mbpm|sld_mbpmg:\trigger_modules_gen:0:trigger_match|sld_sbpmg:\gen_sbpmg_pipeline_less_than_two:sm0:44:sm1       ; sld_sbpmg                         ; work         ;
;                      |sld_sbpmg:\gen_sbpmg_pipeline_less_than_two:sm0:45:sm1|                                                           ; 2 (2)               ; 2 (2)                     ; 0           ; 0            ; 0       ; 0         ; 0    ; 0            ; |robot_motor_top|sld_signaltap:auto_signaltap_0|sld_signaltap_impl:sld_signaltap_body|sld_signaltap_implb:sld_signaltap_body|sld_ela_control:ela_control|sld_ela_basic_multi_level_trigger:\basic_multi_level_mbpm_trigger_gen:multi_level_mbpm|sld_mbpmg:\trigger_modules_gen:0:trigger_match|sld_sbpmg:\gen_sbpmg_pipeline_less_than_two:sm0:45:sm1       ; sld_sbpmg                         ; work         ;
;                      |sld_sbpmg:\gen_sbpmg_pipeline_less_than_two:sm0:46:sm1|                                                           ; 2 (2)               ; 2 (2)                     ; 0           ; 0            ; 0       ; 0         ; 0    ; 0            ; |robot_motor_top|sld_signaltap:auto_signaltap_0|sld_signaltap_impl:sld_signaltap_body|sld_signaltap_implb:sld_signaltap_body|sld_ela_control:ela_control|sld_ela_basic_multi_level_trigger:\basic_multi_level_mbpm_trigger_gen:multi_level_mbpm|sld_mbpmg:\trigger_modules_gen:0:trigger_match|sld_sbpmg:\gen_sbpmg_pipeline_less_than_two:sm0:46:sm1       ; sld_sbpmg                         ; work         ;
;                      |sld_sbpmg:\gen_sbpmg_pipeline_less_than_two:sm0:47:sm1|                                                           ; 2 (2)               ; 2 (2)                     ; 0           ; 0            ; 0       ; 0         ; 0    ; 0            ; |robot_motor_top|sld_signaltap:auto_signaltap_0|sld_signaltap_impl:sld_signaltap_body|sld_signaltap_implb:sld_signaltap_body|sld_ela_control:ela_control|sld_ela_basic_multi_level_trigger:\basic_multi_level_mbpm_trigger_gen:multi_level_mbpm|sld_mbpmg:\trigger_modules_gen:0:trigger_match|sld_sbpmg:\gen_sbpmg_pipeline_less_than_two:sm0:47:sm1       ; sld_sbpmg                         ; work         ;
;                      |sld_sbpmg:\gen_sbpmg_pipeline_less_than_two:sm0:48:sm1|                                                           ; 2 (2)               ; 2 (2)                     ; 0           ; 0            ; 0       ; 0         ; 0    ; 0            ; |robot_motor_top|sld_signaltap:auto_signaltap_0|sld_signaltap_impl:sld_signaltap_body|sld_signaltap_implb:sld_signaltap_body|sld_ela_control:ela_control|sld_ela_basic_multi_level_trigger:\basic_multi_level_mbpm_trigger_gen:multi_level_mbpm|sld_mbpmg:\trigger_modules_gen:0:trigger_match|sld_sbpmg:\gen_sbpmg_pipeline_less_than_two:sm0:48:sm1       ; sld_sbpmg                         ; work         ;
;                      |sld_sbpmg:\gen_sbpmg_pipeline_less_than_two:sm0:49:sm1|                                                           ; 2 (2)               ; 2 (2)                     ; 0           ; 0            ; 0       ; 0         ; 0    ; 0            ; |robot_motor_top|sld_signaltap:auto_signaltap_0|sld_signaltap_impl:sld_signaltap_body|sld_signaltap_implb:sld_signaltap_body|sld_ela_control:ela_control|sld_ela_basic_multi_level_trigger:\basic_multi_level_mbpm_trigger_gen:multi_level_mbpm|sld_mbpmg:\trigger_modules_gen:0:trigger_match|sld_sbpmg:\gen_sbpmg_pipeline_less_than_two:sm0:49:sm1       ; sld_sbpmg                         ; work         ;
;                      |sld_sbpmg:\gen_sbpmg_pipeline_less_than_two:sm0:4:sm1|                                                            ; 2 (2)               ; 2 (2)                     ; 0           ; 0            ; 0       ; 0         ; 0    ; 0            ; |robot_motor_top|sld_signaltap:auto_signaltap_0|sld_signaltap_impl:sld_signaltap_body|sld_signaltap_implb:sld_signaltap_body|sld_ela_control:ela_control|sld_ela_basic_multi_level_trigger:\basic_multi_level_mbpm_trigger_gen:multi_level_mbpm|sld_mbpmg:\trigger_modules_gen:0:trigger_match|sld_sbpmg:\gen_sbpmg_pipeline_less_than_two:sm0:4:sm1        ; sld_sbpmg                         ; work         ;
;                      |sld_sbpmg:\gen_sbpmg_pipeline_less_than_two:sm0:50:sm1|                                                           ; 2 (2)               ; 2 (2)                     ; 0           ; 0            ; 0       ; 0         ; 0    ; 0            ; |robot_motor_top|sld_signaltap:auto_signaltap_0|sld_signaltap_impl:sld_signaltap_body|sld_signaltap_implb:sld_signaltap_body|sld_ela_control:ela_control|sld_ela_basic_multi_level_trigger:\basic_multi_level_mbpm_trigger_gen:multi_level_mbpm|sld_mbpmg:\trigger_modules_gen:0:trigger_match|sld_sbpmg:\gen_sbpmg_pipeline_less_than_two:sm0:50:sm1       ; sld_sbpmg                         ; work         ;
;                      |sld_sbpmg:\gen_sbpmg_pipeline_less_than_two:sm0:51:sm1|                                                           ; 2 (2)               ; 2 (2)                     ; 0           ; 0            ; 0       ; 0         ; 0    ; 0            ; |robot_motor_top|sld_signaltap:auto_signaltap_0|sld_signaltap_impl:sld_signaltap_body|sld_signaltap_implb:sld_signaltap_body|sld_ela_control:ela_control|sld_ela_basic_multi_level_trigger:\basic_multi_level_mbpm_trigger_gen:multi_level_mbpm|sld_mbpmg:\trigger_modules_gen:0:trigger_match|sld_sbpmg:\gen_sbpmg_pipeline_less_than_two:sm0:51:sm1       ; sld_sbpmg                         ; work         ;
;                      |sld_sbpmg:\gen_sbpmg_pipeline_less_than_two:sm0:52:sm1|                                                           ; 2 (2)               ; 2 (2)                     ; 0           ; 0            ; 0       ; 0         ; 0    ; 0            ; |robot_motor_top|sld_signaltap:auto_signaltap_0|sld_signaltap_impl:sld_signaltap_body|sld_signaltap_implb:sld_signaltap_body|sld_ela_control:ela_control|sld_ela_basic_multi_level_trigger:\basic_multi_level_mbpm_trigger_gen:multi_level_mbpm|sld_mbpmg:\trigger_modules_gen:0:trigger_match|sld_sbpmg:\gen_sbpmg_pipeline_less_than_two:sm0:52:sm1       ; sld_sbpmg                         ; work         ;
;                      |sld_sbpmg:\gen_sbpmg_pipeline_less_than_two:sm0:53:sm1|                                                           ; 2 (2)               ; 2 (2)                     ; 0           ; 0            ; 0       ; 0         ; 0    ; 0            ; |robot_motor_top|sld_signaltap:auto_signaltap_0|sld_signaltap_impl:sld_signaltap_body|sld_signaltap_implb:sld_signaltap_body|sld_ela_control:ela_control|sld_ela_basic_multi_level_trigger:\basic_multi_level_mbpm_trigger_gen:multi_level_mbpm|sld_mbpmg:\trigger_modules_gen:0:trigger_match|sld_sbpmg:\gen_sbpmg_pipeline_less_than_two:sm0:53:sm1       ; sld_sbpmg                         ; work         ;
;                      |sld_sbpmg:\gen_sbpmg_pipeline_less_than_two:sm0:54:sm1|                                                           ; 2 (2)               ; 2 (2)                     ; 0           ; 0            ; 0       ; 0         ; 0    ; 0            ; |robot_motor_top|sld_signaltap:auto_signaltap_0|sld_signaltap_impl:sld_signaltap_body|sld_signaltap_implb:sld_signaltap_body|sld_ela_control:ela_control|sld_ela_basic_multi_level_trigger:\basic_multi_level_mbpm_trigger_gen:multi_level_mbpm|sld_mbpmg:\trigger_modules_gen:0:trigger_match|sld_sbpmg:\gen_sbpmg_pipeline_less_than_two:sm0:54:sm1       ; sld_sbpmg                         ; work         ;
;                      |sld_sbpmg:\gen_sbpmg_pipeline_less_than_two:sm0:55:sm1|                                                           ; 2 (2)               ; 2 (2)                     ; 0           ; 0            ; 0       ; 0         ; 0    ; 0            ; |robot_motor_top|sld_signaltap:auto_signaltap_0|sld_signaltap_impl:sld_signaltap_body|sld_signaltap_implb:sld_signaltap_body|sld_ela_control:ela_control|sld_ela_basic_multi_level_trigger:\basic_multi_level_mbpm_trigger_gen:multi_level_mbpm|sld_mbpmg:\trigger_modules_gen:0:trigger_match|sld_sbpmg:\gen_sbpmg_pipeline_less_than_two:sm0:55:sm1       ; sld_sbpmg                         ; work         ;
;                      |sld_sbpmg:\gen_sbpmg_pipeline_less_than_two:sm0:56:sm1|                                                           ; 2 (2)               ; 2 (2)                     ; 0           ; 0            ; 0       ; 0         ; 0    ; 0            ; |robot_motor_top|sld_signaltap:auto_signaltap_0|sld_signaltap_impl:sld_signaltap_body|sld_signaltap_implb:sld_signaltap_body|sld_ela_control:ela_control|sld_ela_basic_multi_level_trigger:\basic_multi_level_mbpm_trigger_gen:multi_level_mbpm|sld_mbpmg:\trigger_modules_gen:0:trigger_match|sld_sbpmg:\gen_sbpmg_pipeline_less_than_two:sm0:56:sm1       ; sld_sbpmg                         ; work         ;
;                      |sld_sbpmg:\gen_sbpmg_pipeline_less_than_two:sm0:57:sm1|                                                           ; 2 (2)               ; 2 (2)                     ; 0           ; 0            ; 0       ; 0         ; 0    ; 0            ; |robot_motor_top|sld_signaltap:auto_signaltap_0|sld_signaltap_impl:sld_signaltap_body|sld_signaltap_implb:sld_signaltap_body|sld_ela_control:ela_control|sld_ela_basic_multi_level_trigger:\basic_multi_level_mbpm_trigger_gen:multi_level_mbpm|sld_mbpmg:\trigger_modules_gen:0:trigger_match|sld_sbpmg:\gen_sbpmg_pipeline_less_than_two:sm0:57:sm1       ; sld_sbpmg                         ; work         ;
;                      |sld_sbpmg:\gen_sbpmg_pipeline_less_than_two:sm0:5:sm1|                                                            ; 2 (2)               ; 2 (2)                     ; 0           ; 0            ; 0       ; 0         ; 0    ; 0            ; |robot_motor_top|sld_signaltap:auto_signaltap_0|sld_signaltap_impl:sld_signaltap_body|sld_signaltap_implb:sld_signaltap_body|sld_ela_control:ela_control|sld_ela_basic_multi_level_trigger:\basic_multi_level_mbpm_trigger_gen:multi_level_mbpm|sld_mbpmg:\trigger_modules_gen:0:trigger_match|sld_sbpmg:\gen_sbpmg_pipeline_less_than_two:sm0:5:sm1        ; sld_sbpmg                         ; work         ;
;                      |sld_sbpmg:\gen_sbpmg_pipeline_less_than_two:sm0:6:sm1|                                                            ; 2 (2)               ; 2 (2)                     ; 0           ; 0            ; 0       ; 0         ; 0    ; 0            ; |robot_motor_top|sld_signaltap:auto_signaltap_0|sld_signaltap_impl:sld_signaltap_body|sld_signaltap_implb:sld_signaltap_body|sld_ela_control:ela_control|sld_ela_basic_multi_level_trigger:\basic_multi_level_mbpm_trigger_gen:multi_level_mbpm|sld_mbpmg:\trigger_modules_gen:0:trigger_match|sld_sbpmg:\gen_sbpmg_pipeline_less_than_two:sm0:6:sm1        ; sld_sbpmg                         ; work         ;
;                      |sld_sbpmg:\gen_sbpmg_pipeline_less_than_two:sm0:7:sm1|                                                            ; 2 (2)               ; 2 (2)                     ; 0           ; 0            ; 0       ; 0         ; 0    ; 0            ; |robot_motor_top|sld_signaltap:auto_signaltap_0|sld_signaltap_impl:sld_signaltap_body|sld_signaltap_implb:sld_signaltap_body|sld_ela_control:ela_control|sld_ela_basic_multi_level_trigger:\basic_multi_level_mbpm_trigger_gen:multi_level_mbpm|sld_mbpmg:\trigger_modules_gen:0:trigger_match|sld_sbpmg:\gen_sbpmg_pipeline_less_than_two:sm0:7:sm1        ; sld_sbpmg                         ; work         ;
;                      |sld_sbpmg:\gen_sbpmg_pipeline_less_than_two:sm0:8:sm1|                                                            ; 2 (2)               ; 2 (2)                     ; 0           ; 0            ; 0       ; 0         ; 0    ; 0            ; |robot_motor_top|sld_signaltap:auto_signaltap_0|sld_signaltap_impl:sld_signaltap_body|sld_signaltap_implb:sld_signaltap_body|sld_ela_control:ela_control|sld_ela_basic_multi_level_trigger:\basic_multi_level_mbpm_trigger_gen:multi_level_mbpm|sld_mbpmg:\trigger_modules_gen:0:trigger_match|sld_sbpmg:\gen_sbpmg_pipeline_less_than_two:sm0:8:sm1        ; sld_sbpmg                         ; work         ;
;                      |sld_sbpmg:\gen_sbpmg_pipeline_less_than_two:sm0:9:sm1|                                                            ; 2 (2)               ; 2 (2)                     ; 0           ; 0            ; 0       ; 0         ; 0    ; 0            ; |robot_motor_top|sld_signaltap:auto_signaltap_0|sld_signaltap_impl:sld_signaltap_body|sld_signaltap_implb:sld_signaltap_body|sld_ela_control:ela_control|sld_ela_basic_multi_level_trigger:\basic_multi_level_mbpm_trigger_gen:multi_level_mbpm|sld_mbpmg:\trigger_modules_gen:0:trigger_match|sld_sbpmg:\gen_sbpmg_pipeline_less_than_two:sm0:9:sm1        ; sld_sbpmg                         ; work         ;
;                |sld_ela_trigger_flow_mgr:\builtin:ela_trigger_flow_mgr_entity|                                                          ; 21 (21)             ; 11 (1)                    ; 0           ; 0            ; 0       ; 0         ; 0    ; 0            ; |robot_motor_top|sld_signaltap:auto_signaltap_0|sld_signaltap_impl:sld_signaltap_body|sld_signaltap_implb:sld_signaltap_body|sld_ela_control:ela_control|sld_ela_trigger_flow_mgr:\builtin:ela_trigger_flow_mgr_entity                                                                                                                                      ; sld_ela_trigger_flow_mgr          ; work         ;
;                   |lpm_shiftreg:trigger_config_deserialize|                                                                             ; 0 (0)               ; 10 (10)                   ; 0           ; 0            ; 0       ; 0         ; 0    ; 0            ; |robot_motor_top|sld_signaltap:auto_signaltap_0|sld_signaltap_impl:sld_signaltap_body|sld_signaltap_implb:sld_signaltap_body|sld_ela_control:ela_control|sld_ela_trigger_flow_mgr:\builtin:ela_trigger_flow_mgr_entity|lpm_shiftreg:trigger_config_deserialize                                                                                              ; lpm_shiftreg                      ; work         ;
;             |sld_gap_detector:\stp_non_zero_ram_gen:gap_detect_on:gap_detector|                                                         ; 1 (1)               ; 2 (2)                     ; 0           ; 0            ; 0       ; 0         ; 0    ; 0            ; |robot_motor_top|sld_signaltap:auto_signaltap_0|sld_signaltap_impl:sld_signaltap_body|sld_signaltap_implb:sld_signaltap_body|sld_gap_detector:\stp_non_zero_ram_gen:gap_detect_on:gap_detector                                                                                                                                                              ; sld_gap_detector                  ; work         ;
;             |sld_offload_buffer_mgr:\stp_non_zero_depth_offload_gen:stp_offload_buff_mgr_inst|                                          ; 134 (10)            ; 118 (0)                   ; 0           ; 0            ; 0       ; 0         ; 0    ; 0            ; |robot_motor_top|sld_signaltap:auto_signaltap_0|sld_signaltap_impl:sld_signaltap_body|sld_signaltap_implb:sld_signaltap_body|sld_offload_buffer_mgr:\stp_non_zero_depth_offload_gen:stp_offload_buff_mgr_inst                                                                                                                                               ; sld_offload_buffer_mgr            ; work         ;
;                |lpm_counter:\adv_point_3_and_more:advance_pointer_counter|                                                              ; 8 (0)               ; 6 (0)                     ; 0           ; 0            ; 0       ; 0         ; 0    ; 0            ; |robot_motor_top|sld_signaltap:auto_signaltap_0|sld_signaltap_impl:sld_signaltap_body|sld_signaltap_implb:sld_signaltap_body|sld_offload_buffer_mgr:\stp_non_zero_depth_offload_gen:stp_offload_buff_mgr_inst|lpm_counter:\adv_point_3_and_more:advance_pointer_counter                                                                                     ; lpm_counter                       ; work         ;
;                   |cntr_7hi:auto_generated|                                                                                             ; 8 (8)               ; 6 (6)                     ; 0           ; 0            ; 0       ; 0         ; 0    ; 0            ; |robot_motor_top|sld_signaltap:auto_signaltap_0|sld_signaltap_impl:sld_signaltap_body|sld_signaltap_implb:sld_signaltap_body|sld_offload_buffer_mgr:\stp_non_zero_depth_offload_gen:stp_offload_buff_mgr_inst|lpm_counter:\adv_point_3_and_more:advance_pointer_counter|cntr_7hi:auto_generated                                                             ; cntr_7hi                          ; work         ;
;                |lpm_counter:read_pointer_counter|                                                                                       ; 9 (0)               ; 9 (0)                     ; 0           ; 0            ; 0       ; 0         ; 0    ; 0            ; |robot_motor_top|sld_signaltap:auto_signaltap_0|sld_signaltap_impl:sld_signaltap_body|sld_signaltap_implb:sld_signaltap_body|sld_offload_buffer_mgr:\stp_non_zero_depth_offload_gen:stp_offload_buff_mgr_inst|lpm_counter:read_pointer_counter                                                                                                              ; lpm_counter                       ; work         ;
;                   |cntr_h6j:auto_generated|                                                                                             ; 9 (9)               ; 9 (9)                     ; 0           ; 0            ; 0       ; 0         ; 0    ; 0            ; |robot_motor_top|sld_signaltap:auto_signaltap_0|sld_signaltap_impl:sld_signaltap_body|sld_signaltap_implb:sld_signaltap_body|sld_offload_buffer_mgr:\stp_non_zero_depth_offload_gen:stp_offload_buff_mgr_inst|lpm_counter:read_pointer_counter|cntr_h6j:auto_generated                                                                                      ; cntr_h6j                          ; work         ;
;                |lpm_counter:status_advance_pointer_counter|                                                                             ; 7 (0)               ; 5 (0)                     ; 0           ; 0            ; 0       ; 0         ; 0    ; 0            ; |robot_motor_top|sld_signaltap:auto_signaltap_0|sld_signaltap_impl:sld_signaltap_body|sld_signaltap_implb:sld_signaltap_body|sld_offload_buffer_mgr:\stp_non_zero_depth_offload_gen:stp_offload_buff_mgr_inst|lpm_counter:status_advance_pointer_counter                                                                                                    ; lpm_counter                       ; work         ;
;                   |cntr_8hi:auto_generated|                                                                                             ; 7 (7)               ; 5 (5)                     ; 0           ; 0            ; 0       ; 0         ; 0    ; 0            ; |robot_motor_top|sld_signaltap:auto_signaltap_0|sld_signaltap_impl:sld_signaltap_body|sld_signaltap_implb:sld_signaltap_body|sld_offload_buffer_mgr:\stp_non_zero_depth_offload_gen:stp_offload_buff_mgr_inst|lpm_counter:status_advance_pointer_counter|cntr_8hi:auto_generated                                                                            ; cntr_8hi                          ; work         ;
;                |lpm_counter:status_read_pointer_counter|                                                                                ; 3 (0)               ; 1 (0)                     ; 0           ; 0            ; 0       ; 0         ; 0    ; 0            ; |robot_motor_top|sld_signaltap:auto_signaltap_0|sld_signaltap_impl:sld_signaltap_body|sld_signaltap_implb:sld_signaltap_body|sld_offload_buffer_mgr:\stp_non_zero_depth_offload_gen:stp_offload_buff_mgr_inst|lpm_counter:status_read_pointer_counter                                                                                                       ; lpm_counter                       ; work         ;
;                   |cntr_23j:auto_generated|                                                                                             ; 3 (3)               ; 1 (1)                     ; 0           ; 0            ; 0       ; 0         ; 0    ; 0            ; |robot_motor_top|sld_signaltap:auto_signaltap_0|sld_signaltap_impl:sld_signaltap_body|sld_signaltap_implb:sld_signaltap_body|sld_offload_buffer_mgr:\stp_non_zero_depth_offload_gen:stp_offload_buff_mgr_inst|lpm_counter:status_read_pointer_counter|cntr_23j:auto_generated                                                                               ; cntr_23j                          ; work         ;
;                |lpm_shiftreg:info_data_shift_out|                                                                                       ; 19 (19)             ; 19 (19)                   ; 0           ; 0            ; 0       ; 0         ; 0    ; 0            ; |robot_motor_top|sld_signaltap:auto_signaltap_0|sld_signaltap_impl:sld_signaltap_body|sld_signaltap_implb:sld_signaltap_body|sld_offload_buffer_mgr:\stp_non_zero_depth_offload_gen:stp_offload_buff_mgr_inst|lpm_shiftreg:info_data_shift_out                                                                                                              ; lpm_shiftreg                      ; work         ;
;                |lpm_shiftreg:ram_data_shift_out|                                                                                        ; 59 (59)             ; 59 (59)                   ; 0           ; 0            ; 0       ; 0         ; 0    ; 0            ; |robot_motor_top|sld_signaltap:auto_signaltap_0|sld_signaltap_impl:sld_signaltap_body|sld_signaltap_implb:sld_signaltap_body|sld_offload_buffer_mgr:\stp_non_zero_depth_offload_gen:stp_offload_buff_mgr_inst|lpm_shiftreg:ram_data_shift_out                                                                                                               ; lpm_shiftreg                      ; work         ;
;                |lpm_shiftreg:status_data_shift_out|                                                                                     ; 19 (19)             ; 19 (19)                   ; 0           ; 0            ; 0       ; 0         ; 0    ; 0            ; |robot_motor_top|sld_signaltap:auto_signaltap_0|sld_signaltap_impl:sld_signaltap_body|sld_signaltap_implb:sld_signaltap_body|sld_offload_buffer_mgr:\stp_non_zero_depth_offload_gen:stp_offload_buff_mgr_inst|lpm_shiftreg:status_data_shift_out                                                                                                            ; lpm_shiftreg                      ; work         ;
;             |sld_rom_sr:crc_rom_sr|                                                                                                     ; 30 (30)             ; 8 (8)                     ; 0           ; 0            ; 0       ; 0         ; 0    ; 0            ; |robot_motor_top|sld_signaltap:auto_signaltap_0|sld_signaltap_impl:sld_signaltap_body|sld_signaltap_implb:sld_signaltap_body|sld_rom_sr:crc_rom_sr                                                                                                                                                                                                          ; sld_rom_sr                        ; work         ;
;    |t2a_dht:u_dht|                                                                                                                      ; 149 (149)           ; 139 (139)                 ; 0           ; 0            ; 0       ; 0         ; 0    ; 0            ; |robot_motor_top|t2a_dht:u_dht                                                                                                                                                                                                                                                                                                                              ; t2a_dht                           ; work         ;
;    |uart_cmd_parser:u_uart_cmd|                                                                                                         ; 4 (4)               ; 1 (1)                     ; 0           ; 0            ; 0       ; 0         ; 0    ; 0            ; |robot_motor_top|uart_cmd_parser:u_uart_cmd                                                                                                                                                                                                                                                                                                                 ; uart_cmd_parser                   ; work         ;
;    |uart_rx:u_uart_rx|                                                                                                                  ; 63 (63)             ; 35 (35)                   ; 0           ; 0            ; 0       ; 0         ; 0    ; 0            ; |robot_motor_top|uart_rx:u_uart_rx                                                                                                                                                                                                                                                                                                                          ; uart_rx                           ; work         ;
;    |uart_tx:uart|                                                                                                                       ; 33 (33)             ; 21 (21)                   ; 0           ; 0            ; 0       ; 0         ; 0    ; 0            ; |robot_motor_top|uart_tx:uart                                                                                                                                                                                                                                                                                                                               ; uart_tx                           ; work         ;
+-----------------------------------------------------------------------------------------------------------------------------------------+---------------------+---------------------------+-------------+--------------+---------+-----------+------+--------------+-------------------------------------------------------------------------------------------------------------------------------------------------------------------------------------------------------------------------------------------------------------------------------------------------------------------------------------------------------------+-----------------------------------+--------------+
Note: For table entries with two numbers listed, the numbers in parentheses indicate the number of resources of the given type used by the specific entity alone. The numbers listed outside of parentheses indicate the total resources of the given type used by the specific entity and all of its sub-entities in the hierarchy.


+------------------------------------------------------------------------------------------------------------------------------------------------------------------------------------------------------------------------------------------------------------------------------------------------------------+
; Analysis & Synthesis RAM Summary                                                                                                                                                                                                                                                                           ;
+-------------------------------------------------------------------------------------------------------------------------------------------------------------------------------------------------------+------+------------------+--------------+--------------+--------------+--------------+-------+------+
; Name                                                                                                                                                                                                  ; Type ; Mode             ; Port A Depth ; Port A Width ; Port B Depth ; Port B Width ; Size  ; MIF  ;
+-------------------------------------------------------------------------------------------------------------------------------------------------------------------------------------------------------+------+------------------+--------------+--------------+--------------+--------------+-------+------+
; sld_signaltap:auto_signaltap_0|sld_signaltap_impl:sld_signaltap_body|sld_signaltap_implb:sld_signaltap_body|altsyncram:\stp_non_zero_ram_gen:stp_buffer_ram|altsyncram_m524:auto_generated|ALTSYNCRAM ; AUTO ; Simple Dual Port ; 512          ; 59           ; 512          ; 59           ; 30208 ; None ;
+-------------------------------------------------------------------------------------------------------------------------------------------------------------------------------------------------------+------+------------------+--------------+--------------+--------------+--------------+-------+------+


+-----------------------------------------------------+
; Analysis & Synthesis DSP Block Usage Summary        ;
+---------------------------------------+-------------+
; Statistic                             ; Number Used ;
+---------------------------------------+-------------+
; Simple Multipliers (9-bit)            ; 0           ;
; Simple Multipliers (18-bit)           ; 6           ;
; Embedded Multiplier Blocks            ; --          ;
; Embedded Multiplier 9-bit elements    ; 12          ;
; Signed Embedded Multipliers           ; 0           ;
; Unsigned Embedded Multipliers         ; 6           ;
; Mixed Sign Embedded Multipliers       ; 0           ;
; Variable Sign Embedded Multipliers    ; 0           ;
; Dedicated Input Shift Register Chains ; 0           ;
+---------------------------------------+-------------+
Note: number of Embedded Multiplier Blocks used is only available after a successful fit.


+------------------------------------------------------------------------------------------------------------------------------------------------------------------------------------------------------------------------------------------------------------------------------------------------------------------------------------------------------------------------+
; Analysis & Synthesis IP Cores Summary                                                                                                                                                                                                                                                                                                                                  ;
+--------+--------------+---------+--------------+--------------+--------------------------------------------------------------------------------------------------------------------------------------------------------------------------------------------------------------------------------------------------------------------------------------+-----------------+
; Vendor ; IP Core Name ; Version ; Release Date ; License Type ; Entity Instance                                                                                                                                                                                                                                                                      ; IP Include File ;
+--------+--------------+---------+--------------+--------------+--------------------------------------------------------------------------------------------------------------------------------------------------------------------------------------------------------------------------------------------------------------------------------------+-----------------+
; Altera ; Signal Tap   ; N/A     ; N/A          ; Licensed     ; |robot_motor_top|sld_hub:auto_hub|alt_sld_fab_with_jtag_input:\instrumentation_fabric_with_node_gen:fabric_gen_new_way:with_jtag_input_gen:instrumentation_fabric|alt_sld_fab:instrumentation_fabric                                                                                 ;                 ;
; Altera ; Signal Tap   ; N/A     ; N/A          ; Licensed     ; |robot_motor_top|sld_hub:auto_hub|alt_sld_fab_with_jtag_input:\instrumentation_fabric_with_node_gen:fabric_gen_new_way:with_jtag_input_gen:instrumentation_fabric|alt_sld_fab:instrumentation_fabric|alt_sld_fab_alt_sld_fab:alt_sld_fab                                             ;                 ;
; Altera ; Signal Tap   ; N/A     ; N/A          ; Licensed     ; |robot_motor_top|sld_hub:auto_hub|alt_sld_fab_with_jtag_input:\instrumentation_fabric_with_node_gen:fabric_gen_new_way:with_jtag_input_gen:instrumentation_fabric|alt_sld_fab:instrumentation_fabric|alt_sld_fab_alt_sld_fab:alt_sld_fab|alt_sld_fab_alt_sld_fab_presplit:presplit   ;                 ;
; Altera ; Signal Tap   ; N/A     ; N/A          ; Licensed     ; |robot_motor_top|sld_hub:auto_hub|alt_sld_fab_with_jtag_input:\instrumentation_fabric_with_node_gen:fabric_gen_new_way:with_jtag_input_gen:instrumentation_fabric|alt_sld_fab:instrumentation_fabric|alt_sld_fab_alt_sld_fab:alt_sld_fab|alt_sld_fab_alt_sld_fab_sldfabric:sldfabric ;                 ;
; Altera ; Signal Tap   ; N/A     ; N/A          ; Licensed     ; |robot_motor_top|sld_hub:auto_hub|alt_sld_fab_with_jtag_input:\instrumentation_fabric_with_node_gen:fabric_gen_new_way:with_jtag_input_gen:instrumentation_fabric|alt_sld_fab:instrumentation_fabric|alt_sld_fab_alt_sld_fab:alt_sld_fab|alt_sld_fab_alt_sld_fab_splitter:splitter   ;                 ;
+--------+--------------+---------+--------------+--------------+--------------------------------------------------------------------------------------------------------------------------------------------------------------------------------------------------------------------------------------------------------------------------------------+-----------------+


Encoding Type:  One-Hot
+------------------------------------------------------------------+
; State Machine - |robot_motor_top|uart_rx:u_uart_rx|state         ;
+-------------+------------+------------+-------------+------------+
; Name        ; state.STOP ; state.DATA ; state.START ; state.IDLE ;
+-------------+------------+------------+-------------+------------+
; state.IDLE  ; 0          ; 0          ; 0           ; 0          ;
; state.START ; 0          ; 0          ; 1           ; 1          ;
; state.DATA  ; 0          ; 1          ; 0           ; 1          ;
; state.STOP  ; 1          ; 0          ; 0           ; 1          ;
+-------------+------------+------------+-------------+------------+


Encoding Type:  One-Hot
+------------------------------------------------------------------------------------------------------+
; State Machine - |robot_motor_top|servo:u_servo|state                                                 ;
+-----------------+----------------+-----------------+-----------------+--------------+----------------+
; Name            ; state.S_RET_S1 ; state.S_MOVE_S1 ; state.S_MOVE_S2 ; state.S_IDLE ; state.S_RET_S2 ;
+-----------------+----------------+-----------------+-----------------+--------------+----------------+
; state.S_IDLE    ; 0              ; 0               ; 0               ; 0            ; 0              ;
; state.S_MOVE_S2 ; 0              ; 0               ; 1               ; 1            ; 0              ;
; state.S_MOVE_S1 ; 0              ; 1               ; 0               ; 1            ; 0              ;
; state.S_RET_S1  ; 1              ; 0               ; 0               ; 1            ; 0              ;
; state.S_RET_S2  ; 0              ; 0               ; 0               ; 1            ; 1              ;
+-----------------+----------------+-----------------+-----------------+--------------+----------------+


Encoding Type:  One-Hot
+-----------------------------------------------------------------------------------------------+
; State Machine - |robot_motor_top|msg_sender:msg_fsm|state                                     ;
+----------------+---------------+---------------+----------------+------------+----------------+
; Name           ; state.SEND_TH ; state.SEND_MM ; state.SEND_MPI ; state.IDLE ; state.SEND_END ;
+----------------+---------------+---------------+----------------+------------+----------------+
; state.IDLE     ; 0             ; 0             ; 0              ; 0          ; 0              ;
; state.SEND_MPI ; 0             ; 0             ; 1              ; 1          ; 0              ;
; state.SEND_MM  ; 0             ; 1             ; 0              ; 1          ; 0              ;
; state.SEND_TH  ; 1             ; 0             ; 0              ; 1          ; 0              ;
; state.SEND_END ; 0             ; 0             ; 0              ; 1          ; 1              ;
+----------------+---------------+---------------+----------------+------------+----------------+


Encoding Type:  One-Hot
+------------------------------------------------------------------+
; State Machine - |robot_motor_top|uart_tx:uart|state              ;
+-------------+------------+------------+-------------+------------+
; Name        ; state.STOP ; state.DATA ; state.START ; state.IDLE ;
+-------------+------------+------------+-------------+------------+
; state.IDLE  ; 0          ; 0          ; 0           ; 0          ;
; state.START ; 0          ; 0          ; 1           ; 1          ;
; state.DATA  ; 0          ; 1          ; 0           ; 1          ;
; state.STOP  ; 1          ; 0          ; 0           ; 1          ;
+-------------+------------+------------+-------------+------------+


Encoding Type:  One-Hot
+----------------------------------------------------------------------------------------------------------------------------------------------------+
; State Machine - |robot_motor_top|t2a_dht:u_dht|state                                                                                               ;
+-----------------+-----------------+------------+-----------------+-----------------+----------------+----------------+----------------+------------+
; Name            ; state.CHECK_SUM ; state.DATA ; state.WF_AG_LOW ; state.WF_HIGH80 ; state.WF_LOW80 ; state.REL_40US ; state.LOW_19MS ; state.IDLE ;
+-----------------+-----------------+------------+-----------------+-----------------+----------------+----------------+----------------+------------+
; state.IDLE      ; 0               ; 0          ; 0               ; 0               ; 0              ; 0              ; 0              ; 0          ;
; state.LOW_19MS  ; 0               ; 0          ; 0               ; 0               ; 0              ; 0              ; 1              ; 1          ;
; state.REL_40US  ; 0               ; 0          ; 0               ; 0               ; 0              ; 1              ; 0              ; 1          ;
; state.WF_LOW80  ; 0               ; 0          ; 0               ; 0               ; 1              ; 0              ; 0              ; 1          ;
; state.WF_HIGH80 ; 0               ; 0          ; 0               ; 1               ; 0              ; 0              ; 0              ; 1          ;
; state.WF_AG_LOW ; 0               ; 0          ; 1               ; 0               ; 0              ; 0              ; 0              ; 1          ;
; state.DATA      ; 0               ; 1          ; 0               ; 0               ; 0              ; 0              ; 0              ; 1          ;
; state.CHECK_SUM ; 1               ; 0          ; 0               ; 0               ; 0              ; 0              ; 0              ; 1          ;
+-----------------+-----------------+------------+-----------------+-----------------+----------------+----------------+----------------+------------+


Encoding Type:  One-Hot
+---------------------------------------------------------------------------+
; State Machine - |robot_motor_top|ir_and_us:path_ctrl|us_sensor:us_f|state ;
+----------+----------+----------+----------+-------------------------------+
; Name     ; state.s3 ; state.s2 ; state.s1 ; state.s0                      ;
+----------+----------+----------+----------+-------------------------------+
; state.s0 ; 0        ; 0        ; 0        ; 0                             ;
; state.s1 ; 0        ; 0        ; 1        ; 1                             ;
; state.s2 ; 0        ; 1        ; 0        ; 1                             ;
; state.s3 ; 1        ; 0        ; 0        ; 1                             ;
+----------+----------+----------+----------+-------------------------------+


Encoding Type:  One-Hot
+---------------------------------------------------------------------------+
; State Machine - |robot_motor_top|ir_and_us:path_ctrl|us_sensor:us_r|state ;
+----------+----------+----------+----------+-------------------------------+
; Name     ; state.s3 ; state.s2 ; state.s1 ; state.s0                      ;
+----------+----------+----------+----------+-------------------------------+
; state.s0 ; 0        ; 0        ; 0        ; 0                             ;
; state.s1 ; 0        ; 0        ; 1        ; 1                             ;
; state.s2 ; 0        ; 1        ; 0        ; 1                             ;
; state.s3 ; 1        ; 0        ; 0        ; 1                             ;
+----------+----------+----------+----------+-------------------------------+


Encoding Type:  One-Hot
+---------------------------------------------------------------------------+
; State Machine - |robot_motor_top|ir_and_us:path_ctrl|us_sensor:us_l|state ;
+----------+----------+----------+----------+-------------------------------+
; Name     ; state.s3 ; state.s2 ; state.s1 ; state.s0                      ;
+----------+----------+----------+----------+-------------------------------+
; state.s0 ; 0        ; 0        ; 0        ; 0                             ;
; state.s1 ; 0        ; 0        ; 1        ; 1                             ;
; state.s2 ; 0        ; 1        ; 0        ; 1                             ;
; state.s3 ; 1        ; 0        ; 0        ; 1                             ;
+----------+----------+----------+----------+-------------------------------+


Encoding Type:  One-Hot
+--------------------------------------------------------------------------+
; State Machine - |robot_motor_top|motor_controller:motor_ctrl|false_count ;
+-----------------+-----------------+-----------------+--------------------+
; Name            ; false_count.000 ; false_count.010 ; false_count.001    ;
+-----------------+-----------------+-----------------+--------------------+
; false_count.000 ; 0               ; 0               ; 0                  ;
; false_count.001 ; 1               ; 0               ; 1                  ;
; false_count.010 ; 1               ; 1               ; 0                  ;
+-----------------+-----------------+-----------------+--------------------+


Encoding Type:  One-Hot
+------------------------------------------------------------------------------------------------------------------------------------------------------------------------------------------------------------+
; State Machine - |robot_motor_top|motor_controller:motor_ctrl|state                                                                                                                                         ;
+---------------------+------------------+------------------+---------------------+-------------+-------------------+-------------+------------------+-------------+------------+------------+---------------+
; Name                ; state.AFTER_NINE ; state.COPY_RIGHT ; state.FALSE_FORWARD ; state.SERVO ; state.FALSE_RIGHT ; state.UTURN ; state.FALSE_LEFT ; state.RIGHT ; state.LEFT ; state.STOP ; state.FORWARD ;
+---------------------+------------------+------------------+---------------------+-------------+-------------------+-------------+------------------+-------------+------------+------------+---------------+
; state.FORWARD       ; 0                ; 0                ; 0                   ; 0           ; 0                 ; 0           ; 0                ; 0           ; 0          ; 0          ; 0             ;
; state.STOP          ; 0                ; 0                ; 0                   ; 0           ; 0                 ; 0           ; 0                ; 0           ; 0          ; 1          ; 1             ;
; state.LEFT          ; 0                ; 0                ; 0                   ; 0           ; 0                 ; 0           ; 0                ; 0           ; 1          ; 0          ; 1             ;
; state.RIGHT         ; 0                ; 0                ; 0                   ; 0           ; 0                 ; 0           ; 0                ; 1           ; 0          ; 0          ; 1             ;
; state.FALSE_LEFT    ; 0                ; 0                ; 0                   ; 0           ; 0                 ; 0           ; 1                ; 0           ; 0          ; 0          ; 1             ;
; state.UTURN         ; 0                ; 0                ; 0                   ; 0           ; 0                 ; 1           ; 0                ; 0           ; 0          ; 0          ; 1             ;
; state.FALSE_RIGHT   ; 0                ; 0                ; 0                   ; 0           ; 1                 ; 0           ; 0                ; 0           ; 0          ; 0          ; 1             ;
; state.SERVO         ; 0                ; 0                ; 0                   ; 1           ; 0                 ; 0           ; 0                ; 0           ; 0          ; 0          ; 1             ;
; state.FALSE_FORWARD ; 0                ; 0                ; 1                   ; 0           ; 0                 ; 0           ; 0                ; 0           ; 0          ; 0          ; 1             ;
; state.COPY_RIGHT    ; 0                ; 1                ; 0                   ; 0           ; 0                 ; 0           ; 0                ; 0           ; 0          ; 0          ; 1             ;
; state.AFTER_NINE    ; 1                ; 0                ; 0                   ; 0           ; 0                 ; 0           ; 0                ; 0           ; 0          ; 0          ; 1             ;
+---------------------+------------------+------------------+---------------------+-------------+-------------------+-------------+------------------+-------------+------------+------------+---------------+


+-------------------------------------------------------------------------------------------------------------------------------------------+
; Registers Removed During Synthesis                                                                                                        ;
+---------------------------------------------------------------+---------------------------------------------------------------------------+
; Register name                                                 ; Reason for Removal                                                        ;
+---------------------------------------------------------------+---------------------------------------------------------------------------+
; servo:u_servo|pw2[17..19]                                     ; Stuck at GND due to stuck port data_in                                    ;
; servo:u_servo|pw2[15]                                         ; Stuck at VCC due to stuck port data_in                                    ;
; servo:u_servo|pw2[11..13]                                     ; Stuck at GND due to stuck port data_in                                    ;
; servo:u_servo|pw2[9]                                          ; Stuck at VCC due to stuck port data_in                                    ;
; servo:u_servo|pw2[0..3]                                       ; Stuck at GND due to stuck port data_in                                    ;
; servo:u_servo|pw1[0..2]                                       ; Stuck at GND due to stuck port data_in                                    ;
; servo:u_servo|pw1[4,6]                                        ; Stuck at VCC due to stuck port data_in                                    ;
; servo:u_servo|pw1[11,12,17..19]                               ; Stuck at GND due to stuck port data_in                                    ;
; ir_and_us:path_ctrl|us_sensor:us_f|distance_out[12..15]       ; Stuck at GND due to stuck port data_in                                    ;
; ir_and_us:path_ctrl|us_sensor:us_r|distance_out[12..15]       ; Stuck at GND due to stuck port data_in                                    ;
; ir_and_us:path_ctrl|us_sensor:us_l|distance_out[12..15]       ; Stuck at GND due to stuck port data_in                                    ;
; motor_controller:motor_ctrl|error[2,3]                        ; Merged with motor_controller:motor_ctrl|error[4]                          ;
; motor_controller:motor_ctrl|prev_error[2,3]                   ; Merged with motor_controller:motor_ctrl|prev_error[4]                     ;
; servo:u_servo|pw1[3,5,7,13,16]                                ; Merged with servo:u_servo|pw1[10]                                         ;
; servo:u_servo|pw1[8,9,15]                                     ; Merged with servo:u_servo|pw1[14]                                         ;
; servo:u_servo|servo_pwm:s2|counter[19]                        ; Merged with servo:u_servo|servo_pwm:s1|counter[19]                        ;
; servo:u_servo|servo_pwm:s2|counter[18]                        ; Merged with servo:u_servo|servo_pwm:s1|counter[18]                        ;
; servo:u_servo|servo_pwm:s2|counter[17]                        ; Merged with servo:u_servo|servo_pwm:s1|counter[17]                        ;
; servo:u_servo|servo_pwm:s2|counter[16]                        ; Merged with servo:u_servo|servo_pwm:s1|counter[16]                        ;
; servo:u_servo|servo_pwm:s2|counter[15]                        ; Merged with servo:u_servo|servo_pwm:s1|counter[15]                        ;
; servo:u_servo|servo_pwm:s2|counter[14]                        ; Merged with servo:u_servo|servo_pwm:s1|counter[14]                        ;
; servo:u_servo|servo_pwm:s2|counter[13]                        ; Merged with servo:u_servo|servo_pwm:s1|counter[13]                        ;
; servo:u_servo|servo_pwm:s2|counter[12]                        ; Merged with servo:u_servo|servo_pwm:s1|counter[12]                        ;
; servo:u_servo|servo_pwm:s2|counter[11]                        ; Merged with servo:u_servo|servo_pwm:s1|counter[11]                        ;
; servo:u_servo|servo_pwm:s2|counter[10]                        ; Merged with servo:u_servo|servo_pwm:s1|counter[10]                        ;
; servo:u_servo|servo_pwm:s2|counter[9]                         ; Merged with servo:u_servo|servo_pwm:s1|counter[9]                         ;
; servo:u_servo|servo_pwm:s2|counter[8]                         ; Merged with servo:u_servo|servo_pwm:s1|counter[8]                         ;
; servo:u_servo|servo_pwm:s2|counter[7]                         ; Merged with servo:u_servo|servo_pwm:s1|counter[7]                         ;
; servo:u_servo|servo_pwm:s2|counter[6]                         ; Merged with servo:u_servo|servo_pwm:s1|counter[6]                         ;
; servo:u_servo|servo_pwm:s2|counter[5]                         ; Merged with servo:u_servo|servo_pwm:s1|counter[5]                         ;
; servo:u_servo|servo_pwm:s2|counter[4]                         ; Merged with servo:u_servo|servo_pwm:s1|counter[4]                         ;
; servo:u_servo|servo_pwm:s2|counter[3]                         ; Merged with servo:u_servo|servo_pwm:s1|counter[3]                         ;
; servo:u_servo|servo_pwm:s2|counter[2]                         ; Merged with servo:u_servo|servo_pwm:s1|counter[2]                         ;
; servo:u_servo|servo_pwm:s2|counter[1]                         ; Merged with servo:u_servo|servo_pwm:s1|counter[1]                         ;
; servo:u_servo|servo_pwm:s2|counter[0]                         ; Merged with servo:u_servo|servo_pwm:s1|counter[0]                         ;
; servo:u_servo|pw2[5,7,16]                                     ; Merged with servo:u_servo|pw2[10]                                         ;
; servo:u_servo|pw2[4,6,8]                                      ; Merged with servo:u_servo|pw2[14]                                         ;
; motor_controller:motor_ctrl|pwm_generator:pwmB|pwm_counter[5] ; Merged with motor_controller:motor_ctrl|pwm_generator:pwmA|pwm_counter[5] ;
; motor_controller:motor_ctrl|pwm_generator:pwmB|pwm_counter[4] ; Merged with motor_controller:motor_ctrl|pwm_generator:pwmA|pwm_counter[4] ;
; motor_controller:motor_ctrl|pwm_generator:pwmB|pwm_counter[3] ; Merged with motor_controller:motor_ctrl|pwm_generator:pwmA|pwm_counter[3] ;
; motor_controller:motor_ctrl|pwm_generator:pwmB|pwm_counter[2] ; Merged with motor_controller:motor_ctrl|pwm_generator:pwmA|pwm_counter[2] ;
; motor_controller:motor_ctrl|pwm_generator:pwmB|pwm_counter[1] ; Merged with motor_controller:motor_ctrl|pwm_generator:pwmA|pwm_counter[1] ;
; motor_controller:motor_ctrl|pwm_generator:pwmB|pwm_counter[0] ; Merged with motor_controller:motor_ctrl|pwm_generator:pwmA|pwm_counter[0] ;
; motor_controller:motor_ctrl|error[0]                          ; Stuck at GND due to stuck port data_in                                    ;
; motor_controller:motor_ctrl|prev_error[0]                     ; Stuck at GND due to stuck port data_in                                    ;
; moisture_sensor:ms|adc_controller:adc_inst|d_out_ch0[0]       ; Lost fanout                                                               ;
; moisture_sensor:ms|adc_controller:adc_inst|dout_chx[0]        ; Lost fanout                                                               ;
; uart_rx:u_uart_rx|state~8                                     ; Lost fanout                                                               ;
; uart_rx:u_uart_rx|state~9                                     ; Lost fanout                                                               ;
; servo:u_servo|state~7                                         ; Lost fanout                                                               ;
; servo:u_servo|state~8                                         ; Lost fanout                                                               ;
; msg_sender:msg_fsm|state~9                                    ; Lost fanout                                                               ;
; msg_sender:msg_fsm|state~10                                   ; Lost fanout                                                               ;
; uart_tx:uart|state~8                                          ; Lost fanout                                                               ;
; uart_tx:uart|state~9                                          ; Lost fanout                                                               ;
; t2a_dht:u_dht|state~12                                        ; Lost fanout                                                               ;
; t2a_dht:u_dht|state~13                                        ; Lost fanout                                                               ;
; t2a_dht:u_dht|state~14                                        ; Lost fanout                                                               ;
; ir_and_us:path_ctrl|us_sensor:us_f|state~8                    ; Lost fanout                                                               ;
; ir_and_us:path_ctrl|us_sensor:us_f|state~9                    ; Lost fanout                                                               ;
; ir_and_us:path_ctrl|us_sensor:us_r|state~8                    ; Lost fanout                                                               ;
; ir_and_us:path_ctrl|us_sensor:us_r|state~9                    ; Lost fanout                                                               ;
; ir_and_us:path_ctrl|us_sensor:us_l|state~8                    ; Lost fanout                                                               ;
; ir_and_us:path_ctrl|us_sensor:us_l|state~9                    ; Lost fanout                                                               ;
; motor_controller:motor_ctrl|false_count~8                     ; Lost fanout                                                               ;
; motor_controller:motor_ctrl|state~11                          ; Lost fanout                                                               ;
; motor_controller:motor_ctrl|state~12                          ; Lost fanout                                                               ;
; motor_controller:motor_ctrl|state~13                          ; Lost fanout                                                               ;
; motor_controller:motor_ctrl|state~14                          ; Lost fanout                                                               ;
; motor_controller:motor_ctrl|false_count.010                   ; Lost fanout                                                               ;
; motor_controller:motor_ctrl|false_count.000                   ; Lost fanout                                                               ;
; motor_controller:motor_ctrl|state.FALSE_LEFT                  ; Stuck at GND due to stuck port data_in                                    ;
; motor_controller:motor_ctrl|pwm_generator:pwmA|pwm_counter[0] ; Merged with moisture_sensor:ms|counter[0]                                 ;
; servo:u_servo|servo_pwm:s1|counter[0]                         ; Merged with moisture_sensor:ms|counter[0]                                 ;
; motor_controller:motor_ctrl|pwm_generator:pwmA|pwm_counter[1] ; Merged with moisture_sensor:ms|counter[1]                                 ;
; servo:u_servo|servo_pwm:s1|counter[1]                         ; Merged with moisture_sensor:ms|counter[1]                                 ;
; servo:u_servo|servo_pwm:s1|counter[2]                         ; Merged with motor_controller:motor_ctrl|pwm_generator:pwmA|pwm_counter[2] ;
; motor_controller:motor_ctrl|pwm_generator:pwmA|pwm_counter[2] ; Merged with moisture_sensor:ms|counter[2]                                 ;
; motor_controller:motor_ctrl|pwm_generator:pwmA|pwm_counter[3] ; Merged with servo:u_servo|servo_pwm:s1|counter[3]                         ;
; motor_controller:motor_ctrl|pwm_generator:pwmA|pwm_counter[4] ; Merged with servo:u_servo|servo_pwm:s1|counter[4]                         ;
; motor_controller:motor_ctrl|pwm_generator:pwmA|pwm_counter[5] ; Merged with servo:u_servo|servo_pwm:s1|counter[5]                         ;
; msg_sender:msg_fsm|tx_data[7]                                 ; Stuck at GND due to stuck port data_in                                    ;
; clk3125:u_clk_div|cnt[3]                                      ; Stuck at GND due to stuck port data_in                                    ;
; uart_tx:uart|data_shift[7]                                    ; Stuck at GND due to stuck port data_in                                    ;
; Total Number of Removed Registers = 119                       ;                                                                           ;
+---------------------------------------------------------------+---------------------------------------------------------------------------+


+----------------------------------------------------------------------------------------------------------------------------------------------+
; Removed Registers Triggering Further Register Optimizations                                                                                  ;
+---------------------------------------------------------+---------------------------+--------------------------------------------------------+
; Register name                                           ; Reason for Removal        ; Registers Removed due to This Register                 ;
+---------------------------------------------------------+---------------------------+--------------------------------------------------------+
; motor_controller:motor_ctrl|error[0]                    ; Stuck at GND              ; motor_controller:motor_ctrl|prev_error[0]              ;
;                                                         ; due to stuck port data_in ;                                                        ;
; moisture_sensor:ms|adc_controller:adc_inst|d_out_ch0[0] ; Lost Fanouts              ; moisture_sensor:ms|adc_controller:adc_inst|dout_chx[0] ;
; msg_sender:msg_fsm|tx_data[7]                           ; Stuck at GND              ; uart_tx:uart|data_shift[7]                             ;
;                                                         ; due to stuck port data_in ;                                                        ;
+---------------------------------------------------------+---------------------------+--------------------------------------------------------+


+------------------------------------------------------+
; General Register Statistics                          ;
+----------------------------------------------+-------+
; Statistic                                    ; Value ;
+----------------------------------------------+-------+
; Total registers                              ; 1859  ;
; Number of registers using Synchronous Clear  ; 382   ;
; Number of registers using Synchronous Load   ; 72    ;
; Number of registers using Asynchronous Clear ; 1020  ;
; Number of registers using Asynchronous Load  ; 0     ;
; Number of registers using Clock Enable       ; 1007  ;
; Number of registers using Preset             ; 0     ;
+----------------------------------------------+-------+


+-------------------------------------------------------------------------------------------------------------------------------------------------------------------------------------------------------------------------------------------------------------------------------------------------------------------------------------------+
; Inverted Register Statistics                                                                                                                                                                                                                                                                                                              ;
+---------------------------------------------------------------------------------------------------------------------------------------------------------------------------------------------------------------------------------------------------------------------------------------------------------------------------------+---------+
; Inverted Register                                                                                                                                                                                                                                                                                                               ; Fan out ;
+---------------------------------------------------------------------------------------------------------------------------------------------------------------------------------------------------------------------------------------------------------------------------------------------------------------------------------+---------+
; uart_tx:uart|tx                                                                                                                                                                                                                                                                                                                 ; 1       ;
; moisture_sensor:ms|adc_controller:adc_inst|adc_cs                                                                                                                                                                                                                                                                               ; 3       ;
; uart_rx:u_uart_rx|rx_ff2                                                                                                                                                                                                                                                                                                        ; 16      ;
; uart_rx:u_uart_rx|rx_ff3                                                                                                                                                                                                                                                                                                        ; 1       ;
; uart_rx:u_uart_rx|rx_ff1                                                                                                                                                                                                                                                                                                        ; 1       ;
; sld_hub:auto_hub|alt_sld_fab_with_jtag_input:\instrumentation_fabric_with_node_gen:fabric_gen_new_way:with_jtag_input_gen:instrumentation_fabric|alt_sld_fab:instrumentation_fabric|alt_sld_fab_alt_sld_fab:alt_sld_fab|alt_sld_fab_alt_sld_fab_sldfabric:sldfabric|sld_jtag_hub:\jtag_hub_gen:real_sld_jtag_hub|jtag_ir_reg[2] ; 2       ;
; sld_hub:auto_hub|alt_sld_fab_with_jtag_input:\instrumentation_fabric_with_node_gen:fabric_gen_new_way:with_jtag_input_gen:instrumentation_fabric|alt_sld_fab:instrumentation_fabric|alt_sld_fab_alt_sld_fab:alt_sld_fab|alt_sld_fab_alt_sld_fab_sldfabric:sldfabric|sld_jtag_hub:\jtag_hub_gen:real_sld_jtag_hub|jtag_ir_reg[1] ; 3       ;
; sld_signaltap:auto_signaltap_0|sld_signaltap_impl:sld_signaltap_body|sld_signaltap_implb:sld_signaltap_body|sld_buffer_manager:sld_buffer_manager_inst|modified_post_count[8]                                                                                                                                                   ; 1       ;
; sld_signaltap:auto_signaltap_0|sld_signaltap_impl:sld_signaltap_body|sld_signaltap_implb:sld_signaltap_body|sld_buffer_manager:sld_buffer_manager_inst|modified_post_count[0]                                                                                                                                                   ; 1       ;
; sld_signaltap:auto_signaltap_0|sld_signaltap_impl:sld_signaltap_body|sld_signaltap_implb:sld_signaltap_body|sld_buffer_manager:sld_buffer_manager_inst|modified_post_count[1]                                                                                                                                                   ; 1       ;
; sld_signaltap:auto_signaltap_0|sld_signaltap_impl:sld_signaltap_body|sld_signaltap_implb:sld_signaltap_body|sld_buffer_manager:sld_buffer_manager_inst|modified_post_count[2]                                                                                                                                                   ; 1       ;
; sld_signaltap:auto_signaltap_0|sld_signaltap_impl:sld_signaltap_body|sld_signaltap_implb:sld_signaltap_body|sld_buffer_manager:sld_buffer_manager_inst|modified_post_count[3]                                                                                                                                                   ; 1       ;
; sld_signaltap:auto_signaltap_0|sld_signaltap_impl:sld_signaltap_body|sld_signaltap_implb:sld_signaltap_body|sld_buffer_manager:sld_buffer_manager_inst|modified_post_count[4]                                                                                                                                                   ; 1       ;
; sld_signaltap:auto_signaltap_0|sld_signaltap_impl:sld_signaltap_body|sld_signaltap_implb:sld_signaltap_body|sld_buffer_manager:sld_buffer_manager_inst|modified_post_count[5]                                                                                                                                                   ; 1       ;
; sld_signaltap:auto_signaltap_0|sld_signaltap_impl:sld_signaltap_body|sld_signaltap_implb:sld_signaltap_body|sld_buffer_manager:sld_buffer_manager_inst|modified_post_count[6]                                                                                                                                                   ; 1       ;
; sld_signaltap:auto_signaltap_0|sld_signaltap_impl:sld_signaltap_body|sld_signaltap_implb:sld_signaltap_body|sld_buffer_manager:sld_buffer_manager_inst|modified_post_count[7]                                                                                                                                                   ; 1       ;
; Total number of inverted registers = 16                                                                                                                                                                                                                                                                                         ;         ;
+---------------------------------------------------------------------------------------------------------------------------------------------------------------------------------------------------------------------------------------------------------------------------------------------------------------------------------+---------+


+-------------------------------------------------------------------------------------------------------------------------------------------------------------------------------------+
; Multiplexer Restructuring Statistics (Restructuring Performed)                                                                                                                      ;
+--------------------+-----------+---------------+----------------------+------------------------+------------+-----------------------------------------------------------------------+
; Multiplexer Inputs ; Bus Width ; Baseline Area ; Area if Restructured ; Saving if Restructured ; Registered ; Example Multiplexer Output                                            ;
+--------------------+-----------+---------------+----------------------+------------------------+------------+-----------------------------------------------------------------------+
; 3:1                ; 4 bits    ; 8 LEs         ; 4 LEs                ; 4 LEs                  ; Yes        ; |robot_motor_top|motor_controller:motor_ctrl|mpi_count[2]             ;
; 3:1                ; 4 bits    ; 8 LEs         ; 4 LEs                ; 4 LEs                  ; Yes        ; |robot_motor_top|servo:u_servo|pw1[10]                                ;
; 4:1                ; 2 bits    ; 4 LEs         ; 2 LEs                ; 2 LEs                  ; Yes        ; |robot_motor_top|motor_controller:motor_ctrl|prev_error[4]            ;
; 5:1                ; 3 bits    ; 9 LEs         ; 3 LEs                ; 6 LEs                  ; Yes        ; |robot_motor_top|uart_rx:u_uart_rx|bit_idx[1]                         ;
; 6:1                ; 26 bits   ; 104 LEs       ; 26 LEs               ; 78 LEs                 ; Yes        ; |robot_motor_top|servo:u_servo|timer[15]                              ;
; 6:1                ; 3 bits    ; 12 LEs        ; 3 LEs                ; 9 LEs                  ; Yes        ; |robot_motor_top|uart_tx:uart|bit_idx[0]                              ;
; 6:1                ; 6 bits    ; 24 LEs        ; 6 LEs                ; 18 LEs                 ; Yes        ; |robot_motor_top|t2a_dht:u_dht|bit_count[5]                           ;
; 7:1                ; 32 bits   ; 128 LEs       ; 32 LEs               ; 96 LEs                 ; Yes        ; |robot_motor_top|t2a_dht:u_dht|timeout_counter[9]                     ;
; 7:1                ; 5 bits    ; 20 LEs        ; 5 LEs                ; 15 LEs                 ; Yes        ; |robot_motor_top|uart_rx:u_uart_rx|baud_cnt[2]                        ;
; 8:1                ; 32 bits   ; 160 LEs       ; 32 LEs               ; 128 LEs                ; Yes        ; |robot_motor_top|ir_and_us:path_ctrl|us_sensor:us_f|delay_counter[26] ;
; 8:1                ; 32 bits   ; 160 LEs       ; 32 LEs               ; 128 LEs                ; Yes        ; |robot_motor_top|ir_and_us:path_ctrl|us_sensor:us_r|delay_counter[16] ;
; 8:1                ; 32 bits   ; 160 LEs       ; 32 LEs               ; 128 LEs                ; Yes        ; |robot_motor_top|ir_and_us:path_ctrl|us_sensor:us_l|delay_counter[9]  ;
; 9:1                ; 4 bits    ; 24 LEs        ; 8 LEs                ; 16 LEs                 ; Yes        ; |robot_motor_top|uart_rx:u_uart_rx|baud_cnt[5]                        ;
; 9:1                ; 32 bits   ; 192 LEs       ; 32 LEs               ; 160 LEs                ; Yes        ; |robot_motor_top|ir_and_us:path_ctrl|us_sensor:us_f|counter[5]        ;
; 9:1                ; 32 bits   ; 192 LEs       ; 32 LEs               ; 160 LEs                ; Yes        ; |robot_motor_top|ir_and_us:path_ctrl|us_sensor:us_r|counter[0]        ;
; 9:1                ; 32 bits   ; 192 LEs       ; 32 LEs               ; 160 LEs                ; Yes        ; |robot_motor_top|ir_and_us:path_ctrl|us_sensor:us_l|counter[2]        ;
; 12:1               ; 5 bits    ; 40 LEs        ; 10 LEs               ; 30 LEs                 ; Yes        ; |robot_motor_top|msg_sender:msg_fsm|idx[3]                            ;
; 17:1               ; 32 bits   ; 352 LEs       ; 32 LEs               ; 320 LEs                ; Yes        ; |robot_motor_top|t2a_dht:u_dht|counter[6]                             ;
; 9:1                ; 2 bits    ; 12 LEs        ; 4 LEs                ; 8 LEs                  ; Yes        ; |robot_motor_top|msg_sender:msg_fsm|tx_data[5]                        ;
; 23:1               ; 32 bits   ; 480 LEs       ; 32 LEs               ; 448 LEs                ; Yes        ; |robot_motor_top|motor_controller:motor_ctrl|delay_counter[24]        ;
; 24:1               ; 2 bits    ; 32 LEs        ; 10 LEs               ; 22 LEs                 ; Yes        ; |robot_motor_top|motor_controller:motor_ctrl|IN2                      ;
; 25:1               ; 2 bits    ; 32 LEs        ; 12 LEs               ; 20 LEs                 ; Yes        ; |robot_motor_top|motor_controller:motor_ctrl|IN1                      ;
; 27:1               ; 2 bits    ; 36 LEs        ; 16 LEs               ; 20 LEs                 ; Yes        ; |robot_motor_top|motor_controller:motor_ctrl|duty_A[1]                ;
; 27:1               ; 2 bits    ; 36 LEs        ; 12 LEs               ; 24 LEs                 ; Yes        ; |robot_motor_top|motor_controller:motor_ctrl|duty_B[2]                ;
; 30:1               ; 2 bits    ; 40 LEs        ; 10 LEs               ; 30 LEs                 ; Yes        ; |robot_motor_top|motor_controller:motor_ctrl|duty_B[0]                ;
; 29:1               ; 3 bits    ; 57 LEs        ; 27 LEs               ; 30 LEs                 ; Yes        ; |robot_motor_top|motor_controller:motor_ctrl|duty_A[2]                ;
; 29:1               ; 3 bits    ; 57 LEs        ; 27 LEs               ; 30 LEs                 ; Yes        ; |robot_motor_top|motor_controller:motor_ctrl|duty_B[4]                ;
; 7:1                ; 32 bits   ; 128 LEs       ; 64 LEs               ; 64 LEs                 ; Yes        ; |robot_motor_top|ir_and_us:path_ctrl|us_sensor:us_f|echo_counter[31]  ;
; 7:1                ; 32 bits   ; 128 LEs       ; 64 LEs               ; 64 LEs                 ; Yes        ; |robot_motor_top|ir_and_us:path_ctrl|us_sensor:us_r|echo_counter[29]  ;
; 7:1                ; 32 bits   ; 128 LEs       ; 64 LEs               ; 64 LEs                 ; Yes        ; |robot_motor_top|ir_and_us:path_ctrl|us_sensor:us_l|echo_counter[3]   ;
; 3:1                ; 8 bits    ; 16 LEs        ; 16 LEs               ; 0 LEs                  ; No         ; |robot_motor_top|msg_sender:msg_fsm|H_lim[7]                          ;
; 3:1                ; 8 bits    ; 16 LEs        ; 16 LEs               ; 0 LEs                  ; No         ; |robot_motor_top|msg_sender:msg_fsm|T_lim[2]                          ;
; 6:1                ; 3 bits    ; 12 LEs        ; 6 LEs                ; 6 LEs                  ; No         ; |robot_motor_top|motor_controller:motor_ctrl|false_count              ;
; 6:1                ; 2 bits    ; 8 LEs         ; 4 LEs                ; 4 LEs                  ; No         ; |robot_motor_top|uart_rx:u_uart_rx|Selector12                         ;
; 6:1                ; 2 bits    ; 8 LEs         ; 4 LEs                ; 4 LEs                  ; No         ; |robot_motor_top|uart_tx:uart|Selector12                              ;
; 8:1                ; 2 bits    ; 10 LEs        ; 4 LEs                ; 6 LEs                  ; No         ; |robot_motor_top|uart_rx:u_uart_rx|Selector9                          ;
; 8:1                ; 2 bits    ; 10 LEs        ; 4 LEs                ; 6 LEs                  ; No         ; |robot_motor_top|uart_tx:uart|Selector9                               ;
; 8:1                ; 4 bits    ; 20 LEs        ; 12 LEs               ; 8 LEs                  ; No         ; |robot_motor_top|ir_and_us:path_ctrl|us_sensor:us_f|Selector3         ;
; 8:1                ; 4 bits    ; 20 LEs        ; 12 LEs               ; 8 LEs                  ; No         ; |robot_motor_top|ir_and_us:path_ctrl|us_sensor:us_r|Selector1         ;
; 8:1                ; 4 bits    ; 20 LEs        ; 12 LEs               ; 8 LEs                  ; No         ; |robot_motor_top|ir_and_us:path_ctrl|us_sensor:us_l|Selector1         ;
; 9:1                ; 3 bits    ; 18 LEs        ; 9 LEs                ; 9 LEs                  ; No         ; |robot_motor_top|msg_sender:msg_fsm|Selector17                        ;
; 11:1               ; 2 bits    ; 14 LEs        ; 4 LEs                ; 10 LEs                 ; No         ; |robot_motor_top|msg_sender:msg_fsm|Selector19                        ;
; 14:1               ; 6 bits    ; 54 LEs        ; 30 LEs               ; 24 LEs                 ; No         ; |robot_motor_top|t2a_dht:u_dht|Selector0                              ;
; 16:1               ; 2 bits    ; 20 LEs        ; 6 LEs                ; 14 LEs                 ; No         ; |robot_motor_top|t2a_dht:u_dht|Selector4                              ;
; 23:1               ; 3 bits    ; 45 LEs        ; 12 LEs               ; 33 LEs                 ; No         ; |robot_motor_top|motor_controller:motor_ctrl|state                    ;
; 28:1               ; 3 bits    ; 54 LEs        ; 24 LEs               ; 30 LEs                 ; No         ; |robot_motor_top|motor_controller:motor_ctrl|state                    ;
+--------------------+-----------+---------------+----------------------+------------------------+------------+-----------------------------------------------------------------------+


+-------------------------------------------------------+
; Source assignments for sld_signaltap:auto_signaltap_0 ;
+-----------------+-------+------+----------------------+
; Assignment      ; Value ; From ; To                   ;
+-----------------+-------+------+----------------------+
; MESSAGE_DISABLE ; 13410 ; -    ; -                    ;
+-----------------+-------+------+----------------------+


+--------------------------------------------------------------------------+
; Parameter Settings for User Entity Instance: motor_controller:motor_ctrl ;
+-------------------+-----------+------------------------------------------+
; Parameter Name    ; Value     ; Type                                     ;
+-------------------+-----------+------------------------------------------+
; STOP              ; 0000      ; Unsigned Binary                          ;
; FORWARD           ; 0001      ; Unsigned Binary                          ;
; LEFT              ; 0010      ; Unsigned Binary                          ;
; RIGHT             ; 0011      ; Unsigned Binary                          ;
; FALSE_LEFT        ; 0100      ; Unsigned Binary                          ;
; UTURN             ; 0101      ; Unsigned Binary                          ;
; FALSE_RIGHT       ; 0110      ; Unsigned Binary                          ;
; FALSE_FORWARD     ; 1001      ; Unsigned Binary                          ;
; SERVO             ; 0111      ; Unsigned Binary                          ;
; COPY_RIGHT        ; 1010      ; Unsigned Binary                          ;
; AFTER_NINE        ; 1111      ; Unsigned Binary                          ;
; BASE_SPEED        ; 45        ; Signed Integer                           ;
; TURN_SPEED        ; 25        ; Signed Integer                           ;
; SLOW_SPEED        ; 25        ; Signed Integer                           ;
; L_MAX_SPEED       ; 60        ; Signed Integer                           ;
; L_MIN_SPEED       ; 15        ; Signed Integer                           ;
; R_MAX_SPEED       ; 60        ; Signed Integer                           ;
; R_MIN_SPEED       ; 13        ; Signed Integer                           ;
; BEFORE_DELAY_L    ; 15000000  ; Signed Integer                           ;
; TURN_DELAY_L      ; 20000000  ; Signed Integer                           ;
; AFTER_DELAY_L     ; 17000000  ; Signed Integer                           ;
; BEFORE_DELAY_R    ; 15000000  ; Signed Integer                           ;
; TURN_DELAY_R      ; 18000000  ; Signed Integer                           ;
; AFTER_DELAY_R     ; 18000000  ; Signed Integer                           ;
; UTURN_DELAY       ; 33000000  ; Signed Integer                           ;
; SERVO_DELAY       ; 830000000 ; Signed Integer                           ;
; FALSE_L_DELAY     ; 80000000  ; Signed Integer                           ;
; FALSE_R_DELAY     ; 38000000  ; Signed Integer                           ;
; FALSE_F_DELAY     ; 45000000  ; Signed Integer                           ;
; FALSE_TWO_DELAY   ; 7000000   ; Signed Integer                           ;
; COPY_R_DELAY      ; 8000000   ; Signed Integer                           ;
; AFTER_EIGHT_DELAY ; 10000000  ; Signed Integer                           ;
; KP                ; 15        ; Signed Integer                           ;
; KD                ; 10        ; Signed Integer                           ;
+-------------------+-----------+------------------------------------------+
Note: In order to hide this table in the UI and the text report file, please set the "Show Parameter Settings in Synthesis Report" option in "Analysis and Synthesis Settings -> More Settings" to "Off".


+------------------------------------------------------------------+
; Parameter Settings for User Entity Instance: ir_and_us:path_ctrl ;
+----------------+-------+-----------------------------------------+
; Parameter Name ; Value ; Type                                    ;
+----------------+-------+-----------------------------------------+
; STOP           ; 000   ; Unsigned Binary                         ;
; FORWARD        ; 001   ; Unsigned Binary                         ;
; RIGHT          ; 010   ; Unsigned Binary                         ;
; LEFT           ; 011   ; Unsigned Binary                         ;
; UTURN          ; 100   ; Unsigned Binary                         ;
+----------------+-------+-----------------------------------------+
Note: In order to hide this table in the UI and the text report file, please set the "Show Parameter Settings in Synthesis Report" option in "Analysis and Synthesis Settings -> More Settings" to "Off".


+---------------------------------------------------------------------------------+
; Parameter Settings for User Entity Instance: ir_and_us:path_ctrl|us_sensor:us_l ;
+----------------+----------+-----------------------------------------------------+
; Parameter Name ; Value    ; Type                                                ;
+----------------+----------+-----------------------------------------------------+
; s0             ; 00       ; Unsigned Binary                                     ;
; s1             ; 01       ; Unsigned Binary                                     ;
; s2             ; 10       ; Unsigned Binary                                     ;
; s3             ; 11       ; Unsigned Binary                                     ;
; delay_10_us    ; 550      ; Signed Integer                                      ;
; delay_20_ms    ; 5000000  ; Signed Integer                                      ;
; TIMEOUT        ; 25000000 ; Signed Integer                                      ;
; MAX_VALUE      ; 25000000 ; Signed Integer                                      ;
+----------------+----------+-----------------------------------------------------+
Note: In order to hide this table in the UI and the text report file, please set the "Show Parameter Settings in Synthesis Report" option in "Analysis and Synthesis Settings -> More Settings" to "Off".


+---------------------------------------------------------------------------------+
; Parameter Settings for User Entity Instance: ir_and_us:path_ctrl|us_sensor:us_r ;
+----------------+----------+-----------------------------------------------------+
; Parameter Name ; Value    ; Type                                                ;
+----------------+----------+-----------------------------------------------------+
; s0             ; 00       ; Unsigned Binary                                     ;
; s1             ; 01       ; Unsigned Binary                                     ;
; s2             ; 10       ; Unsigned Binary                                     ;
; s3             ; 11       ; Unsigned Binary                                     ;
; delay_10_us    ; 550      ; Signed Integer                                      ;
; delay_20_ms    ; 5000000  ; Signed Integer                                      ;
; TIMEOUT        ; 25000000 ; Signed Integer                                      ;
; MAX_VALUE      ; 25000000 ; Signed Integer                                      ;
+----------------+----------+-----------------------------------------------------+
Note: In order to hide this table in the UI and the text report file, please set the "Show Parameter Settings in Synthesis Report" option in "Analysis and Synthesis Settings -> More Settings" to "Off".


+---------------------------------------------------------------------------------+
; Parameter Settings for User Entity Instance: ir_and_us:path_ctrl|us_sensor:us_f ;
+----------------+----------+-----------------------------------------------------+
; Parameter Name ; Value    ; Type                                                ;
+----------------+----------+-----------------------------------------------------+
; s0             ; 00       ; Unsigned Binary                                     ;
; s1             ; 01       ; Unsigned Binary                                     ;
; s2             ; 10       ; Unsigned Binary                                     ;
; s3             ; 11       ; Unsigned Binary                                     ;
; delay_10_us    ; 550      ; Signed Integer                                      ;
; delay_20_ms    ; 5000000  ; Signed Integer                                      ;
; TIMEOUT        ; 25000000 ; Signed Integer                                      ;
; MAX_VALUE      ; 25000000 ; Signed Integer                                      ;
+----------------+----------+-----------------------------------------------------+
Note: In order to hide this table in the UI and the text report file, please set the "Show Parameter Settings in Synthesis Report" option in "Analysis and Synthesis Settings -> More Settings" to "Off".


+------------------------------------------------------------+
; Parameter Settings for User Entity Instance: t2a_dht:u_dht ;
+----------------+----------+--------------------------------+
; Parameter Name ; Value    ; Type                           ;
+----------------+----------+--------------------------------+
; IDLE           ; 000      ; Unsigned Binary                ;
; LOW_19MS       ; 001      ; Unsigned Binary                ;
; REL_40US       ; 010      ; Unsigned Binary                ;
; WF_LOW80       ; 011      ; Unsigned Binary                ;
; WF_HIGH80      ; 100      ; Unsigned Binary                ;
; WF_AG_LOW      ; 101      ; Unsigned Binary                ;
; DATA           ; 110      ; Unsigned Binary                ;
; CHECK_SUM      ; 111      ; Unsigned Binary                ;
; MS_19          ; 1000000  ; Signed Integer                 ;
; REL_TIME       ; 2500     ; Signed Integer                 ;
; THRESHOLD      ; 2000     ; Signed Integer                 ;
; WAIT_1S        ; 50000000 ; Signed Integer                 ;
+----------------+----------+--------------------------------+
Note: In order to hide this table in the UI and the text report file, please set the "Show Parameter Settings in Synthesis Report" option in "Analysis and Synthesis Settings -> More Settings" to "Off".


+-----------------------------------------------------------------------------------------+
; Parameter Settings for User Entity Instance: moisture_sensor:ms|adc_controller:adc_inst ;
+----------------+-------+----------------------------------------------------------------+
; Parameter Name ; Value ; Type                                                           ;
+----------------+-------+----------------------------------------------------------------+
; MIN            ; 220   ; Signed Integer                                                 ;
; MAX            ; 340   ; Signed Integer                                                 ;
; STEP           ; 15    ; Signed Integer                                                 ;
+----------------+-------+----------------------------------------------------------------+
Note: In order to hide this table in the UI and the text report file, please set the "Show Parameter Settings in Synthesis Report" option in "Analysis and Synthesis Settings -> More Settings" to "Off".


+-----------------------------------------------------------+
; Parameter Settings for User Entity Instance: uart_tx:uart ;
+----------------+-------+----------------------------------+
; Parameter Name ; Value ; Type                             ;
+----------------+-------+----------------------------------+
; IDLE           ; 00    ; Unsigned Binary                  ;
; START          ; 01    ; Unsigned Binary                  ;
; DATA           ; 10    ; Unsigned Binary                  ;
; STOP           ; 11    ; Unsigned Binary                  ;
; CLK_PER_BIT    ; 27    ; Signed Integer                   ;
+----------------+-------+----------------------------------+
Note: In order to hide this table in the UI and the text report file, please set the "Show Parameter Settings in Synthesis Report" option in "Analysis and Synthesis Settings -> More Settings" to "Off".


+-----------------------------------------------------------------+
; Parameter Settings for User Entity Instance: msg_sender:msg_fsm ;
+-----------------+--------------+--------------------------------+
; Parameter Name  ; Value        ; Type                           ;
+-----------------+--------------+--------------------------------+
; IDLE            ; 000          ; Unsigned Binary                ;
; SEND_MPI        ; 001          ; Unsigned Binary                ;
; SEND_MM         ; 010          ; Unsigned Binary                ;
; SEND_TH         ; 011          ; Unsigned Binary                ;
; SEND_END        ; 100          ; Unsigned Binary                ;
; MOIST_THRESHOLD ; 010000011010 ; Unsigned Binary                ;
+-----------------+--------------+--------------------------------+
Note: In order to hide this table in the UI and the text report file, please set the "Show Parameter Settings in Synthesis Report" option in "Analysis and Synthesis Settings -> More Settings" to "Off".


+----------------------------------------------------------------+
; Parameter Settings for User Entity Instance: uart_rx:u_uart_rx ;
+----------------+-------+---------------------------------------+
; Parameter Name ; Value ; Type                                  ;
+----------------+-------+---------------------------------------+
; BAUD_CNT       ; 434   ; Signed Integer                        ;
+----------------+-------+---------------------------------------+
Note: In order to hide this table in the UI and the text report file, please set the "Show Parameter Settings in Synthesis Report" option in "Analysis and Synthesis Settings -> More Settings" to "Off".


+--------------------------------------------------------------------------+
; Parameter Settings for User Entity Instance: bot_position:u_bot_position ;
+----------------+-------+-------------------------------------------------+
; Parameter Name ; Value ; Type                                            ;
+----------------+-------+-------------------------------------------------+
; NORTH          ; 00    ; Unsigned Binary                                 ;
; EAST           ; 01    ; Unsigned Binary                                 ;
; SOUTH          ; 10    ; Unsigned Binary                                 ;
; WEST           ; 11    ; Unsigned Binary                                 ;
; F              ; 000   ; Unsigned Binary                                 ;
; L              ; 001   ; Unsigned Binary                                 ;
; R              ; 010   ; Unsigned Binary                                 ;
; U              ; 011   ; Unsigned Binary                                 ;
; S              ; 100   ; Unsigned Binary                                 ;
+----------------+-------+-------------------------------------------------+
Note: In order to hide this table in the UI and the text report file, please set the "Show Parameter Settings in Synthesis Report" option in "Analysis and Synthesis Settings -> More Settings" to "Off".


+---------------------------------------------------------------------------------------------------------------------------------------------------------------------------------------------------------------------------------------------------------------------------+
; Parameter Settings for Inferred Entity Instance: sld_signaltap:auto_signaltap_0                                                                                                                                                                                           ;
+-------------------------------------------------+--------------------------------------------------------------------------------------------------------------------------------------------------------------------------------------------------------+----------------+
; Parameter Name                                  ; Value                                                                                                                                                                                                  ; Type           ;
+-------------------------------------------------+--------------------------------------------------------------------------------------------------------------------------------------------------------------------------------------------------------+----------------+
; lpm_type                                        ; sld_signaltap                                                                                                                                                                                          ; String         ;
; sld_node_info                                   ; 805334528                                                                                                                                                                                              ; Untyped        ;
; SLD_SECTION_ID                                  ; hdl_signaltap_0                                                                                                                                                                                        ; String         ;
; SLD_IP_VERSION                                  ; 6                                                                                                                                                                                                      ; Signed Integer ;
; SLD_IP_MINOR_VERSION                            ; 0                                                                                                                                                                                                      ; Signed Integer ;
; SLD_COMMON_IP_VERSION                           ; 0                                                                                                                                                                                                      ; Signed Integer ;
; sld_data_bits                                   ; 58                                                                                                                                                                                                     ; Untyped        ;
; sld_trigger_bits                                ; 58                                                                                                                                                                                                     ; Untyped        ;
; SLD_NODE_CRC_BITS                               ; 32                                                                                                                                                                                                     ; Signed Integer ;
; SLD_NODE_CRC_HIWORD                             ; 41394                                                                                                                                                                                                  ; Signed Integer ;
; SLD_NODE_CRC_LOWORD                             ; 50132                                                                                                                                                                                                  ; Signed Integer ;
; sld_incremental_routing                         ; 1                                                                                                                                                                                                      ; Untyped        ;
; sld_sample_depth                                ; 512                                                                                                                                                                                                    ; Untyped        ;
; sld_segment_size                                ; 512                                                                                                                                                                                                    ; Untyped        ;
; sld_ram_block_type                              ; AUTO                                                                                                                                                                                                   ; Untyped        ;
; sld_state_bits                                  ; 11                                                                                                                                                                                                     ; Untyped        ;
; sld_buffer_full_stop                            ; 1                                                                                                                                                                                                      ; Untyped        ;
; SLD_MEM_ADDRESS_BITS                            ; 7                                                                                                                                                                                                      ; Signed Integer ;
; SLD_DATA_BIT_CNTR_BITS                          ; 4                                                                                                                                                                                                      ; Signed Integer ;
; sld_trigger_level                               ; 1                                                                                                                                                                                                      ; Untyped        ;
; sld_trigger_in_enabled                          ; 0                                                                                                                                                                                                      ; Untyped        ;
; SLD_HPS_TRIGGER_IN_ENABLED                      ; 0                                                                                                                                                                                                      ; Signed Integer ;
; SLD_HPS_TRIGGER_OUT_ENABLED                     ; 0                                                                                                                                                                                                      ; Signed Integer ;
; SLD_HPS_EVENT_ENABLED                           ; 0                                                                                                                                                                                                      ; Signed Integer ;
; SLD_HPS_EVENT_ID                                ; 0                                                                                                                                                                                                      ; Signed Integer ;
; sld_advanced_trigger_entity                     ; basic,1,                                                                                                                                                                                               ; Untyped        ;
; sld_trigger_level_pipeline                      ; 1                                                                                                                                                                                                      ; Untyped        ;
; sld_trigger_pipeline                            ; 0                                                                                                                                                                                                      ; Untyped        ;
; sld_ram_pipeline                                ; 0                                                                                                                                                                                                      ; Untyped        ;
; sld_counter_pipeline                            ; 0                                                                                                                                                                                                      ; Untyped        ;
; sld_enable_advanced_trigger                     ; 0                                                                                                                                                                                                      ; Untyped        ;
; SLD_ADVANCED_TRIGGER_1                          ; NONE                                                                                                                                                                                                   ; String         ;
; SLD_ADVANCED_TRIGGER_2                          ; NONE                                                                                                                                                                                                   ; String         ;
; SLD_ADVANCED_TRIGGER_3                          ; NONE                                                                                                                                                                                                   ; String         ;
; SLD_ADVANCED_TRIGGER_4                          ; NONE                                                                                                                                                                                                   ; String         ;
; SLD_ADVANCED_TRIGGER_5                          ; NONE                                                                                                                                                                                                   ; String         ;
; SLD_ADVANCED_TRIGGER_6                          ; NONE                                                                                                                                                                                                   ; String         ;
; SLD_ADVANCED_TRIGGER_7                          ; NONE                                                                                                                                                                                                   ; String         ;
; SLD_ADVANCED_TRIGGER_8                          ; NONE                                                                                                                                                                                                   ; String         ;
; SLD_ADVANCED_TRIGGER_9                          ; NONE                                                                                                                                                                                                   ; String         ;
; SLD_ADVANCED_TRIGGER_10                         ; NONE                                                                                                                                                                                                   ; String         ;
; sld_inversion_mask_length                       ; 198                                                                                                                                                                                                    ; Untyped        ;
; sld_inversion_mask                              ; 000000000000000000000000000000000000000000000000000000000000000000000000000000000000000000000000000000000000000000000000000000000000000000000000000000000000000000000000000000000000000000000000000000 ; Untyped        ;
; sld_power_up_trigger                            ; 0                                                                                                                                                                                                      ; Untyped        ;
; SLD_STATE_FLOW_MGR_ENTITY                       ; state_flow_mgr_entity.vhd                                                                                                                                                                              ; String         ;
; sld_state_flow_use_generated                    ; 0                                                                                                                                                                                                      ; Untyped        ;
; sld_current_resource_width                      ; 1                                                                                                                                                                                                      ; Untyped        ;
; sld_attribute_mem_mode                          ; OFF                                                                                                                                                                                                    ; Untyped        ;
; sld_storage_qualifier_bits                      ; 58                                                                                                                                                                                                     ; Untyped        ;
; sld_storage_qualifier_gap_record                ; 1                                                                                                                                                                                                      ; Untyped        ;
; sld_storage_qualifier_mode                      ; PORT                                                                                                                                                                                                   ; Untyped        ;
; SLD_STORAGE_QUALIFIER_ENABLE_ADVANCED_CONDITION ; 0                                                                                                                                                                                                      ; Signed Integer ;
; sld_storage_qualifier_inversion_mask_length     ; 1                                                                                                                                                                                                      ; Untyped        ;
; SLD_STORAGE_QUALIFIER_ADVANCED_CONDITION_ENTITY ; basic                                                                                                                                                                                                  ; String         ;
; SLD_STORAGE_QUALIFIER_PIPELINE                  ; 0                                                                                                                                                                                                      ; Signed Integer ;
; SLD_CREATE_MONITOR_INTERFACE                    ; 0                                                                                                                                                                                                      ; Signed Integer ;
; SLD_USE_JTAG_SIGNAL_ADAPTER                     ; 1                                                                                                                                                                                                      ; Signed Integer ;
+-------------------------------------------------+--------------------------------------------------------------------------------------------------------------------------------------------------------------------------------------------------------+----------------+
Note: In order to hide this table in the UI and the text report file, please set the "Show Parameter Settings in Synthesis Report" option in "Analysis and Synthesis Settings -> More Settings" to "Off".


+----------------------------------------------------------------------------------------------------+
; Parameter Settings for Inferred Entity Instance: ir_and_us:path_ctrl|us_sensor:us_f|lpm_mult:Mult0 ;
+------------------------------------------------+--------------+------------------------------------+
; Parameter Name                                 ; Value        ; Type                               ;
+------------------------------------------------+--------------+------------------------------------+
; AUTO_CARRY_CHAINS                              ; ON           ; AUTO_CARRY                         ;
; IGNORE_CARRY_BUFFERS                           ; OFF          ; IGNORE_CARRY                       ;
; AUTO_CASCADE_CHAINS                            ; ON           ; AUTO_CASCADE                       ;
; IGNORE_CASCADE_BUFFERS                         ; OFF          ; IGNORE_CASCADE                     ;
; LPM_WIDTHA                                     ; 32           ; Untyped                            ;
; LPM_WIDTHB                                     ; 12           ; Untyped                            ;
; LPM_WIDTHP                                     ; 44           ; Untyped                            ;
; LPM_WIDTHR                                     ; 44           ; Untyped                            ;
; LPM_WIDTHS                                     ; 1            ; Untyped                            ;
; LPM_REPRESENTATION                             ; UNSIGNED     ; Untyped                            ;
; LPM_PIPELINE                                   ; 0            ; Untyped                            ;
; LATENCY                                        ; 0            ; Untyped                            ;
; INPUT_A_IS_CONSTANT                            ; NO           ; Untyped                            ;
; INPUT_B_IS_CONSTANT                            ; YES          ; Untyped                            ;
; USE_EAB                                        ; OFF          ; Untyped                            ;
; MAXIMIZE_SPEED                                 ; 5            ; Untyped                            ;
; DEVICE_FAMILY                                  ; Cyclone IV E ; Untyped                            ;
; CARRY_CHAIN                                    ; MANUAL       ; Untyped                            ;
; APEX20K_TECHNOLOGY_MAPPER                      ; LUT          ; TECH_MAPPER_APEX20K                ;
; DEDICATED_MULTIPLIER_CIRCUITRY                 ; AUTO         ; Untyped                            ;
; DEDICATED_MULTIPLIER_MIN_INPUT_WIDTH_FOR_AUTO  ; 0            ; Untyped                            ;
; DEDICATED_MULTIPLIER_MIN_OUTPUT_WIDTH_FOR_AUTO ; 0            ; Untyped                            ;
; CBXI_PARAMETER                                 ; mult_ngt     ; Untyped                            ;
; INPUT_A_FIXED_VALUE                            ; Bx           ; Untyped                            ;
; INPUT_B_FIXED_VALUE                            ; Bx           ; Untyped                            ;
; USE_AHDL_IMPLEMENTATION                        ; OFF          ; Untyped                            ;
+------------------------------------------------+--------------+------------------------------------+
Note: In order to hide this table in the UI and the text report file, please set the "Show Parameter Settings in Synthesis Report" option in "Analysis and Synthesis Settings -> More Settings" to "Off".


+----------------------------------------------------------------------------------------------------+
; Parameter Settings for Inferred Entity Instance: ir_and_us:path_ctrl|us_sensor:us_l|lpm_mult:Mult0 ;
+------------------------------------------------+--------------+------------------------------------+
; Parameter Name                                 ; Value        ; Type                               ;
+------------------------------------------------+--------------+------------------------------------+
; AUTO_CARRY_CHAINS                              ; ON           ; AUTO_CARRY                         ;
; IGNORE_CARRY_BUFFERS                           ; OFF          ; IGNORE_CARRY                       ;
; AUTO_CASCADE_CHAINS                            ; ON           ; AUTO_CASCADE                       ;
; IGNORE_CASCADE_BUFFERS                         ; OFF          ; IGNORE_CASCADE                     ;
; LPM_WIDTHA                                     ; 32           ; Untyped                            ;
; LPM_WIDTHB                                     ; 12           ; Untyped                            ;
; LPM_WIDTHP                                     ; 44           ; Untyped                            ;
; LPM_WIDTHR                                     ; 44           ; Untyped                            ;
; LPM_WIDTHS                                     ; 1            ; Untyped                            ;
; LPM_REPRESENTATION                             ; UNSIGNED     ; Untyped                            ;
; LPM_PIPELINE                                   ; 0            ; Untyped                            ;
; LATENCY                                        ; 0            ; Untyped                            ;
; INPUT_A_IS_CONSTANT                            ; NO           ; Untyped                            ;
; INPUT_B_IS_CONSTANT                            ; YES          ; Untyped                            ;
; USE_EAB                                        ; OFF          ; Untyped                            ;
; MAXIMIZE_SPEED                                 ; 5            ; Untyped                            ;
; DEVICE_FAMILY                                  ; Cyclone IV E ; Untyped                            ;
; CARRY_CHAIN                                    ; MANUAL       ; Untyped                            ;
; APEX20K_TECHNOLOGY_MAPPER                      ; LUT          ; TECH_MAPPER_APEX20K                ;
; DEDICATED_MULTIPLIER_CIRCUITRY                 ; AUTO         ; Untyped                            ;
; DEDICATED_MULTIPLIER_MIN_INPUT_WIDTH_FOR_AUTO  ; 0            ; Untyped                            ;
; DEDICATED_MULTIPLIER_MIN_OUTPUT_WIDTH_FOR_AUTO ; 0            ; Untyped                            ;
; CBXI_PARAMETER                                 ; mult_ngt     ; Untyped                            ;
; INPUT_A_FIXED_VALUE                            ; Bx           ; Untyped                            ;
; INPUT_B_FIXED_VALUE                            ; Bx           ; Untyped                            ;
; USE_AHDL_IMPLEMENTATION                        ; OFF          ; Untyped                            ;
+------------------------------------------------+--------------+------------------------------------+
Note: In order to hide this table in the UI and the text report file, please set the "Show Parameter Settings in Synthesis Report" option in "Analysis and Synthesis Settings -> More Settings" to "Off".


+----------------------------------------------------------------------------------------------------+
; Parameter Settings for Inferred Entity Instance: ir_and_us:path_ctrl|us_sensor:us_r|lpm_mult:Mult0 ;
+------------------------------------------------+--------------+------------------------------------+
; Parameter Name                                 ; Value        ; Type                               ;
+------------------------------------------------+--------------+------------------------------------+
; AUTO_CARRY_CHAINS                              ; ON           ; AUTO_CARRY                         ;
; IGNORE_CARRY_BUFFERS                           ; OFF          ; IGNORE_CARRY                       ;
; AUTO_CASCADE_CHAINS                            ; ON           ; AUTO_CASCADE                       ;
; IGNORE_CASCADE_BUFFERS                         ; OFF          ; IGNORE_CASCADE                     ;
; LPM_WIDTHA                                     ; 32           ; Untyped                            ;
; LPM_WIDTHB                                     ; 12           ; Untyped                            ;
; LPM_WIDTHP                                     ; 44           ; Untyped                            ;
; LPM_WIDTHR                                     ; 44           ; Untyped                            ;
; LPM_WIDTHS                                     ; 1            ; Untyped                            ;
; LPM_REPRESENTATION                             ; UNSIGNED     ; Untyped                            ;
; LPM_PIPELINE                                   ; 0            ; Untyped                            ;
; LATENCY                                        ; 0            ; Untyped                            ;
; INPUT_A_IS_CONSTANT                            ; NO           ; Untyped                            ;
; INPUT_B_IS_CONSTANT                            ; YES          ; Untyped                            ;
; USE_EAB                                        ; OFF          ; Untyped                            ;
; MAXIMIZE_SPEED                                 ; 5            ; Untyped                            ;
; DEVICE_FAMILY                                  ; Cyclone IV E ; Untyped                            ;
; CARRY_CHAIN                                    ; MANUAL       ; Untyped                            ;
; APEX20K_TECHNOLOGY_MAPPER                      ; LUT          ; TECH_MAPPER_APEX20K                ;
; DEDICATED_MULTIPLIER_CIRCUITRY                 ; AUTO         ; Untyped                            ;
; DEDICATED_MULTIPLIER_MIN_INPUT_WIDTH_FOR_AUTO  ; 0            ; Untyped                            ;
; DEDICATED_MULTIPLIER_MIN_OUTPUT_WIDTH_FOR_AUTO ; 0            ; Untyped                            ;
; CBXI_PARAMETER                                 ; mult_ngt     ; Untyped                            ;
; INPUT_A_FIXED_VALUE                            ; Bx           ; Untyped                            ;
; INPUT_B_FIXED_VALUE                            ; Bx           ; Untyped                            ;
; USE_AHDL_IMPLEMENTATION                        ; OFF          ; Untyped                            ;
+------------------------------------------------+--------------+------------------------------------+
Note: In order to hide this table in the UI and the text report file, please set the "Show Parameter Settings in Synthesis Report" option in "Analysis and Synthesis Settings -> More Settings" to "Off".


+-------------------------------------------------------------------------------------+
; Parameter Settings for Inferred Entity Instance: msg_sender:msg_fsm|lpm_divide:Mod2 ;
+------------------------+----------------+-------------------------------------------+
; Parameter Name         ; Value          ; Type                                      ;
+------------------------+----------------+-------------------------------------------+
; LPM_WIDTHN             ; 4              ; Untyped                                   ;
; LPM_WIDTHD             ; 4              ; Untyped                                   ;
; LPM_NREPRESENTATION    ; UNSIGNED       ; Untyped                                   ;
; LPM_DREPRESENTATION    ; UNSIGNED       ; Untyped                                   ;
; LPM_PIPELINE           ; 0              ; Untyped                                   ;
; LPM_REMAINDERPOSITIVE  ; TRUE           ; Untyped                                   ;
; MAXIMIZE_SPEED         ; 5              ; Untyped                                   ;
; CBXI_PARAMETER         ; lpm_divide_i9m ; Untyped                                   ;
; CARRY_CHAIN            ; MANUAL         ; Untyped                                   ;
; OPTIMIZE_FOR_SPEED     ; 5              ; Untyped                                   ;
; AUTO_CARRY_CHAINS      ; ON             ; AUTO_CARRY                                ;
; IGNORE_CARRY_BUFFERS   ; OFF            ; IGNORE_CARRY                              ;
; AUTO_CASCADE_CHAINS    ; ON             ; AUTO_CASCADE                              ;
; IGNORE_CASCADE_BUFFERS ; OFF            ; IGNORE_CASCADE                            ;
+------------------------+----------------+-------------------------------------------+
Note: In order to hide this table in the UI and the text report file, please set the "Show Parameter Settings in Synthesis Report" option in "Analysis and Synthesis Settings -> More Settings" to "Off".


+-------------------------------------------------------------------------------------+
; Parameter Settings for Inferred Entity Instance: msg_sender:msg_fsm|lpm_divide:Mod1 ;
+------------------------+----------------+-------------------------------------------+
; Parameter Name         ; Value          ; Type                                      ;
+------------------------+----------------+-------------------------------------------+
; LPM_WIDTHN             ; 8              ; Untyped                                   ;
; LPM_WIDTHD             ; 4              ; Untyped                                   ;
; LPM_NREPRESENTATION    ; UNSIGNED       ; Untyped                                   ;
; LPM_DREPRESENTATION    ; UNSIGNED       ; Untyped                                   ;
; LPM_PIPELINE           ; 0              ; Untyped                                   ;
; LPM_REMAINDERPOSITIVE  ; TRUE           ; Untyped                                   ;
; MAXIMIZE_SPEED         ; 5              ; Untyped                                   ;
; CBXI_PARAMETER         ; lpm_divide_m9m ; Untyped                                   ;
; CARRY_CHAIN            ; MANUAL         ; Untyped                                   ;
; OPTIMIZE_FOR_SPEED     ; 5              ; Untyped                                   ;
; AUTO_CARRY_CHAINS      ; ON             ; AUTO_CARRY                                ;
; IGNORE_CARRY_BUFFERS   ; OFF            ; IGNORE_CARRY                              ;
; AUTO_CASCADE_CHAINS    ; ON             ; AUTO_CASCADE                              ;
; IGNORE_CASCADE_BUFFERS ; OFF            ; IGNORE_CASCADE                            ;
+------------------------+----------------+-------------------------------------------+
Note: In order to hide this table in the UI and the text report file, please set the "Show Parameter Settings in Synthesis Report" option in "Analysis and Synthesis Settings -> More Settings" to "Off".


+-------------------------------------------------------------------------------------+
; Parameter Settings for Inferred Entity Instance: msg_sender:msg_fsm|lpm_divide:Div1 ;
+------------------------+----------------+-------------------------------------------+
; Parameter Name         ; Value          ; Type                                      ;
+------------------------+----------------+-------------------------------------------+
; LPM_WIDTHN             ; 8              ; Untyped                                   ;
; LPM_WIDTHD             ; 4              ; Untyped                                   ;
; LPM_NREPRESENTATION    ; UNSIGNED       ; Untyped                                   ;
; LPM_DREPRESENTATION    ; UNSIGNED       ; Untyped                                   ;
; LPM_PIPELINE           ; 0              ; Untyped                                   ;
; LPM_REMAINDERPOSITIVE  ; TRUE           ; Untyped                                   ;
; MAXIMIZE_SPEED         ; 5              ; Untyped                                   ;
; CBXI_PARAMETER         ; lpm_divide_jhm ; Untyped                                   ;
; CARRY_CHAIN            ; MANUAL         ; Untyped                                   ;
; OPTIMIZE_FOR_SPEED     ; 5              ; Untyped                                   ;
; AUTO_CARRY_CHAINS      ; ON             ; AUTO_CARRY                                ;
; IGNORE_CARRY_BUFFERS   ; OFF            ; IGNORE_CARRY                              ;
; AUTO_CASCADE_CHAINS    ; ON             ; AUTO_CASCADE                              ;
; IGNORE_CASCADE_BUFFERS ; OFF            ; IGNORE_CASCADE                            ;
+------------------------+----------------+-------------------------------------------+
Note: In order to hide this table in the UI and the text report file, please set the "Show Parameter Settings in Synthesis Report" option in "Analysis and Synthesis Settings -> More Settings" to "Off".


+-------------------------------------------------------------------------------------+
; Parameter Settings for Inferred Entity Instance: msg_sender:msg_fsm|lpm_divide:Div0 ;
+------------------------+----------------+-------------------------------------------+
; Parameter Name         ; Value          ; Type                                      ;
+------------------------+----------------+-------------------------------------------+
; LPM_WIDTHN             ; 8              ; Untyped                                   ;
; LPM_WIDTHD             ; 4              ; Untyped                                   ;
; LPM_NREPRESENTATION    ; UNSIGNED       ; Untyped                                   ;
; LPM_DREPRESENTATION    ; UNSIGNED       ; Untyped                                   ;
; LPM_PIPELINE           ; 0              ; Untyped                                   ;
; LPM_REMAINDERPOSITIVE  ; TRUE           ; Untyped                                   ;
; MAXIMIZE_SPEED         ; 5              ; Untyped                                   ;
; CBXI_PARAMETER         ; lpm_divide_jhm ; Untyped                                   ;
; CARRY_CHAIN            ; MANUAL         ; Untyped                                   ;
; OPTIMIZE_FOR_SPEED     ; 5              ; Untyped                                   ;
; AUTO_CARRY_CHAINS      ; ON             ; AUTO_CARRY                                ;
; IGNORE_CARRY_BUFFERS   ; OFF            ; IGNORE_CARRY                              ;
; AUTO_CASCADE_CHAINS    ; ON             ; AUTO_CASCADE                              ;
; IGNORE_CASCADE_BUFFERS ; OFF            ; IGNORE_CASCADE                            ;
+------------------------+----------------+-------------------------------------------+
Note: In order to hide this table in the UI and the text report file, please set the "Show Parameter Settings in Synthesis Report" option in "Analysis and Synthesis Settings -> More Settings" to "Off".


+-------------------------------------------------------------------------------------+
; Parameter Settings for Inferred Entity Instance: msg_sender:msg_fsm|lpm_divide:Mod0 ;
+------------------------+----------------+-------------------------------------------+
; Parameter Name         ; Value          ; Type                                      ;
+------------------------+----------------+-------------------------------------------+
; LPM_WIDTHN             ; 8              ; Untyped                                   ;
; LPM_WIDTHD             ; 4              ; Untyped                                   ;
; LPM_NREPRESENTATION    ; UNSIGNED       ; Untyped                                   ;
; LPM_DREPRESENTATION    ; UNSIGNED       ; Untyped                                   ;
; LPM_PIPELINE           ; 0              ; Untyped                                   ;
; LPM_REMAINDERPOSITIVE  ; TRUE           ; Untyped                                   ;
; MAXIMIZE_SPEED         ; 5              ; Untyped                                   ;
; CBXI_PARAMETER         ; lpm_divide_m9m ; Untyped                                   ;
; CARRY_CHAIN            ; MANUAL         ; Untyped                                   ;
; OPTIMIZE_FOR_SPEED     ; 5              ; Untyped                                   ;
; AUTO_CARRY_CHAINS      ; ON             ; AUTO_CARRY                                ;
; IGNORE_CARRY_BUFFERS   ; OFF            ; IGNORE_CARRY                              ;
; AUTO_CASCADE_CHAINS    ; ON             ; AUTO_CASCADE                              ;
; IGNORE_CASCADE_BUFFERS ; OFF            ; IGNORE_CASCADE                            ;
+------------------------+----------------+-------------------------------------------+
Note: In order to hide this table in the UI and the text report file, please set the "Show Parameter Settings in Synthesis Report" option in "Analysis and Synthesis Settings -> More Settings" to "Off".


+-------------------------------------------------------------------------------------------+
; lpm_mult Parameter Settings by Entity Instance                                            ;
+---------------------------------------+---------------------------------------------------+
; Name                                  ; Value                                             ;
+---------------------------------------+---------------------------------------------------+
; Number of entity instances            ; 3                                                 ;
; Entity Instance                       ; ir_and_us:path_ctrl|us_sensor:us_f|lpm_mult:Mult0 ;
;     -- LPM_WIDTHA                     ; 32                                                ;
;     -- LPM_WIDTHB                     ; 12                                                ;
;     -- LPM_WIDTHP                     ; 44                                                ;
;     -- LPM_REPRESENTATION             ; UNSIGNED                                          ;
;     -- INPUT_A_IS_CONSTANT            ; NO                                                ;
;     -- INPUT_B_IS_CONSTANT            ; YES                                               ;
;     -- USE_EAB                        ; OFF                                               ;
;     -- DEDICATED_MULTIPLIER_CIRCUITRY ; AUTO                                              ;
;     -- INPUT_A_FIXED_VALUE            ; Bx                                                ;
;     -- INPUT_B_FIXED_VALUE            ; Bx                                                ;
; Entity Instance                       ; ir_and_us:path_ctrl|us_sensor:us_l|lpm_mult:Mult0 ;
;     -- LPM_WIDTHA                     ; 32                                                ;
;     -- LPM_WIDTHB                     ; 12                                                ;
;     -- LPM_WIDTHP                     ; 44                                                ;
;     -- LPM_REPRESENTATION             ; UNSIGNED                                          ;
;     -- INPUT_A_IS_CONSTANT            ; NO                                                ;
;     -- INPUT_B_IS_CONSTANT            ; YES                                               ;
;     -- USE_EAB                        ; OFF                                               ;
;     -- DEDICATED_MULTIPLIER_CIRCUITRY ; AUTO                                              ;
;     -- INPUT_A_FIXED_VALUE            ; Bx                                                ;
;     -- INPUT_B_FIXED_VALUE            ; Bx                                                ;
; Entity Instance                       ; ir_and_us:path_ctrl|us_sensor:us_r|lpm_mult:Mult0 ;
;     -- LPM_WIDTHA                     ; 32                                                ;
;     -- LPM_WIDTHB                     ; 12                                                ;
;     -- LPM_WIDTHP                     ; 44                                                ;
;     -- LPM_REPRESENTATION             ; UNSIGNED                                          ;
;     -- INPUT_A_IS_CONSTANT            ; NO                                                ;
;     -- INPUT_B_IS_CONSTANT            ; YES                                               ;
;     -- USE_EAB                        ; OFF                                               ;
;     -- DEDICATED_MULTIPLIER_CIRCUITRY ; AUTO                                              ;
;     -- INPUT_A_FIXED_VALUE            ; Bx                                                ;
;     -- INPUT_B_FIXED_VALUE            ; Bx                                                ;
+---------------------------------------+---------------------------------------------------+


+---------------------------------------------------------------------------------------------------------------------------------------------------------------------------------------------------------------------+
; Port Connectivity Checks: "bot_position:u_bot_position"                                                                                                                                                             ;
+--------------+--------+----------+----------------------------------------------------------------------------------------------------------------------------------------------------------------------------------+
; Port         ; Type   ; Severity ; Details                                                                                                                                                                          ;
+--------------+--------+----------+----------------------------------------------------------------------------------------------------------------------------------------------------------------------------------+
; turn         ; Input  ; Warning  ; Input port expression (4 bits) is wider than the input port (3 bits) it drives.  The 1 most-significant bit(s) in the expression will be dangling if they have no other fanouts. ;
; x            ; Output ; Warning  ; Output or bidir port (4 bits) is wider than the port expression (1 bits) it drives; bit(s) "x[3..1]" have no fanouts                                                             ;
; x            ; Output ; Info     ; Connected to dangling logic. Logic that only feeds a dangling port will be removed.                                                                                              ;
; y            ; Output ; Warning  ; Output or bidir port (4 bits) is wider than the port expression (1 bits) it drives; bit(s) "y[3..1]" have no fanouts                                                             ;
; y            ; Output ; Info     ; Connected to dangling logic. Logic that only feeds a dangling port will be removed.                                                                                              ;
; dir          ; Output ; Warning  ; Output or bidir port (2 bits) is wider than the port expression (1 bits) it drives; bit(s) "dir[1..1]" have no fanouts                                                           ;
; dir          ; Output ; Info     ; Connected to dangling logic. Logic that only feeds a dangling port will be removed.                                                                                              ;
; reached_exit ; Output ; Info     ; Connected to dangling logic. Logic that only feeds a dangling port will be removed.                                                                                              ;
+--------------+--------+----------+----------------------------------------------------------------------------------------------------------------------------------------------------------------------------------+


+-------------------------------------------------------------------------------------------------------------------------------------------------------------------------+
; Port Connectivity Checks: "servo:u_servo|servo_pwm:s2"                                                                                                                  ;
+-------+-------+----------+----------------------------------------------------------------------------------------------------------------------------------------------+
; Port  ; Type  ; Severity ; Details                                                                                                                                      ;
+-------+-------+----------+----------------------------------------------------------------------------------------------------------------------------------------------+
; reset ; Input ; Warning  ; Declared by entity but not connected by instance. If a default value exists, it will be used.  Otherwise, the port will be connected to GND. ;
+-------+-------+----------+----------------------------------------------------------------------------------------------------------------------------------------------+


+-------------------------------------------------------------------------------------------------------------------------------------------------------------------------+
; Port Connectivity Checks: "servo:u_servo|servo_pwm:s1"                                                                                                                  ;
+-------+-------+----------+----------------------------------------------------------------------------------------------------------------------------------------------+
; Port  ; Type  ; Severity ; Details                                                                                                                                      ;
+-------+-------+----------+----------------------------------------------------------------------------------------------------------------------------------------------+
; reset ; Input ; Warning  ; Declared by entity but not connected by instance. If a default value exists, it will be used.  Otherwise, the port will be connected to GND. ;
+-------+-------+----------+----------------------------------------------------------------------------------------------------------------------------------------------+


+----------------------------------------------------------------------------------------------------------------------------------------+
; Port Connectivity Checks: "moisture_sensor:ms"                                                                                         ;
+---------+--------+----------+----------------------------------------------------------------------------------------------------------+
; Port    ; Type   ; Severity ; Details                                                                                                  ;
+---------+--------+----------+----------------------------------------------------------------------------------------------------------+
; led_ind ; Output ; Warning  ; Declared by entity but not connected by instance. Logic that only feeds a dangling port will be removed. ;
+---------+--------+----------+----------------------------------------------------------------------------------------------------------+


+--------------------------------------------------------------------------------------------------------------------------+
; Port Connectivity Checks: "t2a_dht:u_dht"                                                                                ;
+----------------+--------+----------+-------------------------------------------------------------------------------------+
; Port           ; Type   ; Severity ; Details                                                                             ;
+----------------+--------+----------+-------------------------------------------------------------------------------------+
; Checksum       ; Output ; Info     ; Connected to dangling logic. Logic that only feeds a dangling port will be removed. ;
; data_valid_dht ; Output ; Info     ; Connected to dangling logic. Logic that only feeds a dangling port will be removed. ;
+----------------+--------+----------+-------------------------------------------------------------------------------------+


+--------------------------------------------------------------------------------------------------------------------+
; Port Connectivity Checks: "ir_and_us:path_ctrl"                                                                    ;
+----------+--------+----------+-------------------------------------------------------------------------------------+
; Port     ; Type   ; Severity ; Details                                                                             ;
+----------+--------+----------+-------------------------------------------------------------------------------------+
; test_mpi ; Output ; Info     ; Connected to dangling logic. Logic that only feeds a dangling port will be removed. ;
+----------+--------+----------+-------------------------------------------------------------------------------------+


+-------------------------------------------------------------------------------------------------------------------------------------+
; Port Connectivity Checks: "encoder_decoder:encB"                                                                                    ;
+------+--------+----------+----------------------------------------------------------------------------------------------------------+
; Port ; Type   ; Severity ; Details                                                                                                  ;
+------+--------+----------+----------------------------------------------------------------------------------------------------------+
; dir  ; Output ; Warning  ; Declared by entity but not connected by instance. Logic that only feeds a dangling port will be removed. ;
+------+--------+----------+----------------------------------------------------------------------------------------------------------+


+-------------------------------------------------------------------------------------------------------------------------------------+
; Port Connectivity Checks: "encoder_decoder:encA"                                                                                    ;
+------+--------+----------+----------------------------------------------------------------------------------------------------------+
; Port ; Type   ; Severity ; Details                                                                                                  ;
+------+--------+----------+----------------------------------------------------------------------------------------------------------+
; dir  ; Output ; Warning  ; Declared by entity but not connected by instance. Logic that only feeds a dangling port will be removed. ;
+------+--------+----------+----------------------------------------------------------------------------------------------------------+


+-------------------------------------------------------------------------------------------------------------------------------------------------------------------------------------------------------------------------------------------------------------------------+
; Signal Tap Logic Analyzer Settings                                                                                                                                                                                                                                      ;
+----------------+------------------+---------------------+------------------+--------------+----------+------------------------+----------------------+--------------------+-----------------------------+-----------------+------------------+--------------------------+
; Instance Index ; Instance Name    ; Trigger Input Width ; Data Input Width ; Sample Depth ; Segments ; Storage Qualifier Type ; Trigger Flow Control ; Trigger Conditions ; Advanced Trigger Conditions ; Trigger In Used ; Trigger Out Used ; Power-Up Trigger Enabled ;
+----------------+------------------+---------------------+------------------+--------------+----------+------------------------+----------------------+--------------------+-----------------------------+-----------------+------------------+--------------------------+
; 0              ; auto_signaltap_0 ; 58                  ; 58               ; 512          ; 1        ; input port             ; sequential           ; 1                  ; 0                           ; no              ; no               ; no                       ;
+----------------+------------------+---------------------+------------------+--------------+----------+------------------------+----------------------+--------------------+-----------------------------+-----------------+------------------+--------------------------+


+-----------------------------------------------------+
; Post-Synthesis Netlist Statistics for Top Partition ;
+-----------------------+-----------------------------+
; Type                  ; Count                       ;
+-----------------------+-----------------------------+
; boundary_port         ; 88                          ;
; cycloneiii_ff         ; 753                         ;
;     CLR               ; 123                         ;
;     CLR SCLR          ; 6                           ;
;     CLR SLD           ; 1                           ;
;     ENA               ; 30                          ;
;     ENA CLR           ; 208                         ;
;     ENA CLR SCLR      ; 298                         ;
;     ENA CLR SCLR SLD  ; 4                           ;
;     SCLR              ; 26                          ;
;     plain             ; 57                          ;
; cycloneiii_io_obuf    ; 1                           ;
; cycloneiii_lcell_comb ; 1615                        ;
;     arith             ; 461                         ;
;         1 data inputs ; 4                           ;
;         2 data inputs ; 373                         ;
;         3 data inputs ; 84                          ;
;     normal            ; 1154                        ;
;         0 data inputs ; 14                          ;
;         1 data inputs ; 34                          ;
;         2 data inputs ; 201                         ;
;         3 data inputs ; 227                         ;
;         4 data inputs ; 678                         ;
; cycloneiii_mac_mult   ; 6                           ;
; cycloneiii_mac_out    ; 6                           ;
;                       ;                             ;
; Max LUT depth         ; 18.60                       ;
; Average LUT depth     ; 5.60                        ;
+-----------------------+-----------------------------+


+-------------------------------+
; Elapsed Time Per Partition    ;
+----------------+--------------+
; Partition Name ; Elapsed Time ;
+----------------+--------------+
; Top            ; 00:00:03     ;
+----------------+--------------+


+--------------------------------------------------------------------------------------------------------------------------------------------------------------------------------------------------+
; Connections to In-System Debugging Instance "auto_signaltap_0"                                                                                                                                   ;
+-------------------------------------------------+---------------+-----------+--------------------------------+-------------------+-----------------------------------------------------+---------+
; Name                                            ; Type          ; Status    ; Partition Name                 ; Netlist Type Used ; Actual Connection                                   ; Details ;
+-------------------------------------------------+---------------+-----------+--------------------------------+-------------------+-----------------------------------------------------+---------+
; clk                                             ; pre-synthesis ; connected ; Top                            ; post-synthesis    ; clk                                                 ; N/A     ;
; motor_controller:motor_ctrl|dis_f[0]            ; pre-synthesis ; connected ; Top                            ; post-synthesis    ; ir_and_us:path_ctrl|us_sensor:us_f|distance_out[0]  ; N/A     ;
; motor_controller:motor_ctrl|dis_f[0]            ; pre-synthesis ; connected ; Top                            ; post-synthesis    ; ir_and_us:path_ctrl|us_sensor:us_f|distance_out[0]  ; N/A     ;
; motor_controller:motor_ctrl|dis_f[10]           ; pre-synthesis ; connected ; Top                            ; post-synthesis    ; ir_and_us:path_ctrl|us_sensor:us_f|distance_out[10] ; N/A     ;
; motor_controller:motor_ctrl|dis_f[10]           ; pre-synthesis ; connected ; Top                            ; post-synthesis    ; ir_and_us:path_ctrl|us_sensor:us_f|distance_out[10] ; N/A     ;
; motor_controller:motor_ctrl|dis_f[11]           ; pre-synthesis ; connected ; Top                            ; post-synthesis    ; ir_and_us:path_ctrl|us_sensor:us_f|distance_out[11] ; N/A     ;
; motor_controller:motor_ctrl|dis_f[11]           ; pre-synthesis ; connected ; Top                            ; post-synthesis    ; ir_and_us:path_ctrl|us_sensor:us_f|distance_out[11] ; N/A     ;
; motor_controller:motor_ctrl|dis_f[12]           ; pre-synthesis ; connected ; Top                            ; post-synthesis    ; GND                                                 ; N/A     ;
; motor_controller:motor_ctrl|dis_f[12]           ; pre-synthesis ; connected ; Top                            ; post-synthesis    ; GND                                                 ; N/A     ;
; motor_controller:motor_ctrl|dis_f[13]           ; pre-synthesis ; connected ; Top                            ; post-synthesis    ; GND                                                 ; N/A     ;
; motor_controller:motor_ctrl|dis_f[13]           ; pre-synthesis ; connected ; Top                            ; post-synthesis    ; GND                                                 ; N/A     ;
; motor_controller:motor_ctrl|dis_f[14]           ; pre-synthesis ; connected ; Top                            ; post-synthesis    ; GND                                                 ; N/A     ;
; motor_controller:motor_ctrl|dis_f[14]           ; pre-synthesis ; connected ; Top                            ; post-synthesis    ; GND                                                 ; N/A     ;
; motor_controller:motor_ctrl|dis_f[15]           ; pre-synthesis ; connected ; Top                            ; post-synthesis    ; GND                                                 ; N/A     ;
; motor_controller:motor_ctrl|dis_f[15]           ; pre-synthesis ; connected ; Top                            ; post-synthesis    ; GND                                                 ; N/A     ;
; motor_controller:motor_ctrl|dis_f[1]            ; pre-synthesis ; connected ; Top                            ; post-synthesis    ; ir_and_us:path_ctrl|us_sensor:us_f|distance_out[1]  ; N/A     ;
; motor_controller:motor_ctrl|dis_f[1]            ; pre-synthesis ; connected ; Top                            ; post-synthesis    ; ir_and_us:path_ctrl|us_sensor:us_f|distance_out[1]  ; N/A     ;
; motor_controller:motor_ctrl|dis_f[2]            ; pre-synthesis ; connected ; Top                            ; post-synthesis    ; ir_and_us:path_ctrl|us_sensor:us_f|distance_out[2]  ; N/A     ;
; motor_controller:motor_ctrl|dis_f[2]            ; pre-synthesis ; connected ; Top                            ; post-synthesis    ; ir_and_us:path_ctrl|us_sensor:us_f|distance_out[2]  ; N/A     ;
; motor_controller:motor_ctrl|dis_f[3]            ; pre-synthesis ; connected ; Top                            ; post-synthesis    ; ir_and_us:path_ctrl|us_sensor:us_f|distance_out[3]  ; N/A     ;
; motor_controller:motor_ctrl|dis_f[3]            ; pre-synthesis ; connected ; Top                            ; post-synthesis    ; ir_and_us:path_ctrl|us_sensor:us_f|distance_out[3]  ; N/A     ;
; motor_controller:motor_ctrl|dis_f[4]            ; pre-synthesis ; connected ; Top                            ; post-synthesis    ; ir_and_us:path_ctrl|us_sensor:us_f|distance_out[4]  ; N/A     ;
; motor_controller:motor_ctrl|dis_f[4]            ; pre-synthesis ; connected ; Top                            ; post-synthesis    ; ir_and_us:path_ctrl|us_sensor:us_f|distance_out[4]  ; N/A     ;
; motor_controller:motor_ctrl|dis_f[5]            ; pre-synthesis ; connected ; Top                            ; post-synthesis    ; ir_and_us:path_ctrl|us_sensor:us_f|distance_out[5]  ; N/A     ;
; motor_controller:motor_ctrl|dis_f[5]            ; pre-synthesis ; connected ; Top                            ; post-synthesis    ; ir_and_us:path_ctrl|us_sensor:us_f|distance_out[5]  ; N/A     ;
; motor_controller:motor_ctrl|dis_f[6]            ; pre-synthesis ; connected ; Top                            ; post-synthesis    ; ir_and_us:path_ctrl|us_sensor:us_f|distance_out[6]  ; N/A     ;
; motor_controller:motor_ctrl|dis_f[6]            ; pre-synthesis ; connected ; Top                            ; post-synthesis    ; ir_and_us:path_ctrl|us_sensor:us_f|distance_out[6]  ; N/A     ;
; motor_controller:motor_ctrl|dis_f[7]            ; pre-synthesis ; connected ; Top                            ; post-synthesis    ; ir_and_us:path_ctrl|us_sensor:us_f|distance_out[7]  ; N/A     ;
; motor_controller:motor_ctrl|dis_f[7]            ; pre-synthesis ; connected ; Top                            ; post-synthesis    ; ir_and_us:path_ctrl|us_sensor:us_f|distance_out[7]  ; N/A     ;
; motor_controller:motor_ctrl|dis_f[8]            ; pre-synthesis ; connected ; Top                            ; post-synthesis    ; ir_and_us:path_ctrl|us_sensor:us_f|distance_out[8]  ; N/A     ;
; motor_controller:motor_ctrl|dis_f[8]            ; pre-synthesis ; connected ; Top                            ; post-synthesis    ; ir_and_us:path_ctrl|us_sensor:us_f|distance_out[8]  ; N/A     ;
; motor_controller:motor_ctrl|dis_f[9]            ; pre-synthesis ; connected ; Top                            ; post-synthesis    ; ir_and_us:path_ctrl|us_sensor:us_f|distance_out[9]  ; N/A     ;
; motor_controller:motor_ctrl|dis_f[9]            ; pre-synthesis ; connected ; Top                            ; post-synthesis    ; ir_and_us:path_ctrl|us_sensor:us_f|distance_out[9]  ; N/A     ;
; motor_controller:motor_ctrl|dis_l[0]            ; pre-synthesis ; connected ; Top                            ; post-synthesis    ; ir_and_us:path_ctrl|us_sensor:us_l|distance_out[0]  ; N/A     ;
; motor_controller:motor_ctrl|dis_l[0]            ; pre-synthesis ; connected ; Top                            ; post-synthesis    ; ir_and_us:path_ctrl|us_sensor:us_l|distance_out[0]  ; N/A     ;
; motor_controller:motor_ctrl|dis_l[10]           ; pre-synthesis ; connected ; Top                            ; post-synthesis    ; ir_and_us:path_ctrl|us_sensor:us_l|distance_out[10] ; N/A     ;
; motor_controller:motor_ctrl|dis_l[10]           ; pre-synthesis ; connected ; Top                            ; post-synthesis    ; ir_and_us:path_ctrl|us_sensor:us_l|distance_out[10] ; N/A     ;
; motor_controller:motor_ctrl|dis_l[11]           ; pre-synthesis ; connected ; Top                            ; post-synthesis    ; ir_and_us:path_ctrl|us_sensor:us_l|distance_out[11] ; N/A     ;
; motor_controller:motor_ctrl|dis_l[11]           ; pre-synthesis ; connected ; Top                            ; post-synthesis    ; ir_and_us:path_ctrl|us_sensor:us_l|distance_out[11] ; N/A     ;
; motor_controller:motor_ctrl|dis_l[12]           ; pre-synthesis ; connected ; Top                            ; post-synthesis    ; GND                                                 ; N/A     ;
; motor_controller:motor_ctrl|dis_l[12]           ; pre-synthesis ; connected ; Top                            ; post-synthesis    ; GND                                                 ; N/A     ;
; motor_controller:motor_ctrl|dis_l[13]           ; pre-synthesis ; connected ; Top                            ; post-synthesis    ; GND                                                 ; N/A     ;
; motor_controller:motor_ctrl|dis_l[13]           ; pre-synthesis ; connected ; Top                            ; post-synthesis    ; GND                                                 ; N/A     ;
; motor_controller:motor_ctrl|dis_l[14]           ; pre-synthesis ; connected ; Top                            ; post-synthesis    ; GND                                                 ; N/A     ;
; motor_controller:motor_ctrl|dis_l[14]           ; pre-synthesis ; connected ; Top                            ; post-synthesis    ; GND                                                 ; N/A     ;
; motor_controller:motor_ctrl|dis_l[15]           ; pre-synthesis ; connected ; Top                            ; post-synthesis    ; GND                                                 ; N/A     ;
; motor_controller:motor_ctrl|dis_l[15]           ; pre-synthesis ; connected ; Top                            ; post-synthesis    ; GND                                                 ; N/A     ;
; motor_controller:motor_ctrl|dis_l[1]            ; pre-synthesis ; connected ; Top                            ; post-synthesis    ; ir_and_us:path_ctrl|us_sensor:us_l|distance_out[1]  ; N/A     ;
; motor_controller:motor_ctrl|dis_l[1]            ; pre-synthesis ; connected ; Top                            ; post-synthesis    ; ir_and_us:path_ctrl|us_sensor:us_l|distance_out[1]  ; N/A     ;
; motor_controller:motor_ctrl|dis_l[2]            ; pre-synthesis ; connected ; Top                            ; post-synthesis    ; ir_and_us:path_ctrl|us_sensor:us_l|distance_out[2]  ; N/A     ;
; motor_controller:motor_ctrl|dis_l[2]            ; pre-synthesis ; connected ; Top                            ; post-synthesis    ; ir_and_us:path_ctrl|us_sensor:us_l|distance_out[2]  ; N/A     ;
; motor_controller:motor_ctrl|dis_l[3]            ; pre-synthesis ; connected ; Top                            ; post-synthesis    ; ir_and_us:path_ctrl|us_sensor:us_l|distance_out[3]  ; N/A     ;
; motor_controller:motor_ctrl|dis_l[3]            ; pre-synthesis ; connected ; Top                            ; post-synthesis    ; ir_and_us:path_ctrl|us_sensor:us_l|distance_out[3]  ; N/A     ;
; motor_controller:motor_ctrl|dis_l[4]            ; pre-synthesis ; connected ; Top                            ; post-synthesis    ; ir_and_us:path_ctrl|us_sensor:us_l|distance_out[4]  ; N/A     ;
; motor_controller:motor_ctrl|dis_l[4]            ; pre-synthesis ; connected ; Top                            ; post-synthesis    ; ir_and_us:path_ctrl|us_sensor:us_l|distance_out[4]  ; N/A     ;
; motor_controller:motor_ctrl|dis_l[5]            ; pre-synthesis ; connected ; Top                            ; post-synthesis    ; ir_and_us:path_ctrl|us_sensor:us_l|distance_out[5]  ; N/A     ;
; motor_controller:motor_ctrl|dis_l[5]            ; pre-synthesis ; connected ; Top                            ; post-synthesis    ; ir_and_us:path_ctrl|us_sensor:us_l|distance_out[5]  ; N/A     ;
; motor_controller:motor_ctrl|dis_l[6]            ; pre-synthesis ; connected ; Top                            ; post-synthesis    ; ir_and_us:path_ctrl|us_sensor:us_l|distance_out[6]  ; N/A     ;
; motor_controller:motor_ctrl|dis_l[6]            ; pre-synthesis ; connected ; Top                            ; post-synthesis    ; ir_and_us:path_ctrl|us_sensor:us_l|distance_out[6]  ; N/A     ;
; motor_controller:motor_ctrl|dis_l[7]            ; pre-synthesis ; connected ; Top                            ; post-synthesis    ; ir_and_us:path_ctrl|us_sensor:us_l|distance_out[7]  ; N/A     ;
; motor_controller:motor_ctrl|dis_l[7]            ; pre-synthesis ; connected ; Top                            ; post-synthesis    ; ir_and_us:path_ctrl|us_sensor:us_l|distance_out[7]  ; N/A     ;
; motor_controller:motor_ctrl|dis_l[8]            ; pre-synthesis ; connected ; Top                            ; post-synthesis    ; ir_and_us:path_ctrl|us_sensor:us_l|distance_out[8]  ; N/A     ;
; motor_controller:motor_ctrl|dis_l[8]            ; pre-synthesis ; connected ; Top                            ; post-synthesis    ; ir_and_us:path_ctrl|us_sensor:us_l|distance_out[8]  ; N/A     ;
; motor_controller:motor_ctrl|dis_l[9]            ; pre-synthesis ; connected ; Top                            ; post-synthesis    ; ir_and_us:path_ctrl|us_sensor:us_l|distance_out[9]  ; N/A     ;
; motor_controller:motor_ctrl|dis_l[9]            ; pre-synthesis ; connected ; Top                            ; post-synthesis    ; ir_and_us:path_ctrl|us_sensor:us_l|distance_out[9]  ; N/A     ;
; motor_controller:motor_ctrl|dis_r[0]            ; pre-synthesis ; connected ; Top                            ; post-synthesis    ; ir_and_us:path_ctrl|us_sensor:us_r|distance_out[0]  ; N/A     ;
; motor_controller:motor_ctrl|dis_r[0]            ; pre-synthesis ; connected ; Top                            ; post-synthesis    ; ir_and_us:path_ctrl|us_sensor:us_r|distance_out[0]  ; N/A     ;
; motor_controller:motor_ctrl|dis_r[10]           ; pre-synthesis ; connected ; Top                            ; post-synthesis    ; ir_and_us:path_ctrl|us_sensor:us_r|distance_out[10] ; N/A     ;
; motor_controller:motor_ctrl|dis_r[10]           ; pre-synthesis ; connected ; Top                            ; post-synthesis    ; ir_and_us:path_ctrl|us_sensor:us_r|distance_out[10] ; N/A     ;
; motor_controller:motor_ctrl|dis_r[11]           ; pre-synthesis ; connected ; Top                            ; post-synthesis    ; ir_and_us:path_ctrl|us_sensor:us_r|distance_out[11] ; N/A     ;
; motor_controller:motor_ctrl|dis_r[11]           ; pre-synthesis ; connected ; Top                            ; post-synthesis    ; ir_and_us:path_ctrl|us_sensor:us_r|distance_out[11] ; N/A     ;
; motor_controller:motor_ctrl|dis_r[12]           ; pre-synthesis ; connected ; Top                            ; post-synthesis    ; GND                                                 ; N/A     ;
; motor_controller:motor_ctrl|dis_r[12]           ; pre-synthesis ; connected ; Top                            ; post-synthesis    ; GND                                                 ; N/A     ;
; motor_controller:motor_ctrl|dis_r[13]           ; pre-synthesis ; connected ; Top                            ; post-synthesis    ; GND                                                 ; N/A     ;
; motor_controller:motor_ctrl|dis_r[13]           ; pre-synthesis ; connected ; Top                            ; post-synthesis    ; GND                                                 ; N/A     ;
; motor_controller:motor_ctrl|dis_r[14]           ; pre-synthesis ; connected ; Top                            ; post-synthesis    ; GND                                                 ; N/A     ;
; motor_controller:motor_ctrl|dis_r[14]           ; pre-synthesis ; connected ; Top                            ; post-synthesis    ; GND                                                 ; N/A     ;
; motor_controller:motor_ctrl|dis_r[15]           ; pre-synthesis ; connected ; Top                            ; post-synthesis    ; GND                                                 ; N/A     ;
; motor_controller:motor_ctrl|dis_r[15]           ; pre-synthesis ; connected ; Top                            ; post-synthesis    ; GND                                                 ; N/A     ;
; motor_controller:motor_ctrl|dis_r[1]            ; pre-synthesis ; connected ; Top                            ; post-synthesis    ; ir_and_us:path_ctrl|us_sensor:us_r|distance_out[1]  ; N/A     ;
; motor_controller:motor_ctrl|dis_r[1]            ; pre-synthesis ; connected ; Top                            ; post-synthesis    ; ir_and_us:path_ctrl|us_sensor:us_r|distance_out[1]  ; N/A     ;
; motor_controller:motor_ctrl|dis_r[2]            ; pre-synthesis ; connected ; Top                            ; post-synthesis    ; ir_and_us:path_ctrl|us_sensor:us_r|distance_out[2]  ; N/A     ;
; motor_controller:motor_ctrl|dis_r[2]            ; pre-synthesis ; connected ; Top                            ; post-synthesis    ; ir_and_us:path_ctrl|us_sensor:us_r|distance_out[2]  ; N/A     ;
; motor_controller:motor_ctrl|dis_r[3]            ; pre-synthesis ; connected ; Top                            ; post-synthesis    ; ir_and_us:path_ctrl|us_sensor:us_r|distance_out[3]  ; N/A     ;
; motor_controller:motor_ctrl|dis_r[3]            ; pre-synthesis ; connected ; Top                            ; post-synthesis    ; ir_and_us:path_ctrl|us_sensor:us_r|distance_out[3]  ; N/A     ;
; motor_controller:motor_ctrl|dis_r[4]            ; pre-synthesis ; connected ; Top                            ; post-synthesis    ; ir_and_us:path_ctrl|us_sensor:us_r|distance_out[4]  ; N/A     ;
; motor_controller:motor_ctrl|dis_r[4]            ; pre-synthesis ; connected ; Top                            ; post-synthesis    ; ir_and_us:path_ctrl|us_sensor:us_r|distance_out[4]  ; N/A     ;
; motor_controller:motor_ctrl|dis_r[5]            ; pre-synthesis ; connected ; Top                            ; post-synthesis    ; ir_and_us:path_ctrl|us_sensor:us_r|distance_out[5]  ; N/A     ;
; motor_controller:motor_ctrl|dis_r[5]            ; pre-synthesis ; connected ; Top                            ; post-synthesis    ; ir_and_us:path_ctrl|us_sensor:us_r|distance_out[5]  ; N/A     ;
; motor_controller:motor_ctrl|dis_r[6]            ; pre-synthesis ; connected ; Top                            ; post-synthesis    ; ir_and_us:path_ctrl|us_sensor:us_r|distance_out[6]  ; N/A     ;
; motor_controller:motor_ctrl|dis_r[6]            ; pre-synthesis ; connected ; Top                            ; post-synthesis    ; ir_and_us:path_ctrl|us_sensor:us_r|distance_out[6]  ; N/A     ;
; motor_controller:motor_ctrl|dis_r[7]            ; pre-synthesis ; connected ; Top                            ; post-synthesis    ; ir_and_us:path_ctrl|us_sensor:us_r|distance_out[7]  ; N/A     ;
; motor_controller:motor_ctrl|dis_r[7]            ; pre-synthesis ; connected ; Top                            ; post-synthesis    ; ir_and_us:path_ctrl|us_sensor:us_r|distance_out[7]  ; N/A     ;
; motor_controller:motor_ctrl|dis_r[8]            ; pre-synthesis ; connected ; Top                            ; post-synthesis    ; ir_and_us:path_ctrl|us_sensor:us_r|distance_out[8]  ; N/A     ;
; motor_controller:motor_ctrl|dis_r[8]            ; pre-synthesis ; connected ; Top                            ; post-synthesis    ; ir_and_us:path_ctrl|us_sensor:us_r|distance_out[8]  ; N/A     ;
; motor_controller:motor_ctrl|dis_r[9]            ; pre-synthesis ; connected ; Top                            ; post-synthesis    ; ir_and_us:path_ctrl|us_sensor:us_r|distance_out[9]  ; N/A     ;
; motor_controller:motor_ctrl|dis_r[9]            ; pre-synthesis ; connected ; Top                            ; post-synthesis    ; ir_and_us:path_ctrl|us_sensor:us_r|distance_out[9]  ; N/A     ;
; motor_controller:motor_ctrl|state.COPY_RIGHT    ; pre-synthesis ; connected ; Top                            ; post-synthesis    ; motor_controller:motor_ctrl|state.COPY_RIGHT        ; N/A     ;
; motor_controller:motor_ctrl|state.COPY_RIGHT    ; pre-synthesis ; connected ; Top                            ; post-synthesis    ; motor_controller:motor_ctrl|state.COPY_RIGHT        ; N/A     ;
; motor_controller:motor_ctrl|state.FALSE_FORWARD ; pre-synthesis ; connected ; Top                            ; post-synthesis    ; motor_controller:motor_ctrl|state.FALSE_FORWARD     ; N/A     ;
; motor_controller:motor_ctrl|state.FALSE_FORWARD ; pre-synthesis ; connected ; Top                            ; post-synthesis    ; motor_controller:motor_ctrl|state.FALSE_FORWARD     ; N/A     ;
; motor_controller:motor_ctrl|state.FALSE_LEFT    ; pre-synthesis ; connected ; Top                            ; post-synthesis    ; GND                                                 ; N/A     ;
; motor_controller:motor_ctrl|state.FALSE_LEFT    ; pre-synthesis ; connected ; Top                            ; post-synthesis    ; GND                                                 ; N/A     ;
; motor_controller:motor_ctrl|state.FALSE_RIGHT   ; pre-synthesis ; connected ; Top                            ; post-synthesis    ; motor_controller:motor_ctrl|state.FALSE_RIGHT       ; N/A     ;
; motor_controller:motor_ctrl|state.FALSE_RIGHT   ; pre-synthesis ; connected ; Top                            ; post-synthesis    ; motor_controller:motor_ctrl|state.FALSE_RIGHT       ; N/A     ;
; motor_controller:motor_ctrl|state.FORWARD       ; pre-synthesis ; connected ; Top                            ; post-synthesis    ; motor_controller:motor_ctrl|state.FORWARD~_wirecell ; N/A     ;
; motor_controller:motor_ctrl|state.FORWARD       ; pre-synthesis ; connected ; Top                            ; post-synthesis    ; motor_controller:motor_ctrl|state.FORWARD~_wirecell ; N/A     ;
; motor_controller:motor_ctrl|state.LEFT          ; pre-synthesis ; connected ; Top                            ; post-synthesis    ; motor_controller:motor_ctrl|state.LEFT              ; N/A     ;
; motor_controller:motor_ctrl|state.LEFT          ; pre-synthesis ; connected ; Top                            ; post-synthesis    ; motor_controller:motor_ctrl|state.LEFT              ; N/A     ;
; motor_controller:motor_ctrl|state.RIGHT         ; pre-synthesis ; connected ; Top                            ; post-synthesis    ; motor_controller:motor_ctrl|state.RIGHT             ; N/A     ;
; motor_controller:motor_ctrl|state.RIGHT         ; pre-synthesis ; connected ; Top                            ; post-synthesis    ; motor_controller:motor_ctrl|state.RIGHT             ; N/A     ;
; motor_controller:motor_ctrl|state.SERVO         ; pre-synthesis ; connected ; Top                            ; post-synthesis    ; motor_controller:motor_ctrl|state.SERVO             ; N/A     ;
; motor_controller:motor_ctrl|state.SERVO         ; pre-synthesis ; connected ; Top                            ; post-synthesis    ; motor_controller:motor_ctrl|state.SERVO             ; N/A     ;
; motor_controller:motor_ctrl|state.STOP          ; pre-synthesis ; connected ; Top                            ; post-synthesis    ; motor_controller:motor_ctrl|state.STOP              ; N/A     ;
; motor_controller:motor_ctrl|state.STOP          ; pre-synthesis ; connected ; Top                            ; post-synthesis    ; motor_controller:motor_ctrl|state.STOP              ; N/A     ;
; motor_controller:motor_ctrl|state.UTURN         ; pre-synthesis ; connected ; Top                            ; post-synthesis    ; motor_controller:motor_ctrl|state.UTURN             ; N/A     ;
; motor_controller:motor_ctrl|state.UTURN         ; pre-synthesis ; connected ; Top                            ; post-synthesis    ; motor_controller:motor_ctrl|state.UTURN             ; N/A     ;
; motor_controller:motor_ctrl|state.UTURN         ; pre-synthesis ; connected ; Top                            ; post-synthesis    ; motor_controller:motor_ctrl|state.UTURN             ; N/A     ;
; auto_signaltap_0|gnd                            ; post-fitting  ; connected ; sld_signaltap:auto_signaltap_0 ; post-synthesis    ; sld_signaltap:auto_signaltap_0|~GND                 ; N/A     ;
; auto_signaltap_0|gnd                            ; post-fitting  ; connected ; sld_signaltap:auto_signaltap_0 ; post-synthesis    ; sld_signaltap:auto_signaltap_0|~GND                 ; N/A     ;
; auto_signaltap_0|gnd                            ; post-fitting  ; connected ; sld_signaltap:auto_signaltap_0 ; post-synthesis    ; sld_signaltap:auto_signaltap_0|~GND                 ; N/A     ;
; auto_signaltap_0|gnd                            ; post-fitting  ; connected ; sld_signaltap:auto_signaltap_0 ; post-synthesis    ; sld_signaltap:auto_signaltap_0|~GND                 ; N/A     ;
; auto_signaltap_0|gnd                            ; post-fitting  ; connected ; sld_signaltap:auto_signaltap_0 ; post-synthesis    ; sld_signaltap:auto_signaltap_0|~GND                 ; N/A     ;
; auto_signaltap_0|gnd                            ; post-fitting  ; connected ; sld_signaltap:auto_signaltap_0 ; post-synthesis    ; sld_signaltap:auto_signaltap_0|~GND                 ; N/A     ;
; auto_signaltap_0|gnd                            ; post-fitting  ; connected ; sld_signaltap:auto_signaltap_0 ; post-synthesis    ; sld_signaltap:auto_signaltap_0|~GND                 ; N/A     ;
; auto_signaltap_0|gnd                            ; post-fitting  ; connected ; sld_signaltap:auto_signaltap_0 ; post-synthesis    ; sld_signaltap:auto_signaltap_0|~GND                 ; N/A     ;
; auto_signaltap_0|gnd                            ; post-fitting  ; connected ; sld_signaltap:auto_signaltap_0 ; post-synthesis    ; sld_signaltap:auto_signaltap_0|~GND                 ; N/A     ;
; auto_signaltap_0|gnd                            ; post-fitting  ; connected ; sld_signaltap:auto_signaltap_0 ; post-synthesis    ; sld_signaltap:auto_signaltap_0|~GND                 ; N/A     ;
; auto_signaltap_0|gnd                            ; post-fitting  ; connected ; sld_signaltap:auto_signaltap_0 ; post-synthesis    ; sld_signaltap:auto_signaltap_0|~GND                 ; N/A     ;
; auto_signaltap_0|gnd                            ; post-fitting  ; connected ; sld_signaltap:auto_signaltap_0 ; post-synthesis    ; sld_signaltap:auto_signaltap_0|~GND                 ; N/A     ;
; auto_signaltap_0|gnd                            ; post-fitting  ; connected ; sld_signaltap:auto_signaltap_0 ; post-synthesis    ; sld_signaltap:auto_signaltap_0|~GND                 ; N/A     ;
; auto_signaltap_0|gnd                            ; post-fitting  ; connected ; sld_signaltap:auto_signaltap_0 ; post-synthesis    ; sld_signaltap:auto_signaltap_0|~GND                 ; N/A     ;
; auto_signaltap_0|gnd                            ; post-fitting  ; connected ; sld_signaltap:auto_signaltap_0 ; post-synthesis    ; sld_signaltap:auto_signaltap_0|~GND                 ; N/A     ;
; auto_signaltap_0|gnd                            ; post-fitting  ; connected ; sld_signaltap:auto_signaltap_0 ; post-synthesis    ; sld_signaltap:auto_signaltap_0|~GND                 ; N/A     ;
; auto_signaltap_0|vcc                            ; post-fitting  ; connected ; sld_signaltap:auto_signaltap_0 ; post-synthesis    ; sld_signaltap:auto_signaltap_0|~VCC                 ; N/A     ;
; auto_signaltap_0|vcc                            ; post-fitting  ; connected ; sld_signaltap:auto_signaltap_0 ; post-synthesis    ; sld_signaltap:auto_signaltap_0|~VCC                 ; N/A     ;
; auto_signaltap_0|vcc                            ; post-fitting  ; connected ; sld_signaltap:auto_signaltap_0 ; post-synthesis    ; sld_signaltap:auto_signaltap_0|~VCC                 ; N/A     ;
; auto_signaltap_0|vcc                            ; post-fitting  ; connected ; sld_signaltap:auto_signaltap_0 ; post-synthesis    ; sld_signaltap:auto_signaltap_0|~VCC                 ; N/A     ;
; auto_signaltap_0|vcc                            ; post-fitting  ; connected ; sld_signaltap:auto_signaltap_0 ; post-synthesis    ; sld_signaltap:auto_signaltap_0|~VCC                 ; N/A     ;
; auto_signaltap_0|vcc                            ; post-fitting  ; connected ; sld_signaltap:auto_signaltap_0 ; post-synthesis    ; sld_signaltap:auto_signaltap_0|~VCC                 ; N/A     ;
; auto_signaltap_0|vcc                            ; post-fitting  ; connected ; sld_signaltap:auto_signaltap_0 ; post-synthesis    ; sld_signaltap:auto_signaltap_0|~VCC                 ; N/A     ;
; auto_signaltap_0|vcc                            ; post-fitting  ; connected ; sld_signaltap:auto_signaltap_0 ; post-synthesis    ; sld_signaltap:auto_signaltap_0|~VCC                 ; N/A     ;
; auto_signaltap_0|vcc                            ; post-fitting  ; connected ; sld_signaltap:auto_signaltap_0 ; post-synthesis    ; sld_signaltap:auto_signaltap_0|~VCC                 ; N/A     ;
; auto_signaltap_0|vcc                            ; post-fitting  ; connected ; sld_signaltap:auto_signaltap_0 ; post-synthesis    ; sld_signaltap:auto_signaltap_0|~VCC                 ; N/A     ;
; auto_signaltap_0|vcc                            ; post-fitting  ; connected ; sld_signaltap:auto_signaltap_0 ; post-synthesis    ; sld_signaltap:auto_signaltap_0|~VCC                 ; N/A     ;
; auto_signaltap_0|vcc                            ; post-fitting  ; connected ; sld_signaltap:auto_signaltap_0 ; post-synthesis    ; sld_signaltap:auto_signaltap_0|~VCC                 ; N/A     ;
; auto_signaltap_0|vcc                            ; post-fitting  ; connected ; sld_signaltap:auto_signaltap_0 ; post-synthesis    ; sld_signaltap:auto_signaltap_0|~VCC                 ; N/A     ;
; auto_signaltap_0|vcc                            ; post-fitting  ; connected ; sld_signaltap:auto_signaltap_0 ; post-synthesis    ; sld_signaltap:auto_signaltap_0|~VCC                 ; N/A     ;
; auto_signaltap_0|vcc                            ; post-fitting  ; connected ; sld_signaltap:auto_signaltap_0 ; post-synthesis    ; sld_signaltap:auto_signaltap_0|~VCC                 ; N/A     ;
; auto_signaltap_0|vcc                            ; post-fitting  ; connected ; sld_signaltap:auto_signaltap_0 ; post-synthesis    ; sld_signaltap:auto_signaltap_0|~VCC                 ; N/A     ;
+-------------------------------------------------+---------------+-----------+--------------------------------+-------------------+-----------------------------------------------------+---------+


+-------------------------------+
; Analysis & Synthesis Messages ;
+-------------------------------+
Info: *******************************************************************
Info: Running Quartus Prime Analysis & Synthesis
    Info: Version 20.1.1 Build 720 11/11/2020 SJ Lite Edition
    Info: Processing started: Sun Feb 22 14:27:20 2026
Info: Command: quartus_map --read_settings_files=on --write_settings_files=off N_20MOTOR -c robot_motor_top
Warning (18236): Number of processors has not been specified which may cause overloading on shared machines.  Set the global assignment NUM_PARALLEL_PROCESSORS in your QSF to an appropriate value for best performance.
Info (20030): Parallel compilation is enabled and will use 10 of the 10 processors detected
Warning (10275): Verilog HDL Module Instantiation warning at robot_motor_top.v(206): ignored dangling comma in List of Port Connections File: C:/Users/dutta/OneDrive/Desktop/task5/mb_4975_task5b/ALL_IN_ONE/robot_motor_top.v Line: 206
Info (12021): Found 1 design units, including 1 entities, in source file robot_motor_top.v
    Info (12023): Found entity 1: robot_motor_top File: C:/Users/dutta/OneDrive/Desktop/task5/mb_4975_task5b/ALL_IN_ONE/robot_motor_top.v Line: 1
Info (12021): Found 1 design units, including 1 entities, in source file encoder_decoder.v
    Info (12023): Found entity 1: encoder_decoder File: C:/Users/dutta/OneDrive/Desktop/task5/mb_4975_task5b/ALL_IN_ONE/encoder_decoder.v Line: 1
Info (12021): Found 1 design units, including 1 entities, in source file motor_controller.v
    Info (12023): Found entity 1: motor_controller File: C:/Users/dutta/OneDrive/Desktop/task5/mb_4975_task5b/ALL_IN_ONE/motor_controller.v Line: 1
Info (12021): Found 1 design units, including 1 entities, in source file pwm_generator.v
    Info (12023): Found entity 1: pwm_generator File: C:/Users/dutta/OneDrive/Desktop/task5/mb_4975_task5b/ALL_IN_ONE/pwm_generator.v Line: 1
Info (12021): Found 1 design units, including 1 entities, in source file output_files/tb_robot_motor_top.v
    Info (12023): Found entity 1: tb_robot_motor_top File: C:/Users/dutta/OneDrive/Desktop/task5/mb_4975_task5b/ALL_IN_ONE/output_files/tb_robot_motor_top.v Line: 3
Info (12021): Found 1 design units, including 1 entities, in source file ir_sensor.v
    Info (12023): Found entity 1: ir_sensor File: C:/Users/dutta/OneDrive/Desktop/task5/mb_4975_task5b/ALL_IN_ONE/ir_sensor.v Line: 1
Info (12021): Found 1 design units, including 1 entities, in source file us_sensor.v
    Info (12023): Found entity 1: us_sensor File: C:/Users/dutta/OneDrive/Desktop/task5/mb_4975_task5b/ALL_IN_ONE/us_sensor.v Line: 94
Info (12021): Found 1 design units, including 1 entities, in source file ir_and_us.v
    Info (12023): Found entity 1: ir_and_us File: C:/Users/dutta/OneDrive/Desktop/task5/mb_4975_task5b/ALL_IN_ONE/ir_and_us.v Line: 1
Info (12021): Found 1 design units, including 1 entities, in source file dht_11.v
    Info (12023): Found entity 1: t2a_dht File: C:/Users/dutta/OneDrive/Desktop/task5/mb_4975_task5b/ALL_IN_ONE/dht_11.v Line: 1
Info (12021): Found 1 design units, including 1 entities, in source file soil_moisture.v
    Info (12023): Found entity 1: moisture_sensor File: C:/Users/dutta/OneDrive/Desktop/task5/mb_4975_task5b/ALL_IN_ONE/soil_moisture.v Line: 1
Info (12021): Found 1 design units, including 1 entities, in source file adc_controller.v
    Info (12023): Found entity 1: adc_controller File: C:/Users/dutta/OneDrive/Desktop/task5/mb_4975_task5b/ALL_IN_ONE/adc_controller.v Line: 1
Info (12021): Found 1 design units, including 1 entities, in source file clk3125.v
    Info (12023): Found entity 1: clk3125 File: C:/Users/dutta/OneDrive/Desktop/task5/mb_4975_task5b/ALL_IN_ONE/clk3125.v Line: 1
Info (12021): Found 1 design units, including 1 entities, in source file uart_tx.v
    Info (12023): Found entity 1: uart_tx File: C:/Users/dutta/OneDrive/Desktop/task5/mb_4975_task5b/ALL_IN_ONE/uart_tx.v Line: 1
Info (12021): Found 1 design units, including 1 entities, in source file msg_sender.v
    Info (12023): Found entity 1: msg_sender File: C:/Users/dutta/OneDrive/Desktop/task5/mb_4975_task5b/ALL_IN_ONE/msg_sender.v Line: 1
Warning (10229): Verilog HDL Expression warning at servo.v(16): truncated literal to match 26 bits File: C:/Users/dutta/OneDrive/Desktop/task5/mb_4975_task5b/ALL_IN_ONE/servo.v Line: 16
Info (12021): Found 2 design units, including 2 entities, in source file servo.v
    Info (12023): Found entity 1: servo File: C:/Users/dutta/OneDrive/Desktop/task5/mb_4975_task5b/ALL_IN_ONE/servo.v Line: 1
    Info (12023): Found entity 2: servo_pwm File: C:/Users/dutta/OneDrive/Desktop/task5/mb_4975_task5b/ALL_IN_ONE/servo.v Line: 117
Info (12021): Found 1 design units, including 1 entities, in source file uart_rx.v
    Info (12023): Found entity 1: uart_rx File: C:/Users/dutta/OneDrive/Desktop/task5/mb_4975_task5b/ALL_IN_ONE/uart_rx.v Line: 1
Info (12021): Found 1 design units, including 1 entities, in source file uart_cmd_parser.v
    Info (12023): Found entity 1: uart_cmd_parser File: C:/Users/dutta/OneDrive/Desktop/task5/mb_4975_task5b/ALL_IN_ONE/uart_cmd_parser.v Line: 1
Info (12021): Found 1 design units, including 1 entities, in source file position_finder.v
    Info (12023): Found entity 1: bot_position File: C:/Users/dutta/OneDrive/Desktop/task5/mb_4975_task5b/ALL_IN_ONE/position_finder.v Line: 1
Warning (10236): Verilog HDL Implicit Net warning at robot_motor_top.v(170): created implicit net for "mpi_detected" File: C:/Users/dutta/OneDrive/Desktop/task5/mb_4975_task5b/ALL_IN_ONE/robot_motor_top.v Line: 170
Warning (10236): Verilog HDL Implicit Net warning at robot_motor_top.v(184): created implicit net for "dht_valid" File: C:/Users/dutta/OneDrive/Desktop/task5/mb_4975_task5b/ALL_IN_ONE/robot_motor_top.v Line: 184
Warning (10236): Verilog HDL Implicit Net warning at robot_motor_top.v(265): created implicit net for "x" File: C:/Users/dutta/OneDrive/Desktop/task5/mb_4975_task5b/ALL_IN_ONE/robot_motor_top.v Line: 265
Warning (10236): Verilog HDL Implicit Net warning at robot_motor_top.v(266): created implicit net for "y" File: C:/Users/dutta/OneDrive/Desktop/task5/mb_4975_task5b/ALL_IN_ONE/robot_motor_top.v Line: 266
Warning (10236): Verilog HDL Implicit Net warning at robot_motor_top.v(267): created implicit net for "dir" File: C:/Users/dutta/OneDrive/Desktop/task5/mb_4975_task5b/ALL_IN_ONE/robot_motor_top.v Line: 267
Warning (10236): Verilog HDL Implicit Net warning at robot_motor_top.v(268): created implicit net for "reached_exit" File: C:/Users/dutta/OneDrive/Desktop/task5/mb_4975_task5b/ALL_IN_ONE/robot_motor_top.v Line: 268
Warning (10236): Verilog HDL Implicit Net warning at motor_controller.v(61): created implicit net for "turn" File: C:/Users/dutta/OneDrive/Desktop/task5/mb_4975_task5b/ALL_IN_ONE/motor_controller.v Line: 61
Info (12127): Elaborating entity "robot_motor_top" for the top level hierarchy
Info (12128): Elaborating entity "clk3125" for hierarchy "clk3125:u_clk_div" File: C:/Users/dutta/OneDrive/Desktop/task5/mb_4975_task5b/ALL_IN_ONE/robot_motor_top.v Line: 98
Info (12128): Elaborating entity "encoder_decoder" for hierarchy "encoder_decoder:encA" File: C:/Users/dutta/OneDrive/Desktop/task5/mb_4975_task5b/ALL_IN_ONE/robot_motor_top.v Line: 109
Info (12128): Elaborating entity "motor_controller" for hierarchy "motor_controller:motor_ctrl" File: C:/Users/dutta/OneDrive/Desktop/task5/mb_4975_task5b/ALL_IN_ONE/robot_motor_top.v Line: 148
Warning (10036): Verilog HDL or VHDL warning at motor_controller.v(61): object "turn" assigned a value but never read File: C:/Users/dutta/OneDrive/Desktop/task5/mb_4975_task5b/ALL_IN_ONE/motor_controller.v Line: 61
Warning (10036): Verilog HDL or VHDL warning at motor_controller.v(78): object "ir_value" assigned a value but never read File: C:/Users/dutta/OneDrive/Desktop/task5/mb_4975_task5b/ALL_IN_ONE/motor_controller.v Line: 78
Warning (10230): Verilog HDL assignment warning at motor_controller.v(61): truncated value with size 4 to match size of target (1) File: C:/Users/dutta/OneDrive/Desktop/task5/mb_4975_task5b/ALL_IN_ONE/motor_controller.v Line: 61
Warning (10230): Verilog HDL assignment warning at motor_controller.v(73): truncated value with size 32 to match size of target (8) File: C:/Users/dutta/OneDrive/Desktop/task5/mb_4975_task5b/ALL_IN_ONE/motor_controller.v Line: 73
Warning (10230): Verilog HDL assignment warning at motor_controller.v(113): truncated value with size 32 to match size of target (5) File: C:/Users/dutta/OneDrive/Desktop/task5/mb_4975_task5b/ALL_IN_ONE/motor_controller.v Line: 113
Warning (10230): Verilog HDL assignment warning at motor_controller.v(118): truncated value with size 32 to match size of target (5) File: C:/Users/dutta/OneDrive/Desktop/task5/mb_4975_task5b/ALL_IN_ONE/motor_controller.v Line: 118
Warning (10230): Verilog HDL assignment warning at motor_controller.v(122): truncated value with size 32 to match size of target (5) File: C:/Users/dutta/OneDrive/Desktop/task5/mb_4975_task5b/ALL_IN_ONE/motor_controller.v Line: 122
Warning (10230): Verilog HDL assignment warning at motor_controller.v(127): truncated value with size 32 to match size of target (5) File: C:/Users/dutta/OneDrive/Desktop/task5/mb_4975_task5b/ALL_IN_ONE/motor_controller.v Line: 127
Warning (10230): Verilog HDL assignment warning at motor_controller.v(171): truncated value with size 32 to match size of target (6) File: C:/Users/dutta/OneDrive/Desktop/task5/mb_4975_task5b/ALL_IN_ONE/motor_controller.v Line: 171
Warning (10230): Verilog HDL assignment warning at motor_controller.v(172): truncated value with size 32 to match size of target (6) File: C:/Users/dutta/OneDrive/Desktop/task5/mb_4975_task5b/ALL_IN_ONE/motor_controller.v Line: 172
Warning (10230): Verilog HDL assignment warning at motor_controller.v(173): truncated value with size 32 to match size of target (6) File: C:/Users/dutta/OneDrive/Desktop/task5/mb_4975_task5b/ALL_IN_ONE/motor_controller.v Line: 173
Warning (10230): Verilog HDL assignment warning at motor_controller.v(175): truncated value with size 32 to match size of target (6) File: C:/Users/dutta/OneDrive/Desktop/task5/mb_4975_task5b/ALL_IN_ONE/motor_controller.v Line: 175
Warning (10230): Verilog HDL assignment warning at motor_controller.v(176): truncated value with size 32 to match size of target (6) File: C:/Users/dutta/OneDrive/Desktop/task5/mb_4975_task5b/ALL_IN_ONE/motor_controller.v Line: 176
Warning (10230): Verilog HDL assignment warning at motor_controller.v(177): truncated value with size 32 to match size of target (6) File: C:/Users/dutta/OneDrive/Desktop/task5/mb_4975_task5b/ALL_IN_ONE/motor_controller.v Line: 177
Warning (10230): Verilog HDL assignment warning at motor_controller.v(181): truncated value with size 32 to match size of target (6) File: C:/Users/dutta/OneDrive/Desktop/task5/mb_4975_task5b/ALL_IN_ONE/motor_controller.v Line: 181
Warning (10230): Verilog HDL assignment warning at motor_controller.v(182): truncated value with size 32 to match size of target (6) File: C:/Users/dutta/OneDrive/Desktop/task5/mb_4975_task5b/ALL_IN_ONE/motor_controller.v Line: 182
Warning (10230): Verilog HDL assignment warning at motor_controller.v(183): truncated value with size 32 to match size of target (6) File: C:/Users/dutta/OneDrive/Desktop/task5/mb_4975_task5b/ALL_IN_ONE/motor_controller.v Line: 183
Warning (10230): Verilog HDL assignment warning at motor_controller.v(185): truncated value with size 32 to match size of target (6) File: C:/Users/dutta/OneDrive/Desktop/task5/mb_4975_task5b/ALL_IN_ONE/motor_controller.v Line: 185
Warning (10230): Verilog HDL assignment warning at motor_controller.v(186): truncated value with size 32 to match size of target (6) File: C:/Users/dutta/OneDrive/Desktop/task5/mb_4975_task5b/ALL_IN_ONE/motor_controller.v Line: 186
Warning (10230): Verilog HDL assignment warning at motor_controller.v(187): truncated value with size 32 to match size of target (6) File: C:/Users/dutta/OneDrive/Desktop/task5/mb_4975_task5b/ALL_IN_ONE/motor_controller.v Line: 187
Warning (10230): Verilog HDL assignment warning at motor_controller.v(191): truncated value with size 32 to match size of target (6) File: C:/Users/dutta/OneDrive/Desktop/task5/mb_4975_task5b/ALL_IN_ONE/motor_controller.v Line: 191
Warning (10230): Verilog HDL assignment warning at motor_controller.v(192): truncated value with size 32 to match size of target (6) File: C:/Users/dutta/OneDrive/Desktop/task5/mb_4975_task5b/ALL_IN_ONE/motor_controller.v Line: 192
Warning (10230): Verilog HDL assignment warning at motor_controller.v(268): truncated value with size 32 to match size of target (6) File: C:/Users/dutta/OneDrive/Desktop/task5/mb_4975_task5b/ALL_IN_ONE/motor_controller.v Line: 268
Warning (10230): Verilog HDL assignment warning at motor_controller.v(272): truncated value with size 32 to match size of target (6) File: C:/Users/dutta/OneDrive/Desktop/task5/mb_4975_task5b/ALL_IN_ONE/motor_controller.v Line: 272
Warning (10230): Verilog HDL assignment warning at motor_controller.v(293): truncated value with size 32 to match size of target (6) File: C:/Users/dutta/OneDrive/Desktop/task5/mb_4975_task5b/ALL_IN_ONE/motor_controller.v Line: 293
Warning (10230): Verilog HDL assignment warning at motor_controller.v(297): truncated value with size 32 to match size of target (6) File: C:/Users/dutta/OneDrive/Desktop/task5/mb_4975_task5b/ALL_IN_ONE/motor_controller.v Line: 297
Warning (10230): Verilog HDL assignment warning at motor_controller.v(323): truncated value with size 32 to match size of target (6) File: C:/Users/dutta/OneDrive/Desktop/task5/mb_4975_task5b/ALL_IN_ONE/motor_controller.v Line: 323
Warning (10230): Verilog HDL assignment warning at motor_controller.v(369): truncated value with size 32 to match size of target (6) File: C:/Users/dutta/OneDrive/Desktop/task5/mb_4975_task5b/ALL_IN_ONE/motor_controller.v Line: 369
Warning (10230): Verilog HDL assignment warning at motor_controller.v(373): truncated value with size 32 to match size of target (6) File: C:/Users/dutta/OneDrive/Desktop/task5/mb_4975_task5b/ALL_IN_ONE/motor_controller.v Line: 373
Warning (10230): Verilog HDL assignment warning at motor_controller.v(382): truncated value with size 32 to match size of target (6) File: C:/Users/dutta/OneDrive/Desktop/task5/mb_4975_task5b/ALL_IN_ONE/motor_controller.v Line: 382
Warning (10230): Verilog HDL assignment warning at motor_controller.v(386): truncated value with size 32 to match size of target (6) File: C:/Users/dutta/OneDrive/Desktop/task5/mb_4975_task5b/ALL_IN_ONE/motor_controller.v Line: 386
Warning (10230): Verilog HDL assignment warning at motor_controller.v(391): truncated value with size 32 to match size of target (6) File: C:/Users/dutta/OneDrive/Desktop/task5/mb_4975_task5b/ALL_IN_ONE/motor_controller.v Line: 391
Warning (10230): Verilog HDL assignment warning at motor_controller.v(392): truncated value with size 32 to match size of target (6) File: C:/Users/dutta/OneDrive/Desktop/task5/mb_4975_task5b/ALL_IN_ONE/motor_controller.v Line: 392
Warning (10230): Verilog HDL assignment warning at motor_controller.v(393): truncated value with size 32 to match size of target (6) File: C:/Users/dutta/OneDrive/Desktop/task5/mb_4975_task5b/ALL_IN_ONE/motor_controller.v Line: 393
Warning (10230): Verilog HDL assignment warning at motor_controller.v(395): truncated value with size 32 to match size of target (6) File: C:/Users/dutta/OneDrive/Desktop/task5/mb_4975_task5b/ALL_IN_ONE/motor_controller.v Line: 395
Warning (10230): Verilog HDL assignment warning at motor_controller.v(396): truncated value with size 32 to match size of target (6) File: C:/Users/dutta/OneDrive/Desktop/task5/mb_4975_task5b/ALL_IN_ONE/motor_controller.v Line: 396
Warning (10230): Verilog HDL assignment warning at motor_controller.v(397): truncated value with size 32 to match size of target (6) File: C:/Users/dutta/OneDrive/Desktop/task5/mb_4975_task5b/ALL_IN_ONE/motor_controller.v Line: 397
Warning (10230): Verilog HDL assignment warning at motor_controller.v(416): truncated value with size 32 to match size of target (6) File: C:/Users/dutta/OneDrive/Desktop/task5/mb_4975_task5b/ALL_IN_ONE/motor_controller.v Line: 416
Warning (10230): Verilog HDL assignment warning at motor_controller.v(417): truncated value with size 32 to match size of target (6) File: C:/Users/dutta/OneDrive/Desktop/task5/mb_4975_task5b/ALL_IN_ONE/motor_controller.v Line: 417
Warning (10230): Verilog HDL assignment warning at motor_controller.v(418): truncated value with size 32 to match size of target (6) File: C:/Users/dutta/OneDrive/Desktop/task5/mb_4975_task5b/ALL_IN_ONE/motor_controller.v Line: 418
Warning (10230): Verilog HDL assignment warning at motor_controller.v(420): truncated value with size 32 to match size of target (6) File: C:/Users/dutta/OneDrive/Desktop/task5/mb_4975_task5b/ALL_IN_ONE/motor_controller.v Line: 420
Warning (10230): Verilog HDL assignment warning at motor_controller.v(421): truncated value with size 32 to match size of target (6) File: C:/Users/dutta/OneDrive/Desktop/task5/mb_4975_task5b/ALL_IN_ONE/motor_controller.v Line: 421
Warning (10230): Verilog HDL assignment warning at motor_controller.v(422): truncated value with size 32 to match size of target (6) File: C:/Users/dutta/OneDrive/Desktop/task5/mb_4975_task5b/ALL_IN_ONE/motor_controller.v Line: 422
Warning (10230): Verilog HDL assignment warning at motor_controller.v(439): truncated value with size 32 to match size of target (6) File: C:/Users/dutta/OneDrive/Desktop/task5/mb_4975_task5b/ALL_IN_ONE/motor_controller.v Line: 439
Warning (10230): Verilog HDL assignment warning at motor_controller.v(440): truncated value with size 32 to match size of target (6) File: C:/Users/dutta/OneDrive/Desktop/task5/mb_4975_task5b/ALL_IN_ONE/motor_controller.v Line: 440
Warning (10230): Verilog HDL assignment warning at motor_controller.v(441): truncated value with size 32 to match size of target (6) File: C:/Users/dutta/OneDrive/Desktop/task5/mb_4975_task5b/ALL_IN_ONE/motor_controller.v Line: 441
Warning (10230): Verilog HDL assignment warning at motor_controller.v(443): truncated value with size 32 to match size of target (6) File: C:/Users/dutta/OneDrive/Desktop/task5/mb_4975_task5b/ALL_IN_ONE/motor_controller.v Line: 443
Warning (10230): Verilog HDL assignment warning at motor_controller.v(444): truncated value with size 32 to match size of target (6) File: C:/Users/dutta/OneDrive/Desktop/task5/mb_4975_task5b/ALL_IN_ONE/motor_controller.v Line: 444
Warning (10230): Verilog HDL assignment warning at motor_controller.v(445): truncated value with size 32 to match size of target (6) File: C:/Users/dutta/OneDrive/Desktop/task5/mb_4975_task5b/ALL_IN_ONE/motor_controller.v Line: 445
Warning (10230): Verilog HDL assignment warning at motor_controller.v(448): truncated value with size 32 to match size of target (6) File: C:/Users/dutta/OneDrive/Desktop/task5/mb_4975_task5b/ALL_IN_ONE/motor_controller.v Line: 448
Warning (10230): Verilog HDL assignment warning at motor_controller.v(449): truncated value with size 32 to match size of target (6) File: C:/Users/dutta/OneDrive/Desktop/task5/mb_4975_task5b/ALL_IN_ONE/motor_controller.v Line: 449
Warning (10230): Verilog HDL assignment warning at motor_controller.v(474): truncated value with size 32 to match size of target (6) File: C:/Users/dutta/OneDrive/Desktop/task5/mb_4975_task5b/ALL_IN_ONE/motor_controller.v Line: 474
Warning (10230): Verilog HDL assignment warning at motor_controller.v(478): truncated value with size 32 to match size of target (6) File: C:/Users/dutta/OneDrive/Desktop/task5/mb_4975_task5b/ALL_IN_ONE/motor_controller.v Line: 478
Warning (10230): Verilog HDL assignment warning at motor_controller.v(482): truncated value with size 32 to match size of target (6) File: C:/Users/dutta/OneDrive/Desktop/task5/mb_4975_task5b/ALL_IN_ONE/motor_controller.v Line: 482
Warning (10230): Verilog HDL assignment warning at motor_controller.v(492): truncated value with size 32 to match size of target (6) File: C:/Users/dutta/OneDrive/Desktop/task5/mb_4975_task5b/ALL_IN_ONE/motor_controller.v Line: 492
Info (12128): Elaborating entity "pwm_generator" for hierarchy "motor_controller:motor_ctrl|pwm_generator:pwmA" File: C:/Users/dutta/OneDrive/Desktop/task5/mb_4975_task5b/ALL_IN_ONE/motor_controller.v Line: 57
Info (12128): Elaborating entity "ir_and_us" for hierarchy "ir_and_us:path_ctrl" File: C:/Users/dutta/OneDrive/Desktop/task5/mb_4975_task5b/ALL_IN_ONE/robot_motor_top.v Line: 172
Info (12128): Elaborating entity "ir_sensor" for hierarchy "ir_and_us:path_ctrl|ir_sensor:irr_l" File: C:/Users/dutta/OneDrive/Desktop/task5/mb_4975_task5b/ALL_IN_ONE/ir_and_us.v Line: 28
Info (12128): Elaborating entity "us_sensor" for hierarchy "ir_and_us:path_ctrl|us_sensor:us_l" File: C:/Users/dutta/OneDrive/Desktop/task5/mb_4975_task5b/ALL_IN_ONE/ir_and_us.v Line: 32
Warning (10230): Verilog HDL assignment warning at us_sensor.v(195): truncated value with size 32 to match size of target (16) File: C:/Users/dutta/OneDrive/Desktop/task5/mb_4975_task5b/ALL_IN_ONE/us_sensor.v Line: 195
Info (12128): Elaborating entity "t2a_dht" for hierarchy "t2a_dht:u_dht" File: C:/Users/dutta/OneDrive/Desktop/task5/mb_4975_task5b/ALL_IN_ONE/robot_motor_top.v Line: 185
Info (12128): Elaborating entity "moisture_sensor" for hierarchy "moisture_sensor:ms" File: C:/Users/dutta/OneDrive/Desktop/task5/mb_4975_task5b/ALL_IN_ONE/robot_motor_top.v Line: 195
Warning (10230): Verilog HDL assignment warning at soil_moisture.v(12): truncated value with size 32 to match size of target (4) File: C:/Users/dutta/OneDrive/Desktop/task5/mb_4975_task5b/ALL_IN_ONE/soil_moisture.v Line: 12
Info (12128): Elaborating entity "adc_controller" for hierarchy "moisture_sensor:ms|adc_controller:adc_inst" File: C:/Users/dutta/OneDrive/Desktop/task5/mb_4975_task5b/ALL_IN_ONE/soil_moisture.v Line: 24
Warning (10036): Verilog HDL or VHDL warning at adc_controller.v(21): object "adc_clk_reg" assigned a value but never read File: C:/Users/dutta/OneDrive/Desktop/task5/mb_4975_task5b/ALL_IN_ONE/adc_controller.v Line: 21
Warning (10230): Verilog HDL assignment warning at adc_controller.v(25): truncated value with size 32 to match size of target (4) File: C:/Users/dutta/OneDrive/Desktop/task5/mb_4975_task5b/ALL_IN_ONE/adc_controller.v Line: 25
Warning (10764): Verilog HDL warning at adc_controller.v(76): converting signed shift amount to unsigned File: C:/Users/dutta/OneDrive/Desktop/task5/mb_4975_task5b/ALL_IN_ONE/adc_controller.v Line: 76
Info (12128): Elaborating entity "uart_tx" for hierarchy "uart_tx:uart" File: C:/Users/dutta/OneDrive/Desktop/task5/mb_4975_task5b/ALL_IN_ONE/robot_motor_top.v Line: 206
Info (12128): Elaborating entity "msg_sender" for hierarchy "msg_sender:msg_fsm" File: C:/Users/dutta/OneDrive/Desktop/task5/mb_4975_task5b/ALL_IN_ONE/robot_motor_top.v Line: 223
Warning (10036): Verilog HDL or VHDL warning at msg_sender.v(133): object "MPI_tens" assigned a value but never read File: C:/Users/dutta/OneDrive/Desktop/task5/mb_4975_task5b/ALL_IN_ONE/msg_sender.v Line: 133
Warning (10230): Verilog HDL assignment warning at msg_sender.v(117): truncated value with size 32 to match size of target (4) File: C:/Users/dutta/OneDrive/Desktop/task5/mb_4975_task5b/ALL_IN_ONE/msg_sender.v Line: 117
Warning (10230): Verilog HDL assignment warning at msg_sender.v(118): truncated value with size 32 to match size of target (4) File: C:/Users/dutta/OneDrive/Desktop/task5/mb_4975_task5b/ALL_IN_ONE/msg_sender.v Line: 118
Warning (10230): Verilog HDL assignment warning at msg_sender.v(123): truncated value with size 32 to match size of target (4) File: C:/Users/dutta/OneDrive/Desktop/task5/mb_4975_task5b/ALL_IN_ONE/msg_sender.v Line: 123
Warning (10230): Verilog HDL assignment warning at msg_sender.v(124): truncated value with size 32 to match size of target (4) File: C:/Users/dutta/OneDrive/Desktop/task5/mb_4975_task5b/ALL_IN_ONE/msg_sender.v Line: 124
Warning (10230): Verilog HDL assignment warning at msg_sender.v(130): truncated value with size 32 to match size of target (4) File: C:/Users/dutta/OneDrive/Desktop/task5/mb_4975_task5b/ALL_IN_ONE/msg_sender.v Line: 130
Warning (10230): Verilog HDL assignment warning at msg_sender.v(131): truncated value with size 32 to match size of target (4) File: C:/Users/dutta/OneDrive/Desktop/task5/mb_4975_task5b/ALL_IN_ONE/msg_sender.v Line: 131
Warning (10230): Verilog HDL assignment warning at msg_sender.v(211): truncated value with size 32 to match size of target (5) File: C:/Users/dutta/OneDrive/Desktop/task5/mb_4975_task5b/ALL_IN_ONE/msg_sender.v Line: 211
Warning (10230): Verilog HDL assignment warning at msg_sender.v(254): truncated value with size 32 to match size of target (5) File: C:/Users/dutta/OneDrive/Desktop/task5/mb_4975_task5b/ALL_IN_ONE/msg_sender.v Line: 254
Warning (10230): Verilog HDL assignment warning at msg_sender.v(300): truncated value with size 32 to match size of target (5) File: C:/Users/dutta/OneDrive/Desktop/task5/mb_4975_task5b/ALL_IN_ONE/msg_sender.v Line: 300
Warning (10230): Verilog HDL assignment warning at msg_sender.v(331): truncated value with size 32 to match size of target (5) File: C:/Users/dutta/OneDrive/Desktop/task5/mb_4975_task5b/ALL_IN_ONE/msg_sender.v Line: 331
Info (12128): Elaborating entity "servo" for hierarchy "servo:u_servo" File: C:/Users/dutta/OneDrive/Desktop/task5/mb_4975_task5b/ALL_IN_ONE/robot_motor_top.v Line: 234
Info (12128): Elaborating entity "servo_pwm" for hierarchy "servo:u_servo|servo_pwm:s1" File: C:/Users/dutta/OneDrive/Desktop/task5/mb_4975_task5b/ALL_IN_ONE/servo.v Line: 28
Warning (10230): Verilog HDL assignment warning at servo.v(132): truncated value with size 32 to match size of target (20) File: C:/Users/dutta/OneDrive/Desktop/task5/mb_4975_task5b/ALL_IN_ONE/servo.v Line: 132
Info (12128): Elaborating entity "uart_rx" for hierarchy "uart_rx:u_uart_rx" File: C:/Users/dutta/OneDrive/Desktop/task5/mb_4975_task5b/ALL_IN_ONE/robot_motor_top.v Line: 243
Warning (10230): Verilog HDL assignment warning at uart_rx.v(57): truncated value with size 32 to match size of target (9) File: C:/Users/dutta/OneDrive/Desktop/task5/mb_4975_task5b/ALL_IN_ONE/uart_rx.v Line: 57
Warning (10230): Verilog HDL assignment warning at uart_rx.v(65): truncated value with size 32 to match size of target (9) File: C:/Users/dutta/OneDrive/Desktop/task5/mb_4975_task5b/ALL_IN_ONE/uart_rx.v Line: 65
Warning (10230): Verilog HDL assignment warning at uart_rx.v(77): truncated value with size 32 to match size of target (9) File: C:/Users/dutta/OneDrive/Desktop/task5/mb_4975_task5b/ALL_IN_ONE/uart_rx.v Line: 77
Info (12128): Elaborating entity "uart_cmd_parser" for hierarchy "uart_cmd_parser:u_uart_cmd" File: C:/Users/dutta/OneDrive/Desktop/task5/mb_4975_task5b/ALL_IN_ONE/robot_motor_top.v Line: 252
Info (12128): Elaborating entity "bot_position" for hierarchy "bot_position:u_bot_position" File: C:/Users/dutta/OneDrive/Desktop/task5/mb_4975_task5b/ALL_IN_ONE/robot_motor_top.v Line: 269
Warning (10034): Output port "x" at position_finder.v(10) has no driver File: C:/Users/dutta/OneDrive/Desktop/task5/mb_4975_task5b/ALL_IN_ONE/position_finder.v Line: 10
Warning (10034): Output port "y" at position_finder.v(11) has no driver File: C:/Users/dutta/OneDrive/Desktop/task5/mb_4975_task5b/ALL_IN_ONE/position_finder.v Line: 11
Warning (10034): Output port "dir" at position_finder.v(12) has no driver File: C:/Users/dutta/OneDrive/Desktop/task5/mb_4975_task5b/ALL_IN_ONE/position_finder.v Line: 12
Warning (10034): Output port "reached_exit" at position_finder.v(14) has no driver File: C:/Users/dutta/OneDrive/Desktop/task5/mb_4975_task5b/ALL_IN_ONE/position_finder.v Line: 14
Warning (12158): Entity "bot_position" contains only dangling pins File: C:/Users/dutta/OneDrive/Desktop/task5/mb_4975_task5b/ALL_IN_ONE/robot_motor_top.v Line: 269
Info (12021): Found 1 design units, including 1 entities, in source file db/altsyncram_m524.tdf
    Info (12023): Found entity 1: altsyncram_m524 File: C:/Users/dutta/OneDrive/Desktop/task5/mb_4975_task5b/ALL_IN_ONE/db/altsyncram_m524.tdf Line: 28
Info (12021): Found 1 design units, including 1 entities, in source file db/mux_0tc.tdf
    Info (12023): Found entity 1: mux_0tc File: C:/Users/dutta/OneDrive/Desktop/task5/mb_4975_task5b/ALL_IN_ONE/db/mux_0tc.tdf Line: 23
Info (12021): Found 1 design units, including 1 entities, in source file db/decode_dvf.tdf
    Info (12023): Found entity 1: decode_dvf File: C:/Users/dutta/OneDrive/Desktop/task5/mb_4975_task5b/ALL_IN_ONE/db/decode_dvf.tdf Line: 23
Info (12021): Found 1 design units, including 1 entities, in source file db/cntr_7hi.tdf
    Info (12023): Found entity 1: cntr_7hi File: C:/Users/dutta/OneDrive/Desktop/task5/mb_4975_task5b/ALL_IN_ONE/db/cntr_7hi.tdf Line: 28
Info (12021): Found 1 design units, including 1 entities, in source file db/cmpr_sgc.tdf
    Info (12023): Found entity 1: cmpr_sgc File: C:/Users/dutta/OneDrive/Desktop/task5/mb_4975_task5b/ALL_IN_ONE/db/cmpr_sgc.tdf Line: 23
Info (12021): Found 1 design units, including 1 entities, in source file db/cntr_h6j.tdf
    Info (12023): Found entity 1: cntr_h6j File: C:/Users/dutta/OneDrive/Desktop/task5/mb_4975_task5b/ALL_IN_ONE/db/cntr_h6j.tdf Line: 26
Info (12021): Found 1 design units, including 1 entities, in source file db/cntr_8hi.tdf
    Info (12023): Found entity 1: cntr_8hi File: C:/Users/dutta/OneDrive/Desktop/task5/mb_4975_task5b/ALL_IN_ONE/db/cntr_8hi.tdf Line: 28
Info (12021): Found 1 design units, including 1 entities, in source file db/cmpr_rgc.tdf
    Info (12023): Found entity 1: cmpr_rgc File: C:/Users/dutta/OneDrive/Desktop/task5/mb_4975_task5b/ALL_IN_ONE/db/cmpr_rgc.tdf Line: 23
Info (12021): Found 1 design units, including 1 entities, in source file db/cntr_23j.tdf
    Info (12023): Found entity 1: cntr_23j File: C:/Users/dutta/OneDrive/Desktop/task5/mb_4975_task5b/ALL_IN_ONE/db/cntr_23j.tdf Line: 28
Info (12021): Found 1 design units, including 1 entities, in source file db/cmpr_ngc.tdf
    Info (12023): Found entity 1: cmpr_ngc File: C:/Users/dutta/OneDrive/Desktop/task5/mb_4975_task5b/ALL_IN_ONE/db/cmpr_ngc.tdf Line: 23
Info (12033): Analysis and Synthesis generated Signal Tap or debug node instance "auto_signaltap_0"
Info (11170): Starting IP generation for the debug fabric: alt_sld_fab.
Info (11172): 2026.02.22.14:27:31 Progress: Loading sld524ca611/alt_sld_fab_wrapper_hw.tcl
Info (11172): Alt_sld_fab.alt_sld_fab: SLD fabric agents which did not specify prefer_host were connected to JTAG
Info (11172): Alt_sld_fab: Generating alt_sld_fab "alt_sld_fab" for QUARTUS_SYNTH
Info (11172): Alt_sld_fab: "alt_sld_fab" instantiated alt_sld_fab "alt_sld_fab"
Info (11172): Presplit: "alt_sld_fab" instantiated altera_super_splitter "presplit"
Info (11172): Splitter: "alt_sld_fab" instantiated altera_sld_splitter "splitter"
Info (11172): Sldfabric: "alt_sld_fab" instantiated altera_sld_jtag_hub "sldfabric"
Info (11172): Ident: "alt_sld_fab" instantiated altera_connection_identification_hub "ident"
Info (11172): Alt_sld_fab: Done "alt_sld_fab" with 6 modules, 6 files
Info (11171): Finished IP generation for the debug fabric: alt_sld_fab.
Info (12021): Found 1 design units, including 1 entities, in source file db/ip/sld524ca611/alt_sld_fab.v
    Info (12023): Found entity 1: alt_sld_fab File: C:/Users/dutta/OneDrive/Desktop/task5/mb_4975_task5b/ALL_IN_ONE/db/ip/sld524ca611/alt_sld_fab.v Line: 9
Info (12021): Found 1 design units, including 1 entities, in source file db/ip/sld524ca611/submodules/alt_sld_fab_alt_sld_fab.v
    Info (12023): Found entity 1: alt_sld_fab_alt_sld_fab File: C:/Users/dutta/OneDrive/Desktop/task5/mb_4975_task5b/ALL_IN_ONE/db/ip/sld524ca611/submodules/alt_sld_fab_alt_sld_fab.v Line: 9
Info (12021): Found 1 design units, including 1 entities, in source file db/ip/sld524ca611/submodules/alt_sld_fab_alt_sld_fab_ident.sv
    Info (12023): Found entity 1: alt_sld_fab_alt_sld_fab_ident File: C:/Users/dutta/OneDrive/Desktop/task5/mb_4975_task5b/ALL_IN_ONE/db/ip/sld524ca611/submodules/alt_sld_fab_alt_sld_fab_ident.sv Line: 33
Info (12021): Found 1 design units, including 1 entities, in source file db/ip/sld524ca611/submodules/alt_sld_fab_alt_sld_fab_presplit.sv
    Info (12023): Found entity 1: alt_sld_fab_alt_sld_fab_presplit File: C:/Users/dutta/OneDrive/Desktop/task5/mb_4975_task5b/ALL_IN_ONE/db/ip/sld524ca611/submodules/alt_sld_fab_alt_sld_fab_presplit.sv Line: 3
Info (12021): Found 2 design units, including 1 entities, in source file db/ip/sld524ca611/submodules/alt_sld_fab_alt_sld_fab_sldfabric.vhd
    Info (12022): Found design unit 1: alt_sld_fab_alt_sld_fab_sldfabric-rtl File: C:/Users/dutta/OneDrive/Desktop/task5/mb_4975_task5b/ALL_IN_ONE/db/ip/sld524ca611/submodules/alt_sld_fab_alt_sld_fab_sldfabric.vhd Line: 102
    Info (12023): Found entity 1: alt_sld_fab_alt_sld_fab_sldfabric File: C:/Users/dutta/OneDrive/Desktop/task5/mb_4975_task5b/ALL_IN_ONE/db/ip/sld524ca611/submodules/alt_sld_fab_alt_sld_fab_sldfabric.vhd Line: 11
Info (12021): Found 1 design units, including 1 entities, in source file db/ip/sld524ca611/submodules/alt_sld_fab_alt_sld_fab_splitter.sv
    Info (12023): Found entity 1: alt_sld_fab_alt_sld_fab_splitter File: C:/Users/dutta/OneDrive/Desktop/task5/mb_4975_task5b/ALL_IN_ONE/db/ip/sld524ca611/submodules/alt_sld_fab_alt_sld_fab_splitter.sv Line: 3
Info (278001): Inferred 8 megafunctions from design logic
    Info (278003): Inferred multiplier megafunction ("lpm_mult") from the following logic: "ir_and_us:path_ctrl|us_sensor:us_f|Mult0" File: C:/Users/dutta/OneDrive/Desktop/task5/mb_4975_task5b/ALL_IN_ONE/us_sensor.v Line: 195
    Info (278003): Inferred multiplier megafunction ("lpm_mult") from the following logic: "ir_and_us:path_ctrl|us_sensor:us_l|Mult0" File: C:/Users/dutta/OneDrive/Desktop/task5/mb_4975_task5b/ALL_IN_ONE/us_sensor.v Line: 195
    Info (278003): Inferred multiplier megafunction ("lpm_mult") from the following logic: "ir_and_us:path_ctrl|us_sensor:us_r|Mult0" File: C:/Users/dutta/OneDrive/Desktop/task5/mb_4975_task5b/ALL_IN_ONE/us_sensor.v Line: 195
    Info (278004): Inferred divider/modulo megafunction ("lpm_divide") from the following logic: "msg_sender:msg_fsm|Mod2" File: C:/Users/dutta/OneDrive/Desktop/task5/mb_4975_task5b/ALL_IN_ONE/msg_sender.v Line: 131
    Info (278004): Inferred divider/modulo megafunction ("lpm_divide") from the following logic: "msg_sender:msg_fsm|Mod1" File: C:/Users/dutta/OneDrive/Desktop/task5/mb_4975_task5b/ALL_IN_ONE/msg_sender.v Line: 124
    Info (278004): Inferred divider/modulo megafunction ("lpm_divide") from the following logic: "msg_sender:msg_fsm|Div1" File: C:/Users/dutta/OneDrive/Desktop/task5/mb_4975_task5b/ALL_IN_ONE/msg_sender.v Line: 123
    Info (278004): Inferred divider/modulo megafunction ("lpm_divide") from the following logic: "msg_sender:msg_fsm|Div0" File: C:/Users/dutta/OneDrive/Desktop/task5/mb_4975_task5b/ALL_IN_ONE/msg_sender.v Line: 117
    Info (278004): Inferred divider/modulo megafunction ("lpm_divide") from the following logic: "msg_sender:msg_fsm|Mod0" File: C:/Users/dutta/OneDrive/Desktop/task5/mb_4975_task5b/ALL_IN_ONE/msg_sender.v Line: 118
Info (12130): Elaborated megafunction instantiation "ir_and_us:path_ctrl|us_sensor:us_f|lpm_mult:Mult0" File: C:/Users/dutta/OneDrive/Desktop/task5/mb_4975_task5b/ALL_IN_ONE/us_sensor.v Line: 195
Info (12133): Instantiated megafunction "ir_and_us:path_ctrl|us_sensor:us_f|lpm_mult:Mult0" with the following parameter: File: C:/Users/dutta/OneDrive/Desktop/task5/mb_4975_task5b/ALL_IN_ONE/us_sensor.v Line: 195
    Info (12134): Parameter "LPM_WIDTHA" = "32"
    Info (12134): Parameter "LPM_WIDTHB" = "12"
    Info (12134): Parameter "LPM_WIDTHP" = "44"
    Info (12134): Parameter "LPM_WIDTHR" = "44"
    Info (12134): Parameter "LPM_WIDTHS" = "1"
    Info (12134): Parameter "LPM_REPRESENTATION" = "UNSIGNED"
    Info (12134): Parameter "INPUT_A_IS_CONSTANT" = "NO"
    Info (12134): Parameter "INPUT_B_IS_CONSTANT" = "YES"
    Info (12134): Parameter "MAXIMIZE_SPEED" = "5"
Info (12021): Found 1 design units, including 1 entities, in source file db/mult_ngt.tdf
    Info (12023): Found entity 1: mult_ngt File: C:/Users/dutta/OneDrive/Desktop/task5/mb_4975_task5b/ALL_IN_ONE/db/mult_ngt.tdf Line: 31
Info (12130): Elaborated megafunction instantiation "msg_sender:msg_fsm|lpm_divide:Mod2" File: C:/Users/dutta/OneDrive/Desktop/task5/mb_4975_task5b/ALL_IN_ONE/msg_sender.v Line: 131
Info (12133): Instantiated megafunction "msg_sender:msg_fsm|lpm_divide:Mod2" with the following parameter: File: C:/Users/dutta/OneDrive/Desktop/task5/mb_4975_task5b/ALL_IN_ONE/msg_sender.v Line: 131
    Info (12134): Parameter "LPM_WIDTHN" = "4"
    Info (12134): Parameter "LPM_WIDTHD" = "4"
    Info (12134): Parameter "LPM_NREPRESENTATION" = "UNSIGNED"
    Info (12134): Parameter "LPM_DREPRESENTATION" = "UNSIGNED"
Info (12021): Found 1 design units, including 1 entities, in source file db/lpm_divide_i9m.tdf
    Info (12023): Found entity 1: lpm_divide_i9m File: C:/Users/dutta/OneDrive/Desktop/task5/mb_4975_task5b/ALL_IN_ONE/db/lpm_divide_i9m.tdf Line: 25
Info (12021): Found 1 design units, including 1 entities, in source file db/sign_div_unsign_7kh.tdf
    Info (12023): Found entity 1: sign_div_unsign_7kh File: C:/Users/dutta/OneDrive/Desktop/task5/mb_4975_task5b/ALL_IN_ONE/db/sign_div_unsign_7kh.tdf Line: 25
Info (12021): Found 1 design units, including 1 entities, in source file db/alt_u_div_24f.tdf
    Info (12023): Found entity 1: alt_u_div_24f File: C:/Users/dutta/OneDrive/Desktop/task5/mb_4975_task5b/ALL_IN_ONE/db/alt_u_div_24f.tdf Line: 27
Info (12021): Found 1 design units, including 1 entities, in source file db/add_sub_7pc.tdf
    Info (12023): Found entity 1: add_sub_7pc File: C:/Users/dutta/OneDrive/Desktop/task5/mb_4975_task5b/ALL_IN_ONE/db/add_sub_7pc.tdf Line: 23
Info (12021): Found 1 design units, including 1 entities, in source file db/add_sub_8pc.tdf
    Info (12023): Found entity 1: add_sub_8pc File: C:/Users/dutta/OneDrive/Desktop/task5/mb_4975_task5b/ALL_IN_ONE/db/add_sub_8pc.tdf Line: 23
Info (12130): Elaborated megafunction instantiation "msg_sender:msg_fsm|lpm_divide:Mod1" File: C:/Users/dutta/OneDrive/Desktop/task5/mb_4975_task5b/ALL_IN_ONE/msg_sender.v Line: 124
Info (12133): Instantiated megafunction "msg_sender:msg_fsm|lpm_divide:Mod1" with the following parameter: File: C:/Users/dutta/OneDrive/Desktop/task5/mb_4975_task5b/ALL_IN_ONE/msg_sender.v Line: 124
    Info (12134): Parameter "LPM_WIDTHN" = "8"
    Info (12134): Parameter "LPM_WIDTHD" = "4"
    Info (12134): Parameter "LPM_NREPRESENTATION" = "UNSIGNED"
    Info (12134): Parameter "LPM_DREPRESENTATION" = "UNSIGNED"
Info (12021): Found 1 design units, including 1 entities, in source file db/lpm_divide_m9m.tdf
    Info (12023): Found entity 1: lpm_divide_m9m File: C:/Users/dutta/OneDrive/Desktop/task5/mb_4975_task5b/ALL_IN_ONE/db/lpm_divide_m9m.tdf Line: 25
Info (12021): Found 1 design units, including 1 entities, in source file db/sign_div_unsign_bkh.tdf
    Info (12023): Found entity 1: sign_div_unsign_bkh File: C:/Users/dutta/OneDrive/Desktop/task5/mb_4975_task5b/ALL_IN_ONE/db/sign_div_unsign_bkh.tdf Line: 25
Info (12021): Found 1 design units, including 1 entities, in source file db/alt_u_div_a4f.tdf
    Info (12023): Found entity 1: alt_u_div_a4f File: C:/Users/dutta/OneDrive/Desktop/task5/mb_4975_task5b/ALL_IN_ONE/db/alt_u_div_a4f.tdf Line: 27
Info (12130): Elaborated megafunction instantiation "msg_sender:msg_fsm|lpm_divide:Div1" File: C:/Users/dutta/OneDrive/Desktop/task5/mb_4975_task5b/ALL_IN_ONE/msg_sender.v Line: 123
Info (12133): Instantiated megafunction "msg_sender:msg_fsm|lpm_divide:Div1" with the following parameter: File: C:/Users/dutta/OneDrive/Desktop/task5/mb_4975_task5b/ALL_IN_ONE/msg_sender.v Line: 123
    Info (12134): Parameter "LPM_WIDTHN" = "8"
    Info (12134): Parameter "LPM_WIDTHD" = "4"
    Info (12134): Parameter "LPM_NREPRESENTATION" = "UNSIGNED"
    Info (12134): Parameter "LPM_DREPRESENTATION" = "UNSIGNED"
Info (12021): Found 1 design units, including 1 entities, in source file db/lpm_divide_jhm.tdf
    Info (12023): Found entity 1: lpm_divide_jhm File: C:/Users/dutta/OneDrive/Desktop/task5/mb_4975_task5b/ALL_IN_ONE/db/lpm_divide_jhm.tdf Line: 25
Info (12130): Elaborated megafunction instantiation "msg_sender:msg_fsm|lpm_divide:Div0" File: C:/Users/dutta/OneDrive/Desktop/task5/mb_4975_task5b/ALL_IN_ONE/msg_sender.v Line: 117
Info (12133): Instantiated megafunction "msg_sender:msg_fsm|lpm_divide:Div0" with the following parameter: File: C:/Users/dutta/OneDrive/Desktop/task5/mb_4975_task5b/ALL_IN_ONE/msg_sender.v Line: 117
    Info (12134): Parameter "LPM_WIDTHN" = "8"
    Info (12134): Parameter "LPM_WIDTHD" = "4"
    Info (12134): Parameter "LPM_NREPRESENTATION" = "UNSIGNED"
    Info (12134): Parameter "LPM_DREPRESENTATION" = "UNSIGNED"
Info (12130): Elaborated megafunction instantiation "msg_sender:msg_fsm|lpm_divide:Mod0" File: C:/Users/dutta/OneDrive/Desktop/task5/mb_4975_task5b/ALL_IN_ONE/msg_sender.v Line: 118
Info (12133): Instantiated megafunction "msg_sender:msg_fsm|lpm_divide:Mod0" with the following parameter: File: C:/Users/dutta/OneDrive/Desktop/task5/mb_4975_task5b/ALL_IN_ONE/msg_sender.v Line: 118
    Info (12134): Parameter "LPM_WIDTHN" = "8"
    Info (12134): Parameter "LPM_WIDTHD" = "4"
    Info (12134): Parameter "LPM_NREPRESENTATION" = "UNSIGNED"
    Info (12134): Parameter "LPM_DREPRESENTATION" = "UNSIGNED"
Warning (12241): 6 hierarchies have connectivity warnings - see the Connectivity Checks report folder
Info (13014): Ignored 78 buffer(s)
    Info (13019): Ignored 78 SOFT buffer(s)
Info (13000): Registers with preset signals will power-up high File: C:/Users/dutta/OneDrive/Desktop/task5/mb_4975_task5b/ALL_IN_ONE/uart_tx.v Line: 6
Info (13003): DEV_CLRn pin will set, and not reset, register with preset signal due to NOT Gate Push-Back
Warning (13024): Output pins are stuck at VCC or GND
    Warning (13410): Pin "din" is stuck at GND File: C:/Users/dutta/OneDrive/Desktop/task5/mb_4975_task5b/ALL_IN_ONE/robot_motor_top.v Line: 23
Info (286031): Timing-Driven Synthesis is running on partition "Top"
Info (17049): 26 registers lost all their fanouts during netlist optimizations.
Info (144001): Generated suppressed messages file C:/Users/dutta/OneDrive/Desktop/task5/mb_4975_task5b/ALL_IN_ONE/output_files/robot_motor_top.map.smsg
Info (35024): Successfully connected in-system debug instance "auto_signaltap_0" to all 150 required data inputs, trigger inputs, acquisition clocks, and dynamic pins
Info (16010): Generating hard_block partition "hard_block:auto_generated_inst"
    Info (16011): Adding 0 node(s), including 0 DDIO, 0 PLL, 0 transceiver and 0 LCELL
Warning (21074): Design contains 4 input pin(s) that do not drive logic
    Warning (15610): No output dependent on input pin "ENA_1" File: C:/Users/dutta/OneDrive/Desktop/task5/mb_4975_task5b/ALL_IN_ONE/robot_motor_top.v Line: 7
    Warning (15610): No output dependent on input pin "ENB_1" File: C:/Users/dutta/OneDrive/Desktop/task5/mb_4975_task5b/ALL_IN_ONE/robot_motor_top.v Line: 8
    Warning (15610): No output dependent on input pin "ENA_2" File: C:/Users/dutta/OneDrive/Desktop/task5/mb_4975_task5b/ALL_IN_ONE/robot_motor_top.v Line: 9
    Warning (15610): No output dependent on input pin "ENB_2" File: C:/Users/dutta/OneDrive/Desktop/task5/mb_4975_task5b/ALL_IN_ONE/robot_motor_top.v Line: 10
Info (21057): Implemented 3225 device resources after synthesis - the final resource count might be different
    Info (21058): Implemented 17 input pins
    Info (21059): Implemented 16 output pins
    Info (21060): Implemented 1 bidirectional pins
    Info (21061): Implemented 3119 logic cells
    Info (21064): Implemented 59 RAM segments
    Info (21062): Implemented 12 DSP elements
Info: Quartus Prime Analysis & Synthesis was successful. 0 errors, 98 warnings
    Info: Peak virtual memory: 4909 megabytes
    Info: Processing ended: Sun Feb 22 14:27:43 2026
    Info: Elapsed time: 00:00:23
    Info: Total CPU time (on all processors): 00:00:36


+------------------------------------------+
; Analysis & Synthesis Suppressed Messages ;
+------------------------------------------+
The suppressed messages can be found in C:/Users/dutta/OneDrive/Desktop/task5/mb_4975_task5b/ALL_IN_ONE/output_files/robot_motor_top.map.smsg.


