Fitter report for task_5
Sat Jan 31 03:14:34 2026
Quartus Prime Version 20.1.1 Build 720 11/11/2020 SJ Lite Edition


---------------------
; Table of Contents ;
---------------------
  1. Legal Notice
  2. Fitter Summary
  3. Fitter Settings
  4. Parallel Compilation
  5. Incremental Compilation Preservation Summary
  6. Incremental Compilation Partition Settings
  7. Incremental Compilation Placement Preservation
  8. Pin-Out File
  9. Fitter Resource Usage Summary
 10. Fitter Partition Statistics
 11. Input Pins
 12. Output Pins
 13. Bidir Pins
 14. Dual Purpose and Dedicated Pins
 15. I/O Bank Usage
 16. All Package Pins
 17. I/O Assignment Warnings
 18. Fitter Resource Utilization by Entity
 19. Delay Chain Summary
 20. Pad To Core Delay Chain Fanout
 21. Control Signals
 22. Global & Other Fast Signals
 23. Fitter RAM Summary
 24. Routing Usage Summary
 25. LAB Logic Elements
 26. LAB-wide Signals
 27. LAB Signals Sourced
 28. LAB Signals Sourced Out
 29. LAB Distinct Inputs
 30. I/O Rules Summary
 31. I/O Rules Details
 32. I/O Rules Matrix
 33. Fitter Device Options
 34. Operating Settings and Conditions
 35. Fitter Messages
 36. Fitter Suppressed Messages



----------------
; Legal Notice ;
----------------
Copyright (C) 2020  Intel Corporation. All rights reserved.
Your use of Intel Corporation's design tools, logic functions 
and other software and tools, and any partner logic 
functions, and any output files from any of the foregoing 
(including device programming or simulation files), and any 
associated documentation or information are expressly subject 
to the terms and conditions of the Intel Program License 
Subscription Agreement, the Intel Quartus Prime License Agreement,
the Intel FPGA IP License Agreement, or other applicable license
agreement, including, without limitation, that your use is for
the sole purpose of programming logic devices manufactured by
Intel and sold by Intel or its authorized distributors.  Please
refer to the applicable agreement for further details, at
https://fpgasoftware.intel.com/eula.



+----------------------------------------------------------------------------------+
; Fitter Summary                                                                   ;
+------------------------------------+---------------------------------------------+
; Fitter Status                      ; Successful - Sat Jan 31 03:14:34 2026       ;
; Quartus Prime Version              ; 20.1.1 Build 720 11/11/2020 SJ Lite Edition ;
; Revision Name                      ; task_5                                      ;
; Top-level Entity Name              ; task_5                                      ;
; Family                             ; Cyclone IV E                                ;
; Device                             ; EP4CE22F17C6                                ;
; Timing Models                      ; Final                                       ;
; Total logic elements               ; 3,107 / 22,320 ( 14 % )                     ;
;     Total combinational functions  ; 2,189 / 22,320 ( 10 % )                     ;
;     Dedicated logic registers      ; 1,725 / 22,320 ( 8 % )                      ;
; Total registers                    ; 1725                                        ;
; Total pins                         ; 13 / 154 ( 8 % )                            ;
; Total virtual pins                 ; 0                                           ;
; Total memory bits                  ; 11,392 / 608,256 ( 2 % )                    ;
; Embedded Multiplier 9-bit elements ; 0 / 132 ( 0 % )                             ;
; Total PLLs                         ; 0 / 4 ( 0 % )                               ;
+------------------------------------+---------------------------------------------+


+----------------------------------------------------------------------------------------------------------------------------------------------------+
; Fitter Settings                                                                                                                                    ;
+--------------------------------------------------------------------+---------------------------------------+---------------------------------------+
; Option                                                             ; Setting                               ; Default Value                         ;
+--------------------------------------------------------------------+---------------------------------------+---------------------------------------+
; Device                                                             ; EP4CE22F17C6                          ;                                       ;
; Nominal Core Supply Voltage                                        ; 1.2V                                  ;                                       ;
; Minimum Core Junction Temperature                                  ; 0                                     ;                                       ;
; Maximum Core Junction Temperature                                  ; 85                                    ;                                       ;
; Fit Attempts to Skip                                               ; 0                                     ; 0.0                                   ;
; Use smart compilation                                              ; Off                                   ; Off                                   ;
; Enable parallel Assembler and Timing Analyzer during compilation   ; On                                    ; On                                    ;
; Enable compact report table                                        ; Off                                   ; Off                                   ;
; Auto Merge PLLs                                                    ; On                                    ; On                                    ;
; Router Timing Optimization Level                                   ; Normal                                ; Normal                                ;
; Perform Clocking Topology Analysis During Routing                  ; Off                                   ; Off                                   ;
; Placement Effort Multiplier                                        ; 1.0                                   ; 1.0                                   ;
; Router Effort Multiplier                                           ; 1.0                                   ; 1.0                                   ;
; Optimize Hold Timing                                               ; All Paths                             ; All Paths                             ;
; Optimize Multi-Corner Timing                                       ; On                                    ; On                                    ;
; Power Optimization During Fitting                                  ; Normal compilation                    ; Normal compilation                    ;
; SSN Optimization                                                   ; Off                                   ; Off                                   ;
; Optimize Timing                                                    ; Normal compilation                    ; Normal compilation                    ;
; Optimize Timing for ECOs                                           ; Off                                   ; Off                                   ;
; Regenerate Full Fit Report During ECO Compiles                     ; Off                                   ; Off                                   ;
; Optimize IOC Register Placement for Timing                         ; Normal                                ; Normal                                ;
; Limit to One Fitting Attempt                                       ; Off                                   ; Off                                   ;
; Final Placement Optimizations                                      ; Automatically                         ; Automatically                         ;
; Fitter Aggressive Routability Optimizations                        ; Automatically                         ; Automatically                         ;
; Fitter Initial Placement Seed                                      ; 1                                     ; 1                                     ;
; Periphery to Core Placement and Routing Optimization               ; Off                                   ; Off                                   ;
; PCI I/O                                                            ; Off                                   ; Off                                   ;
; Weak Pull-Up Resistor                                              ; Off                                   ; Off                                   ;
; Enable Bus-Hold Circuitry                                          ; Off                                   ; Off                                   ;
; Auto Packed Registers                                              ; Auto                                  ; Auto                                  ;
; Auto Delay Chains                                                  ; On                                    ; On                                    ;
; Auto Delay Chains for High Fanout Input Pins                       ; Off                                   ; Off                                   ;
; Allow Single-ended Buffer for Differential-XSTL Input              ; Off                                   ; Off                                   ;
; Treat Bidirectional Pin as Output Pin                              ; Off                                   ; Off                                   ;
; Perform Physical Synthesis for Combinational Logic for Fitting     ; Off                                   ; Off                                   ;
; Perform Physical Synthesis for Combinational Logic for Performance ; Off                                   ; Off                                   ;
; Perform Register Duplication for Performance                       ; Off                                   ; Off                                   ;
; Perform Logic to Memory Mapping for Fitting                        ; Off                                   ; Off                                   ;
; Perform Register Retiming for Performance                          ; Off                                   ; Off                                   ;
; Perform Asynchronous Signal Pipelining                             ; Off                                   ; Off                                   ;
; Fitter Effort                                                      ; Auto Fit                              ; Auto Fit                              ;
; Physical Synthesis Effort Level                                    ; Normal                                ; Normal                                ;
; Logic Cell Insertion - Logic Duplication                           ; Auto                                  ; Auto                                  ;
; Auto Register Duplication                                          ; Auto                                  ; Auto                                  ;
; Auto Global Clock                                                  ; On                                    ; On                                    ;
; Auto Global Register Control Signals                               ; On                                    ; On                                    ;
; Reserve all unused pins                                            ; As input tri-stated with weak pull-up ; As input tri-stated with weak pull-up ;
; Synchronizer Identification                                        ; Auto                                  ; Auto                                  ;
; Enable Beneficial Skew Optimization                                ; On                                    ; On                                    ;
; Optimize Design for Metastability                                  ; On                                    ; On                                    ;
; Force Fitter to Avoid Periphery Placement Warnings                 ; Off                                   ; Off                                   ;
; Enable input tri-state on active configuration pins in user mode   ; Off                                   ; Off                                   ;
+--------------------------------------------------------------------+---------------------------------------+---------------------------------------+


+------------------------------------------+
; Parallel Compilation                     ;
+----------------------------+-------------+
; Processors                 ; Number      ;
+----------------------------+-------------+
; Number detected on machine ; 12          ;
; Maximum allowed            ; 10          ;
;                            ;             ;
; Average used               ; 1.19        ;
; Maximum used               ; 10          ;
;                            ;             ;
; Usage by Processor         ; % Time Used ;
;     Processor 1            ; 100.0%      ;
;     Processor 2            ;   2.4%      ;
;     Processor 3            ;   2.2%      ;
;     Processor 4            ;   2.1%      ;
;     Processor 5            ;   2.1%      ;
;     Processor 6            ;   2.0%      ;
;     Processor 7            ;   2.0%      ;
;     Processors 8-10        ;   2.0%      ;
+----------------------------+-------------+


+---------------------------------------------------------------------------------------------------+
; Incremental Compilation Preservation Summary                                                      ;
+---------------------+---------------------+----------------------------+--------------------------+
; Type                ; Total [A + B]       ; From Design Partitions [A] ; From Rapid Recompile [B] ;
+---------------------+---------------------+----------------------------+--------------------------+
; Placement (by node) ;                     ;                            ;                          ;
;     -- Requested    ; 0.00 % ( 0 / 4052 ) ; 0.00 % ( 0 / 4052 )        ; 0.00 % ( 0 / 4052 )      ;
;     -- Achieved     ; 0.00 % ( 0 / 4052 ) ; 0.00 % ( 0 / 4052 )        ; 0.00 % ( 0 / 4052 )      ;
;                     ;                     ;                            ;                          ;
; Routing (by net)    ;                     ;                            ;                          ;
;     -- Requested    ; 0.00 % ( 0 / 0 )    ; 0.00 % ( 0 / 0 )           ; 0.00 % ( 0 / 0 )         ;
;     -- Achieved     ; 0.00 % ( 0 / 0 )    ; 0.00 % ( 0 / 0 )           ; 0.00 % ( 0 / 0 )         ;
+---------------------+---------------------+----------------------------+--------------------------+


+----------------------------------------------------------------------------------------------------------------------------------------------------------------------------------------+
; Incremental Compilation Partition Settings                                                                                                                                             ;
+--------------------------------+----------------+-------------------+-------------------------+------------------------+------------------------------+--------------------------------+
; Partition Name                 ; Partition Type ; Netlist Type Used ; Preservation Level Used ; Netlist Type Requested ; Preservation Level Requested ; Contents                       ;
+--------------------------------+----------------+-------------------+-------------------------+------------------------+------------------------------+--------------------------------+
; Top                            ; User-created   ; Source File       ; N/A                     ; Source File            ; N/A                          ;                                ;
; sld_hub:auto_hub               ; Auto-generated ; Post-Synthesis    ; N/A                     ; Post-Synthesis         ; N/A                          ; sld_hub:auto_hub               ;
; sld_signaltap:auto_signaltap_0 ; Auto-generated ; Post-Synthesis    ; N/A                     ; Post-Synthesis         ; N/A                          ; sld_signaltap:auto_signaltap_0 ;
; hard_block:auto_generated_inst ; Auto-generated ; Source File       ; N/A                     ; Source File            ; N/A                          ; hard_block:auto_generated_inst ;
+--------------------------------+----------------+-------------------+-------------------------+------------------------+------------------------------+--------------------------------+


+------------------------------------------------------------------------------------------------------------------------------------+
; Incremental Compilation Placement Preservation                                                                                     ;
+--------------------------------+-----------------------+-------------------------+-------------------+---------------------+-------+
; Partition Name                 ; Preservation Achieved ; Preservation Level Used ; Netlist Type Used ; Preservation Method ; Notes ;
+--------------------------------+-----------------------+-------------------------+-------------------+---------------------+-------+
; Top                            ; 0.00 % ( 0 / 1799 )   ; N/A                     ; Source File       ; N/A                 ;       ;
; sld_hub:auto_hub               ; 0.00 % ( 0 / 218 )    ; N/A                     ; Post-Synthesis    ; N/A                 ;       ;
; sld_signaltap:auto_signaltap_0 ; 0.00 % ( 0 / 2025 )   ; N/A                     ; Post-Synthesis    ; N/A                 ;       ;
; hard_block:auto_generated_inst ; 0.00 % ( 0 / 10 )     ; N/A                     ; Source File       ; N/A                 ;       ;
+--------------------------------+-----------------------+-------------------------+-------------------+---------------------+-------+


+--------------+
; Pin-Out File ;
+--------------+
The pin-out file can be found in C:/Users/dutta/OneDrive/Desktop/task5/task 5/output_files/task_5.pin.


+------------------------------------------------------------------------+
; Fitter Resource Usage Summary                                          ;
+---------------------------------------------+--------------------------+
; Resource                                    ; Usage                    ;
+---------------------------------------------+--------------------------+
; Total logic elements                        ; 3,107 / 22,320 ( 14 % )  ;
;     -- Combinational with no register       ; 1382                     ;
;     -- Register only                        ; 918                      ;
;     -- Combinational with a register        ; 807                      ;
;                                             ;                          ;
; Logic element usage by number of LUT inputs ;                          ;
;     -- 4 input functions                    ; 742                      ;
;     -- 3 input functions                    ; 523                      ;
;     -- <=2 input functions                  ; 924                      ;
;     -- Register only                        ; 918                      ;
;                                             ;                          ;
; Logic elements by mode                      ;                          ;
;     -- normal mode                          ; 1679                     ;
;     -- arithmetic mode                      ; 510                      ;
;                                             ;                          ;
; Total registers*                            ; 1,725 / 23,018 ( 7 % )   ;
;     -- Dedicated logic registers            ; 1,725 / 22,320 ( 8 % )   ;
;     -- I/O registers                        ; 0 / 698 ( 0 % )          ;
;                                             ;                          ;
; Total LABs:  partially or completely used   ; 259 / 1,395 ( 19 % )     ;
; Virtual pins                                ; 0                        ;
; I/O pins                                    ; 13 / 154 ( 8 % )         ;
;     -- Clock pins                           ; 2 / 7 ( 29 % )           ;
;     -- Dedicated input pins                 ; 3 / 9 ( 33 % )           ;
;                                             ;                          ;
; M9Ks                                        ; 3 / 66 ( 5 % )           ;
; Total block memory bits                     ; 11,392 / 608,256 ( 2 % ) ;
; Total block memory implementation bits      ; 27,648 / 608,256 ( 5 % ) ;
; Embedded Multiplier 9-bit elements          ; 0 / 132 ( 0 % )          ;
; PLLs                                        ; 0 / 4 ( 0 % )            ;
; Global signals                              ; 5                        ;
;     -- Global clocks                        ; 5 / 20 ( 25 % )          ;
; JTAGs                                       ; 1 / 1 ( 100 % )          ;
; CRC blocks                                  ; 0 / 1 ( 0 % )            ;
; ASMI blocks                                 ; 0 / 1 ( 0 % )            ;
; Oscillator blocks                           ; 0 / 1 ( 0 % )            ;
; Impedance control blocks                    ; 0 / 4 ( 0 % )            ;
; Average interconnect usage (total/H/V)      ; 2.0% / 2.0% / 2.0%       ;
; Peak interconnect usage (total/H/V)         ; 9.0% / 9.0% / 9.1%       ;
; Maximum fan-out                             ; 1044                     ;
; Highest non-global fan-out                  ; 288                      ;
; Total fan-out                               ; 12006                    ;
; Average fan-out                             ; 2.59                     ;
+---------------------------------------------+--------------------------+
*  Register count does not include registers inside RAM blocks or DSP blocks.



+--------------------------------------------------------------------------------------------------------------------------------------------------------------+
; Fitter Partition Statistics                                                                                                                                  ;
+---------------------------------------------+----------------------+-----------------------+--------------------------------+--------------------------------+
; Statistic                                   ; Top                  ; sld_hub:auto_hub      ; sld_signaltap:auto_signaltap_0 ; hard_block:auto_generated_inst ;
+---------------------------------------------+----------------------+-----------------------+--------------------------------+--------------------------------+
; Difficulty Clustering Region                ; Low                  ; Low                   ; Low                            ; Low                            ;
;                                             ;                      ;                       ;                                ;                                ;
; Total logic elements                        ; 1483 / 22320 ( 7 % ) ; 150 / 22320 ( < 1 % ) ; 1474 / 22320 ( 7 % )           ; 0 / 22320 ( 0 % )              ;
;     -- Combinational with no register       ; 1190                 ; 60                    ; 132                            ; 0                              ;
;     -- Register only                        ; 17                   ; 22                    ; 879                            ; 0                              ;
;     -- Combinational with a register        ; 276                  ; 68                    ; 463                            ; 0                              ;
;                                             ;                      ;                       ;                                ;                                ;
; Logic element usage by number of LUT inputs ;                      ;                       ;                                ;                                ;
;     -- 4 input functions                    ; 366                  ; 53                    ; 323                            ; 0                              ;
;     -- 3 input functions                    ; 315                  ; 38                    ; 170                            ; 0                              ;
;     -- <=2 input functions                  ; 785                  ; 37                    ; 102                            ; 0                              ;
;     -- Register only                        ; 17                   ; 22                    ; 879                            ; 0                              ;
;                                             ;                      ;                       ;                                ;                                ;
; Logic elements by mode                      ;                      ;                       ;                                ;                                ;
;     -- normal mode                          ; 1032                 ; 120                   ; 527                            ; 0                              ;
;     -- arithmetic mode                      ; 434                  ; 8                     ; 68                             ; 0                              ;
;                                             ;                      ;                       ;                                ;                                ;
; Total registers                             ; 293                  ; 90                    ; 1342                           ; 0                              ;
;     -- Dedicated logic registers            ; 293 / 22320 ( 1 % )  ; 90 / 22320 ( < 1 % )  ; 1342 / 22320 ( 6 % )           ; 0 / 22320 ( 0 % )              ;
;     -- I/O registers                        ; 0                    ; 0                     ; 0                              ; 0                              ;
;                                             ;                      ;                       ;                                ;                                ;
; Total LABs:  partially or completely used   ; 125 / 1395 ( 9 % )   ; 13 / 1395 ( < 1 % )   ; 135 / 1395 ( 10 % )            ; 0 / 1395 ( 0 % )               ;
;                                             ;                      ;                       ;                                ;                                ;
; Virtual pins                                ; 0                    ; 0                     ; 0                              ; 0                              ;
; I/O pins                                    ; 13                   ; 0                     ; 0                              ; 0                              ;
; Embedded Multiplier 9-bit elements          ; 0 / 132 ( 0 % )      ; 0 / 132 ( 0 % )       ; 0 / 132 ( 0 % )                ; 0 / 132 ( 0 % )                ;
; Total memory bits                           ; 0                    ; 0                     ; 11392                          ; 0                              ;
; Total RAM block bits                        ; 0                    ; 0                     ; 27648                          ; 0                              ;
; JTAG                                        ; 1 / 1 ( 100 % )      ; 0 / 1 ( 0 % )         ; 0 / 1 ( 0 % )                  ; 0 / 1 ( 0 % )                  ;
; M9K                                         ; 0 / 66 ( 0 % )       ; 0 / 66 ( 0 % )        ; 3 / 66 ( 4 % )                 ; 0 / 66 ( 0 % )                 ;
; Clock control block                         ; 4 / 24 ( 16 % )      ; 0 / 24 ( 0 % )        ; 1 / 24 ( 4 % )                 ; 0 / 24 ( 0 % )                 ;
;                                             ;                      ;                       ;                                ;                                ;
; Connections                                 ;                      ;                       ;                                ;                                ;
;     -- Input Connections                    ; 2                    ; 133                   ; 1703                           ; 0                              ;
;     -- Registered Input Connections         ; 0                    ; 100                   ; 1431                           ; 0                              ;
;     -- Output Connections                   ; 1654                 ; 150                   ; 34                             ; 0                              ;
;     -- Registered Output Connections        ; 112                  ; 150                   ; 0                              ; 0                              ;
;                                             ;                      ;                       ;                                ;                                ;
; Internal Connections                        ;                      ;                       ;                                ;                                ;
;     -- Total Connections                    ; 6426                 ; 852                   ; 6533                           ; 5                              ;
;     -- Registered Connections               ; 1453                 ; 609                   ; 3613                           ; 0                              ;
;                                             ;                      ;                       ;                                ;                                ;
; External Connections                        ;                      ;                       ;                                ;                                ;
;     -- Top                                  ; 2                    ; 122                   ; 1532                           ; 0                              ;
;     -- sld_hub:auto_hub                     ; 122                  ; 20                    ; 141                            ; 0                              ;
;     -- sld_signaltap:auto_signaltap_0       ; 1532                 ; 141                   ; 64                             ; 0                              ;
;     -- hard_block:auto_generated_inst       ; 0                    ; 0                     ; 0                              ; 0                              ;
;                                             ;                      ;                       ;                                ;                                ;
; Partition Interface                         ;                      ;                       ;                                ;                                ;
;     -- Input Ports                          ; 9                    ; 45                    ; 336                            ; 0                              ;
;     -- Output Ports                         ; 65                   ; 62                    ; 193                            ; 0                              ;
;     -- Bidir Ports                          ; 1                    ; 0                     ; 0                              ; 0                              ;
;                                             ;                      ;                       ;                                ;                                ;
; Registered Ports                            ;                      ;                       ;                                ;                                ;
;     -- Registered Input Ports               ; 0                    ; 4                     ; 72                             ; 0                              ;
;     -- Registered Output Ports              ; 0                    ; 29                    ; 179                            ; 0                              ;
;                                             ;                      ;                       ;                                ;                                ;
; Port Connectivity                           ;                      ;                       ;                                ;                                ;
;     -- Input Ports driven by GND            ; 0                    ; 0                     ; 73                             ; 0                              ;
;     -- Output Ports driven by GND           ; 0                    ; 28                    ; 2                              ; 0                              ;
;     -- Input Ports driven by VCC            ; 0                    ; 0                     ; 19                             ; 0                              ;
;     -- Output Ports driven by VCC           ; 0                    ; 0                     ; 1                              ; 0                              ;
;     -- Input Ports with no Source           ; 0                    ; 25                    ; 93                             ; 0                              ;
;     -- Output Ports with no Source          ; 0                    ; 0                     ; 0                              ; 0                              ;
;     -- Input Ports with no Fanout           ; 0                    ; 30                    ; 107                            ; 0                              ;
;     -- Output Ports with no Fanout          ; 0                    ; 29                    ; 181                            ; 0                              ;
+---------------------------------------------+----------------------+-----------------------+--------------------------------+--------------------------------+


+------------------------------------------------------------------------------------------------------------------------------------------------------------------------------------------------------------------------------------------------------------------------------------------+
; Input Pins                                                                                                                                                                                                                                                                               ;
+---------+-------+----------+--------------+--------------+--------------+-----------------------+--------------------+--------+----------------+---------------+-----------------+----------+--------------+--------------+---------------------------+----------------------+-----------+
; Name    ; Pin # ; I/O Bank ; X coordinate ; Y coordinate ; Z coordinate ; Combinational Fan-Out ; Registered Fan-Out ; Global ; Input Register ; Power Up High ; PCI I/O Enabled ; Bus Hold ; Weak Pull Up ; I/O Standard ; Termination Control Block ; Location assigned by ; Slew Rate ;
+---------+-------+----------+--------------+--------------+--------------+-----------------------+--------------------+--------+----------------+---------------+-----------------+----------+--------------+--------------+---------------------------+----------------------+-----------+
; clk_50M ; R8    ; 3        ; 27           ; 0            ; 21           ; 1044                  ; 0                  ; yes    ; no             ; no            ; yes             ; no       ; Off          ; 2.5 V        ; --                        ; User                 ; no        ;
; dout    ; A9    ; 7        ; 25           ; 34           ; 0            ; 12                    ; 0                  ; no     ; no             ; no            ; yes             ; no       ; Off          ; 2.5 V        ; --                        ; User                 ; no        ;
; ir_f    ; D6    ; 8        ; 9            ; 34           ; 7            ; 1                     ; 0                  ; no     ; no             ; no            ; yes             ; no       ; Off          ; 2.5 V        ; --                        ; User                 ; no        ;
; ir_l    ; C6    ; 8        ; 18           ; 34           ; 21           ; 1                     ; 0                  ; no     ; no             ; no            ; yes             ; no       ; Off          ; 2.5 V        ; --                        ; User                 ; no        ;
; ir_r    ; D12   ; 7        ; 51           ; 34           ; 21           ; 1                     ; 0                  ; no     ; no             ; no            ; yes             ; no       ; Off          ; 2.5 V        ; --                        ; User                 ; no        ;
; reset   ; J15   ; 5        ; 53           ; 14           ; 0            ; 128                   ; 0                  ; no     ; no             ; no            ; yes             ; no       ; Off          ; 2.5 V        ; --                        ; User                 ; no        ;
+---------+-------+----------+--------------+--------------+--------------+-----------------------+--------------------+--------+----------------+---------------+-----------------+----------+--------------+--------------+---------------------------+----------------------+-----------+


+-----------------------------------------------------------------------------------------------------------------------------------------------------------------------------------------------------------------------------------------------------------------------------------------------------------------------------------------------------------------------------------------------------------------------------------------------------------+
; Output Pins                                                                                                                                                                                                                                                                                                                                                                                                                                               ;
+----------+-------+----------+--------------+--------------+--------------+-----------------+------------------------+---------------+-----------+-----------------+------------+---------------+----------+--------------+--------------+------------------+-----------------------------------+---------------------------+----------------------------+-----------------------------+----------------------+----------------------+---------------------+
; Name     ; Pin # ; I/O Bank ; X coordinate ; Y coordinate ; Z coordinate ; Output Register ; Output Enable Register ; Power Up High ; Slew Rate ; PCI I/O Enabled ; Open Drain ; TRI Primitive ; Bus Hold ; Weak Pull Up ; I/O Standard ; Current Strength ; Termination                       ; Termination Control Block ; Output Buffer Pre-emphasis ; Voltage Output Differential ; Location assigned by ; Output Enable Source ; Output Enable Group ;
+----------+-------+----------+--------------+--------------+--------------+-----------------+------------------------+---------------+-----------+-----------------+------------+---------------+----------+--------------+--------------+------------------+-----------------------------------+---------------------------+----------------------------+-----------------------------+----------------------+----------------------+---------------------+
; SERVO_1  ; R13   ; 4        ; 40           ; 0            ; 21           ; no              ; no                     ; no            ; 2         ; no              ; no         ; no            ; no       ; Off          ; 2.5 V        ; Default          ; Series 50 Ohm without Calibration ; --                        ; no                         ; no                          ; User                 ; -                    ; -                   ;
; SERVO_2  ; T14   ; 4        ; 45           ; 0            ; 21           ; no              ; no                     ; no            ; 2         ; no              ; no         ; no            ; no       ; Off          ; 2.5 V        ; Default          ; Series 50 Ohm without Calibration ; --                        ; no                         ; no                          ; User                 ; -                    ; -                   ;
; adc_cs_n ; A10   ; 7        ; 34           ; 34           ; 7            ; no              ; no                     ; no            ; 2         ; no              ; no         ; no            ; no       ; Off          ; 2.5 V        ; Default          ; Series 50 Ohm without Calibration ; --                        ; no                         ; no                          ; User                 ; -                    ; -                   ;
; adc_sck  ; B14   ; 7        ; 45           ; 34           ; 0            ; no              ; no                     ; no            ; 2         ; no              ; no         ; no            ; no       ; Off          ; 2.5 V        ; Default          ; Series 50 Ohm without Calibration ; --                        ; no                         ; no                          ; User                 ; -                    ; -                   ;
; din      ; B10   ; 7        ; 34           ; 34           ; 14           ; no              ; no                     ; no            ; 2         ; no              ; no         ; no            ; no       ; Off          ; 2.5 V        ; Default          ; Series 50 Ohm without Calibration ; --                        ; no                         ; no                          ; User                 ; -                    ; -                   ;
; tx       ; J14   ; 5        ; 53           ; 15           ; 7            ; no              ; no                     ; no            ; 2         ; no              ; no         ; no            ; no       ; Off          ; 2.5 V        ; Default          ; Series 50 Ohm without Calibration ; --                        ; no                         ; no                          ; User                 ; -                    ; -                   ;
+----------+-------+----------+--------------+--------------+--------------+-----------------+------------------------+---------------+-----------+-----------------+------------+---------------+----------+--------------+--------------+------------------+-----------------------------------+---------------------------+----------------------------+-----------------------------+----------------------+----------------------+---------------------+


+----------------------------------------------------------------------------------------------------------------------------------------------------------------------------------------------------------------------------------------------------------------------------------------------------------------------------------------------------------------------------------------------------------------------------------------------------------------------------------------------------------+
; Bidir Pins                                                                                                                                                                                                                                                                                                                                                                                                                                                                                               ;
+---------+-------+----------+--------------+--------------+--------------+-----------------------+--------------------+--------+----------------+-----------------+------------------------+---------------+-----------+-----------------+------------+----------+--------------+--------------+------------------+-----------------------------------+---------------------------+----------------------------+----------------------+----------------------+--------------------------------------------+
; Name    ; Pin # ; I/O Bank ; X coordinate ; Y coordinate ; Z coordinate ; Combinational Fan-Out ; Registered Fan-Out ; Global ; Input Register ; Output Register ; Output Enable Register ; Power Up High ; Slew Rate ; PCI I/O Enabled ; Open Drain ; Bus Hold ; Weak Pull Up ; I/O Standard ; Current Strength ; Output Termination                ; Termination Control Block ; Output Buffer Pre-emphasis ; Location assigned by ; Output Enable Source ; Output Enable Group                        ;
+---------+-------+----------+--------------+--------------+--------------+-----------------------+--------------------+--------+----------------+-----------------+------------------------+---------------+-----------+-----------------+------------+----------+--------------+--------------+------------------+-----------------------------------+---------------------------+----------------------------+----------------------+----------------------+--------------------------------------------+
; DHT_PIN ; A12   ; 7        ; 43           ; 34           ; 14           ; 5                     ; 0                  ; no     ; no             ; no              ; no                     ; no            ; 2         ; yes             ; no         ; no       ; Off          ; 2.5 V        ; Default          ; Series 50 Ohm without Calibration ; --                        ; no                         ; User                 ; 0 pF                 ; t2a_dht:u_dht|sensor_out_enable (inverted) ;
+---------+-------+----------+--------------+--------------+--------------+-----------------------+--------------------+--------+----------------+-----------------+------------------------+---------------+-----------+-----------------+------------+----------+--------------+--------------+------------------+-----------------------------------+---------------------------+----------------------------+----------------------+----------------------+--------------------------------------------+


+-------------------------------------------------------------------------------------------------------------------------+
; Dual Purpose and Dedicated Pins                                                                                         ;
+----------+-----------------------------+--------------------------+-------------------------+---------------------------+
; Location ; Pin Name                    ; Reserved As              ; User Signal Name        ; Pin Type                  ;
+----------+-----------------------------+--------------------------+-------------------------+---------------------------+
; C1       ; DIFFIO_L3n, DATA1, ASDO     ; As input tri-stated      ; ~ALTERA_ASDO_DATA1~     ; Dual Purpose Pin          ;
; D2       ; DIFFIO_L4p, FLASH_nCE, nCSO ; As input tri-stated      ; ~ALTERA_FLASH_nCE_nCSO~ ; Dual Purpose Pin          ;
; F4       ; nSTATUS                     ; -                        ; -                       ; Dedicated Programming Pin ;
; H1       ; DCLK                        ; As output driving ground ; ~ALTERA_DCLK~           ; Dual Purpose Pin          ;
; H2       ; DATA0                       ; As input tri-stated      ; ~ALTERA_DATA0~          ; Dual Purpose Pin          ;
; H5       ; nCONFIG                     ; -                        ; -                       ; Dedicated Programming Pin ;
; H4       ; TDI                         ; -                        ; altera_reserved_tdi     ; JTAG Pin                  ;
; H3       ; TCK                         ; -                        ; altera_reserved_tck     ; JTAG Pin                  ;
; J5       ; TMS                         ; -                        ; altera_reserved_tms     ; JTAG Pin                  ;
; J4       ; TDO                         ; -                        ; altera_reserved_tdo     ; JTAG Pin                  ;
; J3       ; nCE                         ; -                        ; -                       ; Dedicated Programming Pin ;
; J15      ; DIFFIO_R9p, DEV_CLRn        ; Use as regular IO        ; reset                   ; Dual Purpose Pin          ;
; H14      ; CONF_DONE                   ; -                        ; -                       ; Dedicated Programming Pin ;
; H13      ; MSEL0                       ; -                        ; -                       ; Dedicated Programming Pin ;
; H12      ; MSEL1                       ; -                        ; -                       ; Dedicated Programming Pin ;
; G12      ; MSEL2                       ; -                        ; -                       ; Dedicated Programming Pin ;
; G12      ; MSEL3                       ; -                        ; -                       ; Dedicated Programming Pin ;
; F16      ; DIFFIO_R4n, nCEO            ; Use as programming pin   ; ~ALTERA_nCEO~           ; Dual Purpose Pin          ;
; A10      ; DIFFIO_T16n, PADD5          ; Use as regular IO        ; adc_cs_n                ; Dual Purpose Pin          ;
; B10      ; DIFFIO_T16p, PADD6          ; Use as regular IO        ; din                     ; Dual Purpose Pin          ;
; D6       ; DIFFIO_T4n, DATA9           ; Use as regular IO        ; ir_f                    ; Dual Purpose Pin          ;
+----------+-----------------------------+--------------------------+-------------------------+---------------------------+


+-----------------------------------------------------------+
; I/O Bank Usage                                            ;
+----------+-----------------+---------------+--------------+
; I/O Bank ; Usage           ; VCCIO Voltage ; VREF Voltage ;
+----------+-----------------+---------------+--------------+
; 1        ; 4 / 14 ( 29 % ) ; 2.5V          ; --           ;
; 2        ; 0 / 16 ( 0 % )  ; 2.5V          ; --           ;
; 3        ; 1 / 25 ( 4 % )  ; 2.5V          ; --           ;
; 4        ; 2 / 20 ( 10 % ) ; 2.5V          ; --           ;
; 5        ; 2 / 18 ( 11 % ) ; 2.5V          ; --           ;
; 6        ; 1 / 13 ( 8 % )  ; 2.5V          ; --           ;
; 7        ; 6 / 24 ( 25 % ) ; 2.5V          ; --           ;
; 8        ; 2 / 24 ( 8 % )  ; 2.5V          ; --           ;
+----------+-----------------+---------------+--------------+


+-----------------------------------------------------------------------------------------------------------------------------------------------------------------------------------------+
; All Package Pins                                                                                                                                                                        ;
+----------+------------+----------+-----------------------------------------------------------+--------+--------------+---------+------------+-----------------+----------+--------------+
; Location ; Pad Number ; I/O Bank ; Pin Name/Usage                                            ; Dir.   ; I/O Standard ; Voltage ; I/O Type   ; User Assignment ; Bus Hold ; Weak Pull Up ;
+----------+------------+----------+-----------------------------------------------------------+--------+--------------+---------+------------+-----------------+----------+--------------+
; A1       ;            ; 8        ; VCCIO8                                                    ; power  ;              ; 2.5V    ; --         ;                 ; --       ; --           ;
; A2       ; 238        ; 8        ; RESERVED_INPUT_WITH_WEAK_PULLUP                           ;        ;              ;         ; Column I/O ;                 ; no       ; On           ;
; A3       ; 239        ; 8        ; RESERVED_INPUT_WITH_WEAK_PULLUP                           ;        ;              ;         ; Column I/O ;                 ; no       ; On           ;
; A4       ; 236        ; 8        ; RESERVED_INPUT_WITH_WEAK_PULLUP                           ;        ;              ;         ; Column I/O ;                 ; no       ; On           ;
; A5       ; 232        ; 8        ; RESERVED_INPUT_WITH_WEAK_PULLUP                           ;        ;              ;         ; Column I/O ;                 ; no       ; On           ;
; A6       ; 225        ; 8        ; RESERVED_INPUT_WITH_WEAK_PULLUP                           ;        ;              ;         ; Column I/O ;                 ; no       ; On           ;
; A7       ; 220        ; 8        ; RESERVED_INPUT_WITH_WEAK_PULLUP                           ;        ;              ;         ; Column I/O ;                 ; no       ; On           ;
; A8       ; 211        ; 8        ; GND+                                                      ;        ;              ;         ; Column I/O ;                 ; --       ; --           ;
; A9       ; 209        ; 7        ; dout                                                      ; input  ; 2.5 V        ;         ; Column I/O ; Y               ; no       ; Off          ;
; A10      ; 198        ; 7        ; adc_cs_n                                                  ; output ; 2.5 V        ;         ; Column I/O ; Y               ; no       ; Off          ;
; A11      ; 188        ; 7        ; RESERVED_INPUT_WITH_WEAK_PULLUP                           ;        ;              ;         ; Column I/O ;                 ; no       ; On           ;
; A12      ; 186        ; 7        ; DHT_PIN                                                   ; bidir  ; 2.5 V        ;         ; Column I/O ; Y               ; no       ; Off          ;
; A13      ; 179        ; 7        ; RESERVED_INPUT_WITH_WEAK_PULLUP                           ;        ;              ;         ; Column I/O ;                 ; no       ; On           ;
; A14      ; 181        ; 7        ; RESERVED_INPUT_WITH_WEAK_PULLUP                           ;        ;              ;         ; Column I/O ;                 ; no       ; On           ;
; A15      ; 191        ; 7        ; RESERVED_INPUT_WITH_WEAK_PULLUP                           ;        ;              ;         ; Column I/O ;                 ; no       ; On           ;
; A16      ;            ; 7        ; VCCIO7                                                    ; power  ;              ; 2.5V    ; --         ;                 ; --       ; --           ;
; B1       ; 5          ; 1        ; RESERVED_INPUT_WITH_WEAK_PULLUP                           ;        ;              ;         ; Row I/O    ;                 ; no       ; On           ;
; B2       ;            ;          ; GND                                                       ; gnd    ;              ;         ; --         ;                 ; --       ; --           ;
; B3       ; 242        ; 8        ; RESERVED_INPUT_WITH_WEAK_PULLUP                           ;        ;              ;         ; Column I/O ;                 ; no       ; On           ;
; B4       ; 237        ; 8        ; RESERVED_INPUT_WITH_WEAK_PULLUP                           ;        ;              ;         ; Column I/O ;                 ; no       ; On           ;
; B5       ; 233        ; 8        ; RESERVED_INPUT_WITH_WEAK_PULLUP                           ;        ;              ;         ; Column I/O ;                 ; no       ; On           ;
; B6       ; 226        ; 8        ; RESERVED_INPUT_WITH_WEAK_PULLUP                           ;        ;              ;         ; Column I/O ;                 ; no       ; On           ;
; B7       ; 221        ; 8        ; RESERVED_INPUT_WITH_WEAK_PULLUP                           ;        ;              ;         ; Column I/O ;                 ; no       ; On           ;
; B8       ; 212        ; 8        ; GND+                                                      ;        ;              ;         ; Column I/O ;                 ; --       ; --           ;
; B9       ; 210        ; 7        ; GND+                                                      ;        ;              ;         ; Column I/O ;                 ; --       ; --           ;
; B10      ; 199        ; 7        ; din                                                       ; output ; 2.5 V        ;         ; Column I/O ; Y               ; no       ; Off          ;
; B11      ; 189        ; 7        ; RESERVED_INPUT_WITH_WEAK_PULLUP                           ;        ;              ;         ; Column I/O ;                 ; no       ; On           ;
; B12      ; 187        ; 7        ; RESERVED_INPUT_WITH_WEAK_PULLUP                           ;        ;              ;         ; Column I/O ;                 ; no       ; On           ;
; B13      ; 180        ; 7        ; RESERVED_INPUT_WITH_WEAK_PULLUP                           ;        ;              ;         ; Column I/O ;                 ; no       ; On           ;
; B14      ; 182        ; 7        ; adc_sck                                                   ; output ; 2.5 V        ;         ; Column I/O ; Y               ; no       ; Off          ;
; B15      ;            ;          ; GND                                                       ; gnd    ;              ;         ; --         ;                 ; --       ; --           ;
; B16      ; 164        ; 6        ; RESERVED_INPUT_WITH_WEAK_PULLUP                           ;        ;              ;         ; Row I/O    ;                 ; no       ; On           ;
; C1       ; 7          ; 1        ; ~ALTERA_ASDO_DATA1~ / RESERVED_INPUT_WITH_WEAK_PULLUP     ; input  ; 2.5 V        ;         ; Row I/O    ; N               ; no       ; On           ;
; C2       ; 6          ; 1        ; RESERVED_INPUT_WITH_WEAK_PULLUP                           ;        ;              ;         ; Row I/O    ;                 ; no       ; On           ;
; C3       ; 245        ; 8        ; RESERVED_INPUT_WITH_WEAK_PULLUP                           ;        ;              ;         ; Column I/O ;                 ; no       ; On           ;
; C4       ;            ; 8        ; VCCIO8                                                    ; power  ;              ; 2.5V    ; --         ;                 ; --       ; --           ;
; C5       ;            ;          ; GND                                                       ; gnd    ;              ;         ; --         ;                 ; --       ; --           ;
; C6       ; 224        ; 8        ; ir_l                                                      ; input  ; 2.5 V        ;         ; Column I/O ; Y               ; no       ; Off          ;
; C7       ;            ; 8        ; VCCIO8                                                    ; power  ;              ; 2.5V    ; --         ;                 ; --       ; --           ;
; C8       ; 215        ; 8        ; RESERVED_INPUT_WITH_WEAK_PULLUP                           ;        ;              ;         ; Column I/O ;                 ; no       ; On           ;
; C9       ; 200        ; 7        ; RESERVED_INPUT_WITH_WEAK_PULLUP                           ;        ;              ;         ; Column I/O ;                 ; no       ; On           ;
; C10      ;            ; 7        ; VCCIO7                                                    ; power  ;              ; 2.5V    ; --         ;                 ; --       ; --           ;
; C11      ; 190        ; 7        ; RESERVED_INPUT_WITH_WEAK_PULLUP                           ;        ;              ;         ; Column I/O ;                 ; --       ; --           ;
; C12      ;            ;          ; GND                                                       ; gnd    ;              ;         ; --         ;                 ; --       ; --           ;
; C13      ;            ; 7        ; VCCIO7                                                    ; power  ;              ; 2.5V    ; --         ;                 ; --       ; --           ;
; C14      ; 175        ; 7        ; RESERVED_INPUT_WITH_WEAK_PULLUP                           ;        ;              ;         ; Column I/O ;                 ; no       ; On           ;
; C15      ; 174        ; 6        ; RESERVED_INPUT_WITH_WEAK_PULLUP                           ;        ;              ;         ; Row I/O    ;                 ; no       ; On           ;
; C16      ; 173        ; 6        ; RESERVED_INPUT_WITH_WEAK_PULLUP                           ;        ;              ;         ; Row I/O    ;                 ; no       ; On           ;
; D1       ; 10         ; 1        ; RESERVED_INPUT_WITH_WEAK_PULLUP                           ;        ;              ;         ; Row I/O    ;                 ; no       ; On           ;
; D2       ; 9          ; 1        ; ~ALTERA_FLASH_nCE_nCSO~ / RESERVED_INPUT_WITH_WEAK_PULLUP ; input  ; 2.5 V        ;         ; Row I/O    ; N               ; no       ; On           ;
; D3       ; 246        ; 8        ; RESERVED_INPUT_WITH_WEAK_PULLUP                           ;        ;              ;         ; Column I/O ;                 ; no       ; On           ;
; D4       ;            ;          ; VCCD_PLL3                                                 ; power  ;              ; 1.2V    ; --         ;                 ; --       ; --           ;
; D5       ; 241        ; 8        ; RESERVED_INPUT_WITH_WEAK_PULLUP                           ;        ;              ;         ; Column I/O ;                 ; no       ; On           ;
; D6       ; 234        ; 8        ; ir_f                                                      ; input  ; 2.5 V        ;         ; Column I/O ; Y               ; no       ; Off          ;
; D7       ;            ;          ; GND                                                       ; gnd    ;              ;         ; --         ;                 ; --       ; --           ;
; D8       ; 216        ; 8        ; RESERVED_INPUT_WITH_WEAK_PULLUP                           ;        ;              ;         ; Column I/O ;                 ; no       ; On           ;
; D9       ; 201        ; 7        ; RESERVED_INPUT_WITH_WEAK_PULLUP                           ;        ;              ;         ; Column I/O ;                 ; no       ; On           ;
; D10      ;            ;          ; GND                                                       ; gnd    ;              ;         ; --         ;                 ; --       ; --           ;
; D11      ; 177        ; 7        ; RESERVED_INPUT_WITH_WEAK_PULLUP                           ;        ;              ;         ; Column I/O ;                 ; no       ; On           ;
; D12      ; 178        ; 7        ; ir_r                                                      ; input  ; 2.5 V        ;         ; Column I/O ; Y               ; no       ; Off          ;
; D13      ;            ;          ; VCCD_PLL2                                                 ; power  ;              ; 1.2V    ; --         ;                 ; --       ; --           ;
; D14      ; 176        ; 7        ; RESERVED_INPUT_WITH_WEAK_PULLUP                           ;        ;              ;         ; Column I/O ;                 ; no       ; On           ;
; D15      ; 170        ; 6        ; RESERVED_INPUT_WITH_WEAK_PULLUP                           ;        ;              ;         ; Row I/O    ;                 ; no       ; On           ;
; D16      ; 169        ; 6        ; RESERVED_INPUT_WITH_WEAK_PULLUP                           ;        ;              ;         ; Row I/O    ;                 ; no       ; On           ;
; E1       ; 26         ; 1        ; GND+                                                      ;        ;              ;         ; Row I/O    ;                 ; --       ; --           ;
; E2       ;            ;          ; GND                                                       ; gnd    ;              ;         ; --         ;                 ; --       ; --           ;
; E3       ;            ; 1        ; VCCIO1                                                    ; power  ;              ; 2.5V    ; --         ;                 ; --       ; --           ;
; E4       ;            ;          ; GND                                                       ; gnd    ;              ;         ; --         ;                 ; --       ; --           ;
; E5       ;            ;          ; GNDA3                                                     ; gnd    ;              ;         ; --         ;                 ; --       ; --           ;
; E6       ; 231        ; 8        ; RESERVED_INPUT_WITH_WEAK_PULLUP                           ;        ;              ;         ; Column I/O ;                 ; no       ; On           ;
; E7       ; 227        ; 8        ; RESERVED_INPUT_WITH_WEAK_PULLUP                           ;        ;              ;         ; Column I/O ;                 ; no       ; On           ;
; E8       ; 218        ; 8        ; RESERVED_INPUT_WITH_WEAK_PULLUP                           ;        ;              ;         ; Column I/O ;                 ; no       ; On           ;
; E9       ; 205        ; 7        ; RESERVED_INPUT_WITH_WEAK_PULLUP                           ;        ;              ;         ; Column I/O ;                 ; no       ; On           ;
; E10      ; 184        ; 7        ; RESERVED_INPUT_WITH_WEAK_PULLUP                           ;        ;              ;         ; Column I/O ;                 ; no       ; On           ;
; E11      ; 183        ; 7        ; RESERVED_INPUT_WITH_WEAK_PULLUP                           ;        ;              ;         ; Column I/O ;                 ; no       ; On           ;
; E12      ;            ;          ; GNDA2                                                     ; gnd    ;              ;         ; --         ;                 ; --       ; --           ;
; E13      ;            ;          ; GND                                                       ; gnd    ;              ;         ; --         ;                 ; --       ; --           ;
; E14      ;            ; 6        ; VCCIO6                                                    ; power  ;              ; 2.5V    ; --         ;                 ; --       ; --           ;
; E15      ; 151        ; 6        ; GND+                                                      ;        ;              ;         ; Row I/O    ;                 ; --       ; --           ;
; E16      ; 150        ; 6        ; GND+                                                      ;        ;              ;         ; Row I/O    ;                 ; --       ; --           ;
; F1       ; 14         ; 1        ; RESERVED_INPUT_WITH_WEAK_PULLUP                           ;        ;              ;         ; Row I/O    ;                 ; no       ; On           ;
; F2       ; 13         ; 1        ; RESERVED_INPUT_WITH_WEAK_PULLUP                           ;        ;              ;         ; Row I/O    ;                 ; no       ; On           ;
; F3       ; 8          ; 1        ; RESERVED_INPUT_WITH_WEAK_PULLUP                           ;        ;              ;         ; Row I/O    ;                 ; --       ; --           ;
; F4       ; 11         ; 1        ; ^nSTATUS                                                  ;        ;              ;         ; --         ;                 ; --       ; --           ;
; F5       ;            ; --       ; VCCA3                                                     ; power  ;              ; 2.5V    ; --         ;                 ; --       ; --           ;
; F6       ;            ;          ; GND                                                       ; gnd    ;              ;         ; --         ;                 ; --       ; --           ;
; F7       ;            ;          ; VCCINT                                                    ; power  ;              ; 1.2V    ; --         ;                 ; --       ; --           ;
; F8       ; 219        ; 8        ; RESERVED_INPUT_WITH_WEAK_PULLUP                           ;        ;              ;         ; Column I/O ;                 ; no       ; On           ;
; F9       ; 197        ; 7        ; RESERVED_INPUT_WITH_WEAK_PULLUP                           ;        ;              ;         ; Column I/O ;                 ; no       ; On           ;
; F10      ;            ;          ; GND                                                       ; gnd    ;              ;         ; --         ;                 ; --       ; --           ;
; F11      ;            ;          ; VCCINT                                                    ; power  ;              ; 1.2V    ; --         ;                 ; --       ; --           ;
; F12      ;            ; --       ; VCCA2                                                     ; power  ;              ; 2.5V    ; --         ;                 ; --       ; --           ;
; F13      ; 161        ; 6        ; RESERVED_INPUT_WITH_WEAK_PULLUP                           ;        ;              ;         ; Row I/O    ;                 ; no       ; On           ;
; F14      ; 167        ; 6        ; RESERVED_INPUT_WITH_WEAK_PULLUP                           ;        ;              ;         ; Row I/O    ;                 ; --       ; --           ;
; F15      ; 163        ; 6        ; RESERVED_INPUT_WITH_WEAK_PULLUP                           ;        ;              ;         ; Row I/O    ;                 ; no       ; On           ;
; F16      ; 162        ; 6        ; ~ALTERA_nCEO~ / RESERVED_OUTPUT_OPEN_DRAIN                ; output ; 2.5 V        ;         ; Row I/O    ; N               ; no       ; Off          ;
; G1       ; 16         ; 1        ; RESERVED_INPUT_WITH_WEAK_PULLUP                           ;        ;              ;         ; Row I/O    ;                 ; no       ; On           ;
; G2       ; 15         ; 1        ; RESERVED_INPUT_WITH_WEAK_PULLUP                           ;        ;              ;         ; Row I/O    ;                 ; no       ; On           ;
; G3       ;            ; 1        ; VCCIO1                                                    ; power  ;              ; 2.5V    ; --         ;                 ; --       ; --           ;
; G4       ;            ;          ; GND                                                       ; gnd    ;              ;         ; --         ;                 ; --       ; --           ;
; G5       ; 12         ; 1        ; RESERVED_INPUT_WITH_WEAK_PULLUP                           ;        ;              ;         ; Row I/O    ;                 ; no       ; On           ;
; G6       ;            ;          ; VCCINT                                                    ; power  ;              ; 1.2V    ; --         ;                 ; --       ; --           ;
; G7       ;            ;          ; VCCINT                                                    ; power  ;              ; 1.2V    ; --         ;                 ; --       ; --           ;
; G8       ;            ;          ; VCCINT                                                    ; power  ;              ; 1.2V    ; --         ;                 ; --       ; --           ;
; G9       ;            ;          ; VCCINT                                                    ; power  ;              ; 1.2V    ; --         ;                 ; --       ; --           ;
; G10      ;            ;          ; VCCINT                                                    ; power  ;              ; 1.2V    ; --         ;                 ; --       ; --           ;
; G11      ;            ;          ; GND                                                       ; gnd    ;              ;         ; --         ;                 ; --       ; --           ;
; G12      ; 155        ; 6        ; ^MSEL2                                                    ;        ;              ;         ; --         ;                 ; --       ; --           ;
; G12      ; 156        ; 6        ; ^MSEL3                                                    ;        ;              ;         ; --         ;                 ; --       ; --           ;
; G13      ;            ;          ; GND                                                       ; gnd    ;              ;         ; --         ;                 ; --       ; --           ;
; G14      ;            ; 6        ; VCCIO6                                                    ; power  ;              ; 2.5V    ; --         ;                 ; --       ; --           ;
; G15      ; 160        ; 6        ; RESERVED_INPUT_WITH_WEAK_PULLUP                           ;        ;              ;         ; Row I/O    ;                 ; no       ; On           ;
; G16      ; 159        ; 6        ; RESERVED_INPUT_WITH_WEAK_PULLUP                           ;        ;              ;         ; Row I/O    ;                 ; no       ; On           ;
; H1       ; 17         ; 1        ; ~ALTERA_DCLK~                                             ; output ; 2.5 V        ;         ; Row I/O    ; N               ; no       ; On           ;
; H2       ; 18         ; 1        ; ~ALTERA_DATA0~ / RESERVED_INPUT_WITH_WEAK_PULLUP          ; input  ; 2.5 V        ;         ; Row I/O    ; N               ; no       ; On           ;
; H3       ; 21         ; 1        ; altera_reserved_tck                                       ; input  ; 2.5 V        ;         ; --         ; N               ; no       ; Off          ;
; H4       ; 20         ; 1        ; altera_reserved_tdi                                       ; input  ; 2.5 V        ;         ; --         ; N               ; no       ; Off          ;
; H5       ; 19         ; 1        ; ^nCONFIG                                                  ;        ;              ;         ; --         ;                 ; --       ; --           ;
; H6       ;            ;          ; VCCINT                                                    ; power  ;              ; 1.2V    ; --         ;                 ; --       ; --           ;
; H7       ;            ;          ; GND                                                       ; gnd    ;              ;         ; --         ;                 ; --       ; --           ;
; H8       ;            ;          ; GND                                                       ; gnd    ;              ;         ; --         ;                 ; --       ; --           ;
; H9       ;            ;          ; GND                                                       ; gnd    ;              ;         ; --         ;                 ; --       ; --           ;
; H10      ;            ;          ; GND                                                       ; gnd    ;              ;         ; --         ;                 ; --       ; --           ;
; H11      ;            ;          ; VCCINT                                                    ; power  ;              ; 1.2V    ; --         ;                 ; --       ; --           ;
; H12      ; 154        ; 6        ; ^MSEL1                                                    ;        ;              ;         ; --         ;                 ; --       ; --           ;
; H13      ; 153        ; 6        ; ^MSEL0                                                    ;        ;              ;         ; --         ;                 ; --       ; --           ;
; H14      ; 152        ; 6        ; ^CONF_DONE                                                ;        ;              ;         ; --         ;                 ; --       ; --           ;
; H15      ;            ;          ; GND                                                       ; gnd    ;              ;         ; --         ;                 ; --       ; --           ;
; H16      ;            ;          ; GND                                                       ; gnd    ;              ;         ; --         ;                 ; --       ; --           ;
; J1       ; 30         ; 2        ; RESERVED_INPUT_WITH_WEAK_PULLUP                           ;        ;              ;         ; Row I/O    ;                 ; no       ; On           ;
; J2       ; 29         ; 2        ; RESERVED_INPUT_WITH_WEAK_PULLUP                           ;        ;              ;         ; Row I/O    ;                 ; no       ; On           ;
; J3       ; 24         ; 1        ; ^nCE                                                      ;        ;              ;         ; --         ;                 ; --       ; --           ;
; J4       ; 23         ; 1        ; altera_reserved_tdo                                       ; output ; 2.5 V        ;         ; --         ; N               ; no       ; Off          ;
; J5       ; 22         ; 1        ; altera_reserved_tms                                       ; input  ; 2.5 V        ;         ; --         ; N               ; no       ; Off          ;
; J6       ;            ;          ; VCCINT                                                    ; power  ;              ; 1.2V    ; --         ;                 ; --       ; --           ;
; J7       ;            ;          ; GND                                                       ; gnd    ;              ;         ; --         ;                 ; --       ; --           ;
; J8       ;            ;          ; GND                                                       ; gnd    ;              ;         ; --         ;                 ; --       ; --           ;
; J9       ;            ;          ; GND                                                       ; gnd    ;              ;         ; --         ;                 ; --       ; --           ;
; J10      ;            ;          ; GND                                                       ; gnd    ;              ;         ; --         ;                 ; --       ; --           ;
; J11      ;            ;          ; GND                                                       ; gnd    ;              ;         ; --         ;                 ; --       ; --           ;
; J12      ;            ;          ; VCCINT                                                    ; power  ;              ; 1.2V    ; --         ;                 ; --       ; --           ;
; J13      ; 146        ; 5        ; RESERVED_INPUT_WITH_WEAK_PULLUP                           ;        ;              ;         ; Row I/O    ;                 ; no       ; On           ;
; J14      ; 144        ; 5        ; tx                                                        ; output ; 2.5 V        ;         ; Row I/O    ; Y               ; no       ; Off          ;
; J15      ; 143        ; 5        ; reset                                                     ; input  ; 2.5 V        ;         ; Row I/O    ; Y               ; no       ; Off          ;
; J16      ; 142        ; 5        ; RESERVED_INPUT_WITH_WEAK_PULLUP                           ;        ;              ;         ; Row I/O    ;                 ; no       ; On           ;
; K1       ; 37         ; 2        ; RESERVED_INPUT_WITH_WEAK_PULLUP                           ;        ;              ;         ; Row I/O    ;                 ; no       ; On           ;
; K2       ; 36         ; 2        ; RESERVED_INPUT_WITH_WEAK_PULLUP                           ;        ;              ;         ; Row I/O    ;                 ; no       ; On           ;
; K3       ;            ; 2        ; VCCIO2                                                    ; power  ;              ; 2.5V    ; --         ;                 ; --       ; --           ;
; K4       ;            ;          ; GND                                                       ; gnd    ;              ;         ; --         ;                 ; --       ; --           ;
; K5       ; 45         ; 2        ; RESERVED_INPUT_WITH_WEAK_PULLUP                           ;        ;              ;         ; Row I/O    ;                 ; no       ; On           ;
; K6       ;            ;          ; GND                                                       ; gnd    ;              ;         ; --         ;                 ; --       ; --           ;
; K7       ;            ;          ; VCCINT                                                    ; power  ;              ; 1.2V    ; --         ;                 ; --       ; --           ;
; K8       ;            ;          ; GND                                                       ; gnd    ;              ;         ; --         ;                 ; --       ; --           ;
; K9       ;            ;          ; VCCINT                                                    ; power  ;              ; 1.2V    ; --         ;                 ; --       ; --           ;
; K10      ;            ;          ; VCCINT                                                    ; power  ;              ; 1.2V    ; --         ;                 ; --       ; --           ;
; K11      ;            ;          ; VCCINT                                                    ; power  ;              ; 1.2V    ; --         ;                 ; --       ; --           ;
; K12      ;            ;          ; GND                                                       ; gnd    ;              ;         ; --         ;                 ; --       ; --           ;
; K13      ;            ;          ; GND                                                       ; gnd    ;              ;         ; --         ;                 ; --       ; --           ;
; K14      ;            ; 5        ; VCCIO5                                                    ; power  ;              ; 2.5V    ; --         ;                 ; --       ; --           ;
; K15      ; 141        ; 5        ; RESERVED_INPUT_WITH_WEAK_PULLUP                           ;        ;              ;         ; Row I/O    ;                 ; no       ; On           ;
; K16      ; 140        ; 5        ; RESERVED_INPUT_WITH_WEAK_PULLUP                           ;        ;              ;         ; Row I/O    ;                 ; no       ; On           ;
; L1       ; 39         ; 2        ; RESERVED_INPUT_WITH_WEAK_PULLUP                           ;        ;              ;         ; Row I/O    ;                 ; no       ; On           ;
; L2       ; 38         ; 2        ; RESERVED_INPUT_WITH_WEAK_PULLUP                           ;        ;              ;         ; Row I/O    ;                 ; no       ; On           ;
; L3       ; 40         ; 2        ; RESERVED_INPUT_WITH_WEAK_PULLUP                           ;        ;              ;         ; Row I/O    ;                 ; --       ; --           ;
; L4       ; 46         ; 2        ; RESERVED_INPUT_WITH_WEAK_PULLUP                           ;        ;              ;         ; Row I/O    ;                 ; no       ; On           ;
; L5       ;            ; --       ; VCCA1                                                     ; power  ;              ; 2.5V    ; --         ;                 ; --       ; --           ;
; L6       ;            ;          ; VCCINT                                                    ; power  ;              ; 1.2V    ; --         ;                 ; --       ; --           ;
; L7       ; 75         ; 3        ; RESERVED_INPUT_WITH_WEAK_PULLUP                           ;        ;              ;         ; Column I/O ;                 ; no       ; On           ;
; L8       ; 79         ; 3        ; RESERVED_INPUT_WITH_WEAK_PULLUP                           ;        ;              ;         ; Column I/O ;                 ; no       ; On           ;
; L9       ;            ;          ; GND                                                       ; gnd    ;              ;         ; --         ;                 ; --       ; --           ;
; L10      ;            ;          ; GND                                                       ; gnd    ;              ;         ; --         ;                 ; --       ; --           ;
; L11      ;            ;          ; GND                                                       ; gnd    ;              ;         ; --         ;                 ; --       ; --           ;
; L12      ;            ; --       ; VCCA4                                                     ; power  ;              ; 2.5V    ; --         ;                 ; --       ; --           ;
; L13      ; 136        ; 5        ; RESERVED_INPUT_WITH_WEAK_PULLUP                           ;        ;              ;         ; Row I/O    ;                 ; no       ; On           ;
; L14      ; 134        ; 5        ; RESERVED_INPUT_WITH_WEAK_PULLUP                           ;        ;              ;         ; Row I/O    ;                 ; --       ; --           ;
; L15      ; 138        ; 5        ; RESERVED_INPUT_WITH_WEAK_PULLUP                           ;        ;              ;         ; Row I/O    ;                 ; no       ; On           ;
; L16      ; 137        ; 5        ; RESERVED_INPUT_WITH_WEAK_PULLUP                           ;        ;              ;         ; Row I/O    ;                 ; no       ; On           ;
; M1       ; 28         ; 2        ; GND+                                                      ;        ;              ;         ; Row I/O    ;                 ; --       ; --           ;
; M2       ; 27         ; 2        ; GND+                                                      ;        ;              ;         ; Row I/O    ;                 ; --       ; --           ;
; M3       ;            ; 2        ; VCCIO2                                                    ; power  ;              ; 2.5V    ; --         ;                 ; --       ; --           ;
; M4       ;            ;          ; GND                                                       ; gnd    ;              ;         ; --         ;                 ; --       ; --           ;
; M5       ;            ;          ; GNDA1                                                     ; gnd    ;              ;         ; --         ;                 ; --       ; --           ;
; M6       ; 64         ; 3        ; RESERVED_INPUT_WITH_WEAK_PULLUP                           ;        ;              ;         ; Column I/O ;                 ; no       ; On           ;
; M7       ; 68         ; 3        ; RESERVED_INPUT_WITH_WEAK_PULLUP                           ;        ;              ;         ; Column I/O ;                 ; no       ; On           ;
; M8       ; 81         ; 3        ; RESERVED_INPUT_WITH_WEAK_PULLUP                           ;        ;              ;         ; Column I/O ;                 ; no       ; On           ;
; M9       ;            ;          ; VCCINT                                                    ; power  ;              ; 1.2V    ; --         ;                 ; --       ; --           ;
; M10      ; 111        ; 4        ; RESERVED_INPUT_WITH_WEAK_PULLUP                           ;        ;              ;         ; Column I/O ;                 ; no       ; On           ;
; M11      ;            ;          ; VCCINT                                                    ; power  ;              ; 1.2V    ; --         ;                 ; --       ; --           ;
; M12      ;            ;          ; GNDA4                                                     ; gnd    ;              ;         ; --         ;                 ; --       ; --           ;
; M13      ;            ;          ; GND                                                       ; gnd    ;              ;         ; --         ;                 ; --       ; --           ;
; M14      ;            ; 5        ; VCCIO5                                                    ; power  ;              ; 2.5V    ; --         ;                 ; --       ; --           ;
; M15      ; 149        ; 5        ; GND+                                                      ;        ;              ;         ; Row I/O    ;                 ; --       ; --           ;
; M16      ; 148        ; 5        ; GND+                                                      ;        ;              ;         ; Row I/O    ;                 ; --       ; --           ;
; N1       ; 44         ; 2        ; RESERVED_INPUT_WITH_WEAK_PULLUP                           ;        ;              ;         ; Row I/O    ;                 ; no       ; On           ;
; N2       ; 43         ; 2        ; RESERVED_INPUT_WITH_WEAK_PULLUP                           ;        ;              ;         ; Row I/O    ;                 ; no       ; On           ;
; N3       ; 52         ; 3        ; RESERVED_INPUT_WITH_WEAK_PULLUP                           ;        ;              ;         ; Column I/O ;                 ; no       ; On           ;
; N4       ;            ;          ; VCCD_PLL1                                                 ; power  ;              ; 1.2V    ; --         ;                 ; --       ; --           ;
; N5       ; 62         ; 3        ; RESERVED_INPUT_WITH_WEAK_PULLUP                           ;        ;              ;         ; Column I/O ;                 ; no       ; On           ;
; N6       ; 63         ; 3        ; RESERVED_INPUT_WITH_WEAK_PULLUP                           ;        ;              ;         ; Column I/O ;                 ; no       ; On           ;
; N7       ;            ;          ; GND                                                       ; gnd    ;              ;         ; --         ;                 ; --       ; --           ;
; N8       ; 82         ; 3        ; RESERVED_INPUT_WITH_WEAK_PULLUP                           ;        ;              ;         ; Column I/O ;                 ; no       ; On           ;
; N9       ; 93         ; 4        ; RESERVED_INPUT_WITH_WEAK_PULLUP                           ;        ;              ;         ; Column I/O ;                 ; no       ; On           ;
; N10      ;            ;          ; GND                                                       ; gnd    ;              ;         ; --         ;                 ; --       ; --           ;
; N11      ; 112        ; 4        ; RESERVED_INPUT_WITH_WEAK_PULLUP                           ;        ;              ;         ; Column I/O ;                 ; no       ; On           ;
; N12      ; 117        ; 4        ; RESERVED_INPUT_WITH_WEAK_PULLUP                           ;        ;              ;         ; Column I/O ;                 ; no       ; On           ;
; N13      ;            ;          ; VCCD_PLL4                                                 ; power  ;              ; 1.2V    ; --         ;                 ; --       ; --           ;
; N14      ; 126        ; 5        ; RESERVED_INPUT_WITH_WEAK_PULLUP                           ;        ;              ;         ; Row I/O    ;                 ; no       ; On           ;
; N15      ; 133        ; 5        ; RESERVED_INPUT_WITH_WEAK_PULLUP                           ;        ;              ;         ; Row I/O    ;                 ; no       ; On           ;
; N16      ; 132        ; 5        ; RESERVED_INPUT_WITH_WEAK_PULLUP                           ;        ;              ;         ; Row I/O    ;                 ; no       ; On           ;
; P1       ; 51         ; 2        ; RESERVED_INPUT_WITH_WEAK_PULLUP                           ;        ;              ;         ; Row I/O    ;                 ; no       ; On           ;
; P2       ; 50         ; 2        ; RESERVED_INPUT_WITH_WEAK_PULLUP                           ;        ;              ;         ; Row I/O    ;                 ; no       ; On           ;
; P3       ; 53         ; 3        ; RESERVED_INPUT_WITH_WEAK_PULLUP                           ;        ;              ;         ; Column I/O ;                 ; no       ; On           ;
; P4       ;            ; 3        ; VCCIO3                                                    ; power  ;              ; 2.5V    ; --         ;                 ; --       ; --           ;
; P5       ;            ;          ; GND                                                       ; gnd    ;              ;         ; --         ;                 ; --       ; --           ;
; P6       ; 67         ; 3        ; RESERVED_INPUT_WITH_WEAK_PULLUP                           ;        ;              ;         ; Column I/O ;                 ; --       ; --           ;
; P7       ;            ; 3        ; VCCIO3                                                    ; power  ;              ; 2.5V    ; --         ;                 ; --       ; --           ;
; P8       ; 85         ; 3        ; RESERVED_INPUT_WITH_WEAK_PULLUP                           ;        ;              ;         ; Column I/O ;                 ; no       ; On           ;
; P9       ; 105        ; 4        ; RESERVED_INPUT_WITH_WEAK_PULLUP                           ;        ;              ;         ; Column I/O ;                 ; no       ; On           ;
; P10      ;            ; 4        ; VCCIO4                                                    ; power  ;              ; 2.5V    ; --         ;                 ; --       ; --           ;
; P11      ; 106        ; 4        ; RESERVED_INPUT_WITH_WEAK_PULLUP                           ;        ;              ;         ; Column I/O ;                 ; --       ; --           ;
; P12      ;            ;          ; GND                                                       ; gnd    ;              ;         ; --         ;                 ; --       ; --           ;
; P13      ;            ; 4        ; VCCIO4                                                    ; power  ;              ; 2.5V    ; --         ;                 ; --       ; --           ;
; P14      ; 119        ; 4        ; RESERVED_INPUT_WITH_WEAK_PULLUP                           ;        ;              ;         ; Column I/O ;                 ; no       ; On           ;
; P15      ; 127        ; 5        ; RESERVED_INPUT_WITH_WEAK_PULLUP                           ;        ;              ;         ; Row I/O    ;                 ; no       ; On           ;
; P16      ; 128        ; 5        ; RESERVED_INPUT_WITH_WEAK_PULLUP                           ;        ;              ;         ; Row I/O    ;                 ; no       ; On           ;
; R1       ; 49         ; 2        ; RESERVED_INPUT_WITH_WEAK_PULLUP                           ;        ;              ;         ; Row I/O    ;                 ; no       ; On           ;
; R2       ;            ;          ; GND                                                       ; gnd    ;              ;         ; --         ;                 ; --       ; --           ;
; R3       ; 54         ; 3        ; RESERVED_INPUT_WITH_WEAK_PULLUP                           ;        ;              ;         ; Column I/O ;                 ; no       ; On           ;
; R4       ; 60         ; 3        ; RESERVED_INPUT_WITH_WEAK_PULLUP                           ;        ;              ;         ; Column I/O ;                 ; no       ; On           ;
; R5       ; 71         ; 3        ; RESERVED_INPUT_WITH_WEAK_PULLUP                           ;        ;              ;         ; Column I/O ;                 ; no       ; On           ;
; R6       ; 73         ; 3        ; RESERVED_INPUT_WITH_WEAK_PULLUP                           ;        ;              ;         ; Column I/O ;                 ; no       ; On           ;
; R7       ; 76         ; 3        ; RESERVED_INPUT_WITH_WEAK_PULLUP                           ;        ;              ;         ; Column I/O ;                 ; no       ; On           ;
; R8       ; 86         ; 3        ; clk_50M                                                   ; input  ; 2.5 V        ;         ; Column I/O ; Y               ; no       ; Off          ;
; R9       ; 88         ; 4        ; GND+                                                      ;        ;              ;         ; Column I/O ;                 ; --       ; --           ;
; R10      ; 96         ; 4        ; RESERVED_INPUT_WITH_WEAK_PULLUP                           ;        ;              ;         ; Column I/O ;                 ; no       ; On           ;
; R11      ; 98         ; 4        ; RESERVED_INPUT_WITH_WEAK_PULLUP                           ;        ;              ;         ; Column I/O ;                 ; no       ; On           ;
; R12      ; 100        ; 4        ; RESERVED_INPUT_WITH_WEAK_PULLUP                           ;        ;              ;         ; Column I/O ;                 ; no       ; On           ;
; R13      ; 107        ; 4        ; SERVO_1                                                   ; output ; 2.5 V        ;         ; Column I/O ; Y               ; no       ; Off          ;
; R14      ; 120        ; 4        ; RESERVED_INPUT_WITH_WEAK_PULLUP                           ;        ;              ;         ; Column I/O ;                 ; no       ; On           ;
; R15      ;            ;          ; GND                                                       ; gnd    ;              ;         ; --         ;                 ; --       ; --           ;
; R16      ; 129        ; 5        ; RESERVED_INPUT_WITH_WEAK_PULLUP                           ;        ;              ;         ; Row I/O    ;                 ; no       ; On           ;
; T1       ;            ; 3        ; VCCIO3                                                    ; power  ;              ; 2.5V    ; --         ;                 ; --       ; --           ;
; T2       ; 59         ; 3        ; RESERVED_INPUT_WITH_WEAK_PULLUP                           ;        ;              ;         ; Column I/O ;                 ; no       ; On           ;
; T3       ; 55         ; 3        ; RESERVED_INPUT_WITH_WEAK_PULLUP                           ;        ;              ;         ; Column I/O ;                 ; no       ; On           ;
; T4       ; 61         ; 3        ; RESERVED_INPUT_WITH_WEAK_PULLUP                           ;        ;              ;         ; Column I/O ;                 ; no       ; On           ;
; T5       ; 72         ; 3        ; RESERVED_INPUT_WITH_WEAK_PULLUP                           ;        ;              ;         ; Column I/O ;                 ; no       ; On           ;
; T6       ; 74         ; 3        ; RESERVED_INPUT_WITH_WEAK_PULLUP                           ;        ;              ;         ; Column I/O ;                 ; no       ; On           ;
; T7       ; 77         ; 3        ; RESERVED_INPUT_WITH_WEAK_PULLUP                           ;        ;              ;         ; Column I/O ;                 ; no       ; On           ;
; T8       ; 87         ; 3        ; GND+                                                      ;        ;              ;         ; Column I/O ;                 ; --       ; --           ;
; T9       ; 89         ; 4        ; GND+                                                      ;        ;              ;         ; Column I/O ;                 ; --       ; --           ;
; T10      ; 97         ; 4        ; RESERVED_INPUT_WITH_WEAK_PULLUP                           ;        ;              ;         ; Column I/O ;                 ; no       ; On           ;
; T11      ; 99         ; 4        ; RESERVED_INPUT_WITH_WEAK_PULLUP                           ;        ;              ;         ; Column I/O ;                 ; no       ; On           ;
; T12      ; 101        ; 4        ; RESERVED_INPUT_WITH_WEAK_PULLUP                           ;        ;              ;         ; Column I/O ;                 ; no       ; On           ;
; T13      ; 108        ; 4        ; RESERVED_INPUT_WITH_WEAK_PULLUP                           ;        ;              ;         ; Column I/O ;                 ; no       ; On           ;
; T14      ; 115        ; 4        ; SERVO_2                                                   ; output ; 2.5 V        ;         ; Column I/O ; Y               ; no       ; Off          ;
; T15      ; 116        ; 4        ; RESERVED_INPUT_WITH_WEAK_PULLUP                           ;        ;              ;         ; Column I/O ;                 ; no       ; On           ;
; T16      ;            ; 4        ; VCCIO4                                                    ; power  ;              ; 2.5V    ; --         ;                 ; --       ; --           ;
+----------+------------+----------+-----------------------------------------------------------+--------+--------------+---------+------------+-----------------+----------+--------------+
Note: Pin directions (input, output or bidir) are based on device operating in user mode.


+------------------------------------------+
; I/O Assignment Warnings                  ;
+----------+-------------------------------+
; Pin Name ; Reason                        ;
+----------+-------------------------------+
; adc_cs_n ; Incomplete set of assignments ;
; din      ; Incomplete set of assignments ;
; adc_sck  ; Incomplete set of assignments ;
; tx       ; Incomplete set of assignments ;
; SERVO_1  ; Incomplete set of assignments ;
; SERVO_2  ; Incomplete set of assignments ;
; DHT_PIN  ; Incomplete set of assignments ;
; clk_50M  ; Incomplete set of assignments ;
; reset    ; Incomplete set of assignments ;
; dout     ; Incomplete set of assignments ;
; ir_l     ; Incomplete set of assignments ;
; ir_r     ; Incomplete set of assignments ;
; ir_f     ; Incomplete set of assignments ;
+----------+-------------------------------+


+-------------------------------------------------------------------------------------------------------------------------------------------------------------------------------------------------------------------------------------------------------------------------------------------------------------------------------------------------------------------------------------------------------------------------------------------------------------------------------------------------------------------------------------------------------------------------------------------------------------------------------------------------------------------------------------------------------------------------------------------------+
; Fitter Resource Utilization by Entity                                                                                                                                                                                                                                                                                                                                                                                                                                                                                                                                                                                                                                                                                                           ;
+-----------------------------------------------------------------------------------------------------------------------------------------+-------------+---------------------------+---------------+-------------+------+--------------+---------+-----------+------+--------------+--------------+-------------------+------------------+----------------------------------------------------------------------------------------------------------------------------------------------------------------------------------------------------------------------------------------------------------------------------------------------------------------------------------------------------+-----------------------------------+--------------+
; Compilation Hierarchy Node                                                                                                              ; Logic Cells ; Dedicated Logic Registers ; I/O Registers ; Memory Bits ; M9Ks ; DSP Elements ; DSP 9x9 ; DSP 18x18 ; Pins ; Virtual Pins ; LUT-Only LCs ; Register-Only LCs ; LUT/Register LCs ; Full Hierarchy Name                                                                                                                                                                                                                                                                                                                                ; Entity Name                       ; Library Name ;
+-----------------------------------------------------------------------------------------------------------------------------------------+-------------+---------------------------+---------------+-------------+------+--------------+---------+-----------+------+--------------+--------------+-------------------+------------------+----------------------------------------------------------------------------------------------------------------------------------------------------------------------------------------------------------------------------------------------------------------------------------------------------------------------------------------------------+-----------------------------------+--------------+
; |task_5                                                                                                                                 ; 3107 (58)   ; 1725 (33)                 ; 0 (0)         ; 11392       ; 3    ; 0            ; 0       ; 0         ; 13   ; 0            ; 1382 (25)    ; 918 (1)           ; 807 (32)         ; |task_5                                                                                                                                                                                                                                                                                                                                            ; task_5                            ; work         ;
;    |SERVO:u_servo|                                                                                                                      ; 105 (54)    ; 55 (35)                   ; 0 (0)         ; 0           ; 0    ; 0            ; 0       ; 0         ; 0    ; 0            ; 49 (19)      ; 0 (0)             ; 56 (35)          ; |task_5|SERVO:u_servo                                                                                                                                                                                                                                                                                                                              ; SERVO                             ; work         ;
;       |servo_pwm:s1|                                                                                                                    ; 41 (41)     ; 19 (19)                   ; 0 (0)         ; 0           ; 0    ; 0            ; 0       ; 0         ; 0    ; 0            ; 21 (21)      ; 0 (0)             ; 20 (20)          ; |task_5|SERVO:u_servo|servo_pwm:s1                                                                                                                                                                                                                                                                                                                 ; servo_pwm                         ; work         ;
;       |servo_pwm:s2|                                                                                                                    ; 10 (10)     ; 1 (1)                     ; 0 (0)         ; 0           ; 0    ; 0            ; 0       ; 0         ; 0    ; 0            ; 9 (9)        ; 0 (0)             ; 1 (1)            ; |task_5|SERVO:u_servo|servo_pwm:s2                                                                                                                                                                                                                                                                                                                 ; servo_pwm                         ; work         ;
;    |clk3125:u_clk_div|                                                                                                                  ; 4 (4)       ; 4 (4)                     ; 0 (0)         ; 0           ; 0    ; 0            ; 0       ; 0         ; 0    ; 0            ; 0 (0)        ; 0 (0)             ; 4 (4)            ; |task_5|clk3125:u_clk_div                                                                                                                                                                                                                                                                                                                          ; clk3125                           ; work         ;
;    |moisture_sensor:ms|                                                                                                                 ; 52 (4)      ; 37 (4)                    ; 0 (0)         ; 0           ; 0    ; 0            ; 0       ; 0         ; 0    ; 0            ; 15 (0)       ; 2 (0)             ; 35 (4)           ; |task_5|moisture_sensor:ms                                                                                                                                                                                                                                                                                                                         ; moisture_sensor                   ; work         ;
;       |adc_controller:adc_inst|                                                                                                         ; 48 (48)     ; 33 (33)                   ; 0 (0)         ; 0           ; 0    ; 0            ; 0       ; 0         ; 0    ; 0            ; 15 (15)      ; 2 (2)             ; 31 (31)          ; |task_5|moisture_sensor:ms|adc_controller:adc_inst                                                                                                                                                                                                                                                                                                 ; adc_controller                    ; work         ;
;    |mpi_detection:u_mpi_detection|                                                                                                      ; 9 (0)       ; 9 (0)                     ; 0 (0)         ; 0           ; 0    ; 0            ; 0       ; 0         ; 0    ; 0            ; 0 (0)        ; 6 (0)             ; 3 (0)            ; |task_5|mpi_detection:u_mpi_detection                                                                                                                                                                                                                                                                                                              ; mpi_detection                     ; work         ;
;       |ir_sensor:ir_front|                                                                                                              ; 3 (3)       ; 3 (3)                     ; 0 (0)         ; 0           ; 0    ; 0            ; 0       ; 0         ; 0    ; 0            ; 0 (0)        ; 2 (2)             ; 1 (1)            ; |task_5|mpi_detection:u_mpi_detection|ir_sensor:ir_front                                                                                                                                                                                                                                                                                           ; ir_sensor                         ; work         ;
;       |ir_sensor:ir_left|                                                                                                               ; 3 (3)       ; 3 (3)                     ; 0 (0)         ; 0           ; 0    ; 0            ; 0       ; 0         ; 0    ; 0            ; 0 (0)        ; 2 (2)             ; 1 (1)            ; |task_5|mpi_detection:u_mpi_detection|ir_sensor:ir_left                                                                                                                                                                                                                                                                                            ; ir_sensor                         ; work         ;
;       |ir_sensor:ir_right|                                                                                                              ; 3 (3)       ; 3 (3)                     ; 0 (0)         ; 0           ; 0    ; 0            ; 0       ; 0         ; 0    ; 0            ; 0 (0)        ; 2 (2)             ; 1 (1)            ; |task_5|mpi_detection:u_mpi_detection|ir_sensor:ir_right                                                                                                                                                                                                                                                                                           ; ir_sensor                         ; work         ;
;    |sld_hub:auto_hub|                                                                                                                   ; 150 (1)     ; 90 (0)                    ; 0 (0)         ; 0           ; 0    ; 0            ; 0       ; 0         ; 0    ; 0            ; 60 (1)       ; 22 (0)            ; 68 (0)           ; |task_5|sld_hub:auto_hub                                                                                                                                                                                                                                                                                                                           ; sld_hub                           ; altera_sld   ;
;       |alt_sld_fab_with_jtag_input:\instrumentation_fabric_with_node_gen:fabric_gen_new_way:with_jtag_input_gen:instrumentation_fabric| ; 149 (0)     ; 90 (0)                    ; 0 (0)         ; 0           ; 0    ; 0            ; 0       ; 0         ; 0    ; 0            ; 59 (0)       ; 22 (0)            ; 68 (0)           ; |task_5|sld_hub:auto_hub|alt_sld_fab_with_jtag_input:\instrumentation_fabric_with_node_gen:fabric_gen_new_way:with_jtag_input_gen:instrumentation_fabric                                                                                                                                                                                           ; alt_sld_fab_with_jtag_input       ; altera_sld   ;
;          |alt_sld_fab:instrumentation_fabric|                                                                                           ; 149 (0)     ; 90 (0)                    ; 0 (0)         ; 0           ; 0    ; 0            ; 0       ; 0         ; 0    ; 0            ; 59 (0)       ; 22 (0)            ; 68 (0)           ; |task_5|sld_hub:auto_hub|alt_sld_fab_with_jtag_input:\instrumentation_fabric_with_node_gen:fabric_gen_new_way:with_jtag_input_gen:instrumentation_fabric|alt_sld_fab:instrumentation_fabric                                                                                                                                                        ; alt_sld_fab                       ; alt_sld_fab  ;
;             |alt_sld_fab_alt_sld_fab:alt_sld_fab|                                                                                       ; 149 (6)     ; 90 (5)                    ; 0 (0)         ; 0           ; 0    ; 0            ; 0       ; 0         ; 0    ; 0            ; 59 (1)       ; 22 (1)            ; 68 (0)           ; |task_5|sld_hub:auto_hub|alt_sld_fab_with_jtag_input:\instrumentation_fabric_with_node_gen:fabric_gen_new_way:with_jtag_input_gen:instrumentation_fabric|alt_sld_fab:instrumentation_fabric|alt_sld_fab_alt_sld_fab:alt_sld_fab                                                                                                                    ; alt_sld_fab_alt_sld_fab           ; alt_sld_fab  ;
;                |alt_sld_fab_alt_sld_fab_sldfabric:sldfabric|                                                                            ; 147 (0)     ; 85 (0)                    ; 0 (0)         ; 0           ; 0    ; 0            ; 0       ; 0         ; 0    ; 0            ; 58 (0)       ; 21 (0)            ; 68 (0)           ; |task_5|sld_hub:auto_hub|alt_sld_fab_with_jtag_input:\instrumentation_fabric_with_node_gen:fabric_gen_new_way:with_jtag_input_gen:instrumentation_fabric|alt_sld_fab:instrumentation_fabric|alt_sld_fab_alt_sld_fab:alt_sld_fab|alt_sld_fab_alt_sld_fab_sldfabric:sldfabric                                                                        ; alt_sld_fab_alt_sld_fab_sldfabric ; alt_sld_fab  ;
;                   |sld_jtag_hub:\jtag_hub_gen:real_sld_jtag_hub|                                                                        ; 147 (106)   ; 85 (57)                   ; 0 (0)         ; 0           ; 0    ; 0            ; 0       ; 0         ; 0    ; 0            ; 58 (45)      ; 21 (20)           ; 68 (42)          ; |task_5|sld_hub:auto_hub|alt_sld_fab_with_jtag_input:\instrumentation_fabric_with_node_gen:fabric_gen_new_way:with_jtag_input_gen:instrumentation_fabric|alt_sld_fab:instrumentation_fabric|alt_sld_fab_alt_sld_fab:alt_sld_fab|alt_sld_fab_alt_sld_fab_sldfabric:sldfabric|sld_jtag_hub:\jtag_hub_gen:real_sld_jtag_hub                           ; sld_jtag_hub                      ; work         ;
;                      |sld_rom_sr:hub_info_reg|                                                                                          ; 21 (21)     ; 9 (9)                     ; 0 (0)         ; 0           ; 0    ; 0            ; 0       ; 0         ; 0    ; 0            ; 12 (12)      ; 0 (0)             ; 9 (9)            ; |task_5|sld_hub:auto_hub|alt_sld_fab_with_jtag_input:\instrumentation_fabric_with_node_gen:fabric_gen_new_way:with_jtag_input_gen:instrumentation_fabric|alt_sld_fab:instrumentation_fabric|alt_sld_fab_alt_sld_fab:alt_sld_fab|alt_sld_fab_alt_sld_fab_sldfabric:sldfabric|sld_jtag_hub:\jtag_hub_gen:real_sld_jtag_hub|sld_rom_sr:hub_info_reg   ; sld_rom_sr                        ; work         ;
;                      |sld_shadow_jsm:shadow_jsm|                                                                                        ; 20 (20)     ; 19 (19)                   ; 0 (0)         ; 0           ; 0    ; 0            ; 0       ; 0         ; 0    ; 0            ; 1 (1)        ; 1 (1)             ; 18 (18)          ; |task_5|sld_hub:auto_hub|alt_sld_fab_with_jtag_input:\instrumentation_fabric_with_node_gen:fabric_gen_new_way:with_jtag_input_gen:instrumentation_fabric|alt_sld_fab:instrumentation_fabric|alt_sld_fab_alt_sld_fab:alt_sld_fab|alt_sld_fab_alt_sld_fab_sldfabric:sldfabric|sld_jtag_hub:\jtag_hub_gen:real_sld_jtag_hub|sld_shadow_jsm:shadow_jsm ; sld_shadow_jsm                    ; altera_sld   ;
;    |sld_signaltap:auto_signaltap_0|                                                                                                     ; 1474 (179)  ; 1342 (178)                ; 0 (0)         ; 11392       ; 3    ; 0            ; 0       ; 0         ; 0    ; 0            ; 132 (2)      ; 879 (175)         ; 463 (0)          ; |task_5|sld_signaltap:auto_signaltap_0                                                                                                                                                                                                                                                                                                             ; sld_signaltap                     ; work         ;
;       |sld_signaltap_impl:sld_signaltap_body|                                                                                           ; 1297 (0)    ; 1164 (0)                  ; 0 (0)         ; 11392       ; 3    ; 0            ; 0       ; 0         ; 0    ; 0            ; 130 (0)      ; 704 (0)           ; 463 (0)          ; |task_5|sld_signaltap:auto_signaltap_0|sld_signaltap_impl:sld_signaltap_body                                                                                                                                                                                                                                                                       ; sld_signaltap_impl                ; work         ;
;          |sld_signaltap_implb:sld_signaltap_body|                                                                                       ; 1297 (458)  ; 1164 (430)                ; 0 (0)         ; 11392       ; 3    ; 0            ; 0       ; 0         ; 0    ; 0            ; 130 (34)     ; 704 (367)         ; 463 (56)         ; |task_5|sld_signaltap:auto_signaltap_0|sld_signaltap_impl:sld_signaltap_body|sld_signaltap_implb:sld_signaltap_body                                                                                                                                                                                                                                ; sld_signaltap_implb               ; work         ;
;             |altdpram:\stp_non_zero_ram_gen:attribute_mem_gen:attribute_mem|                                                            ; 49 (46)     ; 46 (46)                   ; 0 (0)         ; 0           ; 0    ; 0            ; 0       ; 0         ; 0    ; 0            ; 2 (0)        ; 31 (31)           ; 16 (1)           ; |task_5|sld_signaltap:auto_signaltap_0|sld_signaltap_impl:sld_signaltap_body|sld_signaltap_implb:sld_signaltap_body|altdpram:\stp_non_zero_ram_gen:attribute_mem_gen:attribute_mem                                                                                                                                                                 ; altdpram                          ; work         ;
;                |lpm_decode:wdecoder|                                                                                                    ; 2 (0)       ; 0 (0)                     ; 0 (0)         ; 0           ; 0    ; 0            ; 0       ; 0         ; 0    ; 0            ; 1 (0)        ; 0 (0)             ; 1 (0)            ; |task_5|sld_signaltap:auto_signaltap_0|sld_signaltap_impl:sld_signaltap_body|sld_signaltap_implb:sld_signaltap_body|altdpram:\stp_non_zero_ram_gen:attribute_mem_gen:attribute_mem|lpm_decode:wdecoder                                                                                                                                             ; lpm_decode                        ; work         ;
;                   |decode_dvf:auto_generated|                                                                                           ; 2 (2)       ; 0 (0)                     ; 0 (0)         ; 0           ; 0    ; 0            ; 0       ; 0         ; 0    ; 0            ; 1 (1)        ; 0 (0)             ; 1 (1)            ; |task_5|sld_signaltap:auto_signaltap_0|sld_signaltap_impl:sld_signaltap_body|sld_signaltap_implb:sld_signaltap_body|altdpram:\stp_non_zero_ram_gen:attribute_mem_gen:attribute_mem|lpm_decode:wdecoder|decode_dvf:auto_generated                                                                                                                   ; decode_dvf                        ; work         ;
;                |lpm_mux:mux|                                                                                                            ; 15 (0)      ; 0 (0)                     ; 0 (0)         ; 0           ; 0    ; 0            ; 0       ; 0         ; 0    ; 0            ; 1 (0)        ; 0 (0)             ; 14 (0)           ; |task_5|sld_signaltap:auto_signaltap_0|sld_signaltap_impl:sld_signaltap_body|sld_signaltap_implb:sld_signaltap_body|altdpram:\stp_non_zero_ram_gen:attribute_mem_gen:attribute_mem|lpm_mux:mux                                                                                                                                                     ; lpm_mux                           ; work         ;
;                   |mux_ssc:auto_generated|                                                                                              ; 15 (15)     ; 0 (0)                     ; 0 (0)         ; 0           ; 0    ; 0            ; 0       ; 0         ; 0    ; 0            ; 1 (1)        ; 0 (0)             ; 14 (14)          ; |task_5|sld_signaltap:auto_signaltap_0|sld_signaltap_impl:sld_signaltap_body|sld_signaltap_implb:sld_signaltap_body|altdpram:\stp_non_zero_ram_gen:attribute_mem_gen:attribute_mem|lpm_mux:mux|mux_ssc:auto_generated                                                                                                                              ; mux_ssc                           ; work         ;
;             |altsyncram:\stp_non_zero_ram_gen:stp_buffer_ram|                                                                           ; 0 (0)       ; 0 (0)                     ; 0 (0)         ; 11392       ; 3    ; 0            ; 0       ; 0         ; 0    ; 0            ; 0 (0)        ; 0 (0)             ; 0 (0)            ; |task_5|sld_signaltap:auto_signaltap_0|sld_signaltap_impl:sld_signaltap_body|sld_signaltap_implb:sld_signaltap_body|altsyncram:\stp_non_zero_ram_gen:stp_buffer_ram                                                                                                                                                                                ; altsyncram                        ; work         ;
;                |altsyncram_o524:auto_generated|                                                                                         ; 0 (0)       ; 0 (0)                     ; 0 (0)         ; 11392       ; 3    ; 0            ; 0       ; 0         ; 0    ; 0            ; 0 (0)        ; 0 (0)             ; 0 (0)            ; |task_5|sld_signaltap:auto_signaltap_0|sld_signaltap_impl:sld_signaltap_body|sld_signaltap_implb:sld_signaltap_body|altsyncram:\stp_non_zero_ram_gen:stp_buffer_ram|altsyncram_o524:auto_generated                                                                                                                                                 ; altsyncram_o524                   ; work         ;
;             |lpm_shiftreg:segment_offset_config_deserialize|                                                                            ; 7 (7)       ; 7 (7)                     ; 0 (0)         ; 0           ; 0    ; 0            ; 0       ; 0         ; 0    ; 0            ; 0 (0)        ; 7 (7)             ; 0 (0)            ; |task_5|sld_signaltap:auto_signaltap_0|sld_signaltap_impl:sld_signaltap_body|sld_signaltap_implb:sld_signaltap_body|lpm_shiftreg:segment_offset_config_deserialize                                                                                                                                                                                 ; lpm_shiftreg                      ; work         ;
;             |lpm_shiftreg:status_register|                                                                                              ; 17 (17)     ; 17 (17)                   ; 0 (0)         ; 0           ; 0    ; 0            ; 0       ; 0         ; 0    ; 0            ; 0 (0)        ; 0 (0)             ; 17 (17)          ; |task_5|sld_signaltap:auto_signaltap_0|sld_signaltap_impl:sld_signaltap_body|sld_signaltap_implb:sld_signaltap_body|lpm_shiftreg:status_register                                                                                                                                                                                                   ; lpm_shiftreg                      ; work         ;
;             |serial_crc_16:\tdo_crc_gen:tdo_crc_calc|                                                                                   ; 14 (14)     ; 13 (13)                   ; 0 (0)         ; 0           ; 0    ; 0            ; 0       ; 0         ; 0    ; 0            ; 1 (1)        ; 0 (0)             ; 13 (13)          ; |task_5|sld_signaltap:auto_signaltap_0|sld_signaltap_impl:sld_signaltap_body|sld_signaltap_implb:sld_signaltap_body|serial_crc_16:\tdo_crc_gen:tdo_crc_calc                                                                                                                                                                                        ; serial_crc_16                     ; work         ;
;             |sld_buffer_manager:sld_buffer_manager_inst|                                                                                ; 71 (71)     ; 44 (44)                   ; 0 (0)         ; 0           ; 0    ; 0            ; 0       ; 0         ; 0    ; 0            ; 24 (24)      ; 10 (10)           ; 37 (37)          ; |task_5|sld_signaltap:auto_signaltap_0|sld_signaltap_impl:sld_signaltap_body|sld_signaltap_implb:sld_signaltap_body|sld_buffer_manager:sld_buffer_manager_inst                                                                                                                                                                                     ; sld_buffer_manager                ; work         ;
;             |sld_ela_control:ela_control|                                                                                               ; 493 (1)     ; 461 (1)                   ; 0 (0)         ; 0           ; 0    ; 0            ; 0       ; 0         ; 0    ; 0            ; 30 (0)       ; 283 (0)           ; 180 (1)          ; |task_5|sld_signaltap:auto_signaltap_0|sld_signaltap_impl:sld_signaltap_body|sld_signaltap_implb:sld_signaltap_body|sld_ela_control:ela_control                                                                                                                                                                                                    ; sld_ela_control                   ; work         ;
;                |lpm_shiftreg:trigger_config_deserialize|                                                                                ; 4 (4)       ; 4 (4)                     ; 0 (0)         ; 0           ; 0    ; 0            ; 0       ; 0         ; 0    ; 0            ; 0 (0)        ; 4 (4)             ; 0 (0)            ; |task_5|sld_signaltap:auto_signaltap_0|sld_signaltap_impl:sld_signaltap_body|sld_signaltap_implb:sld_signaltap_body|sld_ela_control:ela_control|lpm_shiftreg:trigger_config_deserialize                                                                                                                                                            ; lpm_shiftreg                      ; work         ;
;                |sld_ela_basic_multi_level_trigger:\basic_multi_level_mbpm_trigger_gen:multi_level_mbpm|                                 ; 447 (0)     ; 445 (0)                   ; 0 (0)         ; 0           ; 0    ; 0            ; 0       ; 0         ; 0    ; 0            ; 0 (0)        ; 269 (0)           ; 178 (0)          ; |task_5|sld_signaltap:auto_signaltap_0|sld_signaltap_impl:sld_signaltap_body|sld_signaltap_implb:sld_signaltap_body|sld_ela_control:ela_control|sld_ela_basic_multi_level_trigger:\basic_multi_level_mbpm_trigger_gen:multi_level_mbpm                                                                                                             ; sld_ela_basic_multi_level_trigger ; work         ;
;                   |lpm_shiftreg:trigger_condition_deserialize|                                                                          ; 267 (267)   ; 267 (267)                 ; 0 (0)         ; 0           ; 0    ; 0            ; 0       ; 0         ; 0    ; 0            ; 0 (0)        ; 263 (263)         ; 4 (4)            ; |task_5|sld_signaltap:auto_signaltap_0|sld_signaltap_impl:sld_signaltap_body|sld_signaltap_implb:sld_signaltap_body|sld_ela_control:ela_control|sld_ela_basic_multi_level_trigger:\basic_multi_level_mbpm_trigger_gen:multi_level_mbpm|lpm_shiftreg:trigger_condition_deserialize                                                                  ; lpm_shiftreg                      ; work         ;
;                   |sld_mbpmg:\trigger_modules_gen:0:trigger_match|                                                                      ; 184 (0)     ; 178 (0)                   ; 0 (0)         ; 0           ; 0    ; 0            ; 0       ; 0         ; 0    ; 0            ; 0 (0)        ; 6 (0)             ; 178 (0)          ; |task_5|sld_signaltap:auto_signaltap_0|sld_signaltap_impl:sld_signaltap_body|sld_signaltap_implb:sld_signaltap_body|sld_ela_control:ela_control|sld_ela_basic_multi_level_trigger:\basic_multi_level_mbpm_trigger_gen:multi_level_mbpm|sld_mbpmg:\trigger_modules_gen:0:trigger_match                                                              ; sld_mbpmg                         ; work         ;
;                      |sld_sbpmg:\gen_sbpmg_pipeline_less_than_two:sm0:0:sm1|                                                            ; 2 (2)       ; 2 (2)                     ; 0 (0)         ; 0           ; 0    ; 0            ; 0       ; 0         ; 0    ; 0            ; 0 (0)        ; 0 (0)             ; 2 (2)            ; |task_5|sld_signaltap:auto_signaltap_0|sld_signaltap_impl:sld_signaltap_body|sld_signaltap_implb:sld_signaltap_body|sld_ela_control:ela_control|sld_ela_basic_multi_level_trigger:\basic_multi_level_mbpm_trigger_gen:multi_level_mbpm|sld_mbpmg:\trigger_modules_gen:0:trigger_match|sld_sbpmg:\gen_sbpmg_pipeline_less_than_two:sm0:0:sm1        ; sld_sbpmg                         ; work         ;
;                      |sld_sbpmg:\gen_sbpmg_pipeline_less_than_two:sm0:10:sm1|                                                           ; 2 (2)       ; 2 (2)                     ; 0 (0)         ; 0           ; 0    ; 0            ; 0       ; 0         ; 0    ; 0            ; 0 (0)        ; 0 (0)             ; 2 (2)            ; |task_5|sld_signaltap:auto_signaltap_0|sld_signaltap_impl:sld_signaltap_body|sld_signaltap_implb:sld_signaltap_body|sld_ela_control:ela_control|sld_ela_basic_multi_level_trigger:\basic_multi_level_mbpm_trigger_gen:multi_level_mbpm|sld_mbpmg:\trigger_modules_gen:0:trigger_match|sld_sbpmg:\gen_sbpmg_pipeline_less_than_two:sm0:10:sm1       ; sld_sbpmg                         ; work         ;
;                      |sld_sbpmg:\gen_sbpmg_pipeline_less_than_two:sm0:11:sm1|                                                           ; 2 (2)       ; 2 (2)                     ; 0 (0)         ; 0           ; 0    ; 0            ; 0       ; 0         ; 0    ; 0            ; 0 (0)        ; 0 (0)             ; 2 (2)            ; |task_5|sld_signaltap:auto_signaltap_0|sld_signaltap_impl:sld_signaltap_body|sld_signaltap_implb:sld_signaltap_body|sld_ela_control:ela_control|sld_ela_basic_multi_level_trigger:\basic_multi_level_mbpm_trigger_gen:multi_level_mbpm|sld_mbpmg:\trigger_modules_gen:0:trigger_match|sld_sbpmg:\gen_sbpmg_pipeline_less_than_two:sm0:11:sm1       ; sld_sbpmg                         ; work         ;
;                      |sld_sbpmg:\gen_sbpmg_pipeline_less_than_two:sm0:12:sm1|                                                           ; 2 (2)       ; 2 (2)                     ; 0 (0)         ; 0           ; 0    ; 0            ; 0       ; 0         ; 0    ; 0            ; 0 (0)        ; 0 (0)             ; 2 (2)            ; |task_5|sld_signaltap:auto_signaltap_0|sld_signaltap_impl:sld_signaltap_body|sld_signaltap_implb:sld_signaltap_body|sld_ela_control:ela_control|sld_ela_basic_multi_level_trigger:\basic_multi_level_mbpm_trigger_gen:multi_level_mbpm|sld_mbpmg:\trigger_modules_gen:0:trigger_match|sld_sbpmg:\gen_sbpmg_pipeline_less_than_two:sm0:12:sm1       ; sld_sbpmg                         ; work         ;
;                      |sld_sbpmg:\gen_sbpmg_pipeline_less_than_two:sm0:13:sm1|                                                           ; 2 (2)       ; 2 (2)                     ; 0 (0)         ; 0           ; 0    ; 0            ; 0       ; 0         ; 0    ; 0            ; 0 (0)        ; 0 (0)             ; 2 (2)            ; |task_5|sld_signaltap:auto_signaltap_0|sld_signaltap_impl:sld_signaltap_body|sld_signaltap_implb:sld_signaltap_body|sld_ela_control:ela_control|sld_ela_basic_multi_level_trigger:\basic_multi_level_mbpm_trigger_gen:multi_level_mbpm|sld_mbpmg:\trigger_modules_gen:0:trigger_match|sld_sbpmg:\gen_sbpmg_pipeline_less_than_two:sm0:13:sm1       ; sld_sbpmg                         ; work         ;
;                      |sld_sbpmg:\gen_sbpmg_pipeline_less_than_two:sm0:14:sm1|                                                           ; 2 (2)       ; 2 (2)                     ; 0 (0)         ; 0           ; 0    ; 0            ; 0       ; 0         ; 0    ; 0            ; 0 (0)        ; 0 (0)             ; 2 (2)            ; |task_5|sld_signaltap:auto_signaltap_0|sld_signaltap_impl:sld_signaltap_body|sld_signaltap_implb:sld_signaltap_body|sld_ela_control:ela_control|sld_ela_basic_multi_level_trigger:\basic_multi_level_mbpm_trigger_gen:multi_level_mbpm|sld_mbpmg:\trigger_modules_gen:0:trigger_match|sld_sbpmg:\gen_sbpmg_pipeline_less_than_two:sm0:14:sm1       ; sld_sbpmg                         ; work         ;
;                      |sld_sbpmg:\gen_sbpmg_pipeline_less_than_two:sm0:15:sm1|                                                           ; 3 (3)       ; 2 (2)                     ; 0 (0)         ; 0           ; 0    ; 0            ; 0       ; 0         ; 0    ; 0            ; 0 (0)        ; 1 (1)             ; 2 (2)            ; |task_5|sld_signaltap:auto_signaltap_0|sld_signaltap_impl:sld_signaltap_body|sld_signaltap_implb:sld_signaltap_body|sld_ela_control:ela_control|sld_ela_basic_multi_level_trigger:\basic_multi_level_mbpm_trigger_gen:multi_level_mbpm|sld_mbpmg:\trigger_modules_gen:0:trigger_match|sld_sbpmg:\gen_sbpmg_pipeline_less_than_two:sm0:15:sm1       ; sld_sbpmg                         ; work         ;
;                      |sld_sbpmg:\gen_sbpmg_pipeline_less_than_two:sm0:16:sm1|                                                           ; 2 (2)       ; 2 (2)                     ; 0 (0)         ; 0           ; 0    ; 0            ; 0       ; 0         ; 0    ; 0            ; 0 (0)        ; 0 (0)             ; 2 (2)            ; |task_5|sld_signaltap:auto_signaltap_0|sld_signaltap_impl:sld_signaltap_body|sld_signaltap_implb:sld_signaltap_body|sld_ela_control:ela_control|sld_ela_basic_multi_level_trigger:\basic_multi_level_mbpm_trigger_gen:multi_level_mbpm|sld_mbpmg:\trigger_modules_gen:0:trigger_match|sld_sbpmg:\gen_sbpmg_pipeline_less_than_two:sm0:16:sm1       ; sld_sbpmg                         ; work         ;
;                      |sld_sbpmg:\gen_sbpmg_pipeline_less_than_two:sm0:17:sm1|                                                           ; 2 (2)       ; 2 (2)                     ; 0 (0)         ; 0           ; 0    ; 0            ; 0       ; 0         ; 0    ; 0            ; 0 (0)        ; 0 (0)             ; 2 (2)            ; |task_5|sld_signaltap:auto_signaltap_0|sld_signaltap_impl:sld_signaltap_body|sld_signaltap_implb:sld_signaltap_body|sld_ela_control:ela_control|sld_ela_basic_multi_level_trigger:\basic_multi_level_mbpm_trigger_gen:multi_level_mbpm|sld_mbpmg:\trigger_modules_gen:0:trigger_match|sld_sbpmg:\gen_sbpmg_pipeline_less_than_two:sm0:17:sm1       ; sld_sbpmg                         ; work         ;
;                      |sld_sbpmg:\gen_sbpmg_pipeline_less_than_two:sm0:18:sm1|                                                           ; 2 (2)       ; 2 (2)                     ; 0 (0)         ; 0           ; 0    ; 0            ; 0       ; 0         ; 0    ; 0            ; 0 (0)        ; 0 (0)             ; 2 (2)            ; |task_5|sld_signaltap:auto_signaltap_0|sld_signaltap_impl:sld_signaltap_body|sld_signaltap_implb:sld_signaltap_body|sld_ela_control:ela_control|sld_ela_basic_multi_level_trigger:\basic_multi_level_mbpm_trigger_gen:multi_level_mbpm|sld_mbpmg:\trigger_modules_gen:0:trigger_match|sld_sbpmg:\gen_sbpmg_pipeline_less_than_two:sm0:18:sm1       ; sld_sbpmg                         ; work         ;
;                      |sld_sbpmg:\gen_sbpmg_pipeline_less_than_two:sm0:19:sm1|                                                           ; 2 (2)       ; 2 (2)                     ; 0 (0)         ; 0           ; 0    ; 0            ; 0       ; 0         ; 0    ; 0            ; 0 (0)        ; 0 (0)             ; 2 (2)            ; |task_5|sld_signaltap:auto_signaltap_0|sld_signaltap_impl:sld_signaltap_body|sld_signaltap_implb:sld_signaltap_body|sld_ela_control:ela_control|sld_ela_basic_multi_level_trigger:\basic_multi_level_mbpm_trigger_gen:multi_level_mbpm|sld_mbpmg:\trigger_modules_gen:0:trigger_match|sld_sbpmg:\gen_sbpmg_pipeline_less_than_two:sm0:19:sm1       ; sld_sbpmg                         ; work         ;
;                      |sld_sbpmg:\gen_sbpmg_pipeline_less_than_two:sm0:1:sm1|                                                            ; 2 (2)       ; 2 (2)                     ; 0 (0)         ; 0           ; 0    ; 0            ; 0       ; 0         ; 0    ; 0            ; 0 (0)        ; 0 (0)             ; 2 (2)            ; |task_5|sld_signaltap:auto_signaltap_0|sld_signaltap_impl:sld_signaltap_body|sld_signaltap_implb:sld_signaltap_body|sld_ela_control:ela_control|sld_ela_basic_multi_level_trigger:\basic_multi_level_mbpm_trigger_gen:multi_level_mbpm|sld_mbpmg:\trigger_modules_gen:0:trigger_match|sld_sbpmg:\gen_sbpmg_pipeline_less_than_two:sm0:1:sm1        ; sld_sbpmg                         ; work         ;
;                      |sld_sbpmg:\gen_sbpmg_pipeline_less_than_two:sm0:20:sm1|                                                           ; 3 (3)       ; 2 (2)                     ; 0 (0)         ; 0           ; 0    ; 0            ; 0       ; 0         ; 0    ; 0            ; 0 (0)        ; 1 (1)             ; 2 (2)            ; |task_5|sld_signaltap:auto_signaltap_0|sld_signaltap_impl:sld_signaltap_body|sld_signaltap_implb:sld_signaltap_body|sld_ela_control:ela_control|sld_ela_basic_multi_level_trigger:\basic_multi_level_mbpm_trigger_gen:multi_level_mbpm|sld_mbpmg:\trigger_modules_gen:0:trigger_match|sld_sbpmg:\gen_sbpmg_pipeline_less_than_two:sm0:20:sm1       ; sld_sbpmg                         ; work         ;
;                      |sld_sbpmg:\gen_sbpmg_pipeline_less_than_two:sm0:21:sm1|                                                           ; 2 (2)       ; 2 (2)                     ; 0 (0)         ; 0           ; 0    ; 0            ; 0       ; 0         ; 0    ; 0            ; 0 (0)        ; 0 (0)             ; 2 (2)            ; |task_5|sld_signaltap:auto_signaltap_0|sld_signaltap_impl:sld_signaltap_body|sld_signaltap_implb:sld_signaltap_body|sld_ela_control:ela_control|sld_ela_basic_multi_level_trigger:\basic_multi_level_mbpm_trigger_gen:multi_level_mbpm|sld_mbpmg:\trigger_modules_gen:0:trigger_match|sld_sbpmg:\gen_sbpmg_pipeline_less_than_two:sm0:21:sm1       ; sld_sbpmg                         ; work         ;
;                      |sld_sbpmg:\gen_sbpmg_pipeline_less_than_two:sm0:22:sm1|                                                           ; 2 (2)       ; 2 (2)                     ; 0 (0)         ; 0           ; 0    ; 0            ; 0       ; 0         ; 0    ; 0            ; 0 (0)        ; 0 (0)             ; 2 (2)            ; |task_5|sld_signaltap:auto_signaltap_0|sld_signaltap_impl:sld_signaltap_body|sld_signaltap_implb:sld_signaltap_body|sld_ela_control:ela_control|sld_ela_basic_multi_level_trigger:\basic_multi_level_mbpm_trigger_gen:multi_level_mbpm|sld_mbpmg:\trigger_modules_gen:0:trigger_match|sld_sbpmg:\gen_sbpmg_pipeline_less_than_two:sm0:22:sm1       ; sld_sbpmg                         ; work         ;
;                      |sld_sbpmg:\gen_sbpmg_pipeline_less_than_two:sm0:23:sm1|                                                           ; 2 (2)       ; 2 (2)                     ; 0 (0)         ; 0           ; 0    ; 0            ; 0       ; 0         ; 0    ; 0            ; 0 (0)        ; 0 (0)             ; 2 (2)            ; |task_5|sld_signaltap:auto_signaltap_0|sld_signaltap_impl:sld_signaltap_body|sld_signaltap_implb:sld_signaltap_body|sld_ela_control:ela_control|sld_ela_basic_multi_level_trigger:\basic_multi_level_mbpm_trigger_gen:multi_level_mbpm|sld_mbpmg:\trigger_modules_gen:0:trigger_match|sld_sbpmg:\gen_sbpmg_pipeline_less_than_two:sm0:23:sm1       ; sld_sbpmg                         ; work         ;
;                      |sld_sbpmg:\gen_sbpmg_pipeline_less_than_two:sm0:24:sm1|                                                           ; 2 (2)       ; 2 (2)                     ; 0 (0)         ; 0           ; 0    ; 0            ; 0       ; 0         ; 0    ; 0            ; 0 (0)        ; 0 (0)             ; 2 (2)            ; |task_5|sld_signaltap:auto_signaltap_0|sld_signaltap_impl:sld_signaltap_body|sld_signaltap_implb:sld_signaltap_body|sld_ela_control:ela_control|sld_ela_basic_multi_level_trigger:\basic_multi_level_mbpm_trigger_gen:multi_level_mbpm|sld_mbpmg:\trigger_modules_gen:0:trigger_match|sld_sbpmg:\gen_sbpmg_pipeline_less_than_two:sm0:24:sm1       ; sld_sbpmg                         ; work         ;
;                      |sld_sbpmg:\gen_sbpmg_pipeline_less_than_two:sm0:25:sm1|                                                           ; 2 (2)       ; 2 (2)                     ; 0 (0)         ; 0           ; 0    ; 0            ; 0       ; 0         ; 0    ; 0            ; 0 (0)        ; 0 (0)             ; 2 (2)            ; |task_5|sld_signaltap:auto_signaltap_0|sld_signaltap_impl:sld_signaltap_body|sld_signaltap_implb:sld_signaltap_body|sld_ela_control:ela_control|sld_ela_basic_multi_level_trigger:\basic_multi_level_mbpm_trigger_gen:multi_level_mbpm|sld_mbpmg:\trigger_modules_gen:0:trigger_match|sld_sbpmg:\gen_sbpmg_pipeline_less_than_two:sm0:25:sm1       ; sld_sbpmg                         ; work         ;
;                      |sld_sbpmg:\gen_sbpmg_pipeline_less_than_two:sm0:26:sm1|                                                           ; 2 (2)       ; 2 (2)                     ; 0 (0)         ; 0           ; 0    ; 0            ; 0       ; 0         ; 0    ; 0            ; 0 (0)        ; 0 (0)             ; 2 (2)            ; |task_5|sld_signaltap:auto_signaltap_0|sld_signaltap_impl:sld_signaltap_body|sld_signaltap_implb:sld_signaltap_body|sld_ela_control:ela_control|sld_ela_basic_multi_level_trigger:\basic_multi_level_mbpm_trigger_gen:multi_level_mbpm|sld_mbpmg:\trigger_modules_gen:0:trigger_match|sld_sbpmg:\gen_sbpmg_pipeline_less_than_two:sm0:26:sm1       ; sld_sbpmg                         ; work         ;
;                      |sld_sbpmg:\gen_sbpmg_pipeline_less_than_two:sm0:27:sm1|                                                           ; 2 (2)       ; 2 (2)                     ; 0 (0)         ; 0           ; 0    ; 0            ; 0       ; 0         ; 0    ; 0            ; 0 (0)        ; 0 (0)             ; 2 (2)            ; |task_5|sld_signaltap:auto_signaltap_0|sld_signaltap_impl:sld_signaltap_body|sld_signaltap_implb:sld_signaltap_body|sld_ela_control:ela_control|sld_ela_basic_multi_level_trigger:\basic_multi_level_mbpm_trigger_gen:multi_level_mbpm|sld_mbpmg:\trigger_modules_gen:0:trigger_match|sld_sbpmg:\gen_sbpmg_pipeline_less_than_two:sm0:27:sm1       ; sld_sbpmg                         ; work         ;
;                      |sld_sbpmg:\gen_sbpmg_pipeline_less_than_two:sm0:28:sm1|                                                           ; 2 (2)       ; 2 (2)                     ; 0 (0)         ; 0           ; 0    ; 0            ; 0       ; 0         ; 0    ; 0            ; 0 (0)        ; 0 (0)             ; 2 (2)            ; |task_5|sld_signaltap:auto_signaltap_0|sld_signaltap_impl:sld_signaltap_body|sld_signaltap_implb:sld_signaltap_body|sld_ela_control:ela_control|sld_ela_basic_multi_level_trigger:\basic_multi_level_mbpm_trigger_gen:multi_level_mbpm|sld_mbpmg:\trigger_modules_gen:0:trigger_match|sld_sbpmg:\gen_sbpmg_pipeline_less_than_two:sm0:28:sm1       ; sld_sbpmg                         ; work         ;
;                      |sld_sbpmg:\gen_sbpmg_pipeline_less_than_two:sm0:29:sm1|                                                           ; 2 (2)       ; 2 (2)                     ; 0 (0)         ; 0           ; 0    ; 0            ; 0       ; 0         ; 0    ; 0            ; 0 (0)        ; 0 (0)             ; 2 (2)            ; |task_5|sld_signaltap:auto_signaltap_0|sld_signaltap_impl:sld_signaltap_body|sld_signaltap_implb:sld_signaltap_body|sld_ela_control:ela_control|sld_ela_basic_multi_level_trigger:\basic_multi_level_mbpm_trigger_gen:multi_level_mbpm|sld_mbpmg:\trigger_modules_gen:0:trigger_match|sld_sbpmg:\gen_sbpmg_pipeline_less_than_two:sm0:29:sm1       ; sld_sbpmg                         ; work         ;
;                      |sld_sbpmg:\gen_sbpmg_pipeline_less_than_two:sm0:2:sm1|                                                            ; 2 (2)       ; 2 (2)                     ; 0 (0)         ; 0           ; 0    ; 0            ; 0       ; 0         ; 0    ; 0            ; 0 (0)        ; 0 (0)             ; 2 (2)            ; |task_5|sld_signaltap:auto_signaltap_0|sld_signaltap_impl:sld_signaltap_body|sld_signaltap_implb:sld_signaltap_body|sld_ela_control:ela_control|sld_ela_basic_multi_level_trigger:\basic_multi_level_mbpm_trigger_gen:multi_level_mbpm|sld_mbpmg:\trigger_modules_gen:0:trigger_match|sld_sbpmg:\gen_sbpmg_pipeline_less_than_two:sm0:2:sm1        ; sld_sbpmg                         ; work         ;
;                      |sld_sbpmg:\gen_sbpmg_pipeline_less_than_two:sm0:30:sm1|                                                           ; 2 (2)       ; 2 (2)                     ; 0 (0)         ; 0           ; 0    ; 0            ; 0       ; 0         ; 0    ; 0            ; 0 (0)        ; 0 (0)             ; 2 (2)            ; |task_5|sld_signaltap:auto_signaltap_0|sld_signaltap_impl:sld_signaltap_body|sld_signaltap_implb:sld_signaltap_body|sld_ela_control:ela_control|sld_ela_basic_multi_level_trigger:\basic_multi_level_mbpm_trigger_gen:multi_level_mbpm|sld_mbpmg:\trigger_modules_gen:0:trigger_match|sld_sbpmg:\gen_sbpmg_pipeline_less_than_two:sm0:30:sm1       ; sld_sbpmg                         ; work         ;
;                      |sld_sbpmg:\gen_sbpmg_pipeline_less_than_two:sm0:31:sm1|                                                           ; 2 (2)       ; 2 (2)                     ; 0 (0)         ; 0           ; 0    ; 0            ; 0       ; 0         ; 0    ; 0            ; 0 (0)        ; 0 (0)             ; 2 (2)            ; |task_5|sld_signaltap:auto_signaltap_0|sld_signaltap_impl:sld_signaltap_body|sld_signaltap_implb:sld_signaltap_body|sld_ela_control:ela_control|sld_ela_basic_multi_level_trigger:\basic_multi_level_mbpm_trigger_gen:multi_level_mbpm|sld_mbpmg:\trigger_modules_gen:0:trigger_match|sld_sbpmg:\gen_sbpmg_pipeline_less_than_two:sm0:31:sm1       ; sld_sbpmg                         ; work         ;
;                      |sld_sbpmg:\gen_sbpmg_pipeline_less_than_two:sm0:32:sm1|                                                           ; 2 (2)       ; 2 (2)                     ; 0 (0)         ; 0           ; 0    ; 0            ; 0       ; 0         ; 0    ; 0            ; 0 (0)        ; 0 (0)             ; 2 (2)            ; |task_5|sld_signaltap:auto_signaltap_0|sld_signaltap_impl:sld_signaltap_body|sld_signaltap_implb:sld_signaltap_body|sld_ela_control:ela_control|sld_ela_basic_multi_level_trigger:\basic_multi_level_mbpm_trigger_gen:multi_level_mbpm|sld_mbpmg:\trigger_modules_gen:0:trigger_match|sld_sbpmg:\gen_sbpmg_pipeline_less_than_two:sm0:32:sm1       ; sld_sbpmg                         ; work         ;
;                      |sld_sbpmg:\gen_sbpmg_pipeline_less_than_two:sm0:33:sm1|                                                           ; 2 (2)       ; 2 (2)                     ; 0 (0)         ; 0           ; 0    ; 0            ; 0       ; 0         ; 0    ; 0            ; 0 (0)        ; 0 (0)             ; 2 (2)            ; |task_5|sld_signaltap:auto_signaltap_0|sld_signaltap_impl:sld_signaltap_body|sld_signaltap_implb:sld_signaltap_body|sld_ela_control:ela_control|sld_ela_basic_multi_level_trigger:\basic_multi_level_mbpm_trigger_gen:multi_level_mbpm|sld_mbpmg:\trigger_modules_gen:0:trigger_match|sld_sbpmg:\gen_sbpmg_pipeline_less_than_two:sm0:33:sm1       ; sld_sbpmg                         ; work         ;
;                      |sld_sbpmg:\gen_sbpmg_pipeline_less_than_two:sm0:34:sm1|                                                           ; 2 (2)       ; 2 (2)                     ; 0 (0)         ; 0           ; 0    ; 0            ; 0       ; 0         ; 0    ; 0            ; 0 (0)        ; 0 (0)             ; 2 (2)            ; |task_5|sld_signaltap:auto_signaltap_0|sld_signaltap_impl:sld_signaltap_body|sld_signaltap_implb:sld_signaltap_body|sld_ela_control:ela_control|sld_ela_basic_multi_level_trigger:\basic_multi_level_mbpm_trigger_gen:multi_level_mbpm|sld_mbpmg:\trigger_modules_gen:0:trigger_match|sld_sbpmg:\gen_sbpmg_pipeline_less_than_two:sm0:34:sm1       ; sld_sbpmg                         ; work         ;
;                      |sld_sbpmg:\gen_sbpmg_pipeline_less_than_two:sm0:35:sm1|                                                           ; 2 (2)       ; 2 (2)                     ; 0 (0)         ; 0           ; 0    ; 0            ; 0       ; 0         ; 0    ; 0            ; 0 (0)        ; 0 (0)             ; 2 (2)            ; |task_5|sld_signaltap:auto_signaltap_0|sld_signaltap_impl:sld_signaltap_body|sld_signaltap_implb:sld_signaltap_body|sld_ela_control:ela_control|sld_ela_basic_multi_level_trigger:\basic_multi_level_mbpm_trigger_gen:multi_level_mbpm|sld_mbpmg:\trigger_modules_gen:0:trigger_match|sld_sbpmg:\gen_sbpmg_pipeline_less_than_two:sm0:35:sm1       ; sld_sbpmg                         ; work         ;
;                      |sld_sbpmg:\gen_sbpmg_pipeline_less_than_two:sm0:36:sm1|                                                           ; 2 (2)       ; 2 (2)                     ; 0 (0)         ; 0           ; 0    ; 0            ; 0       ; 0         ; 0    ; 0            ; 0 (0)        ; 0 (0)             ; 2 (2)            ; |task_5|sld_signaltap:auto_signaltap_0|sld_signaltap_impl:sld_signaltap_body|sld_signaltap_implb:sld_signaltap_body|sld_ela_control:ela_control|sld_ela_basic_multi_level_trigger:\basic_multi_level_mbpm_trigger_gen:multi_level_mbpm|sld_mbpmg:\trigger_modules_gen:0:trigger_match|sld_sbpmg:\gen_sbpmg_pipeline_less_than_two:sm0:36:sm1       ; sld_sbpmg                         ; work         ;
;                      |sld_sbpmg:\gen_sbpmg_pipeline_less_than_two:sm0:37:sm1|                                                           ; 2 (2)       ; 2 (2)                     ; 0 (0)         ; 0           ; 0    ; 0            ; 0       ; 0         ; 0    ; 0            ; 0 (0)        ; 0 (0)             ; 2 (2)            ; |task_5|sld_signaltap:auto_signaltap_0|sld_signaltap_impl:sld_signaltap_body|sld_signaltap_implb:sld_signaltap_body|sld_ela_control:ela_control|sld_ela_basic_multi_level_trigger:\basic_multi_level_mbpm_trigger_gen:multi_level_mbpm|sld_mbpmg:\trigger_modules_gen:0:trigger_match|sld_sbpmg:\gen_sbpmg_pipeline_less_than_two:sm0:37:sm1       ; sld_sbpmg                         ; work         ;
;                      |sld_sbpmg:\gen_sbpmg_pipeline_less_than_two:sm0:38:sm1|                                                           ; 3 (3)       ; 2 (2)                     ; 0 (0)         ; 0           ; 0    ; 0            ; 0       ; 0         ; 0    ; 0            ; 0 (0)        ; 1 (1)             ; 2 (2)            ; |task_5|sld_signaltap:auto_signaltap_0|sld_signaltap_impl:sld_signaltap_body|sld_signaltap_implb:sld_signaltap_body|sld_ela_control:ela_control|sld_ela_basic_multi_level_trigger:\basic_multi_level_mbpm_trigger_gen:multi_level_mbpm|sld_mbpmg:\trigger_modules_gen:0:trigger_match|sld_sbpmg:\gen_sbpmg_pipeline_less_than_two:sm0:38:sm1       ; sld_sbpmg                         ; work         ;
;                      |sld_sbpmg:\gen_sbpmg_pipeline_less_than_two:sm0:39:sm1|                                                           ; 2 (2)       ; 2 (2)                     ; 0 (0)         ; 0           ; 0    ; 0            ; 0       ; 0         ; 0    ; 0            ; 0 (0)        ; 0 (0)             ; 2 (2)            ; |task_5|sld_signaltap:auto_signaltap_0|sld_signaltap_impl:sld_signaltap_body|sld_signaltap_implb:sld_signaltap_body|sld_ela_control:ela_control|sld_ela_basic_multi_level_trigger:\basic_multi_level_mbpm_trigger_gen:multi_level_mbpm|sld_mbpmg:\trigger_modules_gen:0:trigger_match|sld_sbpmg:\gen_sbpmg_pipeline_less_than_two:sm0:39:sm1       ; sld_sbpmg                         ; work         ;
;                      |sld_sbpmg:\gen_sbpmg_pipeline_less_than_two:sm0:3:sm1|                                                            ; 2 (2)       ; 2 (2)                     ; 0 (0)         ; 0           ; 0    ; 0            ; 0       ; 0         ; 0    ; 0            ; 0 (0)        ; 0 (0)             ; 2 (2)            ; |task_5|sld_signaltap:auto_signaltap_0|sld_signaltap_impl:sld_signaltap_body|sld_signaltap_implb:sld_signaltap_body|sld_ela_control:ela_control|sld_ela_basic_multi_level_trigger:\basic_multi_level_mbpm_trigger_gen:multi_level_mbpm|sld_mbpmg:\trigger_modules_gen:0:trigger_match|sld_sbpmg:\gen_sbpmg_pipeline_less_than_two:sm0:3:sm1        ; sld_sbpmg                         ; work         ;
;                      |sld_sbpmg:\gen_sbpmg_pipeline_less_than_two:sm0:40:sm1|                                                           ; 2 (2)       ; 2 (2)                     ; 0 (0)         ; 0           ; 0    ; 0            ; 0       ; 0         ; 0    ; 0            ; 0 (0)        ; 0 (0)             ; 2 (2)            ; |task_5|sld_signaltap:auto_signaltap_0|sld_signaltap_impl:sld_signaltap_body|sld_signaltap_implb:sld_signaltap_body|sld_ela_control:ela_control|sld_ela_basic_multi_level_trigger:\basic_multi_level_mbpm_trigger_gen:multi_level_mbpm|sld_mbpmg:\trigger_modules_gen:0:trigger_match|sld_sbpmg:\gen_sbpmg_pipeline_less_than_two:sm0:40:sm1       ; sld_sbpmg                         ; work         ;
;                      |sld_sbpmg:\gen_sbpmg_pipeline_less_than_two:sm0:41:sm1|                                                           ; 2 (2)       ; 2 (2)                     ; 0 (0)         ; 0           ; 0    ; 0            ; 0       ; 0         ; 0    ; 0            ; 0 (0)        ; 0 (0)             ; 2 (2)            ; |task_5|sld_signaltap:auto_signaltap_0|sld_signaltap_impl:sld_signaltap_body|sld_signaltap_implb:sld_signaltap_body|sld_ela_control:ela_control|sld_ela_basic_multi_level_trigger:\basic_multi_level_mbpm_trigger_gen:multi_level_mbpm|sld_mbpmg:\trigger_modules_gen:0:trigger_match|sld_sbpmg:\gen_sbpmg_pipeline_less_than_two:sm0:41:sm1       ; sld_sbpmg                         ; work         ;
;                      |sld_sbpmg:\gen_sbpmg_pipeline_less_than_two:sm0:42:sm1|                                                           ; 2 (2)       ; 2 (2)                     ; 0 (0)         ; 0           ; 0    ; 0            ; 0       ; 0         ; 0    ; 0            ; 0 (0)        ; 0 (0)             ; 2 (2)            ; |task_5|sld_signaltap:auto_signaltap_0|sld_signaltap_impl:sld_signaltap_body|sld_signaltap_implb:sld_signaltap_body|sld_ela_control:ela_control|sld_ela_basic_multi_level_trigger:\basic_multi_level_mbpm_trigger_gen:multi_level_mbpm|sld_mbpmg:\trigger_modules_gen:0:trigger_match|sld_sbpmg:\gen_sbpmg_pipeline_less_than_two:sm0:42:sm1       ; sld_sbpmg                         ; work         ;
;                      |sld_sbpmg:\gen_sbpmg_pipeline_less_than_two:sm0:43:sm1|                                                           ; 2 (2)       ; 2 (2)                     ; 0 (0)         ; 0           ; 0    ; 0            ; 0       ; 0         ; 0    ; 0            ; 0 (0)        ; 0 (0)             ; 2 (2)            ; |task_5|sld_signaltap:auto_signaltap_0|sld_signaltap_impl:sld_signaltap_body|sld_signaltap_implb:sld_signaltap_body|sld_ela_control:ela_control|sld_ela_basic_multi_level_trigger:\basic_multi_level_mbpm_trigger_gen:multi_level_mbpm|sld_mbpmg:\trigger_modules_gen:0:trigger_match|sld_sbpmg:\gen_sbpmg_pipeline_less_than_two:sm0:43:sm1       ; sld_sbpmg                         ; work         ;
;                      |sld_sbpmg:\gen_sbpmg_pipeline_less_than_two:sm0:44:sm1|                                                           ; 2 (2)       ; 2 (2)                     ; 0 (0)         ; 0           ; 0    ; 0            ; 0       ; 0         ; 0    ; 0            ; 0 (0)        ; 0 (0)             ; 2 (2)            ; |task_5|sld_signaltap:auto_signaltap_0|sld_signaltap_impl:sld_signaltap_body|sld_signaltap_implb:sld_signaltap_body|sld_ela_control:ela_control|sld_ela_basic_multi_level_trigger:\basic_multi_level_mbpm_trigger_gen:multi_level_mbpm|sld_mbpmg:\trigger_modules_gen:0:trigger_match|sld_sbpmg:\gen_sbpmg_pipeline_less_than_two:sm0:44:sm1       ; sld_sbpmg                         ; work         ;
;                      |sld_sbpmg:\gen_sbpmg_pipeline_less_than_two:sm0:45:sm1|                                                           ; 2 (2)       ; 2 (2)                     ; 0 (0)         ; 0           ; 0    ; 0            ; 0       ; 0         ; 0    ; 0            ; 0 (0)        ; 0 (0)             ; 2 (2)            ; |task_5|sld_signaltap:auto_signaltap_0|sld_signaltap_impl:sld_signaltap_body|sld_signaltap_implb:sld_signaltap_body|sld_ela_control:ela_control|sld_ela_basic_multi_level_trigger:\basic_multi_level_mbpm_trigger_gen:multi_level_mbpm|sld_mbpmg:\trigger_modules_gen:0:trigger_match|sld_sbpmg:\gen_sbpmg_pipeline_less_than_two:sm0:45:sm1       ; sld_sbpmg                         ; work         ;
;                      |sld_sbpmg:\gen_sbpmg_pipeline_less_than_two:sm0:46:sm1|                                                           ; 2 (2)       ; 2 (2)                     ; 0 (0)         ; 0           ; 0    ; 0            ; 0       ; 0         ; 0    ; 0            ; 0 (0)        ; 0 (0)             ; 2 (2)            ; |task_5|sld_signaltap:auto_signaltap_0|sld_signaltap_impl:sld_signaltap_body|sld_signaltap_implb:sld_signaltap_body|sld_ela_control:ela_control|sld_ela_basic_multi_level_trigger:\basic_multi_level_mbpm_trigger_gen:multi_level_mbpm|sld_mbpmg:\trigger_modules_gen:0:trigger_match|sld_sbpmg:\gen_sbpmg_pipeline_less_than_two:sm0:46:sm1       ; sld_sbpmg                         ; work         ;
;                      |sld_sbpmg:\gen_sbpmg_pipeline_less_than_two:sm0:47:sm1|                                                           ; 2 (2)       ; 2 (2)                     ; 0 (0)         ; 0           ; 0    ; 0            ; 0       ; 0         ; 0    ; 0            ; 0 (0)        ; 0 (0)             ; 2 (2)            ; |task_5|sld_signaltap:auto_signaltap_0|sld_signaltap_impl:sld_signaltap_body|sld_signaltap_implb:sld_signaltap_body|sld_ela_control:ela_control|sld_ela_basic_multi_level_trigger:\basic_multi_level_mbpm_trigger_gen:multi_level_mbpm|sld_mbpmg:\trigger_modules_gen:0:trigger_match|sld_sbpmg:\gen_sbpmg_pipeline_less_than_two:sm0:47:sm1       ; sld_sbpmg                         ; work         ;
;                      |sld_sbpmg:\gen_sbpmg_pipeline_less_than_two:sm0:48:sm1|                                                           ; 2 (2)       ; 2 (2)                     ; 0 (0)         ; 0           ; 0    ; 0            ; 0       ; 0         ; 0    ; 0            ; 0 (0)        ; 0 (0)             ; 2 (2)            ; |task_5|sld_signaltap:auto_signaltap_0|sld_signaltap_impl:sld_signaltap_body|sld_signaltap_implb:sld_signaltap_body|sld_ela_control:ela_control|sld_ela_basic_multi_level_trigger:\basic_multi_level_mbpm_trigger_gen:multi_level_mbpm|sld_mbpmg:\trigger_modules_gen:0:trigger_match|sld_sbpmg:\gen_sbpmg_pipeline_less_than_two:sm0:48:sm1       ; sld_sbpmg                         ; work         ;
;                      |sld_sbpmg:\gen_sbpmg_pipeline_less_than_two:sm0:49:sm1|                                                           ; 2 (2)       ; 2 (2)                     ; 0 (0)         ; 0           ; 0    ; 0            ; 0       ; 0         ; 0    ; 0            ; 0 (0)        ; 0 (0)             ; 2 (2)            ; |task_5|sld_signaltap:auto_signaltap_0|sld_signaltap_impl:sld_signaltap_body|sld_signaltap_implb:sld_signaltap_body|sld_ela_control:ela_control|sld_ela_basic_multi_level_trigger:\basic_multi_level_mbpm_trigger_gen:multi_level_mbpm|sld_mbpmg:\trigger_modules_gen:0:trigger_match|sld_sbpmg:\gen_sbpmg_pipeline_less_than_two:sm0:49:sm1       ; sld_sbpmg                         ; work         ;
;                      |sld_sbpmg:\gen_sbpmg_pipeline_less_than_two:sm0:4:sm1|                                                            ; 2 (2)       ; 2 (2)                     ; 0 (0)         ; 0           ; 0    ; 0            ; 0       ; 0         ; 0    ; 0            ; 0 (0)        ; 0 (0)             ; 2 (2)            ; |task_5|sld_signaltap:auto_signaltap_0|sld_signaltap_impl:sld_signaltap_body|sld_signaltap_implb:sld_signaltap_body|sld_ela_control:ela_control|sld_ela_basic_multi_level_trigger:\basic_multi_level_mbpm_trigger_gen:multi_level_mbpm|sld_mbpmg:\trigger_modules_gen:0:trigger_match|sld_sbpmg:\gen_sbpmg_pipeline_less_than_two:sm0:4:sm1        ; sld_sbpmg                         ; work         ;
;                      |sld_sbpmg:\gen_sbpmg_pipeline_less_than_two:sm0:50:sm1|                                                           ; 2 (2)       ; 2 (2)                     ; 0 (0)         ; 0           ; 0    ; 0            ; 0       ; 0         ; 0    ; 0            ; 0 (0)        ; 0 (0)             ; 2 (2)            ; |task_5|sld_signaltap:auto_signaltap_0|sld_signaltap_impl:sld_signaltap_body|sld_signaltap_implb:sld_signaltap_body|sld_ela_control:ela_control|sld_ela_basic_multi_level_trigger:\basic_multi_level_mbpm_trigger_gen:multi_level_mbpm|sld_mbpmg:\trigger_modules_gen:0:trigger_match|sld_sbpmg:\gen_sbpmg_pipeline_less_than_two:sm0:50:sm1       ; sld_sbpmg                         ; work         ;
;                      |sld_sbpmg:\gen_sbpmg_pipeline_less_than_two:sm0:51:sm1|                                                           ; 2 (2)       ; 2 (2)                     ; 0 (0)         ; 0           ; 0    ; 0            ; 0       ; 0         ; 0    ; 0            ; 0 (0)        ; 0 (0)             ; 2 (2)            ; |task_5|sld_signaltap:auto_signaltap_0|sld_signaltap_impl:sld_signaltap_body|sld_signaltap_implb:sld_signaltap_body|sld_ela_control:ela_control|sld_ela_basic_multi_level_trigger:\basic_multi_level_mbpm_trigger_gen:multi_level_mbpm|sld_mbpmg:\trigger_modules_gen:0:trigger_match|sld_sbpmg:\gen_sbpmg_pipeline_less_than_two:sm0:51:sm1       ; sld_sbpmg                         ; work         ;
;                      |sld_sbpmg:\gen_sbpmg_pipeline_less_than_two:sm0:52:sm1|                                                           ; 2 (2)       ; 2 (2)                     ; 0 (0)         ; 0           ; 0    ; 0            ; 0       ; 0         ; 0    ; 0            ; 0 (0)        ; 0 (0)             ; 2 (2)            ; |task_5|sld_signaltap:auto_signaltap_0|sld_signaltap_impl:sld_signaltap_body|sld_signaltap_implb:sld_signaltap_body|sld_ela_control:ela_control|sld_ela_basic_multi_level_trigger:\basic_multi_level_mbpm_trigger_gen:multi_level_mbpm|sld_mbpmg:\trigger_modules_gen:0:trigger_match|sld_sbpmg:\gen_sbpmg_pipeline_less_than_two:sm0:52:sm1       ; sld_sbpmg                         ; work         ;
;                      |sld_sbpmg:\gen_sbpmg_pipeline_less_than_two:sm0:53:sm1|                                                           ; 2 (2)       ; 2 (2)                     ; 0 (0)         ; 0           ; 0    ; 0            ; 0       ; 0         ; 0    ; 0            ; 0 (0)        ; 0 (0)             ; 2 (2)            ; |task_5|sld_signaltap:auto_signaltap_0|sld_signaltap_impl:sld_signaltap_body|sld_signaltap_implb:sld_signaltap_body|sld_ela_control:ela_control|sld_ela_basic_multi_level_trigger:\basic_multi_level_mbpm_trigger_gen:multi_level_mbpm|sld_mbpmg:\trigger_modules_gen:0:trigger_match|sld_sbpmg:\gen_sbpmg_pipeline_less_than_two:sm0:53:sm1       ; sld_sbpmg                         ; work         ;
;                      |sld_sbpmg:\gen_sbpmg_pipeline_less_than_two:sm0:54:sm1|                                                           ; 2 (2)       ; 2 (2)                     ; 0 (0)         ; 0           ; 0    ; 0            ; 0       ; 0         ; 0    ; 0            ; 0 (0)        ; 0 (0)             ; 2 (2)            ; |task_5|sld_signaltap:auto_signaltap_0|sld_signaltap_impl:sld_signaltap_body|sld_signaltap_implb:sld_signaltap_body|sld_ela_control:ela_control|sld_ela_basic_multi_level_trigger:\basic_multi_level_mbpm_trigger_gen:multi_level_mbpm|sld_mbpmg:\trigger_modules_gen:0:trigger_match|sld_sbpmg:\gen_sbpmg_pipeline_less_than_two:sm0:54:sm1       ; sld_sbpmg                         ; work         ;
;                      |sld_sbpmg:\gen_sbpmg_pipeline_less_than_two:sm0:55:sm1|                                                           ; 2 (2)       ; 2 (2)                     ; 0 (0)         ; 0           ; 0    ; 0            ; 0       ; 0         ; 0    ; 0            ; 0 (0)        ; 0 (0)             ; 2 (2)            ; |task_5|sld_signaltap:auto_signaltap_0|sld_signaltap_impl:sld_signaltap_body|sld_signaltap_implb:sld_signaltap_body|sld_ela_control:ela_control|sld_ela_basic_multi_level_trigger:\basic_multi_level_mbpm_trigger_gen:multi_level_mbpm|sld_mbpmg:\trigger_modules_gen:0:trigger_match|sld_sbpmg:\gen_sbpmg_pipeline_less_than_two:sm0:55:sm1       ; sld_sbpmg                         ; work         ;
;                      |sld_sbpmg:\gen_sbpmg_pipeline_less_than_two:sm0:56:sm1|                                                           ; 2 (2)       ; 2 (2)                     ; 0 (0)         ; 0           ; 0    ; 0            ; 0       ; 0         ; 0    ; 0            ; 0 (0)        ; 0 (0)             ; 2 (2)            ; |task_5|sld_signaltap:auto_signaltap_0|sld_signaltap_impl:sld_signaltap_body|sld_signaltap_implb:sld_signaltap_body|sld_ela_control:ela_control|sld_ela_basic_multi_level_trigger:\basic_multi_level_mbpm_trigger_gen:multi_level_mbpm|sld_mbpmg:\trigger_modules_gen:0:trigger_match|sld_sbpmg:\gen_sbpmg_pipeline_less_than_two:sm0:56:sm1       ; sld_sbpmg                         ; work         ;
;                      |sld_sbpmg:\gen_sbpmg_pipeline_less_than_two:sm0:57:sm1|                                                           ; 2 (2)       ; 2 (2)                     ; 0 (0)         ; 0           ; 0    ; 0            ; 0       ; 0         ; 0    ; 0            ; 0 (0)        ; 0 (0)             ; 2 (2)            ; |task_5|sld_signaltap:auto_signaltap_0|sld_signaltap_impl:sld_signaltap_body|sld_signaltap_implb:sld_signaltap_body|sld_ela_control:ela_control|sld_ela_basic_multi_level_trigger:\basic_multi_level_mbpm_trigger_gen:multi_level_mbpm|sld_mbpmg:\trigger_modules_gen:0:trigger_match|sld_sbpmg:\gen_sbpmg_pipeline_less_than_two:sm0:57:sm1       ; sld_sbpmg                         ; work         ;
;                      |sld_sbpmg:\gen_sbpmg_pipeline_less_than_two:sm0:58:sm1|                                                           ; 2 (2)       ; 2 (2)                     ; 0 (0)         ; 0           ; 0    ; 0            ; 0       ; 0         ; 0    ; 0            ; 0 (0)        ; 0 (0)             ; 2 (2)            ; |task_5|sld_signaltap:auto_signaltap_0|sld_signaltap_impl:sld_signaltap_body|sld_signaltap_implb:sld_signaltap_body|sld_ela_control:ela_control|sld_ela_basic_multi_level_trigger:\basic_multi_level_mbpm_trigger_gen:multi_level_mbpm|sld_mbpmg:\trigger_modules_gen:0:trigger_match|sld_sbpmg:\gen_sbpmg_pipeline_less_than_two:sm0:58:sm1       ; sld_sbpmg                         ; work         ;
;                      |sld_sbpmg:\gen_sbpmg_pipeline_less_than_two:sm0:59:sm1|                                                           ; 2 (2)       ; 2 (2)                     ; 0 (0)         ; 0           ; 0    ; 0            ; 0       ; 0         ; 0    ; 0            ; 0 (0)        ; 0 (0)             ; 2 (2)            ; |task_5|sld_signaltap:auto_signaltap_0|sld_signaltap_impl:sld_signaltap_body|sld_signaltap_implb:sld_signaltap_body|sld_ela_control:ela_control|sld_ela_basic_multi_level_trigger:\basic_multi_level_mbpm_trigger_gen:multi_level_mbpm|sld_mbpmg:\trigger_modules_gen:0:trigger_match|sld_sbpmg:\gen_sbpmg_pipeline_less_than_two:sm0:59:sm1       ; sld_sbpmg                         ; work         ;
;                      |sld_sbpmg:\gen_sbpmg_pipeline_less_than_two:sm0:5:sm1|                                                            ; 2 (2)       ; 2 (2)                     ; 0 (0)         ; 0           ; 0    ; 0            ; 0       ; 0         ; 0    ; 0            ; 0 (0)        ; 0 (0)             ; 2 (2)            ; |task_5|sld_signaltap:auto_signaltap_0|sld_signaltap_impl:sld_signaltap_body|sld_signaltap_implb:sld_signaltap_body|sld_ela_control:ela_control|sld_ela_basic_multi_level_trigger:\basic_multi_level_mbpm_trigger_gen:multi_level_mbpm|sld_mbpmg:\trigger_modules_gen:0:trigger_match|sld_sbpmg:\gen_sbpmg_pipeline_less_than_two:sm0:5:sm1        ; sld_sbpmg                         ; work         ;
;                      |sld_sbpmg:\gen_sbpmg_pipeline_less_than_two:sm0:60:sm1|                                                           ; 3 (3)       ; 2 (2)                     ; 0 (0)         ; 0           ; 0    ; 0            ; 0       ; 0         ; 0    ; 0            ; 0 (0)        ; 1 (1)             ; 2 (2)            ; |task_5|sld_signaltap:auto_signaltap_0|sld_signaltap_impl:sld_signaltap_body|sld_signaltap_implb:sld_signaltap_body|sld_ela_control:ela_control|sld_ela_basic_multi_level_trigger:\basic_multi_level_mbpm_trigger_gen:multi_level_mbpm|sld_mbpmg:\trigger_modules_gen:0:trigger_match|sld_sbpmg:\gen_sbpmg_pipeline_less_than_two:sm0:60:sm1       ; sld_sbpmg                         ; work         ;
;                      |sld_sbpmg:\gen_sbpmg_pipeline_less_than_two:sm0:61:sm1|                                                           ; 2 (2)       ; 2 (2)                     ; 0 (0)         ; 0           ; 0    ; 0            ; 0       ; 0         ; 0    ; 0            ; 0 (0)        ; 0 (0)             ; 2 (2)            ; |task_5|sld_signaltap:auto_signaltap_0|sld_signaltap_impl:sld_signaltap_body|sld_signaltap_implb:sld_signaltap_body|sld_ela_control:ela_control|sld_ela_basic_multi_level_trigger:\basic_multi_level_mbpm_trigger_gen:multi_level_mbpm|sld_mbpmg:\trigger_modules_gen:0:trigger_match|sld_sbpmg:\gen_sbpmg_pipeline_less_than_two:sm0:61:sm1       ; sld_sbpmg                         ; work         ;
;                      |sld_sbpmg:\gen_sbpmg_pipeline_less_than_two:sm0:62:sm1|                                                           ; 2 (2)       ; 2 (2)                     ; 0 (0)         ; 0           ; 0    ; 0            ; 0       ; 0         ; 0    ; 0            ; 0 (0)        ; 0 (0)             ; 2 (2)            ; |task_5|sld_signaltap:auto_signaltap_0|sld_signaltap_impl:sld_signaltap_body|sld_signaltap_implb:sld_signaltap_body|sld_ela_control:ela_control|sld_ela_basic_multi_level_trigger:\basic_multi_level_mbpm_trigger_gen:multi_level_mbpm|sld_mbpmg:\trigger_modules_gen:0:trigger_match|sld_sbpmg:\gen_sbpmg_pipeline_less_than_two:sm0:62:sm1       ; sld_sbpmg                         ; work         ;
;                      |sld_sbpmg:\gen_sbpmg_pipeline_less_than_two:sm0:63:sm1|                                                           ; 2 (2)       ; 2 (2)                     ; 0 (0)         ; 0           ; 0    ; 0            ; 0       ; 0         ; 0    ; 0            ; 0 (0)        ; 0 (0)             ; 2 (2)            ; |task_5|sld_signaltap:auto_signaltap_0|sld_signaltap_impl:sld_signaltap_body|sld_signaltap_implb:sld_signaltap_body|sld_ela_control:ela_control|sld_ela_basic_multi_level_trigger:\basic_multi_level_mbpm_trigger_gen:multi_level_mbpm|sld_mbpmg:\trigger_modules_gen:0:trigger_match|sld_sbpmg:\gen_sbpmg_pipeline_less_than_two:sm0:63:sm1       ; sld_sbpmg                         ; work         ;
;                      |sld_sbpmg:\gen_sbpmg_pipeline_less_than_two:sm0:64:sm1|                                                           ; 2 (2)       ; 2 (2)                     ; 0 (0)         ; 0           ; 0    ; 0            ; 0       ; 0         ; 0    ; 0            ; 0 (0)        ; 0 (0)             ; 2 (2)            ; |task_5|sld_signaltap:auto_signaltap_0|sld_signaltap_impl:sld_signaltap_body|sld_signaltap_implb:sld_signaltap_body|sld_ela_control:ela_control|sld_ela_basic_multi_level_trigger:\basic_multi_level_mbpm_trigger_gen:multi_level_mbpm|sld_mbpmg:\trigger_modules_gen:0:trigger_match|sld_sbpmg:\gen_sbpmg_pipeline_less_than_two:sm0:64:sm1       ; sld_sbpmg                         ; work         ;
;                      |sld_sbpmg:\gen_sbpmg_pipeline_less_than_two:sm0:65:sm1|                                                           ; 2 (2)       ; 2 (2)                     ; 0 (0)         ; 0           ; 0    ; 0            ; 0       ; 0         ; 0    ; 0            ; 0 (0)        ; 0 (0)             ; 2 (2)            ; |task_5|sld_signaltap:auto_signaltap_0|sld_signaltap_impl:sld_signaltap_body|sld_signaltap_implb:sld_signaltap_body|sld_ela_control:ela_control|sld_ela_basic_multi_level_trigger:\basic_multi_level_mbpm_trigger_gen:multi_level_mbpm|sld_mbpmg:\trigger_modules_gen:0:trigger_match|sld_sbpmg:\gen_sbpmg_pipeline_less_than_two:sm0:65:sm1       ; sld_sbpmg                         ; work         ;
;                      |sld_sbpmg:\gen_sbpmg_pipeline_less_than_two:sm0:66:sm1|                                                           ; 2 (2)       ; 2 (2)                     ; 0 (0)         ; 0           ; 0    ; 0            ; 0       ; 0         ; 0    ; 0            ; 0 (0)        ; 0 (0)             ; 2 (2)            ; |task_5|sld_signaltap:auto_signaltap_0|sld_signaltap_impl:sld_signaltap_body|sld_signaltap_implb:sld_signaltap_body|sld_ela_control:ela_control|sld_ela_basic_multi_level_trigger:\basic_multi_level_mbpm_trigger_gen:multi_level_mbpm|sld_mbpmg:\trigger_modules_gen:0:trigger_match|sld_sbpmg:\gen_sbpmg_pipeline_less_than_two:sm0:66:sm1       ; sld_sbpmg                         ; work         ;
;                      |sld_sbpmg:\gen_sbpmg_pipeline_less_than_two:sm0:67:sm1|                                                           ; 2 (2)       ; 2 (2)                     ; 0 (0)         ; 0           ; 0    ; 0            ; 0       ; 0         ; 0    ; 0            ; 0 (0)        ; 0 (0)             ; 2 (2)            ; |task_5|sld_signaltap:auto_signaltap_0|sld_signaltap_impl:sld_signaltap_body|sld_signaltap_implb:sld_signaltap_body|sld_ela_control:ela_control|sld_ela_basic_multi_level_trigger:\basic_multi_level_mbpm_trigger_gen:multi_level_mbpm|sld_mbpmg:\trigger_modules_gen:0:trigger_match|sld_sbpmg:\gen_sbpmg_pipeline_less_than_two:sm0:67:sm1       ; sld_sbpmg                         ; work         ;
;                      |sld_sbpmg:\gen_sbpmg_pipeline_less_than_two:sm0:68:sm1|                                                           ; 2 (2)       ; 2 (2)                     ; 0 (0)         ; 0           ; 0    ; 0            ; 0       ; 0         ; 0    ; 0            ; 0 (0)        ; 0 (0)             ; 2 (2)            ; |task_5|sld_signaltap:auto_signaltap_0|sld_signaltap_impl:sld_signaltap_body|sld_signaltap_implb:sld_signaltap_body|sld_ela_control:ela_control|sld_ela_basic_multi_level_trigger:\basic_multi_level_mbpm_trigger_gen:multi_level_mbpm|sld_mbpmg:\trigger_modules_gen:0:trigger_match|sld_sbpmg:\gen_sbpmg_pipeline_less_than_two:sm0:68:sm1       ; sld_sbpmg                         ; work         ;
;                      |sld_sbpmg:\gen_sbpmg_pipeline_less_than_two:sm0:69:sm1|                                                           ; 2 (2)       ; 2 (2)                     ; 0 (0)         ; 0           ; 0    ; 0            ; 0       ; 0         ; 0    ; 0            ; 0 (0)        ; 0 (0)             ; 2 (2)            ; |task_5|sld_signaltap:auto_signaltap_0|sld_signaltap_impl:sld_signaltap_body|sld_signaltap_implb:sld_signaltap_body|sld_ela_control:ela_control|sld_ela_basic_multi_level_trigger:\basic_multi_level_mbpm_trigger_gen:multi_level_mbpm|sld_mbpmg:\trigger_modules_gen:0:trigger_match|sld_sbpmg:\gen_sbpmg_pipeline_less_than_two:sm0:69:sm1       ; sld_sbpmg                         ; work         ;
;                      |sld_sbpmg:\gen_sbpmg_pipeline_less_than_two:sm0:6:sm1|                                                            ; 2 (2)       ; 2 (2)                     ; 0 (0)         ; 0           ; 0    ; 0            ; 0       ; 0         ; 0    ; 0            ; 0 (0)        ; 0 (0)             ; 2 (2)            ; |task_5|sld_signaltap:auto_signaltap_0|sld_signaltap_impl:sld_signaltap_body|sld_signaltap_implb:sld_signaltap_body|sld_ela_control:ela_control|sld_ela_basic_multi_level_trigger:\basic_multi_level_mbpm_trigger_gen:multi_level_mbpm|sld_mbpmg:\trigger_modules_gen:0:trigger_match|sld_sbpmg:\gen_sbpmg_pipeline_less_than_two:sm0:6:sm1        ; sld_sbpmg                         ; work         ;
;                      |sld_sbpmg:\gen_sbpmg_pipeline_less_than_two:sm0:70:sm1|                                                           ; 2 (2)       ; 2 (2)                     ; 0 (0)         ; 0           ; 0    ; 0            ; 0       ; 0         ; 0    ; 0            ; 0 (0)        ; 0 (0)             ; 2 (2)            ; |task_5|sld_signaltap:auto_signaltap_0|sld_signaltap_impl:sld_signaltap_body|sld_signaltap_implb:sld_signaltap_body|sld_ela_control:ela_control|sld_ela_basic_multi_level_trigger:\basic_multi_level_mbpm_trigger_gen:multi_level_mbpm|sld_mbpmg:\trigger_modules_gen:0:trigger_match|sld_sbpmg:\gen_sbpmg_pipeline_less_than_two:sm0:70:sm1       ; sld_sbpmg                         ; work         ;
;                      |sld_sbpmg:\gen_sbpmg_pipeline_less_than_two:sm0:71:sm1|                                                           ; 2 (2)       ; 2 (2)                     ; 0 (0)         ; 0           ; 0    ; 0            ; 0       ; 0         ; 0    ; 0            ; 0 (0)        ; 0 (0)             ; 2 (2)            ; |task_5|sld_signaltap:auto_signaltap_0|sld_signaltap_impl:sld_signaltap_body|sld_signaltap_implb:sld_signaltap_body|sld_ela_control:ela_control|sld_ela_basic_multi_level_trigger:\basic_multi_level_mbpm_trigger_gen:multi_level_mbpm|sld_mbpmg:\trigger_modules_gen:0:trigger_match|sld_sbpmg:\gen_sbpmg_pipeline_less_than_two:sm0:71:sm1       ; sld_sbpmg                         ; work         ;
;                      |sld_sbpmg:\gen_sbpmg_pipeline_less_than_two:sm0:72:sm1|                                                           ; 2 (2)       ; 2 (2)                     ; 0 (0)         ; 0           ; 0    ; 0            ; 0       ; 0         ; 0    ; 0            ; 0 (0)        ; 0 (0)             ; 2 (2)            ; |task_5|sld_signaltap:auto_signaltap_0|sld_signaltap_impl:sld_signaltap_body|sld_signaltap_implb:sld_signaltap_body|sld_ela_control:ela_control|sld_ela_basic_multi_level_trigger:\basic_multi_level_mbpm_trigger_gen:multi_level_mbpm|sld_mbpmg:\trigger_modules_gen:0:trigger_match|sld_sbpmg:\gen_sbpmg_pipeline_less_than_two:sm0:72:sm1       ; sld_sbpmg                         ; work         ;
;                      |sld_sbpmg:\gen_sbpmg_pipeline_less_than_two:sm0:73:sm1|                                                           ; 2 (2)       ; 2 (2)                     ; 0 (0)         ; 0           ; 0    ; 0            ; 0       ; 0         ; 0    ; 0            ; 0 (0)        ; 0 (0)             ; 2 (2)            ; |task_5|sld_signaltap:auto_signaltap_0|sld_signaltap_impl:sld_signaltap_body|sld_signaltap_implb:sld_signaltap_body|sld_ela_control:ela_control|sld_ela_basic_multi_level_trigger:\basic_multi_level_mbpm_trigger_gen:multi_level_mbpm|sld_mbpmg:\trigger_modules_gen:0:trigger_match|sld_sbpmg:\gen_sbpmg_pipeline_less_than_two:sm0:73:sm1       ; sld_sbpmg                         ; work         ;
;                      |sld_sbpmg:\gen_sbpmg_pipeline_less_than_two:sm0:74:sm1|                                                           ; 2 (2)       ; 2 (2)                     ; 0 (0)         ; 0           ; 0    ; 0            ; 0       ; 0         ; 0    ; 0            ; 0 (0)        ; 0 (0)             ; 2 (2)            ; |task_5|sld_signaltap:auto_signaltap_0|sld_signaltap_impl:sld_signaltap_body|sld_signaltap_implb:sld_signaltap_body|sld_ela_control:ela_control|sld_ela_basic_multi_level_trigger:\basic_multi_level_mbpm_trigger_gen:multi_level_mbpm|sld_mbpmg:\trigger_modules_gen:0:trigger_match|sld_sbpmg:\gen_sbpmg_pipeline_less_than_two:sm0:74:sm1       ; sld_sbpmg                         ; work         ;
;                      |sld_sbpmg:\gen_sbpmg_pipeline_less_than_two:sm0:75:sm1|                                                           ; 2 (2)       ; 2 (2)                     ; 0 (0)         ; 0           ; 0    ; 0            ; 0       ; 0         ; 0    ; 0            ; 0 (0)        ; 0 (0)             ; 2 (2)            ; |task_5|sld_signaltap:auto_signaltap_0|sld_signaltap_impl:sld_signaltap_body|sld_signaltap_implb:sld_signaltap_body|sld_ela_control:ela_control|sld_ela_basic_multi_level_trigger:\basic_multi_level_mbpm_trigger_gen:multi_level_mbpm|sld_mbpmg:\trigger_modules_gen:0:trigger_match|sld_sbpmg:\gen_sbpmg_pipeline_less_than_two:sm0:75:sm1       ; sld_sbpmg                         ; work         ;
;                      |sld_sbpmg:\gen_sbpmg_pipeline_less_than_two:sm0:76:sm1|                                                           ; 2 (2)       ; 2 (2)                     ; 0 (0)         ; 0           ; 0    ; 0            ; 0       ; 0         ; 0    ; 0            ; 0 (0)        ; 0 (0)             ; 2 (2)            ; |task_5|sld_signaltap:auto_signaltap_0|sld_signaltap_impl:sld_signaltap_body|sld_signaltap_implb:sld_signaltap_body|sld_ela_control:ela_control|sld_ela_basic_multi_level_trigger:\basic_multi_level_mbpm_trigger_gen:multi_level_mbpm|sld_mbpmg:\trigger_modules_gen:0:trigger_match|sld_sbpmg:\gen_sbpmg_pipeline_less_than_two:sm0:76:sm1       ; sld_sbpmg                         ; work         ;
;                      |sld_sbpmg:\gen_sbpmg_pipeline_less_than_two:sm0:77:sm1|                                                           ; 2 (2)       ; 2 (2)                     ; 0 (0)         ; 0           ; 0    ; 0            ; 0       ; 0         ; 0    ; 0            ; 0 (0)        ; 0 (0)             ; 2 (2)            ; |task_5|sld_signaltap:auto_signaltap_0|sld_signaltap_impl:sld_signaltap_body|sld_signaltap_implb:sld_signaltap_body|sld_ela_control:ela_control|sld_ela_basic_multi_level_trigger:\basic_multi_level_mbpm_trigger_gen:multi_level_mbpm|sld_mbpmg:\trigger_modules_gen:0:trigger_match|sld_sbpmg:\gen_sbpmg_pipeline_less_than_two:sm0:77:sm1       ; sld_sbpmg                         ; work         ;
;                      |sld_sbpmg:\gen_sbpmg_pipeline_less_than_two:sm0:78:sm1|                                                           ; 3 (3)       ; 2 (2)                     ; 0 (0)         ; 0           ; 0    ; 0            ; 0       ; 0         ; 0    ; 0            ; 0 (0)        ; 1 (1)             ; 2 (2)            ; |task_5|sld_signaltap:auto_signaltap_0|sld_signaltap_impl:sld_signaltap_body|sld_signaltap_implb:sld_signaltap_body|sld_ela_control:ela_control|sld_ela_basic_multi_level_trigger:\basic_multi_level_mbpm_trigger_gen:multi_level_mbpm|sld_mbpmg:\trigger_modules_gen:0:trigger_match|sld_sbpmg:\gen_sbpmg_pipeline_less_than_two:sm0:78:sm1       ; sld_sbpmg                         ; work         ;
;                      |sld_sbpmg:\gen_sbpmg_pipeline_less_than_two:sm0:79:sm1|                                                           ; 2 (2)       ; 2 (2)                     ; 0 (0)         ; 0           ; 0    ; 0            ; 0       ; 0         ; 0    ; 0            ; 0 (0)        ; 0 (0)             ; 2 (2)            ; |task_5|sld_signaltap:auto_signaltap_0|sld_signaltap_impl:sld_signaltap_body|sld_signaltap_implb:sld_signaltap_body|sld_ela_control:ela_control|sld_ela_basic_multi_level_trigger:\basic_multi_level_mbpm_trigger_gen:multi_level_mbpm|sld_mbpmg:\trigger_modules_gen:0:trigger_match|sld_sbpmg:\gen_sbpmg_pipeline_less_than_two:sm0:79:sm1       ; sld_sbpmg                         ; work         ;
;                      |sld_sbpmg:\gen_sbpmg_pipeline_less_than_two:sm0:7:sm1|                                                            ; 2 (2)       ; 2 (2)                     ; 0 (0)         ; 0           ; 0    ; 0            ; 0       ; 0         ; 0    ; 0            ; 0 (0)        ; 0 (0)             ; 2 (2)            ; |task_5|sld_signaltap:auto_signaltap_0|sld_signaltap_impl:sld_signaltap_body|sld_signaltap_implb:sld_signaltap_body|sld_ela_control:ela_control|sld_ela_basic_multi_level_trigger:\basic_multi_level_mbpm_trigger_gen:multi_level_mbpm|sld_mbpmg:\trigger_modules_gen:0:trigger_match|sld_sbpmg:\gen_sbpmg_pipeline_less_than_two:sm0:7:sm1        ; sld_sbpmg                         ; work         ;
;                      |sld_sbpmg:\gen_sbpmg_pipeline_less_than_two:sm0:80:sm1|                                                           ; 2 (2)       ; 2 (2)                     ; 0 (0)         ; 0           ; 0    ; 0            ; 0       ; 0         ; 0    ; 0            ; 0 (0)        ; 0 (0)             ; 2 (2)            ; |task_5|sld_signaltap:auto_signaltap_0|sld_signaltap_impl:sld_signaltap_body|sld_signaltap_implb:sld_signaltap_body|sld_ela_control:ela_control|sld_ela_basic_multi_level_trigger:\basic_multi_level_mbpm_trigger_gen:multi_level_mbpm|sld_mbpmg:\trigger_modules_gen:0:trigger_match|sld_sbpmg:\gen_sbpmg_pipeline_less_than_two:sm0:80:sm1       ; sld_sbpmg                         ; work         ;
;                      |sld_sbpmg:\gen_sbpmg_pipeline_less_than_two:sm0:81:sm1|                                                           ; 2 (2)       ; 2 (2)                     ; 0 (0)         ; 0           ; 0    ; 0            ; 0       ; 0         ; 0    ; 0            ; 0 (0)        ; 0 (0)             ; 2 (2)            ; |task_5|sld_signaltap:auto_signaltap_0|sld_signaltap_impl:sld_signaltap_body|sld_signaltap_implb:sld_signaltap_body|sld_ela_control:ela_control|sld_ela_basic_multi_level_trigger:\basic_multi_level_mbpm_trigger_gen:multi_level_mbpm|sld_mbpmg:\trigger_modules_gen:0:trigger_match|sld_sbpmg:\gen_sbpmg_pipeline_less_than_two:sm0:81:sm1       ; sld_sbpmg                         ; work         ;
;                      |sld_sbpmg:\gen_sbpmg_pipeline_less_than_two:sm0:82:sm1|                                                           ; 2 (2)       ; 2 (2)                     ; 0 (0)         ; 0           ; 0    ; 0            ; 0       ; 0         ; 0    ; 0            ; 0 (0)        ; 0 (0)             ; 2 (2)            ; |task_5|sld_signaltap:auto_signaltap_0|sld_signaltap_impl:sld_signaltap_body|sld_signaltap_implb:sld_signaltap_body|sld_ela_control:ela_control|sld_ela_basic_multi_level_trigger:\basic_multi_level_mbpm_trigger_gen:multi_level_mbpm|sld_mbpmg:\trigger_modules_gen:0:trigger_match|sld_sbpmg:\gen_sbpmg_pipeline_less_than_two:sm0:82:sm1       ; sld_sbpmg                         ; work         ;
;                      |sld_sbpmg:\gen_sbpmg_pipeline_less_than_two:sm0:83:sm1|                                                           ; 2 (2)       ; 2 (2)                     ; 0 (0)         ; 0           ; 0    ; 0            ; 0       ; 0         ; 0    ; 0            ; 0 (0)        ; 0 (0)             ; 2 (2)            ; |task_5|sld_signaltap:auto_signaltap_0|sld_signaltap_impl:sld_signaltap_body|sld_signaltap_implb:sld_signaltap_body|sld_ela_control:ela_control|sld_ela_basic_multi_level_trigger:\basic_multi_level_mbpm_trigger_gen:multi_level_mbpm|sld_mbpmg:\trigger_modules_gen:0:trigger_match|sld_sbpmg:\gen_sbpmg_pipeline_less_than_two:sm0:83:sm1       ; sld_sbpmg                         ; work         ;
;                      |sld_sbpmg:\gen_sbpmg_pipeline_less_than_two:sm0:84:sm1|                                                           ; 2 (2)       ; 2 (2)                     ; 0 (0)         ; 0           ; 0    ; 0            ; 0       ; 0         ; 0    ; 0            ; 0 (0)        ; 0 (0)             ; 2 (2)            ; |task_5|sld_signaltap:auto_signaltap_0|sld_signaltap_impl:sld_signaltap_body|sld_signaltap_implb:sld_signaltap_body|sld_ela_control:ela_control|sld_ela_basic_multi_level_trigger:\basic_multi_level_mbpm_trigger_gen:multi_level_mbpm|sld_mbpmg:\trigger_modules_gen:0:trigger_match|sld_sbpmg:\gen_sbpmg_pipeline_less_than_two:sm0:84:sm1       ; sld_sbpmg                         ; work         ;
;                      |sld_sbpmg:\gen_sbpmg_pipeline_less_than_two:sm0:85:sm1|                                                           ; 2 (2)       ; 2 (2)                     ; 0 (0)         ; 0           ; 0    ; 0            ; 0       ; 0         ; 0    ; 0            ; 0 (0)        ; 0 (0)             ; 2 (2)            ; |task_5|sld_signaltap:auto_signaltap_0|sld_signaltap_impl:sld_signaltap_body|sld_signaltap_implb:sld_signaltap_body|sld_ela_control:ela_control|sld_ela_basic_multi_level_trigger:\basic_multi_level_mbpm_trigger_gen:multi_level_mbpm|sld_mbpmg:\trigger_modules_gen:0:trigger_match|sld_sbpmg:\gen_sbpmg_pipeline_less_than_two:sm0:85:sm1       ; sld_sbpmg                         ; work         ;
;                      |sld_sbpmg:\gen_sbpmg_pipeline_less_than_two:sm0:86:sm1|                                                           ; 3 (3)       ; 2 (2)                     ; 0 (0)         ; 0           ; 0    ; 0            ; 0       ; 0         ; 0    ; 0            ; 0 (0)        ; 1 (1)             ; 2 (2)            ; |task_5|sld_signaltap:auto_signaltap_0|sld_signaltap_impl:sld_signaltap_body|sld_signaltap_implb:sld_signaltap_body|sld_ela_control:ela_control|sld_ela_basic_multi_level_trigger:\basic_multi_level_mbpm_trigger_gen:multi_level_mbpm|sld_mbpmg:\trigger_modules_gen:0:trigger_match|sld_sbpmg:\gen_sbpmg_pipeline_less_than_two:sm0:86:sm1       ; sld_sbpmg                         ; work         ;
;                      |sld_sbpmg:\gen_sbpmg_pipeline_less_than_two:sm0:87:sm1|                                                           ; 2 (2)       ; 2 (2)                     ; 0 (0)         ; 0           ; 0    ; 0            ; 0       ; 0         ; 0    ; 0            ; 0 (0)        ; 0 (0)             ; 2 (2)            ; |task_5|sld_signaltap:auto_signaltap_0|sld_signaltap_impl:sld_signaltap_body|sld_signaltap_implb:sld_signaltap_body|sld_ela_control:ela_control|sld_ela_basic_multi_level_trigger:\basic_multi_level_mbpm_trigger_gen:multi_level_mbpm|sld_mbpmg:\trigger_modules_gen:0:trigger_match|sld_sbpmg:\gen_sbpmg_pipeline_less_than_two:sm0:87:sm1       ; sld_sbpmg                         ; work         ;
;                      |sld_sbpmg:\gen_sbpmg_pipeline_less_than_two:sm0:88:sm1|                                                           ; 2 (2)       ; 2 (2)                     ; 0 (0)         ; 0           ; 0    ; 0            ; 0       ; 0         ; 0    ; 0            ; 0 (0)        ; 0 (0)             ; 2 (2)            ; |task_5|sld_signaltap:auto_signaltap_0|sld_signaltap_impl:sld_signaltap_body|sld_signaltap_implb:sld_signaltap_body|sld_ela_control:ela_control|sld_ela_basic_multi_level_trigger:\basic_multi_level_mbpm_trigger_gen:multi_level_mbpm|sld_mbpmg:\trigger_modules_gen:0:trigger_match|sld_sbpmg:\gen_sbpmg_pipeline_less_than_two:sm0:88:sm1       ; sld_sbpmg                         ; work         ;
;                      |sld_sbpmg:\gen_sbpmg_pipeline_less_than_two:sm0:8:sm1|                                                            ; 2 (2)       ; 2 (2)                     ; 0 (0)         ; 0           ; 0    ; 0            ; 0       ; 0         ; 0    ; 0            ; 0 (0)        ; 0 (0)             ; 2 (2)            ; |task_5|sld_signaltap:auto_signaltap_0|sld_signaltap_impl:sld_signaltap_body|sld_signaltap_implb:sld_signaltap_body|sld_ela_control:ela_control|sld_ela_basic_multi_level_trigger:\basic_multi_level_mbpm_trigger_gen:multi_level_mbpm|sld_mbpmg:\trigger_modules_gen:0:trigger_match|sld_sbpmg:\gen_sbpmg_pipeline_less_than_two:sm0:8:sm1        ; sld_sbpmg                         ; work         ;
;                      |sld_sbpmg:\gen_sbpmg_pipeline_less_than_two:sm0:9:sm1|                                                            ; 2 (2)       ; 2 (2)                     ; 0 (0)         ; 0           ; 0    ; 0            ; 0       ; 0         ; 0    ; 0            ; 0 (0)        ; 0 (0)             ; 2 (2)            ; |task_5|sld_signaltap:auto_signaltap_0|sld_signaltap_impl:sld_signaltap_body|sld_signaltap_implb:sld_signaltap_body|sld_ela_control:ela_control|sld_ela_basic_multi_level_trigger:\basic_multi_level_mbpm_trigger_gen:multi_level_mbpm|sld_mbpmg:\trigger_modules_gen:0:trigger_match|sld_sbpmg:\gen_sbpmg_pipeline_less_than_two:sm0:9:sm1        ; sld_sbpmg                         ; work         ;
;                |sld_ela_trigger_flow_mgr:\builtin:ela_trigger_flow_mgr_entity|                                                          ; 41 (31)     ; 11 (1)                    ; 0 (0)         ; 0           ; 0    ; 0            ; 0       ; 0         ; 0    ; 0            ; 30 (30)      ; 10 (0)            ; 1 (1)            ; |task_5|sld_signaltap:auto_signaltap_0|sld_signaltap_impl:sld_signaltap_body|sld_signaltap_implb:sld_signaltap_body|sld_ela_control:ela_control|sld_ela_trigger_flow_mgr:\builtin:ela_trigger_flow_mgr_entity                                                                                                                                      ; sld_ela_trigger_flow_mgr          ; work         ;
;                   |lpm_shiftreg:trigger_config_deserialize|                                                                             ; 10 (10)     ; 10 (10)                   ; 0 (0)         ; 0           ; 0    ; 0            ; 0       ; 0         ; 0    ; 0            ; 0 (0)        ; 10 (10)           ; 0 (0)            ; |task_5|sld_signaltap:auto_signaltap_0|sld_signaltap_impl:sld_signaltap_body|sld_signaltap_implb:sld_signaltap_body|sld_ela_control:ela_control|sld_ela_trigger_flow_mgr:\builtin:ela_trigger_flow_mgr_entity|lpm_shiftreg:trigger_config_deserialize                                                                                              ; lpm_shiftreg                      ; work         ;
;             |sld_offload_buffer_mgr:\stp_non_zero_depth_offload_gen:stp_offload_buff_mgr_inst|                                          ; 162 (11)    ; 138 (0)                   ; 0 (0)         ; 0           ; 0    ; 0            ; 0       ; 0         ; 0    ; 0            ; 17 (10)      ; 6 (0)             ; 139 (1)          ; |task_5|sld_signaltap:auto_signaltap_0|sld_signaltap_impl:sld_signaltap_body|sld_signaltap_implb:sld_signaltap_body|sld_offload_buffer_mgr:\stp_non_zero_depth_offload_gen:stp_offload_buff_mgr_inst                                                                                                                                               ; sld_offload_buffer_mgr            ; work         ;
;                |lpm_counter:\adv_point_3_and_more:advance_pointer_counter|                                                              ; 9 (0)       ; 7 (0)                     ; 0 (0)         ; 0           ; 0    ; 0            ; 0       ; 0         ; 0    ; 0            ; 2 (0)        ; 0 (0)             ; 7 (0)            ; |task_5|sld_signaltap:auto_signaltap_0|sld_signaltap_impl:sld_signaltap_body|sld_signaltap_implb:sld_signaltap_body|sld_offload_buffer_mgr:\stp_non_zero_depth_offload_gen:stp_offload_buff_mgr_inst|lpm_counter:\adv_point_3_and_more:advance_pointer_counter                                                                                     ; lpm_counter                       ; work         ;
;                   |cntr_tgi:auto_generated|                                                                                             ; 9 (9)       ; 7 (7)                     ; 0 (0)         ; 0           ; 0    ; 0            ; 0       ; 0         ; 0    ; 0            ; 2 (2)        ; 0 (0)             ; 7 (7)            ; |task_5|sld_signaltap:auto_signaltap_0|sld_signaltap_impl:sld_signaltap_body|sld_signaltap_implb:sld_signaltap_body|sld_offload_buffer_mgr:\stp_non_zero_depth_offload_gen:stp_offload_buff_mgr_inst|lpm_counter:\adv_point_3_and_more:advance_pointer_counter|cntr_tgi:auto_generated                                                             ; cntr_tgi                          ; work         ;
;                |lpm_counter:read_pointer_counter|                                                                                       ; 7 (0)       ; 7 (0)                     ; 0 (0)         ; 0           ; 0    ; 0            ; 0       ; 0         ; 0    ; 0            ; 0 (0)        ; 0 (0)             ; 7 (0)            ; |task_5|sld_signaltap:auto_signaltap_0|sld_signaltap_impl:sld_signaltap_body|sld_signaltap_implb:sld_signaltap_body|sld_offload_buffer_mgr:\stp_non_zero_depth_offload_gen:stp_offload_buff_mgr_inst|lpm_counter:read_pointer_counter                                                                                                              ; lpm_counter                       ; work         ;
;                   |cntr_i6j:auto_generated|                                                                                             ; 7 (7)       ; 7 (7)                     ; 0 (0)         ; 0           ; 0    ; 0            ; 0       ; 0         ; 0    ; 0            ; 0 (0)        ; 0 (0)             ; 7 (7)            ; |task_5|sld_signaltap:auto_signaltap_0|sld_signaltap_impl:sld_signaltap_body|sld_signaltap_implb:sld_signaltap_body|sld_offload_buffer_mgr:\stp_non_zero_depth_offload_gen:stp_offload_buff_mgr_inst|lpm_counter:read_pointer_counter|cntr_i6j:auto_generated                                                                                      ; cntr_i6j                          ; work         ;
;                |lpm_counter:status_advance_pointer_counter|                                                                             ; 6 (0)       ; 4 (0)                     ; 0 (0)         ; 0           ; 0    ; 0            ; 0       ; 0         ; 0    ; 0            ; 2 (0)        ; 0 (0)             ; 4 (0)            ; |task_5|sld_signaltap:auto_signaltap_0|sld_signaltap_impl:sld_signaltap_body|sld_signaltap_implb:sld_signaltap_body|sld_offload_buffer_mgr:\stp_non_zero_depth_offload_gen:stp_offload_buff_mgr_inst|lpm_counter:status_advance_pointer_counter                                                                                                    ; lpm_counter                       ; work         ;
;                   |cntr_egi:auto_generated|                                                                                             ; 6 (6)       ; 4 (4)                     ; 0 (0)         ; 0           ; 0    ; 0            ; 0       ; 0         ; 0    ; 0            ; 2 (2)        ; 0 (0)             ; 4 (4)            ; |task_5|sld_signaltap:auto_signaltap_0|sld_signaltap_impl:sld_signaltap_body|sld_signaltap_implb:sld_signaltap_body|sld_offload_buffer_mgr:\stp_non_zero_depth_offload_gen:stp_offload_buff_mgr_inst|lpm_counter:status_advance_pointer_counter|cntr_egi:auto_generated                                                                            ; cntr_egi                          ; work         ;
;                |lpm_counter:status_read_pointer_counter|                                                                                ; 3 (0)       ; 1 (0)                     ; 0 (0)         ; 0           ; 0    ; 0            ; 0       ; 0         ; 0    ; 0            ; 2 (0)        ; 0 (0)             ; 1 (0)            ; |task_5|sld_signaltap:auto_signaltap_0|sld_signaltap_impl:sld_signaltap_body|sld_signaltap_implb:sld_signaltap_body|sld_offload_buffer_mgr:\stp_non_zero_depth_offload_gen:stp_offload_buff_mgr_inst|lpm_counter:status_read_pointer_counter                                                                                                       ; lpm_counter                       ; work         ;
;                   |cntr_23j:auto_generated|                                                                                             ; 3 (3)       ; 1 (1)                     ; 0 (0)         ; 0           ; 0    ; 0            ; 0       ; 0         ; 0    ; 0            ; 2 (2)        ; 0 (0)             ; 1 (1)            ; |task_5|sld_signaltap:auto_signaltap_0|sld_signaltap_impl:sld_signaltap_body|sld_signaltap_implb:sld_signaltap_body|sld_offload_buffer_mgr:\stp_non_zero_depth_offload_gen:stp_offload_buff_mgr_inst|lpm_counter:status_read_pointer_counter|cntr_23j:auto_generated                                                                               ; cntr_23j                          ; work         ;
;                |lpm_shiftreg:info_data_shift_out|                                                                                       ; 16 (16)     ; 15 (15)                   ; 0 (0)         ; 0           ; 0    ; 0            ; 0       ; 0         ; 0    ; 0            ; 1 (1)        ; 0 (0)             ; 15 (15)          ; |task_5|sld_signaltap:auto_signaltap_0|sld_signaltap_impl:sld_signaltap_body|sld_signaltap_implb:sld_signaltap_body|sld_offload_buffer_mgr:\stp_non_zero_depth_offload_gen:stp_offload_buff_mgr_inst|lpm_shiftreg:info_data_shift_out                                                                                                              ; lpm_shiftreg                      ; work         ;
;                |lpm_shiftreg:ram_data_shift_out|                                                                                        ; 95 (95)     ; 89 (89)                   ; 0 (0)         ; 0           ; 0    ; 0            ; 0       ; 0         ; 0    ; 0            ; 0 (0)        ; 6 (6)             ; 89 (89)          ; |task_5|sld_signaltap:auto_signaltap_0|sld_signaltap_impl:sld_signaltap_body|sld_signaltap_implb:sld_signaltap_body|sld_offload_buffer_mgr:\stp_non_zero_depth_offload_gen:stp_offload_buff_mgr_inst|lpm_shiftreg:ram_data_shift_out                                                                                                               ; lpm_shiftreg                      ; work         ;
;                |lpm_shiftreg:status_data_shift_out|                                                                                     ; 15 (15)     ; 15 (15)                   ; 0 (0)         ; 0           ; 0    ; 0            ; 0       ; 0         ; 0    ; 0            ; 0 (0)        ; 0 (0)             ; 15 (15)          ; |task_5|sld_signaltap:auto_signaltap_0|sld_signaltap_impl:sld_signaltap_body|sld_signaltap_implb:sld_signaltap_body|sld_offload_buffer_mgr:\stp_non_zero_depth_offload_gen:stp_offload_buff_mgr_inst|lpm_shiftreg:status_data_shift_out                                                                                                            ; lpm_shiftreg                      ; work         ;
;             |sld_rom_sr:crc_rom_sr|                                                                                                     ; 30 (30)     ; 8 (8)                     ; 0 (0)         ; 0           ; 0    ; 0            ; 0       ; 0         ; 0    ; 0            ; 22 (22)      ; 0 (0)             ; 8 (8)            ; |task_5|sld_signaltap:auto_signaltap_0|sld_signaltap_impl:sld_signaltap_body|sld_signaltap_implb:sld_signaltap_body|sld_rom_sr:crc_rom_sr                                                                                                                                                                                                          ; sld_rom_sr                        ; work         ;
;    |t2a_dht:u_dht|                                                                                                                      ; 161 (161)   ; 124 (124)                 ; 0 (0)         ; 0           ; 0    ; 0            ; 0       ; 0         ; 0    ; 0            ; 37 (37)      ; 4 (4)             ; 120 (120)        ; |task_5|t2a_dht:u_dht                                                                                                                                                                                                                                                                                                                              ; t2a_dht                           ; work         ;
;    |uart_msg_fsm:msg_fsm|                                                                                                               ; 1095 (153)  ; 16 (16)                   ; 0 (0)         ; 0           ; 0    ; 0            ; 0       ; 0         ; 0    ; 0            ; 1043 (126)   ; 0 (0)             ; 52 (27)          ; |task_5|uart_msg_fsm:msg_fsm                                                                                                                                                                                                                                                                                                                       ; uart_msg_fsm                      ; work         ;
;       |lpm_divide:Div0|                                                                                                                 ; 56 (0)      ; 0 (0)                     ; 0 (0)         ; 0           ; 0    ; 0            ; 0       ; 0         ; 0    ; 0            ; 56 (0)       ; 0 (0)             ; 0 (0)            ; |task_5|uart_msg_fsm:msg_fsm|lpm_divide:Div0                                                                                                                                                                                                                                                                                                       ; lpm_divide                        ; work         ;
;          |lpm_divide_jhm:auto_generated|                                                                                                ; 56 (0)      ; 0 (0)                     ; 0 (0)         ; 0           ; 0    ; 0            ; 0       ; 0         ; 0    ; 0            ; 56 (0)       ; 0 (0)             ; 0 (0)            ; |task_5|uart_msg_fsm:msg_fsm|lpm_divide:Div0|lpm_divide_jhm:auto_generated                                                                                                                                                                                                                                                                         ; lpm_divide_jhm                    ; work         ;
;             |sign_div_unsign_bkh:divider|                                                                                               ; 56 (0)      ; 0 (0)                     ; 0 (0)         ; 0           ; 0    ; 0            ; 0       ; 0         ; 0    ; 0            ; 56 (0)       ; 0 (0)             ; 0 (0)            ; |task_5|uart_msg_fsm:msg_fsm|lpm_divide:Div0|lpm_divide_jhm:auto_generated|sign_div_unsign_bkh:divider                                                                                                                                                                                                                                             ; sign_div_unsign_bkh               ; work         ;
;                |alt_u_div_a4f:divider|                                                                                                  ; 56 (56)     ; 0 (0)                     ; 0 (0)         ; 0           ; 0    ; 0            ; 0       ; 0         ; 0    ; 0            ; 56 (56)      ; 0 (0)             ; 0 (0)            ; |task_5|uart_msg_fsm:msg_fsm|lpm_divide:Div0|lpm_divide_jhm:auto_generated|sign_div_unsign_bkh:divider|alt_u_div_a4f:divider                                                                                                                                                                                                                       ; alt_u_div_a4f                     ; work         ;
;       |lpm_divide:Div1|                                                                                                                 ; 56 (0)      ; 0 (0)                     ; 0 (0)         ; 0           ; 0    ; 0            ; 0       ; 0         ; 0    ; 0            ; 56 (0)       ; 0 (0)             ; 0 (0)            ; |task_5|uart_msg_fsm:msg_fsm|lpm_divide:Div1                                                                                                                                                                                                                                                                                                       ; lpm_divide                        ; work         ;
;          |lpm_divide_jhm:auto_generated|                                                                                                ; 56 (0)      ; 0 (0)                     ; 0 (0)         ; 0           ; 0    ; 0            ; 0       ; 0         ; 0    ; 0            ; 56 (0)       ; 0 (0)             ; 0 (0)            ; |task_5|uart_msg_fsm:msg_fsm|lpm_divide:Div1|lpm_divide_jhm:auto_generated                                                                                                                                                                                                                                                                         ; lpm_divide_jhm                    ; work         ;
;             |sign_div_unsign_bkh:divider|                                                                                               ; 56 (0)      ; 0 (0)                     ; 0 (0)         ; 0           ; 0    ; 0            ; 0       ; 0         ; 0    ; 0            ; 56 (0)       ; 0 (0)             ; 0 (0)            ; |task_5|uart_msg_fsm:msg_fsm|lpm_divide:Div1|lpm_divide_jhm:auto_generated|sign_div_unsign_bkh:divider                                                                                                                                                                                                                                             ; sign_div_unsign_bkh               ; work         ;
;                |alt_u_div_a4f:divider|                                                                                                  ; 56 (56)     ; 0 (0)                     ; 0 (0)         ; 0           ; 0    ; 0            ; 0       ; 0         ; 0    ; 0            ; 56 (56)      ; 0 (0)             ; 0 (0)            ; |task_5|uart_msg_fsm:msg_fsm|lpm_divide:Div1|lpm_divide_jhm:auto_generated|sign_div_unsign_bkh:divider|alt_u_div_a4f:divider                                                                                                                                                                                                                       ; alt_u_div_a4f                     ; work         ;
;       |lpm_divide:Div2|                                                                                                                 ; 56 (0)      ; 0 (0)                     ; 0 (0)         ; 0           ; 0    ; 0            ; 0       ; 0         ; 0    ; 0            ; 56 (0)       ; 0 (0)             ; 0 (0)            ; |task_5|uart_msg_fsm:msg_fsm|lpm_divide:Div2                                                                                                                                                                                                                                                                                                       ; lpm_divide                        ; work         ;
;          |lpm_divide_jhm:auto_generated|                                                                                                ; 56 (0)      ; 0 (0)                     ; 0 (0)         ; 0           ; 0    ; 0            ; 0       ; 0         ; 0    ; 0            ; 56 (0)       ; 0 (0)             ; 0 (0)            ; |task_5|uart_msg_fsm:msg_fsm|lpm_divide:Div2|lpm_divide_jhm:auto_generated                                                                                                                                                                                                                                                                         ; lpm_divide_jhm                    ; work         ;
;             |sign_div_unsign_bkh:divider|                                                                                               ; 56 (0)      ; 0 (0)                     ; 0 (0)         ; 0           ; 0    ; 0            ; 0       ; 0         ; 0    ; 0            ; 56 (0)       ; 0 (0)             ; 0 (0)            ; |task_5|uart_msg_fsm:msg_fsm|lpm_divide:Div2|lpm_divide_jhm:auto_generated|sign_div_unsign_bkh:divider                                                                                                                                                                                                                                             ; sign_div_unsign_bkh               ; work         ;
;                |alt_u_div_a4f:divider|                                                                                                  ; 56 (56)     ; 0 (0)                     ; 0 (0)         ; 0           ; 0    ; 0            ; 0       ; 0         ; 0    ; 0            ; 56 (56)      ; 0 (0)             ; 0 (0)            ; |task_5|uart_msg_fsm:msg_fsm|lpm_divide:Div2|lpm_divide_jhm:auto_generated|sign_div_unsign_bkh:divider|alt_u_div_a4f:divider                                                                                                                                                                                                                       ; alt_u_div_a4f                     ; work         ;
;       |lpm_divide:Div3|                                                                                                                 ; 56 (0)      ; 0 (0)                     ; 0 (0)         ; 0           ; 0    ; 0            ; 0       ; 0         ; 0    ; 0            ; 56 (0)       ; 0 (0)             ; 0 (0)            ; |task_5|uart_msg_fsm:msg_fsm|lpm_divide:Div3                                                                                                                                                                                                                                                                                                       ; lpm_divide                        ; work         ;
;          |lpm_divide_jhm:auto_generated|                                                                                                ; 56 (0)      ; 0 (0)                     ; 0 (0)         ; 0           ; 0    ; 0            ; 0       ; 0         ; 0    ; 0            ; 56 (0)       ; 0 (0)             ; 0 (0)            ; |task_5|uart_msg_fsm:msg_fsm|lpm_divide:Div3|lpm_divide_jhm:auto_generated                                                                                                                                                                                                                                                                         ; lpm_divide_jhm                    ; work         ;
;             |sign_div_unsign_bkh:divider|                                                                                               ; 56 (0)      ; 0 (0)                     ; 0 (0)         ; 0           ; 0    ; 0            ; 0       ; 0         ; 0    ; 0            ; 56 (0)       ; 0 (0)             ; 0 (0)            ; |task_5|uart_msg_fsm:msg_fsm|lpm_divide:Div3|lpm_divide_jhm:auto_generated|sign_div_unsign_bkh:divider                                                                                                                                                                                                                                             ; sign_div_unsign_bkh               ; work         ;
;                |alt_u_div_a4f:divider|                                                                                                  ; 56 (56)     ; 0 (0)                     ; 0 (0)         ; 0           ; 0    ; 0            ; 0       ; 0         ; 0    ; 0            ; 56 (56)      ; 0 (0)             ; 0 (0)            ; |task_5|uart_msg_fsm:msg_fsm|lpm_divide:Div3|lpm_divide_jhm:auto_generated|sign_div_unsign_bkh:divider|alt_u_div_a4f:divider                                                                                                                                                                                                                       ; alt_u_div_a4f                     ; work         ;
;       |lpm_divide:Div4|                                                                                                                 ; 61 (0)      ; 0 (0)                     ; 0 (0)         ; 0           ; 0    ; 0            ; 0       ; 0         ; 0    ; 0            ; 61 (0)       ; 0 (0)             ; 0 (0)            ; |task_5|uart_msg_fsm:msg_fsm|lpm_divide:Div4                                                                                                                                                                                                                                                                                                       ; lpm_divide                        ; work         ;
;          |lpm_divide_bkm:auto_generated|                                                                                                ; 61 (0)      ; 0 (0)                     ; 0 (0)         ; 0           ; 0    ; 0            ; 0       ; 0         ; 0    ; 0            ; 61 (0)       ; 0 (0)             ; 0 (0)            ; |task_5|uart_msg_fsm:msg_fsm|lpm_divide:Div4|lpm_divide_bkm:auto_generated                                                                                                                                                                                                                                                                         ; lpm_divide_bkm                    ; work         ;
;             |sign_div_unsign_3nh:divider|                                                                                               ; 61 (0)      ; 0 (0)                     ; 0 (0)         ; 0           ; 0    ; 0            ; 0       ; 0         ; 0    ; 0            ; 61 (0)       ; 0 (0)             ; 0 (0)            ; |task_5|uart_msg_fsm:msg_fsm|lpm_divide:Div4|lpm_divide_bkm:auto_generated|sign_div_unsign_3nh:divider                                                                                                                                                                                                                                             ; sign_div_unsign_3nh               ; work         ;
;                |alt_u_div_q9f:divider|                                                                                                  ; 61 (61)     ; 0 (0)                     ; 0 (0)         ; 0           ; 0    ; 0            ; 0       ; 0         ; 0    ; 0            ; 61 (61)      ; 0 (0)             ; 0 (0)            ; |task_5|uart_msg_fsm:msg_fsm|lpm_divide:Div4|lpm_divide_bkm:auto_generated|sign_div_unsign_3nh:divider|alt_u_div_q9f:divider                                                                                                                                                                                                                       ; alt_u_div_q9f                     ; work         ;
;       |lpm_divide:Div5|                                                                                                                 ; 113 (0)     ; 0 (0)                     ; 0 (0)         ; 0           ; 0    ; 0            ; 0       ; 0         ; 0    ; 0            ; 110 (0)      ; 0 (0)             ; 3 (0)            ; |task_5|uart_msg_fsm:msg_fsm|lpm_divide:Div5                                                                                                                                                                                                                                                                                                       ; lpm_divide                        ; work         ;
;          |lpm_divide_1jm:auto_generated|                                                                                                ; 113 (0)     ; 0 (0)                     ; 0 (0)         ; 0           ; 0    ; 0            ; 0       ; 0         ; 0    ; 0            ; 110 (0)      ; 0 (0)             ; 3 (0)            ; |task_5|uart_msg_fsm:msg_fsm|lpm_divide:Div5|lpm_divide_1jm:auto_generated                                                                                                                                                                                                                                                                         ; lpm_divide_1jm                    ; work         ;
;             |sign_div_unsign_plh:divider|                                                                                               ; 113 (0)     ; 0 (0)                     ; 0 (0)         ; 0           ; 0    ; 0            ; 0       ; 0         ; 0    ; 0            ; 110 (0)      ; 0 (0)             ; 3 (0)            ; |task_5|uart_msg_fsm:msg_fsm|lpm_divide:Div5|lpm_divide_1jm:auto_generated|sign_div_unsign_plh:divider                                                                                                                                                                                                                                             ; sign_div_unsign_plh               ; work         ;
;                |alt_u_div_67f:divider|                                                                                                  ; 113 (113)   ; 0 (0)                     ; 0 (0)         ; 0           ; 0    ; 0            ; 0       ; 0         ; 0    ; 0            ; 110 (110)    ; 0 (0)             ; 3 (3)            ; |task_5|uart_msg_fsm:msg_fsm|lpm_divide:Div5|lpm_divide_1jm:auto_generated|sign_div_unsign_plh:divider|alt_u_div_67f:divider                                                                                                                                                                                                                       ; alt_u_div_67f                     ; work         ;
;       |lpm_divide:Div6|                                                                                                                 ; 108 (0)     ; 0 (0)                     ; 0 (0)         ; 0           ; 0    ; 0            ; 0       ; 0         ; 0    ; 0            ; 108 (0)      ; 0 (0)             ; 0 (0)            ; |task_5|uart_msg_fsm:msg_fsm|lpm_divide:Div6                                                                                                                                                                                                                                                                                                       ; lpm_divide                        ; work         ;
;          |lpm_divide_uim:auto_generated|                                                                                                ; 108 (0)     ; 0 (0)                     ; 0 (0)         ; 0           ; 0    ; 0            ; 0       ; 0         ; 0    ; 0            ; 108 (0)      ; 0 (0)             ; 0 (0)            ; |task_5|uart_msg_fsm:msg_fsm|lpm_divide:Div6|lpm_divide_uim:auto_generated                                                                                                                                                                                                                                                                         ; lpm_divide_uim                    ; work         ;
;             |sign_div_unsign_mlh:divider|                                                                                               ; 108 (0)     ; 0 (0)                     ; 0 (0)         ; 0           ; 0    ; 0            ; 0       ; 0         ; 0    ; 0            ; 108 (0)      ; 0 (0)             ; 0 (0)            ; |task_5|uart_msg_fsm:msg_fsm|lpm_divide:Div6|lpm_divide_uim:auto_generated|sign_div_unsign_mlh:divider                                                                                                                                                                                                                                             ; sign_div_unsign_mlh               ; work         ;
;                |alt_u_div_07f:divider|                                                                                                  ; 108 (108)   ; 0 (0)                     ; 0 (0)         ; 0           ; 0    ; 0            ; 0       ; 0         ; 0    ; 0            ; 108 (108)    ; 0 (0)             ; 0 (0)            ; |task_5|uart_msg_fsm:msg_fsm|lpm_divide:Div6|lpm_divide_uim:auto_generated|sign_div_unsign_mlh:divider|alt_u_div_07f:divider                                                                                                                                                                                                                       ; alt_u_div_07f                     ; work         ;
;       |lpm_divide:Mod0|                                                                                                                 ; 56 (0)      ; 0 (0)                     ; 0 (0)         ; 0           ; 0    ; 0            ; 0       ; 0         ; 0    ; 0            ; 52 (0)       ; 0 (0)             ; 4 (0)            ; |task_5|uart_msg_fsm:msg_fsm|lpm_divide:Mod0                                                                                                                                                                                                                                                                                                       ; lpm_divide                        ; work         ;
;          |lpm_divide_m9m:auto_generated|                                                                                                ; 56 (0)      ; 0 (0)                     ; 0 (0)         ; 0           ; 0    ; 0            ; 0       ; 0         ; 0    ; 0            ; 52 (0)       ; 0 (0)             ; 4 (0)            ; |task_5|uart_msg_fsm:msg_fsm|lpm_divide:Mod0|lpm_divide_m9m:auto_generated                                                                                                                                                                                                                                                                         ; lpm_divide_m9m                    ; work         ;
;             |sign_div_unsign_bkh:divider|                                                                                               ; 56 (0)      ; 0 (0)                     ; 0 (0)         ; 0           ; 0    ; 0            ; 0       ; 0         ; 0    ; 0            ; 52 (0)       ; 0 (0)             ; 4 (0)            ; |task_5|uart_msg_fsm:msg_fsm|lpm_divide:Mod0|lpm_divide_m9m:auto_generated|sign_div_unsign_bkh:divider                                                                                                                                                                                                                                             ; sign_div_unsign_bkh               ; work         ;
;                |alt_u_div_a4f:divider|                                                                                                  ; 56 (56)     ; 0 (0)                     ; 0 (0)         ; 0           ; 0    ; 0            ; 0       ; 0         ; 0    ; 0            ; 52 (52)      ; 0 (0)             ; 4 (4)            ; |task_5|uart_msg_fsm:msg_fsm|lpm_divide:Mod0|lpm_divide_m9m:auto_generated|sign_div_unsign_bkh:divider|alt_u_div_a4f:divider                                                                                                                                                                                                                       ; alt_u_div_a4f                     ; work         ;
;       |lpm_divide:Mod1|                                                                                                                 ; 56 (0)      ; 0 (0)                     ; 0 (0)         ; 0           ; 0    ; 0            ; 0       ; 0         ; 0    ; 0            ; 48 (0)       ; 0 (0)             ; 8 (0)            ; |task_5|uart_msg_fsm:msg_fsm|lpm_divide:Mod1                                                                                                                                                                                                                                                                                                       ; lpm_divide                        ; work         ;
;          |lpm_divide_m9m:auto_generated|                                                                                                ; 56 (0)      ; 0 (0)                     ; 0 (0)         ; 0           ; 0    ; 0            ; 0       ; 0         ; 0    ; 0            ; 48 (0)       ; 0 (0)             ; 8 (0)            ; |task_5|uart_msg_fsm:msg_fsm|lpm_divide:Mod1|lpm_divide_m9m:auto_generated                                                                                                                                                                                                                                                                         ; lpm_divide_m9m                    ; work         ;
;             |sign_div_unsign_bkh:divider|                                                                                               ; 56 (0)      ; 0 (0)                     ; 0 (0)         ; 0           ; 0    ; 0            ; 0       ; 0         ; 0    ; 0            ; 48 (0)       ; 0 (0)             ; 8 (0)            ; |task_5|uart_msg_fsm:msg_fsm|lpm_divide:Mod1|lpm_divide_m9m:auto_generated|sign_div_unsign_bkh:divider                                                                                                                                                                                                                                             ; sign_div_unsign_bkh               ; work         ;
;                |alt_u_div_a4f:divider|                                                                                                  ; 56 (56)     ; 0 (0)                     ; 0 (0)         ; 0           ; 0    ; 0            ; 0       ; 0         ; 0    ; 0            ; 48 (48)      ; 0 (0)             ; 8 (8)            ; |task_5|uart_msg_fsm:msg_fsm|lpm_divide:Mod1|lpm_divide_m9m:auto_generated|sign_div_unsign_bkh:divider|alt_u_div_a4f:divider                                                                                                                                                                                                                       ; alt_u_div_a4f                     ; work         ;
;       |lpm_divide:Mod2|                                                                                                                 ; 56 (0)      ; 0 (0)                     ; 0 (0)         ; 0           ; 0    ; 0            ; 0       ; 0         ; 0    ; 0            ; 54 (0)       ; 0 (0)             ; 2 (0)            ; |task_5|uart_msg_fsm:msg_fsm|lpm_divide:Mod2                                                                                                                                                                                                                                                                                                       ; lpm_divide                        ; work         ;
;          |lpm_divide_m9m:auto_generated|                                                                                                ; 56 (0)      ; 0 (0)                     ; 0 (0)         ; 0           ; 0    ; 0            ; 0       ; 0         ; 0    ; 0            ; 54 (0)       ; 0 (0)             ; 2 (0)            ; |task_5|uart_msg_fsm:msg_fsm|lpm_divide:Mod2|lpm_divide_m9m:auto_generated                                                                                                                                                                                                                                                                         ; lpm_divide_m9m                    ; work         ;
;             |sign_div_unsign_bkh:divider|                                                                                               ; 56 (0)      ; 0 (0)                     ; 0 (0)         ; 0           ; 0    ; 0            ; 0       ; 0         ; 0    ; 0            ; 54 (0)       ; 0 (0)             ; 2 (0)            ; |task_5|uart_msg_fsm:msg_fsm|lpm_divide:Mod2|lpm_divide_m9m:auto_generated|sign_div_unsign_bkh:divider                                                                                                                                                                                                                                             ; sign_div_unsign_bkh               ; work         ;
;                |alt_u_div_a4f:divider|                                                                                                  ; 56 (56)     ; 0 (0)                     ; 0 (0)         ; 0           ; 0    ; 0            ; 0       ; 0         ; 0    ; 0            ; 54 (54)      ; 0 (0)             ; 2 (2)            ; |task_5|uart_msg_fsm:msg_fsm|lpm_divide:Mod2|lpm_divide_m9m:auto_generated|sign_div_unsign_bkh:divider|alt_u_div_a4f:divider                                                                                                                                                                                                                       ; alt_u_div_a4f                     ; work         ;
;       |lpm_divide:Mod3|                                                                                                                 ; 56 (0)      ; 0 (0)                     ; 0 (0)         ; 0           ; 0    ; 0            ; 0       ; 0         ; 0    ; 0            ; 52 (0)       ; 0 (0)             ; 4 (0)            ; |task_5|uart_msg_fsm:msg_fsm|lpm_divide:Mod3                                                                                                                                                                                                                                                                                                       ; lpm_divide                        ; work         ;
;          |lpm_divide_m9m:auto_generated|                                                                                                ; 56 (0)      ; 0 (0)                     ; 0 (0)         ; 0           ; 0    ; 0            ; 0       ; 0         ; 0    ; 0            ; 52 (0)       ; 0 (0)             ; 4 (0)            ; |task_5|uart_msg_fsm:msg_fsm|lpm_divide:Mod3|lpm_divide_m9m:auto_generated                                                                                                                                                                                                                                                                         ; lpm_divide_m9m                    ; work         ;
;             |sign_div_unsign_bkh:divider|                                                                                               ; 56 (0)      ; 0 (0)                     ; 0 (0)         ; 0           ; 0    ; 0            ; 0       ; 0         ; 0    ; 0            ; 52 (0)       ; 0 (0)             ; 4 (0)            ; |task_5|uart_msg_fsm:msg_fsm|lpm_divide:Mod3|lpm_divide_m9m:auto_generated|sign_div_unsign_bkh:divider                                                                                                                                                                                                                                             ; sign_div_unsign_bkh               ; work         ;
;                |alt_u_div_a4f:divider|                                                                                                  ; 56 (56)     ; 0 (0)                     ; 0 (0)         ; 0           ; 0    ; 0            ; 0       ; 0         ; 0    ; 0            ; 52 (52)      ; 0 (0)             ; 4 (4)            ; |task_5|uart_msg_fsm:msg_fsm|lpm_divide:Mod3|lpm_divide_m9m:auto_generated|sign_div_unsign_bkh:divider|alt_u_div_a4f:divider                                                                                                                                                                                                                       ; alt_u_div_a4f                     ; work         ;
;       |lpm_divide:Mod4|                                                                                                                 ; 33 (0)      ; 0 (0)                     ; 0 (0)         ; 0           ; 0    ; 0            ; 0       ; 0         ; 0    ; 0            ; 33 (0)       ; 0 (0)             ; 0 (0)            ; |task_5|uart_msg_fsm:msg_fsm|lpm_divide:Mod4                                                                                                                                                                                                                                                                                                       ; lpm_divide                        ; work         ;
;          |lpm_divide_1bm:auto_generated|                                                                                                ; 33 (0)      ; 0 (0)                     ; 0 (0)         ; 0           ; 0    ; 0            ; 0       ; 0         ; 0    ; 0            ; 33 (0)       ; 0 (0)             ; 0 (0)            ; |task_5|uart_msg_fsm:msg_fsm|lpm_divide:Mod4|lpm_divide_1bm:auto_generated                                                                                                                                                                                                                                                                         ; lpm_divide_1bm                    ; work         ;
;             |sign_div_unsign_mlh:divider|                                                                                               ; 33 (0)      ; 0 (0)                     ; 0 (0)         ; 0           ; 0    ; 0            ; 0       ; 0         ; 0    ; 0            ; 33 (0)       ; 0 (0)             ; 0 (0)            ; |task_5|uart_msg_fsm:msg_fsm|lpm_divide:Mod4|lpm_divide_1bm:auto_generated|sign_div_unsign_mlh:divider                                                                                                                                                                                                                                             ; sign_div_unsign_mlh               ; work         ;
;                |alt_u_div_07f:divider|                                                                                                  ; 33 (33)     ; 0 (0)                     ; 0 (0)         ; 0           ; 0    ; 0            ; 0       ; 0         ; 0    ; 0            ; 33 (33)      ; 0 (0)             ; 0 (0)            ; |task_5|uart_msg_fsm:msg_fsm|lpm_divide:Mod4|lpm_divide_1bm:auto_generated|sign_div_unsign_mlh:divider|alt_u_div_07f:divider                                                                                                                                                                                                                       ; alt_u_div_07f                     ; work         ;
;       |lpm_divide:Mod5|                                                                                                                 ; 71 (0)      ; 0 (0)                     ; 0 (0)         ; 0           ; 0    ; 0            ; 0       ; 0         ; 0    ; 0            ; 71 (0)       ; 0 (0)             ; 0 (0)            ; |task_5|uart_msg_fsm:msg_fsm|lpm_divide:Mod5                                                                                                                                                                                                                                                                                                       ; lpm_divide                        ; work         ;
;          |lpm_divide_1bm:auto_generated|                                                                                                ; 71 (0)      ; 0 (0)                     ; 0 (0)         ; 0           ; 0    ; 0            ; 0       ; 0         ; 0    ; 0            ; 71 (0)       ; 0 (0)             ; 0 (0)            ; |task_5|uart_msg_fsm:msg_fsm|lpm_divide:Mod5|lpm_divide_1bm:auto_generated                                                                                                                                                                                                                                                                         ; lpm_divide_1bm                    ; work         ;
;             |sign_div_unsign_mlh:divider|                                                                                               ; 71 (0)      ; 0 (0)                     ; 0 (0)         ; 0           ; 0    ; 0            ; 0       ; 0         ; 0    ; 0            ; 71 (0)       ; 0 (0)             ; 0 (0)            ; |task_5|uart_msg_fsm:msg_fsm|lpm_divide:Mod5|lpm_divide_1bm:auto_generated|sign_div_unsign_mlh:divider                                                                                                                                                                                                                                             ; sign_div_unsign_mlh               ; work         ;
;                |alt_u_div_07f:divider|                                                                                                  ; 71 (71)     ; 0 (0)                     ; 0 (0)         ; 0           ; 0    ; 0            ; 0       ; 0         ; 0    ; 0            ; 71 (71)      ; 0 (0)             ; 0 (0)            ; |task_5|uart_msg_fsm:msg_fsm|lpm_divide:Mod5|lpm_divide_1bm:auto_generated|sign_div_unsign_mlh:divider|alt_u_div_07f:divider                                                                                                                                                                                                                       ; alt_u_div_07f                     ; work         ;
;       |lpm_divide:Mod6|                                                                                                                 ; 108 (0)     ; 0 (0)                     ; 0 (0)         ; 0           ; 0    ; 0            ; 0       ; 0         ; 0    ; 0            ; 104 (0)      ; 0 (0)             ; 4 (0)            ; |task_5|uart_msg_fsm:msg_fsm|lpm_divide:Mod6                                                                                                                                                                                                                                                                                                       ; lpm_divide                        ; work         ;
;          |lpm_divide_1bm:auto_generated|                                                                                                ; 108 (0)     ; 0 (0)                     ; 0 (0)         ; 0           ; 0    ; 0            ; 0       ; 0         ; 0    ; 0            ; 104 (0)      ; 0 (0)             ; 4 (0)            ; |task_5|uart_msg_fsm:msg_fsm|lpm_divide:Mod6|lpm_divide_1bm:auto_generated                                                                                                                                                                                                                                                                         ; lpm_divide_1bm                    ; work         ;
;             |sign_div_unsign_mlh:divider|                                                                                               ; 108 (0)     ; 0 (0)                     ; 0 (0)         ; 0           ; 0    ; 0            ; 0       ; 0         ; 0    ; 0            ; 104 (0)      ; 0 (0)             ; 4 (0)            ; |task_5|uart_msg_fsm:msg_fsm|lpm_divide:Mod6|lpm_divide_1bm:auto_generated|sign_div_unsign_mlh:divider                                                                                                                                                                                                                                             ; sign_div_unsign_mlh               ; work         ;
;                |alt_u_div_07f:divider|                                                                                                  ; 108 (108)   ; 0 (0)                     ; 0 (0)         ; 0           ; 0    ; 0            ; 0       ; 0         ; 0    ; 0            ; 104 (104)    ; 0 (0)             ; 4 (4)            ; |task_5|uart_msg_fsm:msg_fsm|lpm_divide:Mod6|lpm_divide_1bm:auto_generated|sign_div_unsign_mlh:divider|alt_u_div_07f:divider                                                                                                                                                                                                                       ; alt_u_div_07f                     ; work         ;
;    |uart_tx:uart|                                                                                                                       ; 36 (36)     ; 15 (15)                   ; 0 (0)         ; 0           ; 0    ; 0            ; 0       ; 0         ; 0    ; 0            ; 21 (21)      ; 4 (4)             ; 11 (11)          ; |task_5|uart_tx:uart                                                                                                                                                                                                                                                                                                                               ; uart_tx                           ; work         ;
+-----------------------------------------------------------------------------------------------------------------------------------------+-------------+---------------------------+---------------+-------------+------+--------------+---------+-----------+------+--------------+--------------+-------------------+------------------+----------------------------------------------------------------------------------------------------------------------------------------------------------------------------------------------------------------------------------------------------------------------------------------------------------------------------------------------------+-----------------------------------+--------------+
Note: For table entries with two numbers listed, the numbers in parentheses indicate the number of resources of the given type used by the specific entity alone. The numbers listed outside of parentheses indicate the total resources of the given type used by the specific entity and all of its sub-entities in the hierarchy.


+------------------------------------------------------------------------------------------+
; Delay Chain Summary                                                                      ;
+----------+----------+---------------+---------------+-----------------------+-----+------+
; Name     ; Pin Type ; Pad to Core 0 ; Pad to Core 1 ; Pad to Input Register ; TCO ; TCOE ;
+----------+----------+---------------+---------------+-----------------------+-----+------+
; adc_cs_n ; Output   ; --            ; --            ; --                    ; --  ; --   ;
; din      ; Output   ; --            ; --            ; --                    ; --  ; --   ;
; adc_sck  ; Output   ; --            ; --            ; --                    ; --  ; --   ;
; tx       ; Output   ; --            ; --            ; --                    ; --  ; --   ;
; SERVO_1  ; Output   ; --            ; --            ; --                    ; --  ; --   ;
; SERVO_2  ; Output   ; --            ; --            ; --                    ; --  ; --   ;
; DHT_PIN  ; Bidir    ; (6) 1314 ps   ; --            ; --                    ; --  ; --   ;
; clk_50M  ; Input    ; (0) 0 ps      ; --            ; --                    ; --  ; --   ;
; reset    ; Input    ; (6) 1314 ps   ; --            ; --                    ; --  ; --   ;
; dout     ; Input    ; (0) 0 ps      ; --            ; --                    ; --  ; --   ;
; ir_l     ; Input    ; --            ; (6) 1314 ps   ; --                    ; --  ; --   ;
; ir_r     ; Input    ; (6) 1314 ps   ; --            ; --                    ; --  ; --   ;
; ir_f     ; Input    ; (6) 1314 ps   ; --            ; --                    ; --  ; --   ;
+----------+----------+---------------+---------------+-----------------------+-----+------+


+-------------------------------------------------------------------------------------------------------+
; Pad To Core Delay Chain Fanout                                                                        ;
+-------------------------------------------------------------------------+-------------------+---------+
; Source Pin / Fanout                                                     ; Pad To Core Index ; Setting ;
+-------------------------------------------------------------------------+-------------------+---------+
; DHT_PIN                                                                 ;                   ;         ;
;      - t2a_dht:u_dht|bit_index[5]~9                                     ; 0                 ; 6       ;
;      - t2a_dht:u_dht|counter[18]~63                                     ; 0                 ; 6       ;
;      - t2a_dht:u_dht|high_time~49                                       ; 0                 ; 6       ;
;      - t2a_dht:u_dht|high_time[15]~50                                   ; 0                 ; 6       ;
;      - t2a_dht:u_dht|sensor_d~0                                         ; 0                 ; 6       ;
; clk_50M                                                                 ;                   ;         ;
; reset                                                                   ;                   ;         ;
;      - clk3125:u_clk_div|clk_3125k                                      ; 0                 ; 6       ;
;      - t2a_dht:u_dht|data_shift[24]                                     ; 0                 ; 6       ;
;      - uart_msg_fsm:msg_fsm|tx_data[0]                                  ; 0                 ; 6       ;
;      - uart_msg_fsm:msg_fsm|tx_data[1]                                  ; 0                 ; 6       ;
;      - uart_msg_fsm:msg_fsm|tx_data[2]                                  ; 0                 ; 6       ;
;      - uart_msg_fsm:msg_fsm|tx_data[3]                                  ; 0                 ; 6       ;
;      - uart_msg_fsm:msg_fsm|tx_data[4]                                  ; 0                 ; 6       ;
;      - uart_msg_fsm:msg_fsm|tx_data[5]                                  ; 0                 ; 6       ;
;      - uart_msg_fsm:msg_fsm|tx_data[6]                                  ; 0                 ; 6       ;
;      - uart_msg_fsm:msg_fsm|tx_start                                    ; 0                 ; 6       ;
;      - t2a_dht:u_dht|data_shift[0]                                      ; 0                 ; 6       ;
;      - t2a_dht:u_dht|state.000                                          ; 0                 ; 6       ;
;      - t2a_dht:u_dht|state.001                                          ; 0                 ; 6       ;
;      - t2a_dht:u_dht|state.010                                          ; 0                 ; 6       ;
;      - t2a_dht:u_dht|state.011                                          ; 0                 ; 6       ;
;      - t2a_dht:u_dht|state.100                                          ; 0                 ; 6       ;
;      - t2a_dht:u_dht|state.101                                          ; 0                 ; 6       ;
;      - t2a_dht:u_dht|bit_index[0]                                       ; 0                 ; 6       ;
;      - t2a_dht:u_dht|bit_index[1]                                       ; 0                 ; 6       ;
;      - t2a_dht:u_dht|bit_index[2]                                       ; 0                 ; 6       ;
;      - t2a_dht:u_dht|bit_index[3]                                       ; 0                 ; 6       ;
;      - t2a_dht:u_dht|bit_index[4]                                       ; 0                 ; 6       ;
;      - t2a_dht:u_dht|bit_index[5]                                       ; 0                 ; 6       ;
;      - t2a_dht:u_dht|counter[5]                                         ; 0                 ; 6       ;
;      - t2a_dht:u_dht|counter[6]                                         ; 0                 ; 6       ;
;      - t2a_dht:u_dht|counter[7]                                         ; 0                 ; 6       ;
;      - t2a_dht:u_dht|counter[8]                                         ; 0                 ; 6       ;
;      - t2a_dht:u_dht|counter[9]                                         ; 0                 ; 6       ;
;      - t2a_dht:u_dht|counter[10]                                        ; 0                 ; 6       ;
;      - t2a_dht:u_dht|counter[11]                                        ; 0                 ; 6       ;
;      - t2a_dht:u_dht|counter[12]                                        ; 0                 ; 6       ;
;      - t2a_dht:u_dht|counter[13]                                        ; 0                 ; 6       ;
;      - t2a_dht:u_dht|counter[14]                                        ; 0                 ; 6       ;
;      - t2a_dht:u_dht|counter[15]                                        ; 0                 ; 6       ;
;      - t2a_dht:u_dht|counter[16]                                        ; 0                 ; 6       ;
;      - t2a_dht:u_dht|counter[17]                                        ; 0                 ; 6       ;
;      - t2a_dht:u_dht|counter[18]                                        ; 0                 ; 6       ;
;      - t2a_dht:u_dht|counter[19]                                        ; 0                 ; 6       ;
;      - t2a_dht:u_dht|counter[20]                                        ; 0                 ; 6       ;
;      - t2a_dht:u_dht|counter[4]                                         ; 0                 ; 6       ;
;      - t2a_dht:u_dht|counter[3]                                         ; 0                 ; 6       ;
;      - t2a_dht:u_dht|counter[2]                                         ; 0                 ; 6       ;
;      - t2a_dht:u_dht|counter[1]                                         ; 0                 ; 6       ;
;      - t2a_dht:u_dht|counter[0]                                         ; 0                 ; 6       ;
;      - t2a_dht:u_dht|high_time[0]                                       ; 0                 ; 6       ;
;      - t2a_dht:u_dht|high_time[1]                                       ; 0                 ; 6       ;
;      - t2a_dht:u_dht|high_time[2]                                       ; 0                 ; 6       ;
;      - t2a_dht:u_dht|high_time[3]                                       ; 0                 ; 6       ;
;      - t2a_dht:u_dht|high_time[4]                                       ; 0                 ; 6       ;
;      - t2a_dht:u_dht|high_time[5]                                       ; 0                 ; 6       ;
;      - t2a_dht:u_dht|high_time[6]                                       ; 0                 ; 6       ;
;      - t2a_dht:u_dht|high_time[7]                                       ; 0                 ; 6       ;
;      - t2a_dht:u_dht|high_time[8]                                       ; 0                 ; 6       ;
;      - t2a_dht:u_dht|high_time[9]                                       ; 0                 ; 6       ;
;      - t2a_dht:u_dht|high_time[10]                                      ; 0                 ; 6       ;
;      - t2a_dht:u_dht|high_time[11]                                      ; 0                 ; 6       ;
;      - t2a_dht:u_dht|high_time[12]                                      ; 0                 ; 6       ;
;      - t2a_dht:u_dht|high_time[13]                                      ; 0                 ; 6       ;
;      - t2a_dht:u_dht|high_time[14]                                      ; 0                 ; 6       ;
;      - t2a_dht:u_dht|high_time[15]                                      ; 0                 ; 6       ;
;      - uart_msg_fsm:msg_fsm|idx[0]                                      ; 0                 ; 6       ;
;      - t2a_dht:u_dht|RH_decimal[0]~0                                    ; 0                 ; 6       ;
;      - t2a_dht:u_dht|data_shift[25]                                     ; 0                 ; 6       ;
;      - t2a_dht:u_dht|data_shift[26]                                     ; 0                 ; 6       ;
;      - t2a_dht:u_dht|data_shift[27]                                     ; 0                 ; 6       ;
;      - t2a_dht:u_dht|data_shift[28]                                     ; 0                 ; 6       ;
;      - t2a_dht:u_dht|data_shift[29]                                     ; 0                 ; 6       ;
;      - t2a_dht:u_dht|data_shift[30]                                     ; 0                 ; 6       ;
;      - t2a_dht:u_dht|data_shift[31]                                     ; 0                 ; 6       ;
;      - t2a_dht:u_dht|data_shift[32]                                     ; 0                 ; 6       ;
;      - t2a_dht:u_dht|data_shift[33]                                     ; 0                 ; 6       ;
;      - t2a_dht:u_dht|data_shift[34]                                     ; 0                 ; 6       ;
;      - t2a_dht:u_dht|data_shift[35]                                     ; 0                 ; 6       ;
;      - t2a_dht:u_dht|data_shift[36]                                     ; 0                 ; 6       ;
;      - t2a_dht:u_dht|data_shift[37]                                     ; 0                 ; 6       ;
;      - t2a_dht:u_dht|data_shift[38]                                     ; 0                 ; 6       ;
;      - t2a_dht:u_dht|data_shift[39]                                     ; 0                 ; 6       ;
;      - t2a_dht:u_dht|data_shift[8]                                      ; 0                 ; 6       ;
;      - t2a_dht:u_dht|data_shift[9]                                      ; 0                 ; 6       ;
;      - t2a_dht:u_dht|data_shift[10]                                     ; 0                 ; 6       ;
;      - t2a_dht:u_dht|data_shift[11]                                     ; 0                 ; 6       ;
;      - t2a_dht:u_dht|data_shift[12]                                     ; 0                 ; 6       ;
;      - t2a_dht:u_dht|data_shift[13]                                     ; 0                 ; 6       ;
;      - t2a_dht:u_dht|data_shift[14]                                     ; 0                 ; 6       ;
;      - t2a_dht:u_dht|data_shift[15]                                     ; 0                 ; 6       ;
;      - t2a_dht:u_dht|data_shift[16]                                     ; 0                 ; 6       ;
;      - t2a_dht:u_dht|data_shift[17]                                     ; 0                 ; 6       ;
;      - t2a_dht:u_dht|data_shift[18]                                     ; 0                 ; 6       ;
;      - t2a_dht:u_dht|data_shift[19]                                     ; 0                 ; 6       ;
;      - t2a_dht:u_dht|data_shift[20]                                     ; 0                 ; 6       ;
;      - t2a_dht:u_dht|data_shift[21]                                     ; 0                 ; 6       ;
;      - t2a_dht:u_dht|data_shift[22]                                     ; 0                 ; 6       ;
;      - t2a_dht:u_dht|data_shift[23]                                     ; 0                 ; 6       ;
;      - t2a_dht:u_dht|sensor_d                                           ; 0                 ; 6       ;
;      - clk3125:u_clk_div|cnt[2]                                         ; 0                 ; 6       ;
;      - clk3125:u_clk_div|cnt[1]                                         ; 0                 ; 6       ;
;      - clk3125:u_clk_div|cnt[0]                                         ; 0                 ; 6       ;
;      - uart_msg_fsm:msg_fsm|state.IDLE                                  ; 0                 ; 6       ;
;      - uart_msg_fsm:msg_fsm|idx[1]                                      ; 0                 ; 6       ;
;      - uart_msg_fsm:msg_fsm|idx[3]                                      ; 0                 ; 6       ;
;      - uart_msg_fsm:msg_fsm|idx[2]                                      ; 0                 ; 6       ;
;      - uart_msg_fsm:msg_fsm|state.SEND_MPI                              ; 0                 ; 6       ;
;      - uart_msg_fsm:msg_fsm|state.SEND_MM                               ; 0                 ; 6       ;
;      - uart_msg_fsm:msg_fsm|state.SEND_TH                               ; 0                 ; 6       ;
;      - SERVO:u_servo|pw1~0                                              ; 0                 ; 6       ;
;      - mpi_detection:u_mpi_detection|ir_sensor:ir_left|obstacle         ; 0                 ; 6       ;
;      - mpi_detection:u_mpi_detection|ir_sensor:ir_right|obstacle        ; 0                 ; 6       ;
;      - mpi_detection:u_mpi_detection|ir_sensor:ir_front|obstacle        ; 0                 ; 6       ;
;      - SERVO:u_servo|pw1[10]~1                                          ; 0                 ; 6       ;
;      - SERVO:u_servo|pw2~0                                              ; 0                 ; 6       ;
;      - t2a_dht:u_dht|data_shift[7]                                      ; 0                 ; 6       ;
;      - t2a_dht:u_dht|sensor_out                                         ; 0                 ; 6       ;
;      - t2a_dht:u_dht|sensor_out_enable                                  ; 0                 ; 6       ;
;      - SERVO:u_servo|state~14                                           ; 0                 ; 6       ;
;      - mpi_detection:u_mpi_detection|ir_sensor:ir_left|ir_sync2         ; 0                 ; 6       ;
;      - mpi_detection:u_mpi_detection|ir_sensor:ir_right|ir_sync2        ; 0                 ; 6       ;
;      - mpi_detection:u_mpi_detection|ir_sensor:ir_front|ir_sync2        ; 0                 ; 6       ;
;      - t2a_dht:u_dht|data_shift[6]                                      ; 0                 ; 6       ;
;      - mpi_detection:u_mpi_detection|ir_sensor:ir_left|ir_sync1         ; 0                 ; 6       ;
;      - mpi_detection:u_mpi_detection|ir_sensor:ir_right|ir_sync1        ; 0                 ; 6       ;
;      - mpi_detection:u_mpi_detection|ir_sensor:ir_front|ir_sync1        ; 0                 ; 6       ;
;      - t2a_dht:u_dht|data_shift[5]                                      ; 0                 ; 6       ;
;      - t2a_dht:u_dht|data_shift[4]                                      ; 0                 ; 6       ;
;      - t2a_dht:u_dht|data_shift[3]                                      ; 0                 ; 6       ;
;      - t2a_dht:u_dht|data_shift[2]                                      ; 0                 ; 6       ;
;      - t2a_dht:u_dht|data_shift[1]                                      ; 0                 ; 6       ;
;      - sld_signaltap:auto_signaltap_0|acq_data_in_reg[0]~feeder         ; 0                 ; 6       ;
;      - sld_signaltap:auto_signaltap_0|acq_trigger_in_reg[0]~feeder      ; 0                 ; 6       ;
; dout                                                                    ;                   ;         ;
; ir_l                                                                    ;                   ;         ;
;      - mpi_detection:u_mpi_detection|ir_sensor:ir_left|ir_sync1         ; 1                 ; 6       ;
; ir_r                                                                    ;                   ;         ;
;      - mpi_detection:u_mpi_detection|ir_sensor:ir_right|ir_sync1        ; 0                 ; 6       ;
; ir_f                                                                    ;                   ;         ;
;      - mpi_detection:u_mpi_detection|ir_sensor:ir_front|ir_sync1~feeder ; 0                 ; 6       ;
+-------------------------------------------------------------------------+-------------------+---------+


+--------------------------------------------------------------------------------------------------------------------------------------------------------------------------------------------------------------------------------------------------------------------------------------------------------------------------------------------------------------------------------------------------------------------------------------------------------------------------------------------------------+
; Control Signals                                                                                                                                                                                                                                                                                                                                                                                                                                                                                        ;
+-------------------------------------------------------------------------------------------------------------------------------------------------------------------------------------------------------------------------------------------------------------------------------------------------------------------------------------------------------------+--------------------+---------+----------------------------+--------+----------------------+------------------+---------------------------+
; Name                                                                                                                                                                                                                                                                                                                                                        ; Location           ; Fan-Out ; Usage                      ; Global ; Global Resource Used ; Global Line Name ; Enable Signal Source Name ;
+-------------------------------------------------------------------------------------------------------------------------------------------------------------------------------------------------------------------------------------------------------------------------------------------------------------------------------------------------------------+--------------------+---------+----------------------------+--------+----------------------+------------------+---------------------------+
; SERVO:u_servo|pw1[10]~1                                                                                                                                                                                                                                                                                                                                     ; LCCOMB_X29_Y10_N14 ; 4       ; Clock enable               ; no     ; --                   ; --               ; --                        ;
; SERVO:u_servo|state~19                                                                                                                                                                                                                                                                                                                                      ; LCCOMB_X35_Y10_N22 ; 3       ; Clock enable               ; no     ; --                   ; --               ; --                        ;
; SERVO:u_servo|timer[17]~79                                                                                                                                                                                                                                                                                                                                  ; LCCOMB_X35_Y10_N2  ; 26      ; Sync. clear                ; no     ; --                   ; --               ; --                        ;
; altera_internal_jtag~TCKUTAP                                                                                                                                                                                                                                                                                                                                ; JTAG_X1_Y17_N0     ; 623     ; Clock                      ; yes    ; Global Clock         ; GCLK4            ; --                        ;
; altera_internal_jtag~TMSUTAP                                                                                                                                                                                                                                                                                                                                ; JTAG_X1_Y17_N0     ; 23      ; Sync. clear                ; no     ; --                   ; --               ; --                        ;
; clk3125:u_clk_div|clk_3125k                                                                                                                                                                                                                                                                                                                                 ; FF_X29_Y14_N9      ; 31      ; Clock                      ; yes    ; Global Clock         ; GCLK17           ; --                        ;
; clk_50M                                                                                                                                                                                                                                                                                                                                                     ; PIN_R8             ; 1044    ; Clock                      ; yes    ; Global Clock         ; GCLK18           ; --                        ;
; moisture_sensor:ms|adc_controller:adc_inst|always2~1                                                                                                                                                                                                                                                                                                        ; LCCOMB_X31_Y29_N20 ; 12      ; Clock enable               ; no     ; --                   ; --               ; --                        ;
; moisture_sensor:ms|counter[3]                                                                                                                                                                                                                                                                                                                               ; FF_X30_Y10_N9      ; 33      ; Clock                      ; yes    ; Global Clock         ; GCLK5            ; --                        ;
; reset                                                                                                                                                                                                                                                                                                                                                       ; PIN_J15            ; 128     ; Async. clear               ; no     ; --                   ; --               ; --                        ;
; sld_hub:auto_hub|alt_sld_fab_with_jtag_input:\instrumentation_fabric_with_node_gen:fabric_gen_new_way:with_jtag_input_gen:instrumentation_fabric|alt_sld_fab:instrumentation_fabric|alt_sld_fab_alt_sld_fab:alt_sld_fab|alt_sld_fab_alt_sld_fab_sldfabric:sldfabric|sld_jtag_hub:\jtag_hub_gen:real_sld_jtag_hub|clr_reg                                    ; FF_X35_Y18_N31     ; 26      ; Async. clear               ; no     ; --                   ; --               ; --                        ;
; sld_hub:auto_hub|alt_sld_fab_with_jtag_input:\instrumentation_fabric_with_node_gen:fabric_gen_new_way:with_jtag_input_gen:instrumentation_fabric|alt_sld_fab:instrumentation_fabric|alt_sld_fab_alt_sld_fab:alt_sld_fab|alt_sld_fab_alt_sld_fab_sldfabric:sldfabric|sld_jtag_hub:\jtag_hub_gen:real_sld_jtag_hub|design_hash_proc~0                         ; LCCOMB_X37_Y17_N4  ; 4       ; Sync. load                 ; no     ; --                   ; --               ; --                        ;
; sld_hub:auto_hub|alt_sld_fab_with_jtag_input:\instrumentation_fabric_with_node_gen:fabric_gen_new_way:with_jtag_input_gen:instrumentation_fabric|alt_sld_fab:instrumentation_fabric|alt_sld_fab_alt_sld_fab:alt_sld_fab|alt_sld_fab_alt_sld_fab_sldfabric:sldfabric|sld_jtag_hub:\jtag_hub_gen:real_sld_jtag_hub|hub_info_reg_ena                           ; LCCOMB_X37_Y17_N2  ; 4       ; Clock enable               ; no     ; --                   ; --               ; --                        ;
; sld_hub:auto_hub|alt_sld_fab_with_jtag_input:\instrumentation_fabric_with_node_gen:fabric_gen_new_way:with_jtag_input_gen:instrumentation_fabric|alt_sld_fab:instrumentation_fabric|alt_sld_fab_alt_sld_fab:alt_sld_fab|alt_sld_fab_alt_sld_fab_sldfabric:sldfabric|sld_jtag_hub:\jtag_hub_gen:real_sld_jtag_hub|hub_info_reg_ena~0                         ; LCCOMB_X36_Y17_N28 ; 5       ; Clock enable               ; no     ; --                   ; --               ; --                        ;
; sld_hub:auto_hub|alt_sld_fab_with_jtag_input:\instrumentation_fabric_with_node_gen:fabric_gen_new_way:with_jtag_input_gen:instrumentation_fabric|alt_sld_fab:instrumentation_fabric|alt_sld_fab_alt_sld_fab:alt_sld_fab|alt_sld_fab_alt_sld_fab_sldfabric:sldfabric|sld_jtag_hub:\jtag_hub_gen:real_sld_jtag_hub|identity_contrib_shift_reg[0]~1            ; LCCOMB_X37_Y16_N2  ; 4       ; Clock enable               ; no     ; --                   ; --               ; --                        ;
; sld_hub:auto_hub|alt_sld_fab_with_jtag_input:\instrumentation_fabric_with_node_gen:fabric_gen_new_way:with_jtag_input_gen:instrumentation_fabric|alt_sld_fab:instrumentation_fabric|alt_sld_fab_alt_sld_fab:alt_sld_fab|alt_sld_fab_alt_sld_fab_sldfabric:sldfabric|sld_jtag_hub:\jtag_hub_gen:real_sld_jtag_hub|irf_reg[1][0]~0                            ; LCCOMB_X36_Y20_N30 ; 10      ; Clock enable               ; no     ; --                   ; --               ; --                        ;
; sld_hub:auto_hub|alt_sld_fab_with_jtag_input:\instrumentation_fabric_with_node_gen:fabric_gen_new_way:with_jtag_input_gen:instrumentation_fabric|alt_sld_fab:instrumentation_fabric|alt_sld_fab_alt_sld_fab:alt_sld_fab|alt_sld_fab_alt_sld_fab_sldfabric:sldfabric|sld_jtag_hub:\jtag_hub_gen:real_sld_jtag_hub|irf_reg[1][4]                              ; FF_X36_Y20_N21     ; 9       ; Clock enable               ; no     ; --                   ; --               ; --                        ;
; sld_hub:auto_hub|alt_sld_fab_with_jtag_input:\instrumentation_fabric_with_node_gen:fabric_gen_new_way:with_jtag_input_gen:instrumentation_fabric|alt_sld_fab:instrumentation_fabric|alt_sld_fab_alt_sld_fab:alt_sld_fab|alt_sld_fab_alt_sld_fab_sldfabric:sldfabric|sld_jtag_hub:\jtag_hub_gen:real_sld_jtag_hub|irf_reg[1][7]                              ; FF_X32_Y18_N1      ; 23      ; Clock enable               ; no     ; --                   ; --               ; --                        ;
; sld_hub:auto_hub|alt_sld_fab_with_jtag_input:\instrumentation_fabric_with_node_gen:fabric_gen_new_way:with_jtag_input_gen:instrumentation_fabric|alt_sld_fab:instrumentation_fabric|alt_sld_fab_alt_sld_fab:alt_sld_fab|alt_sld_fab_alt_sld_fab_sldfabric:sldfabric|sld_jtag_hub:\jtag_hub_gen:real_sld_jtag_hub|irsr_reg[2]~2                              ; LCCOMB_X36_Y20_N22 ; 9       ; Clock enable               ; no     ; --                   ; --               ; --                        ;
; sld_hub:auto_hub|alt_sld_fab_with_jtag_input:\instrumentation_fabric_with_node_gen:fabric_gen_new_way:with_jtag_input_gen:instrumentation_fabric|alt_sld_fab:instrumentation_fabric|alt_sld_fab_alt_sld_fab:alt_sld_fab|alt_sld_fab_alt_sld_fab_sldfabric:sldfabric|sld_jtag_hub:\jtag_hub_gen:real_sld_jtag_hub|mixer_addr_reg_internal[4]~18              ; LCCOMB_X37_Y17_N0  ; 5       ; Clock enable               ; no     ; --                   ; --               ; --                        ;
; sld_hub:auto_hub|alt_sld_fab_with_jtag_input:\instrumentation_fabric_with_node_gen:fabric_gen_new_way:with_jtag_input_gen:instrumentation_fabric|alt_sld_fab:instrumentation_fabric|alt_sld_fab_alt_sld_fab:alt_sld_fab|alt_sld_fab_alt_sld_fab_sldfabric:sldfabric|sld_jtag_hub:\jtag_hub_gen:real_sld_jtag_hub|mixer_addr_reg_internal[4]~19              ; LCCOMB_X36_Y15_N26 ; 5       ; Sync. load                 ; no     ; --                   ; --               ; --                        ;
; sld_hub:auto_hub|alt_sld_fab_with_jtag_input:\instrumentation_fabric_with_node_gen:fabric_gen_new_way:with_jtag_input_gen:instrumentation_fabric|alt_sld_fab:instrumentation_fabric|alt_sld_fab_alt_sld_fab:alt_sld_fab|alt_sld_fab_alt_sld_fab_sldfabric:sldfabric|sld_jtag_hub:\jtag_hub_gen:real_sld_jtag_hub|sld_rom_sr:hub_info_reg|WORD_SR[0]~17      ; LCCOMB_X37_Y17_N26 ; 4       ; Clock enable               ; no     ; --                   ; --               ; --                        ;
; sld_hub:auto_hub|alt_sld_fab_with_jtag_input:\instrumentation_fabric_with_node_gen:fabric_gen_new_way:with_jtag_input_gen:instrumentation_fabric|alt_sld_fab:instrumentation_fabric|alt_sld_fab_alt_sld_fab:alt_sld_fab|alt_sld_fab_alt_sld_fab_sldfabric:sldfabric|sld_jtag_hub:\jtag_hub_gen:real_sld_jtag_hub|sld_rom_sr:hub_info_reg|word_counter[0]~13 ; LCCOMB_X38_Y17_N18 ; 5       ; Sync. clear                ; no     ; --                   ; --               ; --                        ;
; sld_hub:auto_hub|alt_sld_fab_with_jtag_input:\instrumentation_fabric_with_node_gen:fabric_gen_new_way:with_jtag_input_gen:instrumentation_fabric|alt_sld_fab:instrumentation_fabric|alt_sld_fab_alt_sld_fab:alt_sld_fab|alt_sld_fab_alt_sld_fab_sldfabric:sldfabric|sld_jtag_hub:\jtag_hub_gen:real_sld_jtag_hub|sld_rom_sr:hub_info_reg|word_counter[0]~20 ; LCCOMB_X37_Y17_N6  ; 5       ; Clock enable               ; no     ; --                   ; --               ; --                        ;
; sld_hub:auto_hub|alt_sld_fab_with_jtag_input:\instrumentation_fabric_with_node_gen:fabric_gen_new_way:with_jtag_input_gen:instrumentation_fabric|alt_sld_fab:instrumentation_fabric|alt_sld_fab_alt_sld_fab:alt_sld_fab|alt_sld_fab_alt_sld_fab_sldfabric:sldfabric|sld_jtag_hub:\jtag_hub_gen:real_sld_jtag_hub|sld_shadow_jsm:shadow_jsm|state[0]         ; FF_X34_Y16_N23     ; 15      ; Async. clear               ; no     ; --                   ; --               ; --                        ;
; sld_hub:auto_hub|alt_sld_fab_with_jtag_input:\instrumentation_fabric_with_node_gen:fabric_gen_new_way:with_jtag_input_gen:instrumentation_fabric|alt_sld_fab:instrumentation_fabric|alt_sld_fab_alt_sld_fab:alt_sld_fab|alt_sld_fab_alt_sld_fab_sldfabric:sldfabric|sld_jtag_hub:\jtag_hub_gen:real_sld_jtag_hub|sld_shadow_jsm:shadow_jsm|state[11]        ; FF_X36_Y17_N1      ; 12      ; Clock enable               ; no     ; --                   ; --               ; --                        ;
; sld_hub:auto_hub|alt_sld_fab_with_jtag_input:\instrumentation_fabric_with_node_gen:fabric_gen_new_way:with_jtag_input_gen:instrumentation_fabric|alt_sld_fab:instrumentation_fabric|alt_sld_fab_alt_sld_fab:alt_sld_fab|alt_sld_fab_alt_sld_fab_sldfabric:sldfabric|sld_jtag_hub:\jtag_hub_gen:real_sld_jtag_hub|sld_shadow_jsm:shadow_jsm|state[3]         ; FF_X35_Y18_N27     ; 37      ; Sync. load                 ; no     ; --                   ; --               ; --                        ;
; sld_hub:auto_hub|alt_sld_fab_with_jtag_input:\instrumentation_fabric_with_node_gen:fabric_gen_new_way:with_jtag_input_gen:instrumentation_fabric|alt_sld_fab:instrumentation_fabric|alt_sld_fab_alt_sld_fab:alt_sld_fab|alt_sld_fab_alt_sld_fab_sldfabric:sldfabric|sld_jtag_hub:\jtag_hub_gen:real_sld_jtag_hub|sld_shadow_jsm:shadow_jsm|state[4]         ; FF_X35_Y18_N19     ; 33      ; Sync. load                 ; no     ; --                   ; --               ; --                        ;
; sld_hub:auto_hub|alt_sld_fab_with_jtag_input:\instrumentation_fabric_with_node_gen:fabric_gen_new_way:with_jtag_input_gen:instrumentation_fabric|alt_sld_fab:instrumentation_fabric|alt_sld_fab_alt_sld_fab:alt_sld_fab|alt_sld_fab_alt_sld_fab_sldfabric:sldfabric|sld_jtag_hub:\jtag_hub_gen:real_sld_jtag_hub|virtual_ir_dr_scan_proc~0                  ; LCCOMB_X36_Y17_N8  ; 3       ; Clock enable               ; no     ; --                   ; --               ; --                        ;
; sld_hub:auto_hub|alt_sld_fab_with_jtag_input:\instrumentation_fabric_with_node_gen:fabric_gen_new_way:with_jtag_input_gen:instrumentation_fabric|alt_sld_fab:instrumentation_fabric|alt_sld_fab_alt_sld_fab:alt_sld_fab|alt_sld_fab_alt_sld_fab_sldfabric:sldfabric|sld_jtag_hub:\jtag_hub_gen:real_sld_jtag_hub|virtual_ir_scan_reg                        ; FF_X36_Y16_N17     ; 33      ; Async. clear, Clock enable ; no     ; --                   ; --               ; --                        ;
; sld_hub:auto_hub|alt_sld_fab_with_jtag_input:\instrumentation_fabric_with_node_gen:fabric_gen_new_way:with_jtag_input_gen:instrumentation_fabric|alt_sld_fab:instrumentation_fabric|alt_sld_fab_alt_sld_fab:alt_sld_fab|sldfabric_ident_writedata[0]~0                                                                                                      ; LCCOMB_X37_Y16_N12 ; 4       ; Clock enable               ; no     ; --                   ; --               ; --                        ;
; sld_signaltap:auto_signaltap_0|sld_signaltap_impl:sld_signaltap_body|sld_signaltap_implb:sld_signaltap_body|altdpram:\stp_non_zero_ram_gen:attribute_mem_gen:attribute_mem|lpm_decode:wdecoder|decode_dvf:auto_generated|eq_node[0]~1                                                                                                                       ; LCCOMB_X31_Y17_N22 ; 15      ; Clock enable               ; no     ; --                   ; --               ; --                        ;
; sld_signaltap:auto_signaltap_0|sld_signaltap_impl:sld_signaltap_body|sld_signaltap_implb:sld_signaltap_body|altdpram:\stp_non_zero_ram_gen:attribute_mem_gen:attribute_mem|lpm_decode:wdecoder|decode_dvf:auto_generated|eq_node[1]~0                                                                                                                       ; LCCOMB_X31_Y17_N8  ; 15      ; Clock enable               ; no     ; --                   ; --               ; --                        ;
; sld_signaltap:auto_signaltap_0|sld_signaltap_impl:sld_signaltap_body|sld_signaltap_implb:sld_signaltap_body|buffer_write_enable_delayed                                                                                                                                                                                                                     ; FF_X31_Y17_N19     ; 6       ; Clock enable, Write enable ; no     ; --                   ; --               ; --                        ;
; sld_signaltap:auto_signaltap_0|sld_signaltap_impl:sld_signaltap_body|sld_signaltap_implb:sld_signaltap_body|collect_data                                                                                                                                                                                                                                    ; LCCOMB_X27_Y18_N12 ; 21      ; Clock enable               ; no     ; --                   ; --               ; --                        ;
; sld_signaltap:auto_signaltap_0|sld_signaltap_impl:sld_signaltap_body|sld_signaltap_implb:sld_signaltap_body|process_0~0                                                                                                                                                                                                                                     ; LCCOMB_X32_Y20_N4  ; 32      ; Sync. clear                ; no     ; --                   ; --               ; --                        ;
; sld_signaltap:auto_signaltap_0|sld_signaltap_impl:sld_signaltap_body|sld_signaltap_implb:sld_signaltap_body|process_0~1                                                                                                                                                                                                                                     ; LCCOMB_X32_Y19_N24 ; 32      ; Sync. load                 ; no     ; --                   ; --               ; --                        ;
; sld_signaltap:auto_signaltap_0|sld_signaltap_impl:sld_signaltap_body|sld_signaltap_implb:sld_signaltap_body|reset_all                                                                                                                                                                                                                                       ; FF_X32_Y16_N11     ; 447     ; Async. clear               ; yes    ; Global Clock         ; GCLK8            ; --                        ;
; sld_signaltap:auto_signaltap_0|sld_signaltap_impl:sld_signaltap_body|sld_signaltap_implb:sld_signaltap_body|serial_crc_16:\tdo_crc_gen:tdo_crc_calc|lfsr[6]~1                                                                                                                                                                                               ; LCCOMB_X30_Y19_N18 ; 13      ; Clock enable               ; no     ; --                   ; --               ; --                        ;
; sld_signaltap:auto_signaltap_0|sld_signaltap_impl:sld_signaltap_body|sld_signaltap_implb:sld_signaltap_body|sld_buffer_manager:sld_buffer_manager_inst|final_trigger_set~4                                                                                                                                                                                  ; LCCOMB_X27_Y18_N10 ; 16      ; Clock enable               ; no     ; --                   ; --               ; --                        ;
; sld_signaltap:auto_signaltap_0|sld_signaltap_impl:sld_signaltap_body|sld_signaltap_implb:sld_signaltap_body|sld_buffer_manager:sld_buffer_manager_inst|last_buffer_write_address_sig[0]~0                                                                                                                                                                   ; LCCOMB_X27_Y18_N18 ; 7       ; Clock enable               ; no     ; --                   ; --               ; --                        ;
; sld_signaltap:auto_signaltap_0|sld_signaltap_impl:sld_signaltap_body|sld_signaltap_implb:sld_signaltap_body|sld_offload_buffer_mgr:\stp_non_zero_depth_offload_gen:stp_offload_buff_mgr_inst|Equal2~0                                                                                                                                                       ; LCCOMB_X34_Y15_N4  ; 1       ; Clock enable               ; no     ; --                   ; --               ; --                        ;
; sld_signaltap:auto_signaltap_0|sld_signaltap_impl:sld_signaltap_body|sld_signaltap_implb:sld_signaltap_body|sld_offload_buffer_mgr:\stp_non_zero_depth_offload_gen:stp_offload_buff_mgr_inst|acq_buf_read_reset                                                                                                                                             ; LCCOMB_X26_Y20_N26 ; 7       ; Sync. load                 ; no     ; --                   ; --               ; --                        ;
; sld_signaltap:auto_signaltap_0|sld_signaltap_impl:sld_signaltap_body|sld_signaltap_implb:sld_signaltap_body|sld_offload_buffer_mgr:\stp_non_zero_depth_offload_gen:stp_offload_buff_mgr_inst|lpm_counter:\adv_point_3_and_more:advance_pointer_counter|cntr_tgi:auto_generated|counter_reg_bit[6]~0                                                         ; LCCOMB_X27_Y20_N30 ; 7       ; Sync. load                 ; no     ; --                   ; --               ; --                        ;
; sld_signaltap:auto_signaltap_0|sld_signaltap_impl:sld_signaltap_body|sld_signaltap_implb:sld_signaltap_body|sld_offload_buffer_mgr:\stp_non_zero_depth_offload_gen:stp_offload_buff_mgr_inst|lpm_counter:status_advance_pointer_counter|cntr_egi:auto_generated|counter_reg_bit[3]~0                                                                        ; LCCOMB_X34_Y15_N2  ; 4       ; Sync. load                 ; no     ; --                   ; --               ; --                        ;
; sld_signaltap:auto_signaltap_0|sld_signaltap_impl:sld_signaltap_body|sld_signaltap_implb:sld_signaltap_body|sld_offload_buffer_mgr:\stp_non_zero_depth_offload_gen:stp_offload_buff_mgr_inst|lpm_counter:status_read_pointer_counter|cntr_23j:auto_generated|counter_reg_bit[0]~0                                                                           ; LCCOMB_X35_Y20_N8  ; 1       ; Sync. load                 ; no     ; --                   ; --               ; --                        ;
; sld_signaltap:auto_signaltap_0|sld_signaltap_impl:sld_signaltap_body|sld_signaltap_implb:sld_signaltap_body|sld_offload_buffer_mgr:\stp_non_zero_depth_offload_gen:stp_offload_buff_mgr_inst|read_pointer_counter_clk_ena                                                                                                                                   ; LCCOMB_X27_Y20_N28 ; 7       ; Clock enable               ; no     ; --                   ; --               ; --                        ;
; sld_signaltap:auto_signaltap_0|sld_signaltap_impl:sld_signaltap_body|sld_signaltap_implb:sld_signaltap_body|sld_rom_sr:crc_rom_sr|WORD_SR[1]~8                                                                                                                                                                                                              ; LCCOMB_X31_Y12_N26 ; 4       ; Sync. clear                ; no     ; --                   ; --               ; --                        ;
; sld_signaltap:auto_signaltap_0|sld_signaltap_impl:sld_signaltap_body|sld_signaltap_implb:sld_signaltap_body|sld_rom_sr:crc_rom_sr|WORD_SR[1]~9                                                                                                                                                                                                              ; LCCOMB_X31_Y12_N18 ; 4       ; Clock enable               ; no     ; --                   ; --               ; --                        ;
; sld_signaltap:auto_signaltap_0|sld_signaltap_impl:sld_signaltap_body|sld_signaltap_implb:sld_signaltap_body|sld_rom_sr:crc_rom_sr|word_counter[1]~5                                                                                                                                                                                                         ; LCCOMB_X31_Y12_N12 ; 4       ; Clock enable               ; no     ; --                   ; --               ; --                        ;
; sld_signaltap:auto_signaltap_0|sld_signaltap_impl:sld_signaltap_body|sld_signaltap_implb:sld_signaltap_body|status_shift_enable~1                                                                                                                                                                                                                           ; LCCOMB_X31_Y16_N2  ; 17      ; Clock enable               ; no     ; --                   ; --               ; --                        ;
; sld_signaltap:auto_signaltap_0|sld_signaltap_impl:sld_signaltap_body|sld_signaltap_implb:sld_signaltap_body|tdo_crc_len_reg[7]~35                                                                                                                                                                                                                           ; LCCOMB_X30_Y19_N24 ; 32      ; Clock enable               ; no     ; --                   ; --               ; --                        ;
; sld_signaltap:auto_signaltap_0|sld_signaltap_impl:sld_signaltap_body|sld_signaltap_implb:sld_signaltap_body|tdo_crc_val_shift_reg[0]~1                                                                                                                                                                                                                      ; LCCOMB_X31_Y19_N6  ; 16      ; Clock enable               ; no     ; --                   ; --               ; --                        ;
; sld_signaltap:auto_signaltap_0|sld_signaltap_impl:sld_signaltap_body|sld_signaltap_implb:sld_signaltap_body|trigger_setup_ena                                                                                                                                                                                                                               ; LCCOMB_X32_Y20_N2  ; 288     ; Clock enable               ; no     ; --                   ; --               ; --                        ;
; t2a_dht:u_dht|RH_decimal[0]~0                                                                                                                                                                                                                                                                                                                               ; LCCOMB_X29_Y21_N2  ; 32      ; Clock enable               ; no     ; --                   ; --               ; --                        ;
; t2a_dht:u_dht|bit_index[5]~9                                                                                                                                                                                                                                                                                                                                ; LCCOMB_X40_Y18_N24 ; 46      ; Clock enable               ; no     ; --                   ; --               ; --                        ;
; t2a_dht:u_dht|counter[18]~64                                                                                                                                                                                                                                                                                                                                ; LCCOMB_X44_Y18_N2  ; 21      ; Sync. clear                ; no     ; --                   ; --               ; --                        ;
; t2a_dht:u_dht|high_time[15]~50                                                                                                                                                                                                                                                                                                                              ; LCCOMB_X40_Y18_N18 ; 16      ; Clock enable               ; no     ; --                   ; --               ; --                        ;
; t2a_dht:u_dht|high_time~49                                                                                                                                                                                                                                                                                                                                  ; LCCOMB_X40_Y18_N16 ; 16      ; Sync. clear                ; no     ; --                   ; --               ; --                        ;
; t2a_dht:u_dht|sensor_out_enable                                                                                                                                                                                                                                                                                                                             ; FF_X44_Y18_N15     ; 1       ; Output enable              ; no     ; --                   ; --               ; --                        ;
; t2a_dht:u_dht|state.000                                                                                                                                                                                                                                                                                                                                     ; FF_X44_Y18_N9      ; 8       ; Clock enable               ; no     ; --                   ; --               ; --                        ;
; t2a_dht:u_dht|state.100                                                                                                                                                                                                                                                                                                                                     ; FF_X40_Y18_N3      ; 72      ; Clock enable, Sync. clear  ; no     ; --                   ; --               ; --                        ;
; uart_msg_fsm:msg_fsm|idx[1]~4                                                                                                                                                                                                                                                                                                                               ; LCCOMB_X25_Y21_N2  ; 4       ; Sync. load                 ; no     ; --                   ; --               ; --                        ;
; uart_msg_fsm:msg_fsm|tx_data[6]~1                                                                                                                                                                                                                                                                                                                           ; LCCOMB_X24_Y21_N14 ; 2       ; Clock enable               ; no     ; --                   ; --               ; --                        ;
; uart_tx:uart|bit_idx[2]~0                                                                                                                                                                                                                                                                                                                                   ; LCCOMB_X16_Y20_N28 ; 9       ; Clock enable, Sync. load   ; no     ; --                   ; --               ; --                        ;
; uart_tx:uart|state.s0                                                                                                                                                                                                                                                                                                                                       ; FF_X17_Y21_N27     ; 11      ; Sync. clear                ; no     ; --                   ; --               ; --                        ;
; uart_tx:uart|state~18                                                                                                                                                                                                                                                                                                                                       ; LCCOMB_X16_Y20_N14 ; 2       ; Clock enable               ; no     ; --                   ; --               ; --                        ;
+-------------------------------------------------------------------------------------------------------------------------------------------------------------------------------------------------------------------------------------------------------------------------------------------------------------------------------------------------------------+--------------------+---------+----------------------------+--------+----------------------+------------------+---------------------------+


+---------------------------------------------------------------------------------------------------------------------------------------------------------------------------------------------------------------------------------------------------------------+
; Global & Other Fast Signals                                                                                                                                                                                                                                   ;
+-----------------------------------------------------------------------------------------------------------------------+----------------+---------+--------------------------------------+----------------------+------------------+---------------------------+
; Name                                                                                                                  ; Location       ; Fan-Out ; Fan-Out Using Intentional Clock Skew ; Global Resource Used ; Global Line Name ; Enable Signal Source Name ;
+-----------------------------------------------------------------------------------------------------------------------+----------------+---------+--------------------------------------+----------------------+------------------+---------------------------+
; altera_internal_jtag~TCKUTAP                                                                                          ; JTAG_X1_Y17_N0 ; 623     ; 0                                    ; Global Clock         ; GCLK4            ; --                        ;
; clk3125:u_clk_div|clk_3125k                                                                                           ; FF_X29_Y14_N9  ; 31      ; 0                                    ; Global Clock         ; GCLK17           ; --                        ;
; clk_50M                                                                                                               ; PIN_R8         ; 1044    ; 0                                    ; Global Clock         ; GCLK18           ; --                        ;
; moisture_sensor:ms|counter[3]                                                                                         ; FF_X30_Y10_N9  ; 33      ; 0                                    ; Global Clock         ; GCLK5            ; --                        ;
; sld_signaltap:auto_signaltap_0|sld_signaltap_impl:sld_signaltap_body|sld_signaltap_implb:sld_signaltap_body|reset_all ; FF_X32_Y16_N11 ; 447     ; 0                                    ; Global Clock         ; GCLK8            ; --                        ;
+-----------------------------------------------------------------------------------------------------------------------+----------------+---------+--------------------------------------+----------------------+------------------+---------------------------+


+-------------------------------------------------------------------------------------------------------------------------------------------------------------------------------------------------------------------------------------------------------------------------------------------------------------------------------------------------------------------------------------------------------------------------------------------------------------------------------------------------------------------------------------------------------------------------------------------------------------------------------------------------------------------------------------------------------------------------------------------------------------------+
; Fitter RAM Summary                                                                                                                                                                                                                                                                                                                                                                                                                                                                                                                                                                                                                                                                                                                                                ;
+-------------------------------------------------------------------------------------------------------------------------------------------------------------------------------------------------------+------+------------------+-------------+--------------+--------------+--------------+--------------+------------------------+-------------------------+------------------------+-------------------------+-------+-----------------------------+-----------------------------+-----------------------------+-----------------------------+---------------------+------+------+------------------------------------------------+----------------------+------------------------+------------------------+----------+------------------------+---------------+
; Name                                                                                                                                                                                                  ; Type ; Mode             ; Clock Mode  ; Port A Depth ; Port A Width ; Port B Depth ; Port B Width ; Port A Input Registers ; Port A Output Registers ; Port B Input Registers ; Port B Output Registers ; Size  ; Implementation Port A Depth ; Implementation Port A Width ; Implementation Port B Depth ; Implementation Port B Width ; Implementation Bits ; M9Ks ; MIF  ; Location                                       ; Mixed Width RDW Mode ; Port A RDW Mode        ; Port B RDW Mode        ; ECC Mode ; ECC Pipeline Registers ; Fits in MLABs ;
+-------------------------------------------------------------------------------------------------------------------------------------------------------------------------------------------------------+------+------------------+-------------+--------------+--------------+--------------+--------------+------------------------+-------------------------+------------------------+-------------------------+-------+-----------------------------+-----------------------------+-----------------------------+-----------------------------+---------------------+------+------+------------------------------------------------+----------------------+------------------------+------------------------+----------+------------------------+---------------+
; sld_signaltap:auto_signaltap_0|sld_signaltap_impl:sld_signaltap_body|sld_signaltap_implb:sld_signaltap_body|altsyncram:\stp_non_zero_ram_gen:stp_buffer_ram|altsyncram_o524:auto_generated|ALTSYNCRAM ; AUTO ; Simple Dual Port ; Dual Clocks ; 128          ; 89           ; 128          ; 89           ; yes                    ; no                      ; yes                    ; no                      ; 11392 ; 128                         ; 89                          ; 128                         ; 89                          ; 11392               ; 3    ; None ; M9K_X22_Y24_N0, M9K_X22_Y22_N0, M9K_X22_Y20_N0 ; Don't care           ; New data with NBE Read ; New data with NBE Read ; Off      ; No                     ; No - Unknown  ;
+-------------------------------------------------------------------------------------------------------------------------------------------------------------------------------------------------------+------+------------------+-------------+--------------+--------------+--------------+--------------+------------------------+-------------------------+------------------------+-------------------------+-------+-----------------------------+-----------------------------+-----------------------------+-----------------------------+---------------------+------+------+------------------------------------------------+----------------------+------------------------+------------------------+----------+------------------------+---------------+
Note: Fitter may spread logical memories into multiple blocks to improve timing. The actual required RAM blocks can be found in the Fitter Resource Usage section.


+------------------------------------------------+
; Routing Usage Summary                          ;
+-----------------------+------------------------+
; Routing Resource Type ; Usage                  ;
+-----------------------+------------------------+
; Block interconnects   ; 2,494 / 71,559 ( 3 % ) ;
; C16 interconnects     ; 19 / 2,597 ( < 1 % )   ;
; C4 interconnects      ; 935 / 46,848 ( 2 % )   ;
; Direct links          ; 744 / 71,559 ( 1 % )   ;
; Global clocks         ; 5 / 20 ( 25 % )        ;
; Local interconnects   ; 1,955 / 24,624 ( 8 % ) ;
; R24 interconnects     ; 23 / 2,496 ( < 1 % )   ;
; R4 interconnects      ; 1,279 / 62,424 ( 2 % ) ;
+-----------------------+------------------------+


+-----------------------------------------------------------------------------+
; LAB Logic Elements                                                          ;
+---------------------------------------------+-------------------------------+
; Number of Logic Elements  (Average = 12.00) ; Number of LABs  (Total = 259) ;
+---------------------------------------------+-------------------------------+
; 1                                           ; 19                            ;
; 2                                           ; 5                             ;
; 3                                           ; 10                            ;
; 4                                           ; 3                             ;
; 5                                           ; 7                             ;
; 6                                           ; 6                             ;
; 7                                           ; 1                             ;
; 8                                           ; 5                             ;
; 9                                           ; 5                             ;
; 10                                          ; 18                            ;
; 11                                          ; 8                             ;
; 12                                          ; 9                             ;
; 13                                          ; 12                            ;
; 14                                          ; 17                            ;
; 15                                          ; 41                            ;
; 16                                          ; 93                            ;
+---------------------------------------------+-------------------------------+


+--------------------------------------------------------------------+
; LAB-wide Signals                                                   ;
+------------------------------------+-------------------------------+
; LAB-wide Signals  (Average = 1.49) ; Number of LABs  (Total = 259) ;
+------------------------------------+-------------------------------+
; 1 Async. clear                     ; 87                            ;
; 1 Clock                            ; 138                           ;
; 1 Clock enable                     ; 87                            ;
; 1 Sync. clear                      ; 8                             ;
; 1 Sync. load                       ; 4                             ;
; 2 Clock enables                    ; 9                             ;
; 2 Clocks                           ; 53                            ;
+------------------------------------+-------------------------------+


+------------------------------------------------------------------------------+
; LAB Signals Sourced                                                          ;
+----------------------------------------------+-------------------------------+
; Number of Signals Sourced  (Average = 17.34) ; Number of LABs  (Total = 259) ;
+----------------------------------------------+-------------------------------+
; 0                                            ; 1                             ;
; 1                                            ; 11                            ;
; 2                                            ; 10                            ;
; 3                                            ; 6                             ;
; 4                                            ; 8                             ;
; 5                                            ; 8                             ;
; 6                                            ; 1                             ;
; 7                                            ; 1                             ;
; 8                                            ; 1                             ;
; 9                                            ; 4                             ;
; 10                                           ; 2                             ;
; 11                                           ; 4                             ;
; 12                                           ; 5                             ;
; 13                                           ; 4                             ;
; 14                                           ; 11                            ;
; 15                                           ; 31                            ;
; 16                                           ; 14                            ;
; 17                                           ; 15                            ;
; 18                                           ; 9                             ;
; 19                                           ; 9                             ;
; 20                                           ; 7                             ;
; 21                                           ; 3                             ;
; 22                                           ; 10                            ;
; 23                                           ; 7                             ;
; 24                                           ; 11                            ;
; 25                                           ; 8                             ;
; 26                                           ; 14                            ;
; 27                                           ; 10                            ;
; 28                                           ; 8                             ;
; 29                                           ; 5                             ;
; 30                                           ; 6                             ;
; 31                                           ; 4                             ;
; 32                                           ; 11                            ;
+----------------------------------------------+-------------------------------+


+---------------------------------------------------------------------------------+
; LAB Signals Sourced Out                                                         ;
+-------------------------------------------------+-------------------------------+
; Number of Signals Sourced Out  (Average = 5.29) ; Number of LABs  (Total = 259) ;
+-------------------------------------------------+-------------------------------+
; 0                                               ; 1                             ;
; 1                                               ; 34                            ;
; 2                                               ; 34                            ;
; 3                                               ; 45                            ;
; 4                                               ; 23                            ;
; 5                                               ; 22                            ;
; 6                                               ; 18                            ;
; 7                                               ; 16                            ;
; 8                                               ; 19                            ;
; 9                                               ; 16                            ;
; 10                                              ; 4                             ;
; 11                                              ; 6                             ;
; 12                                              ; 3                             ;
; 13                                              ; 1                             ;
; 14                                              ; 5                             ;
; 15                                              ; 5                             ;
; 16                                              ; 6                             ;
; 17                                              ; 0                             ;
; 18                                              ; 0                             ;
; 19                                              ; 1                             ;
+-------------------------------------------------+-------------------------------+


+-----------------------------------------------------------------------------+
; LAB Distinct Inputs                                                         ;
+---------------------------------------------+-------------------------------+
; Number of Distinct Inputs  (Average = 8.82) ; Number of LABs  (Total = 259) ;
+---------------------------------------------+-------------------------------+
; 0                                           ; 0                             ;
; 1                                           ; 1                             ;
; 2                                           ; 25                            ;
; 3                                           ; 20                            ;
; 4                                           ; 23                            ;
; 5                                           ; 9                             ;
; 6                                           ; 13                            ;
; 7                                           ; 21                            ;
; 8                                           ; 23                            ;
; 9                                           ; 23                            ;
; 10                                          ; 25                            ;
; 11                                          ; 11                            ;
; 12                                          ; 11                            ;
; 13                                          ; 7                             ;
; 14                                          ; 6                             ;
; 15                                          ; 1                             ;
; 16                                          ; 8                             ;
; 17                                          ; 5                             ;
; 18                                          ; 10                            ;
; 19                                          ; 2                             ;
; 20                                          ; 4                             ;
; 21                                          ; 2                             ;
; 22                                          ; 1                             ;
; 23                                          ; 2                             ;
; 24                                          ; 1                             ;
; 25                                          ; 1                             ;
; 26                                          ; 0                             ;
; 27                                          ; 1                             ;
; 28                                          ; 0                             ;
; 29                                          ; 0                             ;
; 30                                          ; 1                             ;
+---------------------------------------------+-------------------------------+


+------------------------------------------+
; I/O Rules Summary                        ;
+----------------------------------+-------+
; I/O Rules Statistic              ; Total ;
+----------------------------------+-------+
; Total I/O Rules                  ; 30    ;
; Number of I/O Rules Passed       ; 12    ;
; Number of I/O Rules Failed       ; 0     ;
; Number of I/O Rules Unchecked    ; 0     ;
; Number of I/O Rules Inapplicable ; 18    ;
+----------------------------------+-------+


+-----------------------------------------------------------------------------------------------------------------------------------------------------------------------------------------------------------------------------------------------------------------------------------------------------+
; I/O Rules Details                                                                                                                                                                                                                                                                                   ;
+--------------+-----------+-----------------------------------+------------------------------------------------------------------------------------------------------+----------+--------------------------------------------------------------------------+---------------------+-------------------+
; Status       ; ID        ; Category                          ; Rule Description                                                                                     ; Severity ; Information                                                              ; Area                ; Extra Information ;
+--------------+-----------+-----------------------------------+------------------------------------------------------------------------------------------------------+----------+--------------------------------------------------------------------------+---------------------+-------------------+
; Pass         ; IO_000001 ; Capacity Checks                   ; Number of pins in an I/O bank should not exceed the number of locations available.                   ; Critical ; 0 such failures found.                                                   ; I/O                 ;                   ;
; Inapplicable ; IO_000002 ; Capacity Checks                   ; Number of clocks in an I/O bank should not exceed the number of clocks available.                    ; Critical ; No Global Signal assignments found.                                      ; I/O                 ;                   ;
; Pass         ; IO_000003 ; Capacity Checks                   ; Number of pins in a Vrefgroup should not exceed the number of locations available.                   ; Critical ; 0 such failures found.                                                   ; I/O                 ;                   ;
; Inapplicable ; IO_000004 ; Voltage Compatibility Checks      ; The I/O bank should support the requested VCCIO.                                                     ; Critical ; No IOBANK_VCCIO assignments found.                                       ; I/O                 ;                   ;
; Inapplicable ; IO_000005 ; Voltage Compatibility Checks      ; The I/O bank should not have competing VREF values.                                                  ; Critical ; No VREF I/O Standard assignments found.                                  ; I/O                 ;                   ;
; Pass         ; IO_000006 ; Voltage Compatibility Checks      ; The I/O bank should not have competing VCCIO values.                                                 ; Critical ; 0 such failures found.                                                   ; I/O                 ;                   ;
; Pass         ; IO_000007 ; Valid Location Checks             ; Checks for unavailable locations.                                                                    ; Critical ; 0 such failures found.                                                   ; I/O                 ;                   ;
; Inapplicable ; IO_000008 ; Valid Location Checks             ; Checks for reserved locations.                                                                       ; Critical ; No reserved LogicLock region found.                                      ; I/O                 ;                   ;
; Pass         ; IO_000009 ; I/O Properties Checks for One I/O ; The location should support the requested I/O standard.                                              ; Critical ; 0 such failures found.                                                   ; I/O                 ;                   ;
; Pass         ; IO_000010 ; I/O Properties Checks for One I/O ; The location should support the requested I/O direction.                                             ; Critical ; 0 such failures found.                                                   ; I/O                 ;                   ;
; Inapplicable ; IO_000011 ; I/O Properties Checks for One I/O ; The location should support the requested Current Strength.                                          ; Critical ; No Current Strength assignments found.                                   ; I/O                 ;                   ;
; Pass         ; IO_000012 ; I/O Properties Checks for One I/O ; The location should support the requested On Chip Termination value.                                 ; Critical ; 0 such failures found.                                                   ; I/O                 ;                   ;
; Inapplicable ; IO_000013 ; I/O Properties Checks for One I/O ; The location should support the requested Bus Hold value.                                            ; Critical ; No Enable Bus-Hold Circuitry assignments found.                          ; I/O                 ;                   ;
; Inapplicable ; IO_000014 ; I/O Properties Checks for One I/O ; The location should support the requested Weak Pull Up value.                                        ; Critical ; No Weak Pull-Up Resistor assignments found.                              ; I/O                 ;                   ;
; Pass         ; IO_000015 ; I/O Properties Checks for One I/O ; The location should support the requested PCI Clamp Diode.                                           ; Critical ; 0 such failures found.                                                   ; I/O                 ;                   ;
; Inapplicable ; IO_000018 ; I/O Properties Checks for One I/O ; The I/O standard should support the requested Current Strength.                                      ; Critical ; No Current Strength assignments found.                                   ; I/O                 ;                   ;
; Pass         ; IO_000019 ; I/O Properties Checks for One I/O ; The I/O standard should support the requested On Chip Termination value.                             ; Critical ; 0 such failures found.                                                   ; I/O                 ;                   ;
; Pass         ; IO_000020 ; I/O Properties Checks for One I/O ; The I/O standard should support the requested PCI Clamp Diode.                                       ; Critical ; 0 such failures found.                                                   ; I/O                 ;                   ;
; Inapplicable ; IO_000021 ; I/O Properties Checks for One I/O ; The I/O standard should support the requested Weak Pull Up value.                                    ; Critical ; No Weak Pull-Up Resistor assignments found.                              ; I/O                 ;                   ;
; Inapplicable ; IO_000022 ; I/O Properties Checks for One I/O ; The I/O standard should support the requested Bus Hold value.                                        ; Critical ; No Enable Bus-Hold Circuitry assignments found.                          ; I/O                 ;                   ;
; Inapplicable ; IO_000023 ; I/O Properties Checks for One I/O ; The I/O standard should support the Open Drain value.                                                ; Critical ; No open drain assignments found.                                         ; I/O                 ;                   ;
; Pass         ; IO_000024 ; I/O Properties Checks for One I/O ; The I/O direction should support the On Chip Termination value.                                      ; Critical ; 0 such failures found.                                                   ; I/O                 ;                   ;
; Inapplicable ; IO_000026 ; I/O Properties Checks for One I/O ; On Chip Termination and Current Strength should not be used at the same time.                        ; Critical ; No Current Strength assignments found.                                   ; I/O                 ;                   ;
; Inapplicable ; IO_000027 ; I/O Properties Checks for One I/O ; Weak Pull Up and Bus Hold should not be used at the same time.                                       ; Critical ; No Enable Bus-Hold Circuitry or Weak Pull-Up Resistor assignments found. ; I/O                 ;                   ;
; Inapplicable ; IO_000045 ; I/O Properties Checks for One I/O ; The I/O standard should support the requested Slew Rate value.                                       ; Critical ; No Slew Rate assignments found.                                          ; I/O                 ;                   ;
; Inapplicable ; IO_000046 ; I/O Properties Checks for One I/O ; The location should support the requested Slew Rate value.                                           ; Critical ; No Slew Rate assignments found.                                          ; I/O                 ;                   ;
; Inapplicable ; IO_000047 ; I/O Properties Checks for One I/O ; On Chip Termination and Slew Rate should not be used at the same time.                               ; Critical ; No Slew Rate assignments found.                                          ; I/O                 ;                   ;
; Pass         ; IO_000033 ; Electromigration Checks           ; Current density for consecutive I/Os should not exceed 240mA for row I/Os and 240mA for column I/Os. ; Critical ; 0 such failures found.                                                   ; I/O                 ;                   ;
; Inapplicable ; IO_000034 ; SI Related Distance Checks        ; Single-ended outputs should be 5 LAB row(s) away from a differential I/O.                            ; High     ; No Differential I/O Standard assignments found.                          ; I/O                 ;                   ;
; Inapplicable ; IO_000042 ; SI Related SSO Limit Checks       ; No more than 20 outputs are allowed in a VREF group when VREF is being read from.                    ; High     ; No VREF I/O Standard assignments found.                                  ; I/O                 ;                   ;
; ----         ; ----      ; Disclaimer                        ; OCT rules are checked but not reported.                                                              ; None     ; ----                                                                     ; On Chip Termination ;                   ;
+--------------+-----------+-----------------------------------+------------------------------------------------------------------------------------------------------+----------+--------------------------------------------------------------------------+---------------------+-------------------+


+---------------------------------------------------------------------------------------------------------------------------------------------------------------------------------------------------------------------------------------------------------------------------------------------------------------------------------------------------------------------------------------------------------------------------------------------------------------------------+
; I/O Rules Matrix                                                                                                                                                                                                                                                                                                                                                                                                                                                          ;
+---------------------+--------------+--------------+--------------+--------------+--------------+-----------+--------------+--------------+-----------+-----------+--------------+--------------+--------------+--------------+--------------+--------------+--------------+--------------+--------------+--------------+--------------+--------------+--------------+--------------+--------------+--------------+--------------+-----------+--------------+--------------+
; Pin/Rules           ; IO_000001    ; IO_000002    ; IO_000003    ; IO_000004    ; IO_000005    ; IO_000006 ; IO_000007    ; IO_000008    ; IO_000009 ; IO_000010 ; IO_000011    ; IO_000012    ; IO_000013    ; IO_000014    ; IO_000015    ; IO_000018    ; IO_000019    ; IO_000020    ; IO_000021    ; IO_000022    ; IO_000023    ; IO_000024    ; IO_000026    ; IO_000027    ; IO_000045    ; IO_000046    ; IO_000047    ; IO_000033 ; IO_000034    ; IO_000042    ;
+---------------------+--------------+--------------+--------------+--------------+--------------+-----------+--------------+--------------+-----------+-----------+--------------+--------------+--------------+--------------+--------------+--------------+--------------+--------------+--------------+--------------+--------------+--------------+--------------+--------------+--------------+--------------+--------------+-----------+--------------+--------------+
; Total Pass          ; 13           ; 0            ; 13           ; 0            ; 0            ; 17        ; 13           ; 0            ; 17        ; 17        ; 0            ; 7            ; 0            ; 0            ; 7            ; 0            ; 7            ; 7            ; 0            ; 0            ; 0            ; 7            ; 0            ; 0            ; 0            ; 0            ; 0            ; 17        ; 0            ; 0            ;
; Total Unchecked     ; 0            ; 0            ; 0            ; 0            ; 0            ; 0         ; 0            ; 0            ; 0         ; 0         ; 0            ; 0            ; 0            ; 0            ; 0            ; 0            ; 0            ; 0            ; 0            ; 0            ; 0            ; 0            ; 0            ; 0            ; 0            ; 0            ; 0            ; 0         ; 0            ; 0            ;
; Total Inapplicable  ; 4            ; 17           ; 4            ; 17           ; 17           ; 0         ; 4            ; 17           ; 0         ; 0         ; 17           ; 10           ; 17           ; 17           ; 10           ; 17           ; 10           ; 10           ; 17           ; 17           ; 17           ; 10           ; 17           ; 17           ; 17           ; 17           ; 17           ; 0         ; 17           ; 17           ;
; Total Fail          ; 0            ; 0            ; 0            ; 0            ; 0            ; 0         ; 0            ; 0            ; 0         ; 0         ; 0            ; 0            ; 0            ; 0            ; 0            ; 0            ; 0            ; 0            ; 0            ; 0            ; 0            ; 0            ; 0            ; 0            ; 0            ; 0            ; 0            ; 0         ; 0            ; 0            ;
; adc_cs_n            ; Pass         ; Inapplicable ; Pass         ; Inapplicable ; Inapplicable ; Pass      ; Pass         ; Inapplicable ; Pass      ; Pass      ; Inapplicable ; Pass         ; Inapplicable ; Inapplicable ; Inapplicable ; Inapplicable ; Pass         ; Inapplicable ; Inapplicable ; Inapplicable ; Inapplicable ; Pass         ; Inapplicable ; Inapplicable ; Inapplicable ; Inapplicable ; Inapplicable ; Pass      ; Inapplicable ; Inapplicable ;
; din                 ; Pass         ; Inapplicable ; Pass         ; Inapplicable ; Inapplicable ; Pass      ; Pass         ; Inapplicable ; Pass      ; Pass      ; Inapplicable ; Pass         ; Inapplicable ; Inapplicable ; Inapplicable ; Inapplicable ; Pass         ; Inapplicable ; Inapplicable ; Inapplicable ; Inapplicable ; Pass         ; Inapplicable ; Inapplicable ; Inapplicable ; Inapplicable ; Inapplicable ; Pass      ; Inapplicable ; Inapplicable ;
; adc_sck             ; Pass         ; Inapplicable ; Pass         ; Inapplicable ; Inapplicable ; Pass      ; Pass         ; Inapplicable ; Pass      ; Pass      ; Inapplicable ; Pass         ; Inapplicable ; Inapplicable ; Inapplicable ; Inapplicable ; Pass         ; Inapplicable ; Inapplicable ; Inapplicable ; Inapplicable ; Pass         ; Inapplicable ; Inapplicable ; Inapplicable ; Inapplicable ; Inapplicable ; Pass      ; Inapplicable ; Inapplicable ;
; tx                  ; Pass         ; Inapplicable ; Pass         ; Inapplicable ; Inapplicable ; Pass      ; Pass         ; Inapplicable ; Pass      ; Pass      ; Inapplicable ; Pass         ; Inapplicable ; Inapplicable ; Inapplicable ; Inapplicable ; Pass         ; Inapplicable ; Inapplicable ; Inapplicable ; Inapplicable ; Pass         ; Inapplicable ; Inapplicable ; Inapplicable ; Inapplicable ; Inapplicable ; Pass      ; Inapplicable ; Inapplicable ;
; SERVO_1             ; Pass         ; Inapplicable ; Pass         ; Inapplicable ; Inapplicable ; Pass      ; Pass         ; Inapplicable ; Pass      ; Pass      ; Inapplicable ; Pass         ; Inapplicable ; Inapplicable ; Inapplicable ; Inapplicable ; Pass         ; Inapplicable ; Inapplicable ; Inapplicable ; Inapplicable ; Pass         ; Inapplicable ; Inapplicable ; Inapplicable ; Inapplicable ; Inapplicable ; Pass      ; Inapplicable ; Inapplicable ;
; SERVO_2             ; Pass         ; Inapplicable ; Pass         ; Inapplicable ; Inapplicable ; Pass      ; Pass         ; Inapplicable ; Pass      ; Pass      ; Inapplicable ; Pass         ; Inapplicable ; Inapplicable ; Inapplicable ; Inapplicable ; Pass         ; Inapplicable ; Inapplicable ; Inapplicable ; Inapplicable ; Pass         ; Inapplicable ; Inapplicable ; Inapplicable ; Inapplicable ; Inapplicable ; Pass      ; Inapplicable ; Inapplicable ;
; DHT_PIN             ; Pass         ; Inapplicable ; Pass         ; Inapplicable ; Inapplicable ; Pass      ; Pass         ; Inapplicable ; Pass      ; Pass      ; Inapplicable ; Pass         ; Inapplicable ; Inapplicable ; Pass         ; Inapplicable ; Pass         ; Pass         ; Inapplicable ; Inapplicable ; Inapplicable ; Pass         ; Inapplicable ; Inapplicable ; Inapplicable ; Inapplicable ; Inapplicable ; Pass      ; Inapplicable ; Inapplicable ;
; clk_50M             ; Pass         ; Inapplicable ; Pass         ; Inapplicable ; Inapplicable ; Pass      ; Pass         ; Inapplicable ; Pass      ; Pass      ; Inapplicable ; Inapplicable ; Inapplicable ; Inapplicable ; Pass         ; Inapplicable ; Inapplicable ; Pass         ; Inapplicable ; Inapplicable ; Inapplicable ; Inapplicable ; Inapplicable ; Inapplicable ; Inapplicable ; Inapplicable ; Inapplicable ; Pass      ; Inapplicable ; Inapplicable ;
; reset               ; Pass         ; Inapplicable ; Pass         ; Inapplicable ; Inapplicable ; Pass      ; Pass         ; Inapplicable ; Pass      ; Pass      ; Inapplicable ; Inapplicable ; Inapplicable ; Inapplicable ; Pass         ; Inapplicable ; Inapplicable ; Pass         ; Inapplicable ; Inapplicable ; Inapplicable ; Inapplicable ; Inapplicable ; Inapplicable ; Inapplicable ; Inapplicable ; Inapplicable ; Pass      ; Inapplicable ; Inapplicable ;
; dout                ; Pass         ; Inapplicable ; Pass         ; Inapplicable ; Inapplicable ; Pass      ; Pass         ; Inapplicable ; Pass      ; Pass      ; Inapplicable ; Inapplicable ; Inapplicable ; Inapplicable ; Pass         ; Inapplicable ; Inapplicable ; Pass         ; Inapplicable ; Inapplicable ; Inapplicable ; Inapplicable ; Inapplicable ; Inapplicable ; Inapplicable ; Inapplicable ; Inapplicable ; Pass      ; Inapplicable ; Inapplicable ;
; ir_l                ; Pass         ; Inapplicable ; Pass         ; Inapplicable ; Inapplicable ; Pass      ; Pass         ; Inapplicable ; Pass      ; Pass      ; Inapplicable ; Inapplicable ; Inapplicable ; Inapplicable ; Pass         ; Inapplicable ; Inapplicable ; Pass         ; Inapplicable ; Inapplicable ; Inapplicable ; Inapplicable ; Inapplicable ; Inapplicable ; Inapplicable ; Inapplicable ; Inapplicable ; Pass      ; Inapplicable ; Inapplicable ;
; ir_r                ; Pass         ; Inapplicable ; Pass         ; Inapplicable ; Inapplicable ; Pass      ; Pass         ; Inapplicable ; Pass      ; Pass      ; Inapplicable ; Inapplicable ; Inapplicable ; Inapplicable ; Pass         ; Inapplicable ; Inapplicable ; Pass         ; Inapplicable ; Inapplicable ; Inapplicable ; Inapplicable ; Inapplicable ; Inapplicable ; Inapplicable ; Inapplicable ; Inapplicable ; Pass      ; Inapplicable ; Inapplicable ;
; ir_f                ; Pass         ; Inapplicable ; Pass         ; Inapplicable ; Inapplicable ; Pass      ; Pass         ; Inapplicable ; Pass      ; Pass      ; Inapplicable ; Inapplicable ; Inapplicable ; Inapplicable ; Pass         ; Inapplicable ; Inapplicable ; Pass         ; Inapplicable ; Inapplicable ; Inapplicable ; Inapplicable ; Inapplicable ; Inapplicable ; Inapplicable ; Inapplicable ; Inapplicable ; Pass      ; Inapplicable ; Inapplicable ;
; altera_reserved_tms ; Inapplicable ; Inapplicable ; Inapplicable ; Inapplicable ; Inapplicable ; Pass      ; Inapplicable ; Inapplicable ; Pass      ; Pass      ; Inapplicable ; Inapplicable ; Inapplicable ; Inapplicable ; Inapplicable ; Inapplicable ; Inapplicable ; Inapplicable ; Inapplicable ; Inapplicable ; Inapplicable ; Inapplicable ; Inapplicable ; Inapplicable ; Inapplicable ; Inapplicable ; Inapplicable ; Pass      ; Inapplicable ; Inapplicable ;
; altera_reserved_tck ; Inapplicable ; Inapplicable ; Inapplicable ; Inapplicable ; Inapplicable ; Pass      ; Inapplicable ; Inapplicable ; Pass      ; Pass      ; Inapplicable ; Inapplicable ; Inapplicable ; Inapplicable ; Inapplicable ; Inapplicable ; Inapplicable ; Inapplicable ; Inapplicable ; Inapplicable ; Inapplicable ; Inapplicable ; Inapplicable ; Inapplicable ; Inapplicable ; Inapplicable ; Inapplicable ; Pass      ; Inapplicable ; Inapplicable ;
; altera_reserved_tdi ; Inapplicable ; Inapplicable ; Inapplicable ; Inapplicable ; Inapplicable ; Pass      ; Inapplicable ; Inapplicable ; Pass      ; Pass      ; Inapplicable ; Inapplicable ; Inapplicable ; Inapplicable ; Inapplicable ; Inapplicable ; Inapplicable ; Inapplicable ; Inapplicable ; Inapplicable ; Inapplicable ; Inapplicable ; Inapplicable ; Inapplicable ; Inapplicable ; Inapplicable ; Inapplicable ; Pass      ; Inapplicable ; Inapplicable ;
; altera_reserved_tdo ; Inapplicable ; Inapplicable ; Inapplicable ; Inapplicable ; Inapplicable ; Pass      ; Inapplicable ; Inapplicable ; Pass      ; Pass      ; Inapplicable ; Inapplicable ; Inapplicable ; Inapplicable ; Inapplicable ; Inapplicable ; Inapplicable ; Inapplicable ; Inapplicable ; Inapplicable ; Inapplicable ; Inapplicable ; Inapplicable ; Inapplicable ; Inapplicable ; Inapplicable ; Inapplicable ; Pass      ; Inapplicable ; Inapplicable ;
+---------------------+--------------+--------------+--------------+--------------+--------------+-----------+--------------+--------------+-----------+-----------+--------------+--------------+--------------+--------------+--------------+--------------+--------------+--------------+--------------+--------------+--------------+--------------+--------------+--------------+--------------+--------------+--------------+-----------+--------------+--------------+


+---------------------------------------------------------------------------------------------+
; Fitter Device Options                                                                       ;
+------------------------------------------------------------------+--------------------------+
; Option                                                           ; Setting                  ;
+------------------------------------------------------------------+--------------------------+
; Enable user-supplied start-up clock (CLKUSR)                     ; Off                      ;
; Enable device-wide reset (DEV_CLRn)                              ; Off                      ;
; Enable device-wide output enable (DEV_OE)                        ; Off                      ;
; Enable INIT_DONE output                                          ; Off                      ;
; Configuration scheme                                             ; Active Serial            ;
; Error detection CRC                                              ; Off                      ;
; Enable open drain on CRC_ERROR pin                               ; Off                      ;
; Enable input tri-state on active configuration pins in user mode ; Off                      ;
; Configuration Voltage Level                                      ; Auto                     ;
; Force Configuration Voltage Level                                ; Off                      ;
; nCEO                                                             ; As output driving ground ;
; Data[0]                                                          ; As input tri-stated      ;
; Data[1]/ASDO                                                     ; As input tri-stated      ;
; Data[7..2]                                                       ; Unreserved               ;
; FLASH_nCE/nCSO                                                   ; As input tri-stated      ;
; Other Active Parallel pins                                       ; Unreserved               ;
; DCLK                                                             ; As output driving ground ;
+------------------------------------------------------------------+--------------------------+


+------------------------------------+
; Operating Settings and Conditions  ;
+---------------------------+--------+
; Setting                   ; Value  ;
+---------------------------+--------+
; Nominal Core Voltage      ; 1.20 V ;
; Low Junction Temperature  ; 0 °C   ;
; High Junction Temperature ; 85 °C  ;
+---------------------------+--------+


+-----------------+
; Fitter Messages ;
+-----------------+
Warning (18236): Number of processors has not been specified which may cause overloading on shared machines.  Set the global assignment NUM_PARALLEL_PROCESSORS in your QSF to an appropriate value for best performance.
Info (20030): Parallel compilation is enabled and will use 10 of the 10 processors detected
Info (119006): Selected device EP4CE22F17C6 for design "task_5"
Info (21077): Low junction temperature is 0 degrees C
Info (21077): High junction temperature is 85 degrees C
Info (171003): Fitter is performing an Auto Fit compilation, which may decrease Fitter effort to reduce compilation time
Warning (292013): Feature LogicLock is only available with a valid subscription license. You can purchase a software subscription to gain full access to this feature.
Info (176444): Device migration not selected. If you intend to use device migration later, you may need to change the pin assignments as they may be incompatible with other devices
    Info (176445): Device EP4CE10F17C6 is compatible
    Info (176445): Device EP4CE6F17C6 is compatible
    Info (176445): Device EP4CE15F17C6 is compatible
Info (169124): Fitter converted 5 user pins into dedicated programming pins
    Info (169125): Pin ~ALTERA_ASDO_DATA1~ is reserved at location C1
    Info (169125): Pin ~ALTERA_FLASH_nCE_nCSO~ is reserved at location D2
    Info (169125): Pin ~ALTERA_DCLK~ is reserved at location H1
    Info (169125): Pin ~ALTERA_DATA0~ is reserved at location H2
    Info (169125): Pin ~ALTERA_nCEO~ is reserved at location F16
Warning (15714): Some pins have incomplete I/O assignments. Refer to the I/O Assignment Warnings report for details
Info (176045): Design uses memory blocks. Violating setup or hold times of memory block address registers for either read or write operations could cause memory contents to be corrupted. Make sure that all memory block address registers meet the setup and hold time requirements.
Info (332164): Evaluating HDL-embedded SDC commands
    Info (332165): Entity sld_hub
        Info (332166): create_clock -name altera_reserved_tck [get_ports {altera_reserved_tck}] -period 10MHz   
        Info (332166): set_clock_groups -asynchronous -group {altera_reserved_tck}
Critical Warning (332012): Synopsys Design Constraints File file not found: 'task_5.sdc'. A Synopsys Design Constraints File is required by the Timing Analyzer to get proper timing constraints. Without it, the Compiler will not properly optimize the design.
Warning (332060): Node: clk_50M was determined to be a clock but was found without an associated clock assignment.
    Info (13166): Register t2a_dht:u_dht|bit_index[0] is being clocked by clk_50M
Warning (332060): Node: clk3125:u_clk_div|clk_3125k was determined to be a clock but was found without an associated clock assignment.
    Info (13166): Register uart_tx:uart|bit_idx[0] is being clocked by clk3125:u_clk_div|clk_3125k
Warning (332060): Node: moisture_sensor:ms|counter[3] was determined to be a clock but was found without an associated clock assignment.
    Info (13166): Register moisture_sensor:ms|adc_controller:adc_inst|d_out_ch0[5] is being clocked by moisture_sensor:ms|counter[3]
Critical Warning (332168): The following clock transfers have no clock uncertainty assignment. For more accurate results, apply clock uncertainty assignments or use the derive_clock_uncertainty command.
    Critical Warning (332169): From altera_reserved_tck (Rise) to altera_reserved_tck (Rise) (setup and hold)
    Critical Warning (332169): From altera_reserved_tck (Rise) to altera_reserved_tck (Fall) (setup and hold)
Info (332129): Detected timing requirements -- optimizing circuit to achieve only the specified requirements
Info (332111): Found 1 clocks
    Info (332111):   Period   Clock Name
    Info (332111): ======== ============
    Info (332111):  100.000 altera_reserved_tck
Info (176353): Automatically promoted node clk_50M~input (placed in PIN R8 (CLK15, DIFFCLK_6p)) File: C:/Users/dutta/OneDrive/Desktop/task5/task 5/task_5.v Line: 2
    Info (176355): Automatically promoted destinations to use location or clock signal Global Clock CLKCTRL_G18
Info (176353): Automatically promoted node altera_internal_jtag~TCKUTAP 
    Info (176355): Automatically promoted destinations to use location or clock signal Global Clock
Info (176353): Automatically promoted node moisture_sensor:ms|counter[3]  File: C:/Users/dutta/OneDrive/Desktop/task5/task 5/soil_moisture.v Line: 11
    Info (176355): Automatically promoted destinations to use location or clock signal Global Clock
    Info (176356): Following destination nodes may be non-global or may not use global or regional clocks
        Info (176357): Destination node moisture_sensor:ms|counter[3]~0 File: C:/Users/dutta/OneDrive/Desktop/task5/task 5/soil_moisture.v Line: 11
        Info (176357): Destination node adc_sck~output File: C:/Users/dutta/OneDrive/Desktop/task5/task 5/task_5.v Line: 9
Info (176353): Automatically promoted node clk3125:u_clk_div|clk_3125k  File: C:/Users/dutta/OneDrive/Desktop/task5/task 5/Clk3125.v Line: 5
    Info (176355): Automatically promoted destinations to use location or clock signal Global Clock
    Info (176356): Following destination nodes may be non-global or may not use global or regional clocks
        Info (176357): Destination node clk3125:u_clk_div|clk_3125k~0 File: C:/Users/dutta/OneDrive/Desktop/task5/task 5/Clk3125.v Line: 5
        Info (176357): Destination node sld_signaltap:auto_signaltap_0|acq_trigger_in_reg[65] File: d:/quartus/quartus/libraries/megafunctions/sld_signaltap.vhd Line: 407
        Info (176357): Destination node sld_signaltap:auto_signaltap_0|acq_data_in_reg[65] File: d:/quartus/quartus/libraries/megafunctions/sld_signaltap.vhd Line: 407
Info (176353): Automatically promoted node sld_signaltap:auto_signaltap_0|sld_signaltap_impl:sld_signaltap_body|sld_signaltap_implb:sld_signaltap_body|reset_all  File: d:/quartus/quartus/libraries/megafunctions/sld_signaltap_impl.vhd Line: 882
    Info (176355): Automatically promoted destinations to use location or clock signal Global Clock
    Info (176356): Following destination nodes may be non-global or may not use global or regional clocks
        Info (176357): Destination node sld_signaltap:auto_signaltap_0|sld_signaltap_impl:sld_signaltap_body|sld_signaltap_implb:sld_signaltap_body|sld_buffer_manager:sld_buffer_manager_inst|last_buffer_write_address_sig[0]~0 File: d:/quartus/quartus/libraries/megafunctions/sld_buffer_manager.vhd Line: 356
        Info (176357): Destination node sld_signaltap:auto_signaltap_0|sld_signaltap_impl:sld_signaltap_body|sld_signaltap_implb:sld_signaltap_body|sld_offload_buffer_mgr:\stp_non_zero_depth_offload_gen:stp_offload_buff_mgr_inst|acq_buf_read_reset~0 File: d:/quartus/quartus/libraries/megafunctions/sld_buffer_manager.vhd Line: 638
        Info (176357): Destination node sld_signaltap:auto_signaltap_0|sld_signaltap_impl:sld_signaltap_body|sld_signaltap_implb:sld_signaltap_body|sld_offload_buffer_mgr:\stp_non_zero_depth_offload_gen:stp_offload_buff_mgr_inst|acq_buf_read_reset File: d:/quartus/quartus/libraries/megafunctions/sld_buffer_manager.vhd Line: 638
Info (176233): Starting register packing
Info (176235): Finished register packing
    Extra Info (176219): No registers were packed into other blocks
Info (171121): Fitter preparation operations ending: elapsed time is 00:00:02
Info (14896): Fitter has disabled Advanced Physical Optimization because it is not supported for the current family.
Info (170189): Fitter placement preparation operations beginning
Info (170190): Fitter placement preparation operations ending: elapsed time is 00:00:01
Info (170191): Fitter placement operations beginning
Info (170137): Fitter placement was successful
Info (170192): Fitter placement operations ending: elapsed time is 00:00:01
Info (170193): Fitter routing operations beginning
Info (170195): Router estimated average interconnect usage is 1% of the available device resources
    Info (170196): Router estimated peak interconnect usage is 8% of the available device resources in the region that extends from location X21_Y11 to location X31_Y22
Info (170199): The Fitter performed an Auto Fit compilation.  Optimizations were skipped to reduce compilation time.
    Info (170201): Optimizations that may affect the design's routability were skipped
    Info (170200): Optimizations that may affect the design's timing were skipped
Info (170194): Fitter routing operations ending: elapsed time is 00:00:01
Info (11888): Total time spent on timing analysis during the Fitter is 0.59 seconds.
Info (334003): Started post-fitting delay annotation
Info (334004): Delay annotation completed successfully
Info (334003): Started post-fitting delay annotation
Info (334004): Delay annotation completed successfully
Info (11218): Fitter post-fit operations ending: elapsed time is 00:00:01
Info (144001): Generated suppressed messages file C:/Users/dutta/OneDrive/Desktop/task5/task 5/output_files/task_5.fit.smsg
Info: Quartus Prime Fitter was successful. 0 errors, 10 warnings
    Info: Peak virtual memory: 6014 megabytes
    Info: Processing ended: Sat Jan 31 03:14:35 2026
    Info: Elapsed time: 00:00:12
    Info: Total CPU time (on all processors): 00:00:19


+----------------------------+
; Fitter Suppressed Messages ;
+----------------------------+
The suppressed messages can be found in C:/Users/dutta/OneDrive/Desktop/task5/task 5/output_files/task_5.fit.smsg.


