Analysis & Synthesis report for task_5
Sat Jan 31 03:14:21 2026
Quartus Prime Version 20.1.1 Build 720 11/11/2020 SJ Lite Edition


---------------------
; Table of Contents ;
---------------------
  1. Legal Notice
  2. Analysis & Synthesis Summary
  3. Analysis & Synthesis Settings
  4. Parallel Compilation
  5. Analysis & Synthesis Source Files Read
  6. Analysis & Synthesis Resource Usage Summary
  7. Analysis & Synthesis Resource Utilization by Entity
  8. Analysis & Synthesis RAM Summary
  9. Analysis & Synthesis IP Cores Summary
 10. State Machine - |task_5|SERVO:u_servo|state
 11. State Machine - |task_5|uart_tx:uart|state
 12. State Machine - |task_5|uart_msg_fsm:msg_fsm|state
 13. State Machine - |task_5|t2a_dht:u_dht|state
 14. Registers Removed During Synthesis
 15. General Register Statistics
 16. Inverted Register Statistics
 17. Multiplexer Restructuring Statistics (Restructuring Performed)
 18. Source assignments for sld_signaltap:auto_signaltap_0
 19. Parameter Settings for User Entity Instance: moisture_sensor:ms|adc_controller:adc_inst
 20. Parameter Settings for User Entity Instance: uart_msg_fsm:msg_fsm
 21. Parameter Settings for User Entity Instance: uart_tx:uart
 22. Parameter Settings for Inferred Entity Instance: sld_signaltap:auto_signaltap_0
 23. Parameter Settings for Inferred Entity Instance: uart_msg_fsm:msg_fsm|lpm_divide:Div0
 24. Parameter Settings for Inferred Entity Instance: uart_msg_fsm:msg_fsm|lpm_divide:Mod2
 25. Parameter Settings for Inferred Entity Instance: uart_msg_fsm:msg_fsm|lpm_divide:Mod0
 26. Parameter Settings for Inferred Entity Instance: uart_msg_fsm:msg_fsm|lpm_divide:Div3
 27. Parameter Settings for Inferred Entity Instance: uart_msg_fsm:msg_fsm|lpm_divide:Div1
 28. Parameter Settings for Inferred Entity Instance: uart_msg_fsm:msg_fsm|lpm_divide:Mod3
 29. Parameter Settings for Inferred Entity Instance: uart_msg_fsm:msg_fsm|lpm_divide:Div2
 30. Parameter Settings for Inferred Entity Instance: uart_msg_fsm:msg_fsm|lpm_divide:Mod1
 31. Parameter Settings for Inferred Entity Instance: uart_msg_fsm:msg_fsm|lpm_divide:Div4
 32. Parameter Settings for Inferred Entity Instance: uart_msg_fsm:msg_fsm|lpm_divide:Div5
 33. Parameter Settings for Inferred Entity Instance: uart_msg_fsm:msg_fsm|lpm_divide:Mod4
 34. Parameter Settings for Inferred Entity Instance: uart_msg_fsm:msg_fsm|lpm_divide:Div6
 35. Parameter Settings for Inferred Entity Instance: uart_msg_fsm:msg_fsm|lpm_divide:Mod5
 36. Parameter Settings for Inferred Entity Instance: uart_msg_fsm:msg_fsm|lpm_divide:Mod6
 37. Port Connectivity Checks: "SERVO:u_servo|servo_pwm:s2"
 38. Port Connectivity Checks: "SERVO:u_servo|servo_pwm:s1"
 39. Port Connectivity Checks: "moisture_sensor:ms"
 40. Port Connectivity Checks: "t2a_dht:u_dht"
 41. Signal Tap Logic Analyzer Settings
 42. Post-Synthesis Netlist Statistics for Top Partition
 43. Elapsed Time Per Partition
 44. Connections to In-System Debugging Instance "auto_signaltap_0"
 45. Analysis & Synthesis Messages



----------------
; Legal Notice ;
----------------
Copyright (C) 2020  Intel Corporation. All rights reserved.
Your use of Intel Corporation's design tools, logic functions 
and other software and tools, and any partner logic 
functions, and any output files from any of the foregoing 
(including device programming or simulation files), and any 
associated documentation or information are expressly subject 
to the terms and conditions of the Intel Program License 
Subscription Agreement, the Intel Quartus Prime License Agreement,
the Intel FPGA IP License Agreement, or other applicable license
agreement, including, without limitation, that your use is for
the sole purpose of programming logic devices manufactured by
Intel and sold by Intel or its authorized distributors.  Please
refer to the applicable agreement for further details, at
https://fpgasoftware.intel.com/eula.



+----------------------------------------------------------------------------------+
; Analysis & Synthesis Summary                                                     ;
+------------------------------------+---------------------------------------------+
; Analysis & Synthesis Status        ; Successful - Sat Jan 31 03:14:21 2026       ;
; Quartus Prime Version              ; 20.1.1 Build 720 11/11/2020 SJ Lite Edition ;
; Revision Name                      ; task_5                                      ;
; Top-level Entity Name              ; task_5                                      ;
; Family                             ; Cyclone IV E                                ;
; Total logic elements               ; 3,239                                       ;
;     Total combinational functions  ; 2,186                                       ;
;     Dedicated logic registers      ; 1,725                                       ;
; Total registers                    ; 1725                                        ;
; Total pins                         ; 13                                          ;
; Total virtual pins                 ; 0                                           ;
; Total memory bits                  ; 11,392                                      ;
; Embedded Multiplier 9-bit elements ; 0                                           ;
; Total PLLs                         ; 0                                           ;
+------------------------------------+---------------------------------------------+


+------------------------------------------------------------------------------------------------------------+
; Analysis & Synthesis Settings                                                                              ;
+------------------------------------------------------------------+--------------------+--------------------+
; Option                                                           ; Setting            ; Default Value      ;
+------------------------------------------------------------------+--------------------+--------------------+
; Device                                                           ; EP4CE22F17C6       ;                    ;
; Top-level entity name                                            ; task_5             ; task_5             ;
; Family name                                                      ; Cyclone IV E       ; Cyclone V          ;
; Use smart compilation                                            ; Off                ; Off                ;
; Enable parallel Assembler and Timing Analyzer during compilation ; On                 ; On                 ;
; Enable compact report table                                      ; Off                ; Off                ;
; Restructure Multiplexers                                         ; Auto               ; Auto               ;
; Create Debugging Nodes for IP Cores                              ; Off                ; Off                ;
; Preserve fewer node names                                        ; On                 ; On                 ;
; Intel FPGA IP Evaluation Mode                                    ; Enable             ; Enable             ;
; Verilog Version                                                  ; Verilog_2001       ; Verilog_2001       ;
; VHDL Version                                                     ; VHDL_1993          ; VHDL_1993          ;
; State Machine Processing                                         ; Auto               ; Auto               ;
; Safe State Machine                                               ; Off                ; Off                ;
; Extract Verilog State Machines                                   ; On                 ; On                 ;
; Extract VHDL State Machines                                      ; On                 ; On                 ;
; Ignore Verilog initial constructs                                ; Off                ; Off                ;
; Iteration limit for constant Verilog loops                       ; 5000               ; 5000               ;
; Iteration limit for non-constant Verilog loops                   ; 250                ; 250                ;
; Add Pass-Through Logic to Inferred RAMs                          ; On                 ; On                 ;
; Infer RAMs from Raw Logic                                        ; On                 ; On                 ;
; Parallel Synthesis                                               ; On                 ; On                 ;
; DSP Block Balancing                                              ; Auto               ; Auto               ;
; NOT Gate Push-Back                                               ; On                 ; On                 ;
; Power-Up Don't Care                                              ; On                 ; On                 ;
; Remove Redundant Logic Cells                                     ; Off                ; Off                ;
; Remove Duplicate Registers                                       ; On                 ; On                 ;
; Ignore CARRY Buffers                                             ; Off                ; Off                ;
; Ignore CASCADE Buffers                                           ; Off                ; Off                ;
; Ignore GLOBAL Buffers                                            ; Off                ; Off                ;
; Ignore ROW GLOBAL Buffers                                        ; Off                ; Off                ;
; Ignore LCELL Buffers                                             ; Off                ; Off                ;
; Ignore SOFT Buffers                                              ; On                 ; On                 ;
; Limit AHDL Integers to 32 Bits                                   ; Off                ; Off                ;
; Optimization Technique                                           ; Balanced           ; Balanced           ;
; Carry Chain Length                                               ; 70                 ; 70                 ;
; Auto Carry Chains                                                ; On                 ; On                 ;
; Auto Open-Drain Pins                                             ; On                 ; On                 ;
; Perform WYSIWYG Primitive Resynthesis                            ; Off                ; Off                ;
; Auto ROM Replacement                                             ; On                 ; On                 ;
; Auto RAM Replacement                                             ; On                 ; On                 ;
; Auto DSP Block Replacement                                       ; On                 ; On                 ;
; Auto Shift Register Replacement                                  ; Auto               ; Auto               ;
; Allow Shift Register Merging across Hierarchies                  ; Auto               ; Auto               ;
; Auto Clock Enable Replacement                                    ; On                 ; On                 ;
; Strict RAM Replacement                                           ; Off                ; Off                ;
; Allow Synchronous Control Signals                                ; On                 ; On                 ;
; Force Use of Synchronous Clear Signals                           ; Off                ; Off                ;
; Auto RAM Block Balancing                                         ; On                 ; On                 ;
; Auto RAM to Logic Cell Conversion                                ; Off                ; Off                ;
; Auto Resource Sharing                                            ; Off                ; Off                ;
; Allow Any RAM Size For Recognition                               ; Off                ; Off                ;
; Allow Any ROM Size For Recognition                               ; Off                ; Off                ;
; Allow Any Shift Register Size For Recognition                    ; Off                ; Off                ;
; Use LogicLock Constraints during Resource Balancing              ; On                 ; On                 ;
; Ignore translate_off and synthesis_off directives                ; Off                ; Off                ;
; Timing-Driven Synthesis                                          ; On                 ; On                 ;
; Report Parameter Settings                                        ; On                 ; On                 ;
; Report Source Assignments                                        ; On                 ; On                 ;
; Report Connectivity Checks                                       ; On                 ; On                 ;
; Ignore Maximum Fan-Out Assignments                               ; Off                ; Off                ;
; Synchronization Register Chain Length                            ; 2                  ; 2                  ;
; Power Optimization During Synthesis                              ; Normal compilation ; Normal compilation ;
; HDL message level                                                ; Level2             ; Level2             ;
; Suppress Register Optimization Related Messages                  ; Off                ; Off                ;
; Number of Removed Registers Reported in Synthesis Report         ; 5000               ; 5000               ;
; Number of Swept Nodes Reported in Synthesis Report               ; 5000               ; 5000               ;
; Number of Inverted Registers Reported in Synthesis Report        ; 100                ; 100                ;
; Clock MUX Protection                                             ; On                 ; On                 ;
; Auto Gated Clock Conversion                                      ; Off                ; Off                ;
; Block Design Naming                                              ; Auto               ; Auto               ;
; SDC constraint protection                                        ; Off                ; Off                ;
; Synthesis Effort                                                 ; Auto               ; Auto               ;
; Shift Register Replacement - Allow Asynchronous Clear Signal     ; On                 ; On                 ;
; Pre-Mapping Resynthesis Optimization                             ; Off                ; Off                ;
; Analysis & Synthesis Message Level                               ; Medium             ; Medium             ;
; Disable Register Merging Across Hierarchies                      ; Auto               ; Auto               ;
; Resource Aware Inference For Block RAM                           ; On                 ; On                 ;
+------------------------------------------------------------------+--------------------+--------------------+


+------------------------------------------+
; Parallel Compilation                     ;
+----------------------------+-------------+
; Processors                 ; Number      ;
+----------------------------+-------------+
; Number detected on machine ; 12          ;
; Maximum allowed            ; 10          ;
;                            ;             ;
; Average used               ; 1.00        ;
; Maximum used               ; 10          ;
;                            ;             ;
; Usage by Processor         ; % Time Used ;
;     Processor 1            ; 100.0%      ;
;     Processor 2            ;   0.0%      ;
;     Processor 3            ;   0.0%      ;
;     Processor 4            ;   0.0%      ;
;     Processor 5            ;   0.0%      ;
;     Processors 6-10        ;   0.0%      ;
+----------------------------+-------------+


+---------------------------------------------------------------------------------------------------------------------------------------------------------------------------------------------------------------------------------------------------------------------+
; Analysis & Synthesis Source Files Read                                                                                                                                                                                                                              ;
+--------------------------------------------------------------------+-----------------+----------------------------------------------+-----------------------------------------------------------------------------------------------------------------+-------------+
; File Name with User-Entered Path                                   ; Used in Netlist ; File Type                                    ; File Name with Absolute Path                                                                                    ; Library     ;
+--------------------------------------------------------------------+-----------------+----------------------------------------------+-----------------------------------------------------------------------------------------------------------------+-------------+
; task_5.v                                                           ; yes             ; User Verilog HDL File                        ; C:/Users/dutta/OneDrive/Desktop/task5/task 5/task_5.v                                                           ;             ;
; soil_moisture.v                                                    ; yes             ; User Verilog HDL File                        ; C:/Users/dutta/OneDrive/Desktop/task5/task 5/soil_moisture.v                                                    ;             ;
; dht11.v                                                            ; yes             ; User Verilog HDL File                        ; C:/Users/dutta/OneDrive/Desktop/task5/task 5/dht11.v                                                            ;             ;
; uart_msg_fsm.v                                                     ; yes             ; User Verilog HDL File                        ; C:/Users/dutta/OneDrive/Desktop/task5/task 5/uart_msg_fsm.v                                                     ;             ;
; uart_tx.v                                                          ; yes             ; User Verilog HDL File                        ; C:/Users/dutta/OneDrive/Desktop/task5/task 5/uart_tx.v                                                          ;             ;
; adc_controller.v                                                   ; yes             ; User Verilog HDL File                        ; C:/Users/dutta/OneDrive/Desktop/task5/task 5/adc_controller.v                                                   ;             ;
; Clk3125.v                                                          ; yes             ; User Verilog HDL File                        ; C:/Users/dutta/OneDrive/Desktop/task5/task 5/Clk3125.v                                                          ;             ;
; ir_sensor.v                                                        ; yes             ; User Verilog HDL File                        ; C:/Users/dutta/OneDrive/Desktop/task5/task 5/ir_sensor.v                                                        ;             ;
; SERVO.v                                                            ; yes             ; User Verilog HDL File                        ; C:/Users/dutta/OneDrive/Desktop/task5/task 5/SERVO.v                                                            ;             ;
; mpi_detected.v                                                     ; yes             ; User Verilog HDL File                        ; C:/Users/dutta/OneDrive/Desktop/task5/task 5/mpi_detected.v                                                     ;             ;
; sld_signaltap.vhd                                                  ; yes             ; Megafunction                                 ; d:/quartus/quartus/libraries/megafunctions/sld_signaltap.vhd                                                    ;             ;
; sld_signaltap_impl.vhd                                             ; yes             ; Encrypted Megafunction                       ; d:/quartus/quartus/libraries/megafunctions/sld_signaltap_impl.vhd                                               ;             ;
; sld_ela_control.vhd                                                ; yes             ; Encrypted Megafunction                       ; d:/quartus/quartus/libraries/megafunctions/sld_ela_control.vhd                                                  ;             ;
; lpm_shiftreg.tdf                                                   ; yes             ; Megafunction                                 ; d:/quartus/quartus/libraries/megafunctions/lpm_shiftreg.tdf                                                     ;             ;
; lpm_constant.inc                                                   ; yes             ; Megafunction                                 ; d:/quartus/quartus/libraries/megafunctions/lpm_constant.inc                                                     ;             ;
; dffeea.inc                                                         ; yes             ; Megafunction                                 ; d:/quartus/quartus/libraries/megafunctions/dffeea.inc                                                           ;             ;
; aglobal201.inc                                                     ; yes             ; Megafunction                                 ; d:/quartus/quartus/libraries/megafunctions/aglobal201.inc                                                       ;             ;
; sld_mbpmg.vhd                                                      ; yes             ; Encrypted Megafunction                       ; d:/quartus/quartus/libraries/megafunctions/sld_mbpmg.vhd                                                        ;             ;
; sld_ela_trigger_flow_mgr.vhd                                       ; yes             ; Encrypted Megafunction                       ; d:/quartus/quartus/libraries/megafunctions/sld_ela_trigger_flow_mgr.vhd                                         ;             ;
; sld_buffer_manager.vhd                                             ; yes             ; Encrypted Megafunction                       ; d:/quartus/quartus/libraries/megafunctions/sld_buffer_manager.vhd                                               ;             ;
; altsyncram.tdf                                                     ; yes             ; Megafunction                                 ; d:/quartus/quartus/libraries/megafunctions/altsyncram.tdf                                                       ;             ;
; stratix_ram_block.inc                                              ; yes             ; Megafunction                                 ; d:/quartus/quartus/libraries/megafunctions/stratix_ram_block.inc                                                ;             ;
; lpm_mux.inc                                                        ; yes             ; Megafunction                                 ; d:/quartus/quartus/libraries/megafunctions/lpm_mux.inc                                                          ;             ;
; lpm_decode.inc                                                     ; yes             ; Megafunction                                 ; d:/quartus/quartus/libraries/megafunctions/lpm_decode.inc                                                       ;             ;
; a_rdenreg.inc                                                      ; yes             ; Megafunction                                 ; d:/quartus/quartus/libraries/megafunctions/a_rdenreg.inc                                                        ;             ;
; altrom.inc                                                         ; yes             ; Megafunction                                 ; d:/quartus/quartus/libraries/megafunctions/altrom.inc                                                           ;             ;
; altram.inc                                                         ; yes             ; Megafunction                                 ; d:/quartus/quartus/libraries/megafunctions/altram.inc                                                           ;             ;
; altdpram.inc                                                       ; yes             ; Megafunction                                 ; d:/quartus/quartus/libraries/megafunctions/altdpram.inc                                                         ;             ;
; db/altsyncram_o524.tdf                                             ; yes             ; Auto-Generated Megafunction                  ; C:/Users/dutta/OneDrive/Desktop/task5/task 5/db/altsyncram_o524.tdf                                             ;             ;
; altdpram.tdf                                                       ; yes             ; Megafunction                                 ; d:/quartus/quartus/libraries/megafunctions/altdpram.tdf                                                         ;             ;
; memmodes.inc                                                       ; yes             ; Megafunction                                 ; d:/quartus/quartus/libraries/others/maxplus2/memmodes.inc                                                       ;             ;
; a_hdffe.inc                                                        ; yes             ; Megafunction                                 ; d:/quartus/quartus/libraries/megafunctions/a_hdffe.inc                                                          ;             ;
; alt_le_rden_reg.inc                                                ; yes             ; Megafunction                                 ; d:/quartus/quartus/libraries/megafunctions/alt_le_rden_reg.inc                                                  ;             ;
; altsyncram.inc                                                     ; yes             ; Megafunction                                 ; d:/quartus/quartus/libraries/megafunctions/altsyncram.inc                                                       ;             ;
; lpm_mux.tdf                                                        ; yes             ; Megafunction                                 ; d:/quartus/quartus/libraries/megafunctions/lpm_mux.tdf                                                          ;             ;
; muxlut.inc                                                         ; yes             ; Megafunction                                 ; d:/quartus/quartus/libraries/megafunctions/muxlut.inc                                                           ;             ;
; bypassff.inc                                                       ; yes             ; Megafunction                                 ; d:/quartus/quartus/libraries/megafunctions/bypassff.inc                                                         ;             ;
; altshift.inc                                                       ; yes             ; Megafunction                                 ; d:/quartus/quartus/libraries/megafunctions/altshift.inc                                                         ;             ;
; db/mux_ssc.tdf                                                     ; yes             ; Auto-Generated Megafunction                  ; C:/Users/dutta/OneDrive/Desktop/task5/task 5/db/mux_ssc.tdf                                                     ;             ;
; lpm_decode.tdf                                                     ; yes             ; Megafunction                                 ; d:/quartus/quartus/libraries/megafunctions/lpm_decode.tdf                                                       ;             ;
; declut.inc                                                         ; yes             ; Megafunction                                 ; d:/quartus/quartus/libraries/megafunctions/declut.inc                                                           ;             ;
; lpm_compare.inc                                                    ; yes             ; Megafunction                                 ; d:/quartus/quartus/libraries/megafunctions/lpm_compare.inc                                                      ;             ;
; db/decode_dvf.tdf                                                  ; yes             ; Auto-Generated Megafunction                  ; C:/Users/dutta/OneDrive/Desktop/task5/task 5/db/decode_dvf.tdf                                                  ;             ;
; lpm_counter.tdf                                                    ; yes             ; Megafunction                                 ; d:/quartus/quartus/libraries/megafunctions/lpm_counter.tdf                                                      ;             ;
; lpm_add_sub.inc                                                    ; yes             ; Megafunction                                 ; d:/quartus/quartus/libraries/megafunctions/lpm_add_sub.inc                                                      ;             ;
; cmpconst.inc                                                       ; yes             ; Megafunction                                 ; d:/quartus/quartus/libraries/megafunctions/cmpconst.inc                                                         ;             ;
; lpm_counter.inc                                                    ; yes             ; Megafunction                                 ; d:/quartus/quartus/libraries/megafunctions/lpm_counter.inc                                                      ;             ;
; alt_counter_stratix.inc                                            ; yes             ; Megafunction                                 ; d:/quartus/quartus/libraries/megafunctions/alt_counter_stratix.inc                                              ;             ;
; db/cntr_tgi.tdf                                                    ; yes             ; Auto-Generated Megafunction                  ; C:/Users/dutta/OneDrive/Desktop/task5/task 5/db/cntr_tgi.tdf                                                    ;             ;
; db/cmpr_tgc.tdf                                                    ; yes             ; Auto-Generated Megafunction                  ; C:/Users/dutta/OneDrive/Desktop/task5/task 5/db/cmpr_tgc.tdf                                                    ;             ;
; db/cntr_i6j.tdf                                                    ; yes             ; Auto-Generated Megafunction                  ; C:/Users/dutta/OneDrive/Desktop/task5/task 5/db/cntr_i6j.tdf                                                    ;             ;
; db/cntr_egi.tdf                                                    ; yes             ; Auto-Generated Megafunction                  ; C:/Users/dutta/OneDrive/Desktop/task5/task 5/db/cntr_egi.tdf                                                    ;             ;
; db/cmpr_qgc.tdf                                                    ; yes             ; Auto-Generated Megafunction                  ; C:/Users/dutta/OneDrive/Desktop/task5/task 5/db/cmpr_qgc.tdf                                                    ;             ;
; db/cntr_23j.tdf                                                    ; yes             ; Auto-Generated Megafunction                  ; C:/Users/dutta/OneDrive/Desktop/task5/task 5/db/cntr_23j.tdf                                                    ;             ;
; db/cmpr_ngc.tdf                                                    ; yes             ; Auto-Generated Megafunction                  ; C:/Users/dutta/OneDrive/Desktop/task5/task 5/db/cmpr_ngc.tdf                                                    ;             ;
; sld_rom_sr.vhd                                                     ; yes             ; Encrypted Megafunction                       ; d:/quartus/quartus/libraries/megafunctions/sld_rom_sr.vhd                                                       ;             ;
; sld_jtag_endpoint_adapter.vhd                                      ; yes             ; Encrypted Megafunction                       ; d:/quartus/quartus/libraries/megafunctions/sld_jtag_endpoint_adapter.vhd                                        ;             ;
; sld_jtag_endpoint_adapter_impl.sv                                  ; yes             ; Encrypted Megafunction                       ; d:/quartus/quartus/libraries/megafunctions/sld_jtag_endpoint_adapter_impl.sv                                    ;             ;
; sld_hub.vhd                                                        ; yes             ; Encrypted Megafunction                       ; d:/quartus/quartus/libraries/megafunctions/sld_hub.vhd                                                          ; altera_sld  ;
; db/ip/sld182ee860/alt_sld_fab.v                                    ; yes             ; Encrypted Auto-Found Verilog HDL File        ; C:/Users/dutta/OneDrive/Desktop/task5/task 5/db/ip/sld182ee860/alt_sld_fab.v                                    ; alt_sld_fab ;
; db/ip/sld182ee860/submodules/alt_sld_fab_alt_sld_fab.v             ; yes             ; Encrypted Auto-Found Verilog HDL File        ; C:/Users/dutta/OneDrive/Desktop/task5/task 5/db/ip/sld182ee860/submodules/alt_sld_fab_alt_sld_fab.v             ; alt_sld_fab ;
; db/ip/sld182ee860/submodules/alt_sld_fab_alt_sld_fab_ident.sv      ; yes             ; Auto-Found SystemVerilog HDL File            ; C:/Users/dutta/OneDrive/Desktop/task5/task 5/db/ip/sld182ee860/submodules/alt_sld_fab_alt_sld_fab_ident.sv      ; alt_sld_fab ;
; db/ip/sld182ee860/submodules/alt_sld_fab_alt_sld_fab_presplit.sv   ; yes             ; Encrypted Auto-Found SystemVerilog HDL File  ; C:/Users/dutta/OneDrive/Desktop/task5/task 5/db/ip/sld182ee860/submodules/alt_sld_fab_alt_sld_fab_presplit.sv   ; alt_sld_fab ;
; db/ip/sld182ee860/submodules/alt_sld_fab_alt_sld_fab_sldfabric.vhd ; yes             ; Encrypted Auto-Found VHDL File               ; C:/Users/dutta/OneDrive/Desktop/task5/task 5/db/ip/sld182ee860/submodules/alt_sld_fab_alt_sld_fab_sldfabric.vhd ; alt_sld_fab ;
; db/ip/sld182ee860/submodules/alt_sld_fab_alt_sld_fab_splitter.sv   ; yes             ; Encrypted Auto-Found SystemVerilog HDL File  ; C:/Users/dutta/OneDrive/Desktop/task5/task 5/db/ip/sld182ee860/submodules/alt_sld_fab_alt_sld_fab_splitter.sv   ; alt_sld_fab ;
; sld_jtag_hub.vhd                                                   ; yes             ; Encrypted Megafunction                       ; d:/quartus/quartus/libraries/megafunctions/sld_jtag_hub.vhd                                                     ;             ;
; lpm_divide.tdf                                                     ; yes             ; Megafunction                                 ; d:/quartus/quartus/libraries/megafunctions/lpm_divide.tdf                                                       ;             ;
; abs_divider.inc                                                    ; yes             ; Megafunction                                 ; d:/quartus/quartus/libraries/megafunctions/abs_divider.inc                                                      ;             ;
; sign_div_unsign.inc                                                ; yes             ; Megafunction                                 ; d:/quartus/quartus/libraries/megafunctions/sign_div_unsign.inc                                                  ;             ;
; db/lpm_divide_jhm.tdf                                              ; yes             ; Auto-Generated Megafunction                  ; C:/Users/dutta/OneDrive/Desktop/task5/task 5/db/lpm_divide_jhm.tdf                                              ;             ;
; db/sign_div_unsign_bkh.tdf                                         ; yes             ; Auto-Generated Megafunction                  ; C:/Users/dutta/OneDrive/Desktop/task5/task 5/db/sign_div_unsign_bkh.tdf                                         ;             ;
; db/alt_u_div_a4f.tdf                                               ; yes             ; Auto-Generated Megafunction                  ; C:/Users/dutta/OneDrive/Desktop/task5/task 5/db/alt_u_div_a4f.tdf                                               ;             ;
; db/add_sub_7pc.tdf                                                 ; yes             ; Auto-Generated Megafunction                  ; C:/Users/dutta/OneDrive/Desktop/task5/task 5/db/add_sub_7pc.tdf                                                 ;             ;
; db/add_sub_8pc.tdf                                                 ; yes             ; Auto-Generated Megafunction                  ; C:/Users/dutta/OneDrive/Desktop/task5/task 5/db/add_sub_8pc.tdf                                                 ;             ;
; db/lpm_divide_m9m.tdf                                              ; yes             ; Auto-Generated Megafunction                  ; C:/Users/dutta/OneDrive/Desktop/task5/task 5/db/lpm_divide_m9m.tdf                                              ;             ;
; db/lpm_divide_bkm.tdf                                              ; yes             ; Auto-Generated Megafunction                  ; C:/Users/dutta/OneDrive/Desktop/task5/task 5/db/lpm_divide_bkm.tdf                                              ;             ;
; db/sign_div_unsign_3nh.tdf                                         ; yes             ; Auto-Generated Megafunction                  ; C:/Users/dutta/OneDrive/Desktop/task5/task 5/db/sign_div_unsign_3nh.tdf                                         ;             ;
; db/alt_u_div_q9f.tdf                                               ; yes             ; Auto-Generated Megafunction                  ; C:/Users/dutta/OneDrive/Desktop/task5/task 5/db/alt_u_div_q9f.tdf                                               ;             ;
; db/lpm_divide_1jm.tdf                                              ; yes             ; Auto-Generated Megafunction                  ; C:/Users/dutta/OneDrive/Desktop/task5/task 5/db/lpm_divide_1jm.tdf                                              ;             ;
; db/sign_div_unsign_plh.tdf                                         ; yes             ; Auto-Generated Megafunction                  ; C:/Users/dutta/OneDrive/Desktop/task5/task 5/db/sign_div_unsign_plh.tdf                                         ;             ;
; db/alt_u_div_67f.tdf                                               ; yes             ; Auto-Generated Megafunction                  ; C:/Users/dutta/OneDrive/Desktop/task5/task 5/db/alt_u_div_67f.tdf                                               ;             ;
; db/lpm_divide_1bm.tdf                                              ; yes             ; Auto-Generated Megafunction                  ; C:/Users/dutta/OneDrive/Desktop/task5/task 5/db/lpm_divide_1bm.tdf                                              ;             ;
; db/sign_div_unsign_mlh.tdf                                         ; yes             ; Auto-Generated Megafunction                  ; C:/Users/dutta/OneDrive/Desktop/task5/task 5/db/sign_div_unsign_mlh.tdf                                         ;             ;
; db/alt_u_div_07f.tdf                                               ; yes             ; Auto-Generated Megafunction                  ; C:/Users/dutta/OneDrive/Desktop/task5/task 5/db/alt_u_div_07f.tdf                                               ;             ;
; db/lpm_divide_uim.tdf                                              ; yes             ; Auto-Generated Megafunction                  ; C:/Users/dutta/OneDrive/Desktop/task5/task 5/db/lpm_divide_uim.tdf                                              ;             ;
+--------------------------------------------------------------------+-----------------+----------------------------------------------+-----------------------------------------------------------------------------------------------------------------+-------------+


+-------------------------------------------------------------+
; Analysis & Synthesis Resource Usage Summary                 ;
+---------------------------------------------+---------------+
; Resource                                    ; Usage         ;
+---------------------------------------------+---------------+
; Estimated Total logic elements              ; 3,239         ;
;                                             ;               ;
; Total combinational functions               ; 2186          ;
; Logic element usage by number of LUT inputs ;               ;
;     -- 4 input functions                    ; 742           ;
;     -- 3 input functions                    ; 523           ;
;     -- <=2 input functions                  ; 921           ;
;                                             ;               ;
; Logic elements by mode                      ;               ;
;     -- normal mode                          ; 1676          ;
;     -- arithmetic mode                      ; 510           ;
;                                             ;               ;
; Total registers                             ; 1725          ;
;     -- Dedicated logic registers            ; 1725          ;
;     -- I/O registers                        ; 0             ;
;                                             ;               ;
; I/O pins                                    ; 13            ;
; Total memory bits                           ; 11392         ;
;                                             ;               ;
; Embedded Multiplier 9-bit elements          ; 0             ;
;                                             ;               ;
; Maximum fan-out node                        ; clk_50M~input ;
; Maximum fan-out                             ; 1130          ;
; Total fan-out                               ; 12856         ;
; Average fan-out                             ; 3.19          ;
+---------------------------------------------+---------------+


+----------------------------------------------------------------------------------------------------------------------------------------------------------------------------------------------------------------------------------------------------------------------------------------------------------------------------------------------------------------------------------------------------------------------------------------------------------------------------------------------------------------------------------------------------------------------------------------------------------------------------------------------------------------------------+
; Analysis & Synthesis Resource Utilization by Entity                                                                                                                                                                                                                                                                                                                                                                                                                                                                                                                                                                                                                        ;
+-----------------------------------------------------------------------------------------------------------------------------------------+---------------------+---------------------------+-------------+--------------+---------+-----------+------+--------------+----------------------------------------------------------------------------------------------------------------------------------------------------------------------------------------------------------------------------------------------------------------------------------------------------------------------------------------------------+-----------------------------------+--------------+
; Compilation Hierarchy Node                                                                                                              ; Combinational ALUTs ; Dedicated Logic Registers ; Memory Bits ; DSP Elements ; DSP 9x9 ; DSP 18x18 ; Pins ; Virtual Pins ; Full Hierarchy Name                                                                                                                                                                                                                                                                                                                                ; Entity Name                       ; Library Name ;
+-----------------------------------------------------------------------------------------------------------------------------------------+---------------------+---------------------------+-------------+--------------+---------+-----------+------+--------------+----------------------------------------------------------------------------------------------------------------------------------------------------------------------------------------------------------------------------------------------------------------------------------------------------------------------------------------------------+-----------------------------------+--------------+
; |task_5                                                                                                                                 ; 2186 (57)           ; 1725 (33)                 ; 11392       ; 0            ; 0       ; 0         ; 13   ; 0            ; |task_5                                                                                                                                                                                                                                                                                                                                            ; task_5                            ; work         ;
;    |SERVO:u_servo|                                                                                                                      ; 105 (54)            ; 55 (35)                   ; 0           ; 0            ; 0       ; 0         ; 0    ; 0            ; |task_5|SERVO:u_servo                                                                                                                                                                                                                                                                                                                              ; SERVO                             ; work         ;
;       |servo_pwm:s1|                                                                                                                    ; 41 (41)             ; 19 (19)                   ; 0           ; 0            ; 0       ; 0         ; 0    ; 0            ; |task_5|SERVO:u_servo|servo_pwm:s1                                                                                                                                                                                                                                                                                                                 ; servo_pwm                         ; work         ;
;       |servo_pwm:s2|                                                                                                                    ; 10 (10)             ; 1 (1)                     ; 0           ; 0            ; 0       ; 0         ; 0    ; 0            ; |task_5|SERVO:u_servo|servo_pwm:s2                                                                                                                                                                                                                                                                                                                 ; servo_pwm                         ; work         ;
;    |clk3125:u_clk_div|                                                                                                                  ; 4 (4)               ; 4 (4)                     ; 0           ; 0            ; 0       ; 0         ; 0    ; 0            ; |task_5|clk3125:u_clk_div                                                                                                                                                                                                                                                                                                                          ; clk3125                           ; work         ;
;    |moisture_sensor:ms|                                                                                                                 ; 40 (3)              ; 37 (4)                    ; 0           ; 0            ; 0       ; 0         ; 0    ; 0            ; |task_5|moisture_sensor:ms                                                                                                                                                                                                                                                                                                                         ; moisture_sensor                   ; work         ;
;       |adc_controller:adc_inst|                                                                                                         ; 37 (37)             ; 33 (33)                   ; 0           ; 0            ; 0       ; 0         ; 0    ; 0            ; |task_5|moisture_sensor:ms|adc_controller:adc_inst                                                                                                                                                                                                                                                                                                 ; adc_controller                    ; work         ;
;    |mpi_detection:u_mpi_detection|                                                                                                      ; 3 (0)               ; 9 (0)                     ; 0           ; 0            ; 0       ; 0         ; 0    ; 0            ; |task_5|mpi_detection:u_mpi_detection                                                                                                                                                                                                                                                                                                              ; mpi_detection                     ; work         ;
;       |ir_sensor:ir_front|                                                                                                              ; 1 (1)               ; 3 (3)                     ; 0           ; 0            ; 0       ; 0         ; 0    ; 0            ; |task_5|mpi_detection:u_mpi_detection|ir_sensor:ir_front                                                                                                                                                                                                                                                                                           ; ir_sensor                         ; work         ;
;       |ir_sensor:ir_left|                                                                                                               ; 1 (1)               ; 3 (3)                     ; 0           ; 0            ; 0       ; 0         ; 0    ; 0            ; |task_5|mpi_detection:u_mpi_detection|ir_sensor:ir_left                                                                                                                                                                                                                                                                                            ; ir_sensor                         ; work         ;
;       |ir_sensor:ir_right|                                                                                                              ; 1 (1)               ; 3 (3)                     ; 0           ; 0            ; 0       ; 0         ; 0    ; 0            ; |task_5|mpi_detection:u_mpi_detection|ir_sensor:ir_right                                                                                                                                                                                                                                                                                           ; ir_sensor                         ; work         ;
;    |sld_hub:auto_hub|                                                                                                                   ; 128 (1)             ; 90 (0)                    ; 0           ; 0            ; 0       ; 0         ; 0    ; 0            ; |task_5|sld_hub:auto_hub                                                                                                                                                                                                                                                                                                                           ; sld_hub                           ; altera_sld   ;
;       |alt_sld_fab_with_jtag_input:\instrumentation_fabric_with_node_gen:fabric_gen_new_way:with_jtag_input_gen:instrumentation_fabric| ; 127 (0)             ; 90 (0)                    ; 0           ; 0            ; 0       ; 0         ; 0    ; 0            ; |task_5|sld_hub:auto_hub|alt_sld_fab_with_jtag_input:\instrumentation_fabric_with_node_gen:fabric_gen_new_way:with_jtag_input_gen:instrumentation_fabric                                                                                                                                                                                           ; alt_sld_fab_with_jtag_input       ; altera_sld   ;
;          |alt_sld_fab:instrumentation_fabric|                                                                                           ; 127 (0)             ; 90 (0)                    ; 0           ; 0            ; 0       ; 0         ; 0    ; 0            ; |task_5|sld_hub:auto_hub|alt_sld_fab_with_jtag_input:\instrumentation_fabric_with_node_gen:fabric_gen_new_way:with_jtag_input_gen:instrumentation_fabric|alt_sld_fab:instrumentation_fabric                                                                                                                                                        ; alt_sld_fab                       ; alt_sld_fab  ;
;             |alt_sld_fab_alt_sld_fab:alt_sld_fab|                                                                                       ; 127 (1)             ; 90 (5)                    ; 0           ; 0            ; 0       ; 0         ; 0    ; 0            ; |task_5|sld_hub:auto_hub|alt_sld_fab_with_jtag_input:\instrumentation_fabric_with_node_gen:fabric_gen_new_way:with_jtag_input_gen:instrumentation_fabric|alt_sld_fab:instrumentation_fabric|alt_sld_fab_alt_sld_fab:alt_sld_fab                                                                                                                    ; alt_sld_fab_alt_sld_fab           ; alt_sld_fab  ;
;                |alt_sld_fab_alt_sld_fab_sldfabric:sldfabric|                                                                            ; 126 (0)             ; 85 (0)                    ; 0           ; 0            ; 0       ; 0         ; 0    ; 0            ; |task_5|sld_hub:auto_hub|alt_sld_fab_with_jtag_input:\instrumentation_fabric_with_node_gen:fabric_gen_new_way:with_jtag_input_gen:instrumentation_fabric|alt_sld_fab:instrumentation_fabric|alt_sld_fab_alt_sld_fab:alt_sld_fab|alt_sld_fab_alt_sld_fab_sldfabric:sldfabric                                                                        ; alt_sld_fab_alt_sld_fab_sldfabric ; alt_sld_fab  ;
;                   |sld_jtag_hub:\jtag_hub_gen:real_sld_jtag_hub|                                                                        ; 126 (87)            ; 85 (57)                   ; 0           ; 0            ; 0       ; 0         ; 0    ; 0            ; |task_5|sld_hub:auto_hub|alt_sld_fab_with_jtag_input:\instrumentation_fabric_with_node_gen:fabric_gen_new_way:with_jtag_input_gen:instrumentation_fabric|alt_sld_fab:instrumentation_fabric|alt_sld_fab_alt_sld_fab:alt_sld_fab|alt_sld_fab_alt_sld_fab_sldfabric:sldfabric|sld_jtag_hub:\jtag_hub_gen:real_sld_jtag_hub                           ; sld_jtag_hub                      ; work         ;
;                      |sld_rom_sr:hub_info_reg|                                                                                          ; 21 (21)             ; 9 (9)                     ; 0           ; 0            ; 0       ; 0         ; 0    ; 0            ; |task_5|sld_hub:auto_hub|alt_sld_fab_with_jtag_input:\instrumentation_fabric_with_node_gen:fabric_gen_new_way:with_jtag_input_gen:instrumentation_fabric|alt_sld_fab:instrumentation_fabric|alt_sld_fab_alt_sld_fab:alt_sld_fab|alt_sld_fab_alt_sld_fab_sldfabric:sldfabric|sld_jtag_hub:\jtag_hub_gen:real_sld_jtag_hub|sld_rom_sr:hub_info_reg   ; sld_rom_sr                        ; work         ;
;                      |sld_shadow_jsm:shadow_jsm|                                                                                        ; 18 (18)             ; 19 (19)                   ; 0           ; 0            ; 0       ; 0         ; 0    ; 0            ; |task_5|sld_hub:auto_hub|alt_sld_fab_with_jtag_input:\instrumentation_fabric_with_node_gen:fabric_gen_new_way:with_jtag_input_gen:instrumentation_fabric|alt_sld_fab:instrumentation_fabric|alt_sld_fab_alt_sld_fab:alt_sld_fab|alt_sld_fab_alt_sld_fab_sldfabric:sldfabric|sld_jtag_hub:\jtag_hub_gen:real_sld_jtag_hub|sld_shadow_jsm:shadow_jsm ; sld_shadow_jsm                    ; altera_sld   ;
;    |sld_signaltap:auto_signaltap_0|                                                                                                     ; 593 (2)             ; 1342 (178)                ; 11392       ; 0            ; 0       ; 0         ; 0    ; 0            ; |task_5|sld_signaltap:auto_signaltap_0                                                                                                                                                                                                                                                                                                             ; sld_signaltap                     ; work         ;
;       |sld_signaltap_impl:sld_signaltap_body|                                                                                           ; 591 (0)             ; 1164 (0)                  ; 11392       ; 0            ; 0       ; 0         ; 0    ; 0            ; |task_5|sld_signaltap:auto_signaltap_0|sld_signaltap_impl:sld_signaltap_body                                                                                                                                                                                                                                                                       ; sld_signaltap_impl                ; work         ;
;          |sld_signaltap_implb:sld_signaltap_body|                                                                                       ; 591 (89)            ; 1164 (430)                ; 11392       ; 0            ; 0       ; 0         ; 0    ; 0            ; |task_5|sld_signaltap:auto_signaltap_0|sld_signaltap_impl:sld_signaltap_body|sld_signaltap_implb:sld_signaltap_body                                                                                                                                                                                                                                ; sld_signaltap_implb               ; work         ;
;             |altdpram:\stp_non_zero_ram_gen:attribute_mem_gen:attribute_mem|                                                            ; 17 (0)              ; 46 (46)                   ; 0           ; 0            ; 0       ; 0         ; 0    ; 0            ; |task_5|sld_signaltap:auto_signaltap_0|sld_signaltap_impl:sld_signaltap_body|sld_signaltap_implb:sld_signaltap_body|altdpram:\stp_non_zero_ram_gen:attribute_mem_gen:attribute_mem                                                                                                                                                                 ; altdpram                          ; work         ;
;                |lpm_decode:wdecoder|                                                                                                    ; 2 (0)               ; 0 (0)                     ; 0           ; 0            ; 0       ; 0         ; 0    ; 0            ; |task_5|sld_signaltap:auto_signaltap_0|sld_signaltap_impl:sld_signaltap_body|sld_signaltap_implb:sld_signaltap_body|altdpram:\stp_non_zero_ram_gen:attribute_mem_gen:attribute_mem|lpm_decode:wdecoder                                                                                                                                             ; lpm_decode                        ; work         ;
;                   |decode_dvf:auto_generated|                                                                                           ; 2 (2)               ; 0 (0)                     ; 0           ; 0            ; 0       ; 0         ; 0    ; 0            ; |task_5|sld_signaltap:auto_signaltap_0|sld_signaltap_impl:sld_signaltap_body|sld_signaltap_implb:sld_signaltap_body|altdpram:\stp_non_zero_ram_gen:attribute_mem_gen:attribute_mem|lpm_decode:wdecoder|decode_dvf:auto_generated                                                                                                                   ; decode_dvf                        ; work         ;
;                |lpm_mux:mux|                                                                                                            ; 15 (0)              ; 0 (0)                     ; 0           ; 0            ; 0       ; 0         ; 0    ; 0            ; |task_5|sld_signaltap:auto_signaltap_0|sld_signaltap_impl:sld_signaltap_body|sld_signaltap_implb:sld_signaltap_body|altdpram:\stp_non_zero_ram_gen:attribute_mem_gen:attribute_mem|lpm_mux:mux                                                                                                                                                     ; lpm_mux                           ; work         ;
;                   |mux_ssc:auto_generated|                                                                                              ; 15 (15)             ; 0 (0)                     ; 0           ; 0            ; 0       ; 0         ; 0    ; 0            ; |task_5|sld_signaltap:auto_signaltap_0|sld_signaltap_impl:sld_signaltap_body|sld_signaltap_implb:sld_signaltap_body|altdpram:\stp_non_zero_ram_gen:attribute_mem_gen:attribute_mem|lpm_mux:mux|mux_ssc:auto_generated                                                                                                                              ; mux_ssc                           ; work         ;
;             |altsyncram:\stp_non_zero_ram_gen:stp_buffer_ram|                                                                           ; 0 (0)               ; 0 (0)                     ; 11392       ; 0            ; 0       ; 0         ; 0    ; 0            ; |task_5|sld_signaltap:auto_signaltap_0|sld_signaltap_impl:sld_signaltap_body|sld_signaltap_implb:sld_signaltap_body|altsyncram:\stp_non_zero_ram_gen:stp_buffer_ram                                                                                                                                                                                ; altsyncram                        ; work         ;
;                |altsyncram_o524:auto_generated|                                                                                         ; 0 (0)               ; 0 (0)                     ; 11392       ; 0            ; 0       ; 0         ; 0    ; 0            ; |task_5|sld_signaltap:auto_signaltap_0|sld_signaltap_impl:sld_signaltap_body|sld_signaltap_implb:sld_signaltap_body|altsyncram:\stp_non_zero_ram_gen:stp_buffer_ram|altsyncram_o524:auto_generated                                                                                                                                                 ; altsyncram_o524                   ; work         ;
;             |lpm_shiftreg:segment_offset_config_deserialize|                                                                            ; 0 (0)               ; 7 (7)                     ; 0           ; 0            ; 0       ; 0         ; 0    ; 0            ; |task_5|sld_signaltap:auto_signaltap_0|sld_signaltap_impl:sld_signaltap_body|sld_signaltap_implb:sld_signaltap_body|lpm_shiftreg:segment_offset_config_deserialize                                                                                                                                                                                 ; lpm_shiftreg                      ; work         ;
;             |lpm_shiftreg:status_register|                                                                                              ; 17 (17)             ; 17 (17)                   ; 0           ; 0            ; 0       ; 0         ; 0    ; 0            ; |task_5|sld_signaltap:auto_signaltap_0|sld_signaltap_impl:sld_signaltap_body|sld_signaltap_implb:sld_signaltap_body|lpm_shiftreg:status_register                                                                                                                                                                                                   ; lpm_shiftreg                      ; work         ;
;             |serial_crc_16:\tdo_crc_gen:tdo_crc_calc|                                                                                   ; 14 (14)             ; 13 (13)                   ; 0           ; 0            ; 0       ; 0         ; 0    ; 0            ; |task_5|sld_signaltap:auto_signaltap_0|sld_signaltap_impl:sld_signaltap_body|sld_signaltap_implb:sld_signaltap_body|serial_crc_16:\tdo_crc_gen:tdo_crc_calc                                                                                                                                                                                        ; serial_crc_16                     ; work         ;
;             |sld_buffer_manager:sld_buffer_manager_inst|                                                                                ; 59 (59)             ; 44 (44)                   ; 0           ; 0            ; 0       ; 0         ; 0    ; 0            ; |task_5|sld_signaltap:auto_signaltap_0|sld_signaltap_impl:sld_signaltap_body|sld_signaltap_implb:sld_signaltap_body|sld_buffer_manager:sld_buffer_manager_inst                                                                                                                                                                                     ; sld_buffer_manager                ; work         ;
;             |sld_ela_control:ela_control|                                                                                               ; 210 (1)             ; 461 (1)                   ; 0           ; 0            ; 0       ; 0         ; 0    ; 0            ; |task_5|sld_signaltap:auto_signaltap_0|sld_signaltap_impl:sld_signaltap_body|sld_signaltap_implb:sld_signaltap_body|sld_ela_control:ela_control                                                                                                                                                                                                    ; sld_ela_control                   ; work         ;
;                |lpm_shiftreg:trigger_config_deserialize|                                                                                ; 0 (0)               ; 4 (4)                     ; 0           ; 0            ; 0       ; 0         ; 0    ; 0            ; |task_5|sld_signaltap:auto_signaltap_0|sld_signaltap_impl:sld_signaltap_body|sld_signaltap_implb:sld_signaltap_body|sld_ela_control:ela_control|lpm_shiftreg:trigger_config_deserialize                                                                                                                                                            ; lpm_shiftreg                      ; work         ;
;                |sld_ela_basic_multi_level_trigger:\basic_multi_level_mbpm_trigger_gen:multi_level_mbpm|                                 ; 178 (0)             ; 445 (0)                   ; 0           ; 0            ; 0       ; 0         ; 0    ; 0            ; |task_5|sld_signaltap:auto_signaltap_0|sld_signaltap_impl:sld_signaltap_body|sld_signaltap_implb:sld_signaltap_body|sld_ela_control:ela_control|sld_ela_basic_multi_level_trigger:\basic_multi_level_mbpm_trigger_gen:multi_level_mbpm                                                                                                             ; sld_ela_basic_multi_level_trigger ; work         ;
;                   |lpm_shiftreg:trigger_condition_deserialize|                                                                          ; 0 (0)               ; 267 (267)                 ; 0           ; 0            ; 0       ; 0         ; 0    ; 0            ; |task_5|sld_signaltap:auto_signaltap_0|sld_signaltap_impl:sld_signaltap_body|sld_signaltap_implb:sld_signaltap_body|sld_ela_control:ela_control|sld_ela_basic_multi_level_trigger:\basic_multi_level_mbpm_trigger_gen:multi_level_mbpm|lpm_shiftreg:trigger_condition_deserialize                                                                  ; lpm_shiftreg                      ; work         ;
;                   |sld_mbpmg:\trigger_modules_gen:0:trigger_match|                                                                      ; 178 (0)             ; 178 (0)                   ; 0           ; 0            ; 0       ; 0         ; 0    ; 0            ; |task_5|sld_signaltap:auto_signaltap_0|sld_signaltap_impl:sld_signaltap_body|sld_signaltap_implb:sld_signaltap_body|sld_ela_control:ela_control|sld_ela_basic_multi_level_trigger:\basic_multi_level_mbpm_trigger_gen:multi_level_mbpm|sld_mbpmg:\trigger_modules_gen:0:trigger_match                                                              ; sld_mbpmg                         ; work         ;
;                      |sld_sbpmg:\gen_sbpmg_pipeline_less_than_two:sm0:0:sm1|                                                            ; 2 (2)               ; 2 (2)                     ; 0           ; 0            ; 0       ; 0         ; 0    ; 0            ; |task_5|sld_signaltap:auto_signaltap_0|sld_signaltap_impl:sld_signaltap_body|sld_signaltap_implb:sld_signaltap_body|sld_ela_control:ela_control|sld_ela_basic_multi_level_trigger:\basic_multi_level_mbpm_trigger_gen:multi_level_mbpm|sld_mbpmg:\trigger_modules_gen:0:trigger_match|sld_sbpmg:\gen_sbpmg_pipeline_less_than_two:sm0:0:sm1        ; sld_sbpmg                         ; work         ;
;                      |sld_sbpmg:\gen_sbpmg_pipeline_less_than_two:sm0:10:sm1|                                                           ; 2 (2)               ; 2 (2)                     ; 0           ; 0            ; 0       ; 0         ; 0    ; 0            ; |task_5|sld_signaltap:auto_signaltap_0|sld_signaltap_impl:sld_signaltap_body|sld_signaltap_implb:sld_signaltap_body|sld_ela_control:ela_control|sld_ela_basic_multi_level_trigger:\basic_multi_level_mbpm_trigger_gen:multi_level_mbpm|sld_mbpmg:\trigger_modules_gen:0:trigger_match|sld_sbpmg:\gen_sbpmg_pipeline_less_than_two:sm0:10:sm1       ; sld_sbpmg                         ; work         ;
;                      |sld_sbpmg:\gen_sbpmg_pipeline_less_than_two:sm0:11:sm1|                                                           ; 2 (2)               ; 2 (2)                     ; 0           ; 0            ; 0       ; 0         ; 0    ; 0            ; |task_5|sld_signaltap:auto_signaltap_0|sld_signaltap_impl:sld_signaltap_body|sld_signaltap_implb:sld_signaltap_body|sld_ela_control:ela_control|sld_ela_basic_multi_level_trigger:\basic_multi_level_mbpm_trigger_gen:multi_level_mbpm|sld_mbpmg:\trigger_modules_gen:0:trigger_match|sld_sbpmg:\gen_sbpmg_pipeline_less_than_two:sm0:11:sm1       ; sld_sbpmg                         ; work         ;
;                      |sld_sbpmg:\gen_sbpmg_pipeline_less_than_two:sm0:12:sm1|                                                           ; 2 (2)               ; 2 (2)                     ; 0           ; 0            ; 0       ; 0         ; 0    ; 0            ; |task_5|sld_signaltap:auto_signaltap_0|sld_signaltap_impl:sld_signaltap_body|sld_signaltap_implb:sld_signaltap_body|sld_ela_control:ela_control|sld_ela_basic_multi_level_trigger:\basic_multi_level_mbpm_trigger_gen:multi_level_mbpm|sld_mbpmg:\trigger_modules_gen:0:trigger_match|sld_sbpmg:\gen_sbpmg_pipeline_less_than_two:sm0:12:sm1       ; sld_sbpmg                         ; work         ;
;                      |sld_sbpmg:\gen_sbpmg_pipeline_less_than_two:sm0:13:sm1|                                                           ; 2 (2)               ; 2 (2)                     ; 0           ; 0            ; 0       ; 0         ; 0    ; 0            ; |task_5|sld_signaltap:auto_signaltap_0|sld_signaltap_impl:sld_signaltap_body|sld_signaltap_implb:sld_signaltap_body|sld_ela_control:ela_control|sld_ela_basic_multi_level_trigger:\basic_multi_level_mbpm_trigger_gen:multi_level_mbpm|sld_mbpmg:\trigger_modules_gen:0:trigger_match|sld_sbpmg:\gen_sbpmg_pipeline_less_than_two:sm0:13:sm1       ; sld_sbpmg                         ; work         ;
;                      |sld_sbpmg:\gen_sbpmg_pipeline_less_than_two:sm0:14:sm1|                                                           ; 2 (2)               ; 2 (2)                     ; 0           ; 0            ; 0       ; 0         ; 0    ; 0            ; |task_5|sld_signaltap:auto_signaltap_0|sld_signaltap_impl:sld_signaltap_body|sld_signaltap_implb:sld_signaltap_body|sld_ela_control:ela_control|sld_ela_basic_multi_level_trigger:\basic_multi_level_mbpm_trigger_gen:multi_level_mbpm|sld_mbpmg:\trigger_modules_gen:0:trigger_match|sld_sbpmg:\gen_sbpmg_pipeline_less_than_two:sm0:14:sm1       ; sld_sbpmg                         ; work         ;
;                      |sld_sbpmg:\gen_sbpmg_pipeline_less_than_two:sm0:15:sm1|                                                           ; 2 (2)               ; 2 (2)                     ; 0           ; 0            ; 0       ; 0         ; 0    ; 0            ; |task_5|sld_signaltap:auto_signaltap_0|sld_signaltap_impl:sld_signaltap_body|sld_signaltap_implb:sld_signaltap_body|sld_ela_control:ela_control|sld_ela_basic_multi_level_trigger:\basic_multi_level_mbpm_trigger_gen:multi_level_mbpm|sld_mbpmg:\trigger_modules_gen:0:trigger_match|sld_sbpmg:\gen_sbpmg_pipeline_less_than_two:sm0:15:sm1       ; sld_sbpmg                         ; work         ;
;                      |sld_sbpmg:\gen_sbpmg_pipeline_less_than_two:sm0:16:sm1|                                                           ; 2 (2)               ; 2 (2)                     ; 0           ; 0            ; 0       ; 0         ; 0    ; 0            ; |task_5|sld_signaltap:auto_signaltap_0|sld_signaltap_impl:sld_signaltap_body|sld_signaltap_implb:sld_signaltap_body|sld_ela_control:ela_control|sld_ela_basic_multi_level_trigger:\basic_multi_level_mbpm_trigger_gen:multi_level_mbpm|sld_mbpmg:\trigger_modules_gen:0:trigger_match|sld_sbpmg:\gen_sbpmg_pipeline_less_than_two:sm0:16:sm1       ; sld_sbpmg                         ; work         ;
;                      |sld_sbpmg:\gen_sbpmg_pipeline_less_than_two:sm0:17:sm1|                                                           ; 2 (2)               ; 2 (2)                     ; 0           ; 0            ; 0       ; 0         ; 0    ; 0            ; |task_5|sld_signaltap:auto_signaltap_0|sld_signaltap_impl:sld_signaltap_body|sld_signaltap_implb:sld_signaltap_body|sld_ela_control:ela_control|sld_ela_basic_multi_level_trigger:\basic_multi_level_mbpm_trigger_gen:multi_level_mbpm|sld_mbpmg:\trigger_modules_gen:0:trigger_match|sld_sbpmg:\gen_sbpmg_pipeline_less_than_two:sm0:17:sm1       ; sld_sbpmg                         ; work         ;
;                      |sld_sbpmg:\gen_sbpmg_pipeline_less_than_two:sm0:18:sm1|                                                           ; 2 (2)               ; 2 (2)                     ; 0           ; 0            ; 0       ; 0         ; 0    ; 0            ; |task_5|sld_signaltap:auto_signaltap_0|sld_signaltap_impl:sld_signaltap_body|sld_signaltap_implb:sld_signaltap_body|sld_ela_control:ela_control|sld_ela_basic_multi_level_trigger:\basic_multi_level_mbpm_trigger_gen:multi_level_mbpm|sld_mbpmg:\trigger_modules_gen:0:trigger_match|sld_sbpmg:\gen_sbpmg_pipeline_less_than_two:sm0:18:sm1       ; sld_sbpmg                         ; work         ;
;                      |sld_sbpmg:\gen_sbpmg_pipeline_less_than_two:sm0:19:sm1|                                                           ; 2 (2)               ; 2 (2)                     ; 0           ; 0            ; 0       ; 0         ; 0    ; 0            ; |task_5|sld_signaltap:auto_signaltap_0|sld_signaltap_impl:sld_signaltap_body|sld_signaltap_implb:sld_signaltap_body|sld_ela_control:ela_control|sld_ela_basic_multi_level_trigger:\basic_multi_level_mbpm_trigger_gen:multi_level_mbpm|sld_mbpmg:\trigger_modules_gen:0:trigger_match|sld_sbpmg:\gen_sbpmg_pipeline_less_than_two:sm0:19:sm1       ; sld_sbpmg                         ; work         ;
;                      |sld_sbpmg:\gen_sbpmg_pipeline_less_than_two:sm0:1:sm1|                                                            ; 2 (2)               ; 2 (2)                     ; 0           ; 0            ; 0       ; 0         ; 0    ; 0            ; |task_5|sld_signaltap:auto_signaltap_0|sld_signaltap_impl:sld_signaltap_body|sld_signaltap_implb:sld_signaltap_body|sld_ela_control:ela_control|sld_ela_basic_multi_level_trigger:\basic_multi_level_mbpm_trigger_gen:multi_level_mbpm|sld_mbpmg:\trigger_modules_gen:0:trigger_match|sld_sbpmg:\gen_sbpmg_pipeline_less_than_two:sm0:1:sm1        ; sld_sbpmg                         ; work         ;
;                      |sld_sbpmg:\gen_sbpmg_pipeline_less_than_two:sm0:20:sm1|                                                           ; 2 (2)               ; 2 (2)                     ; 0           ; 0            ; 0       ; 0         ; 0    ; 0            ; |task_5|sld_signaltap:auto_signaltap_0|sld_signaltap_impl:sld_signaltap_body|sld_signaltap_implb:sld_signaltap_body|sld_ela_control:ela_control|sld_ela_basic_multi_level_trigger:\basic_multi_level_mbpm_trigger_gen:multi_level_mbpm|sld_mbpmg:\trigger_modules_gen:0:trigger_match|sld_sbpmg:\gen_sbpmg_pipeline_less_than_two:sm0:20:sm1       ; sld_sbpmg                         ; work         ;
;                      |sld_sbpmg:\gen_sbpmg_pipeline_less_than_two:sm0:21:sm1|                                                           ; 2 (2)               ; 2 (2)                     ; 0           ; 0            ; 0       ; 0         ; 0    ; 0            ; |task_5|sld_signaltap:auto_signaltap_0|sld_signaltap_impl:sld_signaltap_body|sld_signaltap_implb:sld_signaltap_body|sld_ela_control:ela_control|sld_ela_basic_multi_level_trigger:\basic_multi_level_mbpm_trigger_gen:multi_level_mbpm|sld_mbpmg:\trigger_modules_gen:0:trigger_match|sld_sbpmg:\gen_sbpmg_pipeline_less_than_two:sm0:21:sm1       ; sld_sbpmg                         ; work         ;
;                      |sld_sbpmg:\gen_sbpmg_pipeline_less_than_two:sm0:22:sm1|                                                           ; 2 (2)               ; 2 (2)                     ; 0           ; 0            ; 0       ; 0         ; 0    ; 0            ; |task_5|sld_signaltap:auto_signaltap_0|sld_signaltap_impl:sld_signaltap_body|sld_signaltap_implb:sld_signaltap_body|sld_ela_control:ela_control|sld_ela_basic_multi_level_trigger:\basic_multi_level_mbpm_trigger_gen:multi_level_mbpm|sld_mbpmg:\trigger_modules_gen:0:trigger_match|sld_sbpmg:\gen_sbpmg_pipeline_less_than_two:sm0:22:sm1       ; sld_sbpmg                         ; work         ;
;                      |sld_sbpmg:\gen_sbpmg_pipeline_less_than_two:sm0:23:sm1|                                                           ; 2 (2)               ; 2 (2)                     ; 0           ; 0            ; 0       ; 0         ; 0    ; 0            ; |task_5|sld_signaltap:auto_signaltap_0|sld_signaltap_impl:sld_signaltap_body|sld_signaltap_implb:sld_signaltap_body|sld_ela_control:ela_control|sld_ela_basic_multi_level_trigger:\basic_multi_level_mbpm_trigger_gen:multi_level_mbpm|sld_mbpmg:\trigger_modules_gen:0:trigger_match|sld_sbpmg:\gen_sbpmg_pipeline_less_than_two:sm0:23:sm1       ; sld_sbpmg                         ; work         ;
;                      |sld_sbpmg:\gen_sbpmg_pipeline_less_than_two:sm0:24:sm1|                                                           ; 2 (2)               ; 2 (2)                     ; 0           ; 0            ; 0       ; 0         ; 0    ; 0            ; |task_5|sld_signaltap:auto_signaltap_0|sld_signaltap_impl:sld_signaltap_body|sld_signaltap_implb:sld_signaltap_body|sld_ela_control:ela_control|sld_ela_basic_multi_level_trigger:\basic_multi_level_mbpm_trigger_gen:multi_level_mbpm|sld_mbpmg:\trigger_modules_gen:0:trigger_match|sld_sbpmg:\gen_sbpmg_pipeline_less_than_two:sm0:24:sm1       ; sld_sbpmg                         ; work         ;
;                      |sld_sbpmg:\gen_sbpmg_pipeline_less_than_two:sm0:25:sm1|                                                           ; 2 (2)               ; 2 (2)                     ; 0           ; 0            ; 0       ; 0         ; 0    ; 0            ; |task_5|sld_signaltap:auto_signaltap_0|sld_signaltap_impl:sld_signaltap_body|sld_signaltap_implb:sld_signaltap_body|sld_ela_control:ela_control|sld_ela_basic_multi_level_trigger:\basic_multi_level_mbpm_trigger_gen:multi_level_mbpm|sld_mbpmg:\trigger_modules_gen:0:trigger_match|sld_sbpmg:\gen_sbpmg_pipeline_less_than_two:sm0:25:sm1       ; sld_sbpmg                         ; work         ;
;                      |sld_sbpmg:\gen_sbpmg_pipeline_less_than_two:sm0:26:sm1|                                                           ; 2 (2)               ; 2 (2)                     ; 0           ; 0            ; 0       ; 0         ; 0    ; 0            ; |task_5|sld_signaltap:auto_signaltap_0|sld_signaltap_impl:sld_signaltap_body|sld_signaltap_implb:sld_signaltap_body|sld_ela_control:ela_control|sld_ela_basic_multi_level_trigger:\basic_multi_level_mbpm_trigger_gen:multi_level_mbpm|sld_mbpmg:\trigger_modules_gen:0:trigger_match|sld_sbpmg:\gen_sbpmg_pipeline_less_than_two:sm0:26:sm1       ; sld_sbpmg                         ; work         ;
;                      |sld_sbpmg:\gen_sbpmg_pipeline_less_than_two:sm0:27:sm1|                                                           ; 2 (2)               ; 2 (2)                     ; 0           ; 0            ; 0       ; 0         ; 0    ; 0            ; |task_5|sld_signaltap:auto_signaltap_0|sld_signaltap_impl:sld_signaltap_body|sld_signaltap_implb:sld_signaltap_body|sld_ela_control:ela_control|sld_ela_basic_multi_level_trigger:\basic_multi_level_mbpm_trigger_gen:multi_level_mbpm|sld_mbpmg:\trigger_modules_gen:0:trigger_match|sld_sbpmg:\gen_sbpmg_pipeline_less_than_two:sm0:27:sm1       ; sld_sbpmg                         ; work         ;
;                      |sld_sbpmg:\gen_sbpmg_pipeline_less_than_two:sm0:28:sm1|                                                           ; 2 (2)               ; 2 (2)                     ; 0           ; 0            ; 0       ; 0         ; 0    ; 0            ; |task_5|sld_signaltap:auto_signaltap_0|sld_signaltap_impl:sld_signaltap_body|sld_signaltap_implb:sld_signaltap_body|sld_ela_control:ela_control|sld_ela_basic_multi_level_trigger:\basic_multi_level_mbpm_trigger_gen:multi_level_mbpm|sld_mbpmg:\trigger_modules_gen:0:trigger_match|sld_sbpmg:\gen_sbpmg_pipeline_less_than_two:sm0:28:sm1       ; sld_sbpmg                         ; work         ;
;                      |sld_sbpmg:\gen_sbpmg_pipeline_less_than_two:sm0:29:sm1|                                                           ; 2 (2)               ; 2 (2)                     ; 0           ; 0            ; 0       ; 0         ; 0    ; 0            ; |task_5|sld_signaltap:auto_signaltap_0|sld_signaltap_impl:sld_signaltap_body|sld_signaltap_implb:sld_signaltap_body|sld_ela_control:ela_control|sld_ela_basic_multi_level_trigger:\basic_multi_level_mbpm_trigger_gen:multi_level_mbpm|sld_mbpmg:\trigger_modules_gen:0:trigger_match|sld_sbpmg:\gen_sbpmg_pipeline_less_than_two:sm0:29:sm1       ; sld_sbpmg                         ; work         ;
;                      |sld_sbpmg:\gen_sbpmg_pipeline_less_than_two:sm0:2:sm1|                                                            ; 2 (2)               ; 2 (2)                     ; 0           ; 0            ; 0       ; 0         ; 0    ; 0            ; |task_5|sld_signaltap:auto_signaltap_0|sld_signaltap_impl:sld_signaltap_body|sld_signaltap_implb:sld_signaltap_body|sld_ela_control:ela_control|sld_ela_basic_multi_level_trigger:\basic_multi_level_mbpm_trigger_gen:multi_level_mbpm|sld_mbpmg:\trigger_modules_gen:0:trigger_match|sld_sbpmg:\gen_sbpmg_pipeline_less_than_two:sm0:2:sm1        ; sld_sbpmg                         ; work         ;
;                      |sld_sbpmg:\gen_sbpmg_pipeline_less_than_two:sm0:30:sm1|                                                           ; 2 (2)               ; 2 (2)                     ; 0           ; 0            ; 0       ; 0         ; 0    ; 0            ; |task_5|sld_signaltap:auto_signaltap_0|sld_signaltap_impl:sld_signaltap_body|sld_signaltap_implb:sld_signaltap_body|sld_ela_control:ela_control|sld_ela_basic_multi_level_trigger:\basic_multi_level_mbpm_trigger_gen:multi_level_mbpm|sld_mbpmg:\trigger_modules_gen:0:trigger_match|sld_sbpmg:\gen_sbpmg_pipeline_less_than_two:sm0:30:sm1       ; sld_sbpmg                         ; work         ;
;                      |sld_sbpmg:\gen_sbpmg_pipeline_less_than_two:sm0:31:sm1|                                                           ; 2 (2)               ; 2 (2)                     ; 0           ; 0            ; 0       ; 0         ; 0    ; 0            ; |task_5|sld_signaltap:auto_signaltap_0|sld_signaltap_impl:sld_signaltap_body|sld_signaltap_implb:sld_signaltap_body|sld_ela_control:ela_control|sld_ela_basic_multi_level_trigger:\basic_multi_level_mbpm_trigger_gen:multi_level_mbpm|sld_mbpmg:\trigger_modules_gen:0:trigger_match|sld_sbpmg:\gen_sbpmg_pipeline_less_than_two:sm0:31:sm1       ; sld_sbpmg                         ; work         ;
;                      |sld_sbpmg:\gen_sbpmg_pipeline_less_than_two:sm0:32:sm1|                                                           ; 2 (2)               ; 2 (2)                     ; 0           ; 0            ; 0       ; 0         ; 0    ; 0            ; |task_5|sld_signaltap:auto_signaltap_0|sld_signaltap_impl:sld_signaltap_body|sld_signaltap_implb:sld_signaltap_body|sld_ela_control:ela_control|sld_ela_basic_multi_level_trigger:\basic_multi_level_mbpm_trigger_gen:multi_level_mbpm|sld_mbpmg:\trigger_modules_gen:0:trigger_match|sld_sbpmg:\gen_sbpmg_pipeline_less_than_two:sm0:32:sm1       ; sld_sbpmg                         ; work         ;
;                      |sld_sbpmg:\gen_sbpmg_pipeline_less_than_two:sm0:33:sm1|                                                           ; 2 (2)               ; 2 (2)                     ; 0           ; 0            ; 0       ; 0         ; 0    ; 0            ; |task_5|sld_signaltap:auto_signaltap_0|sld_signaltap_impl:sld_signaltap_body|sld_signaltap_implb:sld_signaltap_body|sld_ela_control:ela_control|sld_ela_basic_multi_level_trigger:\basic_multi_level_mbpm_trigger_gen:multi_level_mbpm|sld_mbpmg:\trigger_modules_gen:0:trigger_match|sld_sbpmg:\gen_sbpmg_pipeline_less_than_two:sm0:33:sm1       ; sld_sbpmg                         ; work         ;
;                      |sld_sbpmg:\gen_sbpmg_pipeline_less_than_two:sm0:34:sm1|                                                           ; 2 (2)               ; 2 (2)                     ; 0           ; 0            ; 0       ; 0         ; 0    ; 0            ; |task_5|sld_signaltap:auto_signaltap_0|sld_signaltap_impl:sld_signaltap_body|sld_signaltap_implb:sld_signaltap_body|sld_ela_control:ela_control|sld_ela_basic_multi_level_trigger:\basic_multi_level_mbpm_trigger_gen:multi_level_mbpm|sld_mbpmg:\trigger_modules_gen:0:trigger_match|sld_sbpmg:\gen_sbpmg_pipeline_less_than_two:sm0:34:sm1       ; sld_sbpmg                         ; work         ;
;                      |sld_sbpmg:\gen_sbpmg_pipeline_less_than_two:sm0:35:sm1|                                                           ; 2 (2)               ; 2 (2)                     ; 0           ; 0            ; 0       ; 0         ; 0    ; 0            ; |task_5|sld_signaltap:auto_signaltap_0|sld_signaltap_impl:sld_signaltap_body|sld_signaltap_implb:sld_signaltap_body|sld_ela_control:ela_control|sld_ela_basic_multi_level_trigger:\basic_multi_level_mbpm_trigger_gen:multi_level_mbpm|sld_mbpmg:\trigger_modules_gen:0:trigger_match|sld_sbpmg:\gen_sbpmg_pipeline_less_than_two:sm0:35:sm1       ; sld_sbpmg                         ; work         ;
;                      |sld_sbpmg:\gen_sbpmg_pipeline_less_than_two:sm0:36:sm1|                                                           ; 2 (2)               ; 2 (2)                     ; 0           ; 0            ; 0       ; 0         ; 0    ; 0            ; |task_5|sld_signaltap:auto_signaltap_0|sld_signaltap_impl:sld_signaltap_body|sld_signaltap_implb:sld_signaltap_body|sld_ela_control:ela_control|sld_ela_basic_multi_level_trigger:\basic_multi_level_mbpm_trigger_gen:multi_level_mbpm|sld_mbpmg:\trigger_modules_gen:0:trigger_match|sld_sbpmg:\gen_sbpmg_pipeline_less_than_two:sm0:36:sm1       ; sld_sbpmg                         ; work         ;
;                      |sld_sbpmg:\gen_sbpmg_pipeline_less_than_two:sm0:37:sm1|                                                           ; 2 (2)               ; 2 (2)                     ; 0           ; 0            ; 0       ; 0         ; 0    ; 0            ; |task_5|sld_signaltap:auto_signaltap_0|sld_signaltap_impl:sld_signaltap_body|sld_signaltap_implb:sld_signaltap_body|sld_ela_control:ela_control|sld_ela_basic_multi_level_trigger:\basic_multi_level_mbpm_trigger_gen:multi_level_mbpm|sld_mbpmg:\trigger_modules_gen:0:trigger_match|sld_sbpmg:\gen_sbpmg_pipeline_less_than_two:sm0:37:sm1       ; sld_sbpmg                         ; work         ;
;                      |sld_sbpmg:\gen_sbpmg_pipeline_less_than_two:sm0:38:sm1|                                                           ; 2 (2)               ; 2 (2)                     ; 0           ; 0            ; 0       ; 0         ; 0    ; 0            ; |task_5|sld_signaltap:auto_signaltap_0|sld_signaltap_impl:sld_signaltap_body|sld_signaltap_implb:sld_signaltap_body|sld_ela_control:ela_control|sld_ela_basic_multi_level_trigger:\basic_multi_level_mbpm_trigger_gen:multi_level_mbpm|sld_mbpmg:\trigger_modules_gen:0:trigger_match|sld_sbpmg:\gen_sbpmg_pipeline_less_than_two:sm0:38:sm1       ; sld_sbpmg                         ; work         ;
;                      |sld_sbpmg:\gen_sbpmg_pipeline_less_than_two:sm0:39:sm1|                                                           ; 2 (2)               ; 2 (2)                     ; 0           ; 0            ; 0       ; 0         ; 0    ; 0            ; |task_5|sld_signaltap:auto_signaltap_0|sld_signaltap_impl:sld_signaltap_body|sld_signaltap_implb:sld_signaltap_body|sld_ela_control:ela_control|sld_ela_basic_multi_level_trigger:\basic_multi_level_mbpm_trigger_gen:multi_level_mbpm|sld_mbpmg:\trigger_modules_gen:0:trigger_match|sld_sbpmg:\gen_sbpmg_pipeline_less_than_two:sm0:39:sm1       ; sld_sbpmg                         ; work         ;
;                      |sld_sbpmg:\gen_sbpmg_pipeline_less_than_two:sm0:3:sm1|                                                            ; 2 (2)               ; 2 (2)                     ; 0           ; 0            ; 0       ; 0         ; 0    ; 0            ; |task_5|sld_signaltap:auto_signaltap_0|sld_signaltap_impl:sld_signaltap_body|sld_signaltap_implb:sld_signaltap_body|sld_ela_control:ela_control|sld_ela_basic_multi_level_trigger:\basic_multi_level_mbpm_trigger_gen:multi_level_mbpm|sld_mbpmg:\trigger_modules_gen:0:trigger_match|sld_sbpmg:\gen_sbpmg_pipeline_less_than_two:sm0:3:sm1        ; sld_sbpmg                         ; work         ;
;                      |sld_sbpmg:\gen_sbpmg_pipeline_less_than_two:sm0:40:sm1|                                                           ; 2 (2)               ; 2 (2)                     ; 0           ; 0            ; 0       ; 0         ; 0    ; 0            ; |task_5|sld_signaltap:auto_signaltap_0|sld_signaltap_impl:sld_signaltap_body|sld_signaltap_implb:sld_signaltap_body|sld_ela_control:ela_control|sld_ela_basic_multi_level_trigger:\basic_multi_level_mbpm_trigger_gen:multi_level_mbpm|sld_mbpmg:\trigger_modules_gen:0:trigger_match|sld_sbpmg:\gen_sbpmg_pipeline_less_than_two:sm0:40:sm1       ; sld_sbpmg                         ; work         ;
;                      |sld_sbpmg:\gen_sbpmg_pipeline_less_than_two:sm0:41:sm1|                                                           ; 2 (2)               ; 2 (2)                     ; 0           ; 0            ; 0       ; 0         ; 0    ; 0            ; |task_5|sld_signaltap:auto_signaltap_0|sld_signaltap_impl:sld_signaltap_body|sld_signaltap_implb:sld_signaltap_body|sld_ela_control:ela_control|sld_ela_basic_multi_level_trigger:\basic_multi_level_mbpm_trigger_gen:multi_level_mbpm|sld_mbpmg:\trigger_modules_gen:0:trigger_match|sld_sbpmg:\gen_sbpmg_pipeline_less_than_two:sm0:41:sm1       ; sld_sbpmg                         ; work         ;
;                      |sld_sbpmg:\gen_sbpmg_pipeline_less_than_two:sm0:42:sm1|                                                           ; 2 (2)               ; 2 (2)                     ; 0           ; 0            ; 0       ; 0         ; 0    ; 0            ; |task_5|sld_signaltap:auto_signaltap_0|sld_signaltap_impl:sld_signaltap_body|sld_signaltap_implb:sld_signaltap_body|sld_ela_control:ela_control|sld_ela_basic_multi_level_trigger:\basic_multi_level_mbpm_trigger_gen:multi_level_mbpm|sld_mbpmg:\trigger_modules_gen:0:trigger_match|sld_sbpmg:\gen_sbpmg_pipeline_less_than_two:sm0:42:sm1       ; sld_sbpmg                         ; work         ;
;                      |sld_sbpmg:\gen_sbpmg_pipeline_less_than_two:sm0:43:sm1|                                                           ; 2 (2)               ; 2 (2)                     ; 0           ; 0            ; 0       ; 0         ; 0    ; 0            ; |task_5|sld_signaltap:auto_signaltap_0|sld_signaltap_impl:sld_signaltap_body|sld_signaltap_implb:sld_signaltap_body|sld_ela_control:ela_control|sld_ela_basic_multi_level_trigger:\basic_multi_level_mbpm_trigger_gen:multi_level_mbpm|sld_mbpmg:\trigger_modules_gen:0:trigger_match|sld_sbpmg:\gen_sbpmg_pipeline_less_than_two:sm0:43:sm1       ; sld_sbpmg                         ; work         ;
;                      |sld_sbpmg:\gen_sbpmg_pipeline_less_than_two:sm0:44:sm1|                                                           ; 2 (2)               ; 2 (2)                     ; 0           ; 0            ; 0       ; 0         ; 0    ; 0            ; |task_5|sld_signaltap:auto_signaltap_0|sld_signaltap_impl:sld_signaltap_body|sld_signaltap_implb:sld_signaltap_body|sld_ela_control:ela_control|sld_ela_basic_multi_level_trigger:\basic_multi_level_mbpm_trigger_gen:multi_level_mbpm|sld_mbpmg:\trigger_modules_gen:0:trigger_match|sld_sbpmg:\gen_sbpmg_pipeline_less_than_two:sm0:44:sm1       ; sld_sbpmg                         ; work         ;
;                      |sld_sbpmg:\gen_sbpmg_pipeline_less_than_two:sm0:45:sm1|                                                           ; 2 (2)               ; 2 (2)                     ; 0           ; 0            ; 0       ; 0         ; 0    ; 0            ; |task_5|sld_signaltap:auto_signaltap_0|sld_signaltap_impl:sld_signaltap_body|sld_signaltap_implb:sld_signaltap_body|sld_ela_control:ela_control|sld_ela_basic_multi_level_trigger:\basic_multi_level_mbpm_trigger_gen:multi_level_mbpm|sld_mbpmg:\trigger_modules_gen:0:trigger_match|sld_sbpmg:\gen_sbpmg_pipeline_less_than_two:sm0:45:sm1       ; sld_sbpmg                         ; work         ;
;                      |sld_sbpmg:\gen_sbpmg_pipeline_less_than_two:sm0:46:sm1|                                                           ; 2 (2)               ; 2 (2)                     ; 0           ; 0            ; 0       ; 0         ; 0    ; 0            ; |task_5|sld_signaltap:auto_signaltap_0|sld_signaltap_impl:sld_signaltap_body|sld_signaltap_implb:sld_signaltap_body|sld_ela_control:ela_control|sld_ela_basic_multi_level_trigger:\basic_multi_level_mbpm_trigger_gen:multi_level_mbpm|sld_mbpmg:\trigger_modules_gen:0:trigger_match|sld_sbpmg:\gen_sbpmg_pipeline_less_than_two:sm0:46:sm1       ; sld_sbpmg                         ; work         ;
;                      |sld_sbpmg:\gen_sbpmg_pipeline_less_than_two:sm0:47:sm1|                                                           ; 2 (2)               ; 2 (2)                     ; 0           ; 0            ; 0       ; 0         ; 0    ; 0            ; |task_5|sld_signaltap:auto_signaltap_0|sld_signaltap_impl:sld_signaltap_body|sld_signaltap_implb:sld_signaltap_body|sld_ela_control:ela_control|sld_ela_basic_multi_level_trigger:\basic_multi_level_mbpm_trigger_gen:multi_level_mbpm|sld_mbpmg:\trigger_modules_gen:0:trigger_match|sld_sbpmg:\gen_sbpmg_pipeline_less_than_two:sm0:47:sm1       ; sld_sbpmg                         ; work         ;
;                      |sld_sbpmg:\gen_sbpmg_pipeline_less_than_two:sm0:48:sm1|                                                           ; 2 (2)               ; 2 (2)                     ; 0           ; 0            ; 0       ; 0         ; 0    ; 0            ; |task_5|sld_signaltap:auto_signaltap_0|sld_signaltap_impl:sld_signaltap_body|sld_signaltap_implb:sld_signaltap_body|sld_ela_control:ela_control|sld_ela_basic_multi_level_trigger:\basic_multi_level_mbpm_trigger_gen:multi_level_mbpm|sld_mbpmg:\trigger_modules_gen:0:trigger_match|sld_sbpmg:\gen_sbpmg_pipeline_less_than_two:sm0:48:sm1       ; sld_sbpmg                         ; work         ;
;                      |sld_sbpmg:\gen_sbpmg_pipeline_less_than_two:sm0:49:sm1|                                                           ; 2 (2)               ; 2 (2)                     ; 0           ; 0            ; 0       ; 0         ; 0    ; 0            ; |task_5|sld_signaltap:auto_signaltap_0|sld_signaltap_impl:sld_signaltap_body|sld_signaltap_implb:sld_signaltap_body|sld_ela_control:ela_control|sld_ela_basic_multi_level_trigger:\basic_multi_level_mbpm_trigger_gen:multi_level_mbpm|sld_mbpmg:\trigger_modules_gen:0:trigger_match|sld_sbpmg:\gen_sbpmg_pipeline_less_than_two:sm0:49:sm1       ; sld_sbpmg                         ; work         ;
;                      |sld_sbpmg:\gen_sbpmg_pipeline_less_than_two:sm0:4:sm1|                                                            ; 2 (2)               ; 2 (2)                     ; 0           ; 0            ; 0       ; 0         ; 0    ; 0            ; |task_5|sld_signaltap:auto_signaltap_0|sld_signaltap_impl:sld_signaltap_body|sld_signaltap_implb:sld_signaltap_body|sld_ela_control:ela_control|sld_ela_basic_multi_level_trigger:\basic_multi_level_mbpm_trigger_gen:multi_level_mbpm|sld_mbpmg:\trigger_modules_gen:0:trigger_match|sld_sbpmg:\gen_sbpmg_pipeline_less_than_two:sm0:4:sm1        ; sld_sbpmg                         ; work         ;
;                      |sld_sbpmg:\gen_sbpmg_pipeline_less_than_two:sm0:50:sm1|                                                           ; 2 (2)               ; 2 (2)                     ; 0           ; 0            ; 0       ; 0         ; 0    ; 0            ; |task_5|sld_signaltap:auto_signaltap_0|sld_signaltap_impl:sld_signaltap_body|sld_signaltap_implb:sld_signaltap_body|sld_ela_control:ela_control|sld_ela_basic_multi_level_trigger:\basic_multi_level_mbpm_trigger_gen:multi_level_mbpm|sld_mbpmg:\trigger_modules_gen:0:trigger_match|sld_sbpmg:\gen_sbpmg_pipeline_less_than_two:sm0:50:sm1       ; sld_sbpmg                         ; work         ;
;                      |sld_sbpmg:\gen_sbpmg_pipeline_less_than_two:sm0:51:sm1|                                                           ; 2 (2)               ; 2 (2)                     ; 0           ; 0            ; 0       ; 0         ; 0    ; 0            ; |task_5|sld_signaltap:auto_signaltap_0|sld_signaltap_impl:sld_signaltap_body|sld_signaltap_implb:sld_signaltap_body|sld_ela_control:ela_control|sld_ela_basic_multi_level_trigger:\basic_multi_level_mbpm_trigger_gen:multi_level_mbpm|sld_mbpmg:\trigger_modules_gen:0:trigger_match|sld_sbpmg:\gen_sbpmg_pipeline_less_than_two:sm0:51:sm1       ; sld_sbpmg                         ; work         ;
;                      |sld_sbpmg:\gen_sbpmg_pipeline_less_than_two:sm0:52:sm1|                                                           ; 2 (2)               ; 2 (2)                     ; 0           ; 0            ; 0       ; 0         ; 0    ; 0            ; |task_5|sld_signaltap:auto_signaltap_0|sld_signaltap_impl:sld_signaltap_body|sld_signaltap_implb:sld_signaltap_body|sld_ela_control:ela_control|sld_ela_basic_multi_level_trigger:\basic_multi_level_mbpm_trigger_gen:multi_level_mbpm|sld_mbpmg:\trigger_modules_gen:0:trigger_match|sld_sbpmg:\gen_sbpmg_pipeline_less_than_two:sm0:52:sm1       ; sld_sbpmg                         ; work         ;
;                      |sld_sbpmg:\gen_sbpmg_pipeline_less_than_two:sm0:53:sm1|                                                           ; 2 (2)               ; 2 (2)                     ; 0           ; 0            ; 0       ; 0         ; 0    ; 0            ; |task_5|sld_signaltap:auto_signaltap_0|sld_signaltap_impl:sld_signaltap_body|sld_signaltap_implb:sld_signaltap_body|sld_ela_control:ela_control|sld_ela_basic_multi_level_trigger:\basic_multi_level_mbpm_trigger_gen:multi_level_mbpm|sld_mbpmg:\trigger_modules_gen:0:trigger_match|sld_sbpmg:\gen_sbpmg_pipeline_less_than_two:sm0:53:sm1       ; sld_sbpmg                         ; work         ;
;                      |sld_sbpmg:\gen_sbpmg_pipeline_less_than_two:sm0:54:sm1|                                                           ; 2 (2)               ; 2 (2)                     ; 0           ; 0            ; 0       ; 0         ; 0    ; 0            ; |task_5|sld_signaltap:auto_signaltap_0|sld_signaltap_impl:sld_signaltap_body|sld_signaltap_implb:sld_signaltap_body|sld_ela_control:ela_control|sld_ela_basic_multi_level_trigger:\basic_multi_level_mbpm_trigger_gen:multi_level_mbpm|sld_mbpmg:\trigger_modules_gen:0:trigger_match|sld_sbpmg:\gen_sbpmg_pipeline_less_than_two:sm0:54:sm1       ; sld_sbpmg                         ; work         ;
;                      |sld_sbpmg:\gen_sbpmg_pipeline_less_than_two:sm0:55:sm1|                                                           ; 2 (2)               ; 2 (2)                     ; 0           ; 0            ; 0       ; 0         ; 0    ; 0            ; |task_5|sld_signaltap:auto_signaltap_0|sld_signaltap_impl:sld_signaltap_body|sld_signaltap_implb:sld_signaltap_body|sld_ela_control:ela_control|sld_ela_basic_multi_level_trigger:\basic_multi_level_mbpm_trigger_gen:multi_level_mbpm|sld_mbpmg:\trigger_modules_gen:0:trigger_match|sld_sbpmg:\gen_sbpmg_pipeline_less_than_two:sm0:55:sm1       ; sld_sbpmg                         ; work         ;
;                      |sld_sbpmg:\gen_sbpmg_pipeline_less_than_two:sm0:56:sm1|                                                           ; 2 (2)               ; 2 (2)                     ; 0           ; 0            ; 0       ; 0         ; 0    ; 0            ; |task_5|sld_signaltap:auto_signaltap_0|sld_signaltap_impl:sld_signaltap_body|sld_signaltap_implb:sld_signaltap_body|sld_ela_control:ela_control|sld_ela_basic_multi_level_trigger:\basic_multi_level_mbpm_trigger_gen:multi_level_mbpm|sld_mbpmg:\trigger_modules_gen:0:trigger_match|sld_sbpmg:\gen_sbpmg_pipeline_less_than_two:sm0:56:sm1       ; sld_sbpmg                         ; work         ;
;                      |sld_sbpmg:\gen_sbpmg_pipeline_less_than_two:sm0:57:sm1|                                                           ; 2 (2)               ; 2 (2)                     ; 0           ; 0            ; 0       ; 0         ; 0    ; 0            ; |task_5|sld_signaltap:auto_signaltap_0|sld_signaltap_impl:sld_signaltap_body|sld_signaltap_implb:sld_signaltap_body|sld_ela_control:ela_control|sld_ela_basic_multi_level_trigger:\basic_multi_level_mbpm_trigger_gen:multi_level_mbpm|sld_mbpmg:\trigger_modules_gen:0:trigger_match|sld_sbpmg:\gen_sbpmg_pipeline_less_than_two:sm0:57:sm1       ; sld_sbpmg                         ; work         ;
;                      |sld_sbpmg:\gen_sbpmg_pipeline_less_than_two:sm0:58:sm1|                                                           ; 2 (2)               ; 2 (2)                     ; 0           ; 0            ; 0       ; 0         ; 0    ; 0            ; |task_5|sld_signaltap:auto_signaltap_0|sld_signaltap_impl:sld_signaltap_body|sld_signaltap_implb:sld_signaltap_body|sld_ela_control:ela_control|sld_ela_basic_multi_level_trigger:\basic_multi_level_mbpm_trigger_gen:multi_level_mbpm|sld_mbpmg:\trigger_modules_gen:0:trigger_match|sld_sbpmg:\gen_sbpmg_pipeline_less_than_two:sm0:58:sm1       ; sld_sbpmg                         ; work         ;
;                      |sld_sbpmg:\gen_sbpmg_pipeline_less_than_two:sm0:59:sm1|                                                           ; 2 (2)               ; 2 (2)                     ; 0           ; 0            ; 0       ; 0         ; 0    ; 0            ; |task_5|sld_signaltap:auto_signaltap_0|sld_signaltap_impl:sld_signaltap_body|sld_signaltap_implb:sld_signaltap_body|sld_ela_control:ela_control|sld_ela_basic_multi_level_trigger:\basic_multi_level_mbpm_trigger_gen:multi_level_mbpm|sld_mbpmg:\trigger_modules_gen:0:trigger_match|sld_sbpmg:\gen_sbpmg_pipeline_less_than_two:sm0:59:sm1       ; sld_sbpmg                         ; work         ;
;                      |sld_sbpmg:\gen_sbpmg_pipeline_less_than_two:sm0:5:sm1|                                                            ; 2 (2)               ; 2 (2)                     ; 0           ; 0            ; 0       ; 0         ; 0    ; 0            ; |task_5|sld_signaltap:auto_signaltap_0|sld_signaltap_impl:sld_signaltap_body|sld_signaltap_implb:sld_signaltap_body|sld_ela_control:ela_control|sld_ela_basic_multi_level_trigger:\basic_multi_level_mbpm_trigger_gen:multi_level_mbpm|sld_mbpmg:\trigger_modules_gen:0:trigger_match|sld_sbpmg:\gen_sbpmg_pipeline_less_than_two:sm0:5:sm1        ; sld_sbpmg                         ; work         ;
;                      |sld_sbpmg:\gen_sbpmg_pipeline_less_than_two:sm0:60:sm1|                                                           ; 2 (2)               ; 2 (2)                     ; 0           ; 0            ; 0       ; 0         ; 0    ; 0            ; |task_5|sld_signaltap:auto_signaltap_0|sld_signaltap_impl:sld_signaltap_body|sld_signaltap_implb:sld_signaltap_body|sld_ela_control:ela_control|sld_ela_basic_multi_level_trigger:\basic_multi_level_mbpm_trigger_gen:multi_level_mbpm|sld_mbpmg:\trigger_modules_gen:0:trigger_match|sld_sbpmg:\gen_sbpmg_pipeline_less_than_two:sm0:60:sm1       ; sld_sbpmg                         ; work         ;
;                      |sld_sbpmg:\gen_sbpmg_pipeline_less_than_two:sm0:61:sm1|                                                           ; 2 (2)               ; 2 (2)                     ; 0           ; 0            ; 0       ; 0         ; 0    ; 0            ; |task_5|sld_signaltap:auto_signaltap_0|sld_signaltap_impl:sld_signaltap_body|sld_signaltap_implb:sld_signaltap_body|sld_ela_control:ela_control|sld_ela_basic_multi_level_trigger:\basic_multi_level_mbpm_trigger_gen:multi_level_mbpm|sld_mbpmg:\trigger_modules_gen:0:trigger_match|sld_sbpmg:\gen_sbpmg_pipeline_less_than_two:sm0:61:sm1       ; sld_sbpmg                         ; work         ;
;                      |sld_sbpmg:\gen_sbpmg_pipeline_less_than_two:sm0:62:sm1|                                                           ; 2 (2)               ; 2 (2)                     ; 0           ; 0            ; 0       ; 0         ; 0    ; 0            ; |task_5|sld_signaltap:auto_signaltap_0|sld_signaltap_impl:sld_signaltap_body|sld_signaltap_implb:sld_signaltap_body|sld_ela_control:ela_control|sld_ela_basic_multi_level_trigger:\basic_multi_level_mbpm_trigger_gen:multi_level_mbpm|sld_mbpmg:\trigger_modules_gen:0:trigger_match|sld_sbpmg:\gen_sbpmg_pipeline_less_than_two:sm0:62:sm1       ; sld_sbpmg                         ; work         ;
;                      |sld_sbpmg:\gen_sbpmg_pipeline_less_than_two:sm0:63:sm1|                                                           ; 2 (2)               ; 2 (2)                     ; 0           ; 0            ; 0       ; 0         ; 0    ; 0            ; |task_5|sld_signaltap:auto_signaltap_0|sld_signaltap_impl:sld_signaltap_body|sld_signaltap_implb:sld_signaltap_body|sld_ela_control:ela_control|sld_ela_basic_multi_level_trigger:\basic_multi_level_mbpm_trigger_gen:multi_level_mbpm|sld_mbpmg:\trigger_modules_gen:0:trigger_match|sld_sbpmg:\gen_sbpmg_pipeline_less_than_two:sm0:63:sm1       ; sld_sbpmg                         ; work         ;
;                      |sld_sbpmg:\gen_sbpmg_pipeline_less_than_two:sm0:64:sm1|                                                           ; 2 (2)               ; 2 (2)                     ; 0           ; 0            ; 0       ; 0         ; 0    ; 0            ; |task_5|sld_signaltap:auto_signaltap_0|sld_signaltap_impl:sld_signaltap_body|sld_signaltap_implb:sld_signaltap_body|sld_ela_control:ela_control|sld_ela_basic_multi_level_trigger:\basic_multi_level_mbpm_trigger_gen:multi_level_mbpm|sld_mbpmg:\trigger_modules_gen:0:trigger_match|sld_sbpmg:\gen_sbpmg_pipeline_less_than_two:sm0:64:sm1       ; sld_sbpmg                         ; work         ;
;                      |sld_sbpmg:\gen_sbpmg_pipeline_less_than_two:sm0:65:sm1|                                                           ; 2 (2)               ; 2 (2)                     ; 0           ; 0            ; 0       ; 0         ; 0    ; 0            ; |task_5|sld_signaltap:auto_signaltap_0|sld_signaltap_impl:sld_signaltap_body|sld_signaltap_implb:sld_signaltap_body|sld_ela_control:ela_control|sld_ela_basic_multi_level_trigger:\basic_multi_level_mbpm_trigger_gen:multi_level_mbpm|sld_mbpmg:\trigger_modules_gen:0:trigger_match|sld_sbpmg:\gen_sbpmg_pipeline_less_than_two:sm0:65:sm1       ; sld_sbpmg                         ; work         ;
;                      |sld_sbpmg:\gen_sbpmg_pipeline_less_than_two:sm0:66:sm1|                                                           ; 2 (2)               ; 2 (2)                     ; 0           ; 0            ; 0       ; 0         ; 0    ; 0            ; |task_5|sld_signaltap:auto_signaltap_0|sld_signaltap_impl:sld_signaltap_body|sld_signaltap_implb:sld_signaltap_body|sld_ela_control:ela_control|sld_ela_basic_multi_level_trigger:\basic_multi_level_mbpm_trigger_gen:multi_level_mbpm|sld_mbpmg:\trigger_modules_gen:0:trigger_match|sld_sbpmg:\gen_sbpmg_pipeline_less_than_two:sm0:66:sm1       ; sld_sbpmg                         ; work         ;
;                      |sld_sbpmg:\gen_sbpmg_pipeline_less_than_two:sm0:67:sm1|                                                           ; 2 (2)               ; 2 (2)                     ; 0           ; 0            ; 0       ; 0         ; 0    ; 0            ; |task_5|sld_signaltap:auto_signaltap_0|sld_signaltap_impl:sld_signaltap_body|sld_signaltap_implb:sld_signaltap_body|sld_ela_control:ela_control|sld_ela_basic_multi_level_trigger:\basic_multi_level_mbpm_trigger_gen:multi_level_mbpm|sld_mbpmg:\trigger_modules_gen:0:trigger_match|sld_sbpmg:\gen_sbpmg_pipeline_less_than_two:sm0:67:sm1       ; sld_sbpmg                         ; work         ;
;                      |sld_sbpmg:\gen_sbpmg_pipeline_less_than_two:sm0:68:sm1|                                                           ; 2 (2)               ; 2 (2)                     ; 0           ; 0            ; 0       ; 0         ; 0    ; 0            ; |task_5|sld_signaltap:auto_signaltap_0|sld_signaltap_impl:sld_signaltap_body|sld_signaltap_implb:sld_signaltap_body|sld_ela_control:ela_control|sld_ela_basic_multi_level_trigger:\basic_multi_level_mbpm_trigger_gen:multi_level_mbpm|sld_mbpmg:\trigger_modules_gen:0:trigger_match|sld_sbpmg:\gen_sbpmg_pipeline_less_than_two:sm0:68:sm1       ; sld_sbpmg                         ; work         ;
;                      |sld_sbpmg:\gen_sbpmg_pipeline_less_than_two:sm0:69:sm1|                                                           ; 2 (2)               ; 2 (2)                     ; 0           ; 0            ; 0       ; 0         ; 0    ; 0            ; |task_5|sld_signaltap:auto_signaltap_0|sld_signaltap_impl:sld_signaltap_body|sld_signaltap_implb:sld_signaltap_body|sld_ela_control:ela_control|sld_ela_basic_multi_level_trigger:\basic_multi_level_mbpm_trigger_gen:multi_level_mbpm|sld_mbpmg:\trigger_modules_gen:0:trigger_match|sld_sbpmg:\gen_sbpmg_pipeline_less_than_two:sm0:69:sm1       ; sld_sbpmg                         ; work         ;
;                      |sld_sbpmg:\gen_sbpmg_pipeline_less_than_two:sm0:6:sm1|                                                            ; 2 (2)               ; 2 (2)                     ; 0           ; 0            ; 0       ; 0         ; 0    ; 0            ; |task_5|sld_signaltap:auto_signaltap_0|sld_signaltap_impl:sld_signaltap_body|sld_signaltap_implb:sld_signaltap_body|sld_ela_control:ela_control|sld_ela_basic_multi_level_trigger:\basic_multi_level_mbpm_trigger_gen:multi_level_mbpm|sld_mbpmg:\trigger_modules_gen:0:trigger_match|sld_sbpmg:\gen_sbpmg_pipeline_less_than_two:sm0:6:sm1        ; sld_sbpmg                         ; work         ;
;                      |sld_sbpmg:\gen_sbpmg_pipeline_less_than_two:sm0:70:sm1|                                                           ; 2 (2)               ; 2 (2)                     ; 0           ; 0            ; 0       ; 0         ; 0    ; 0            ; |task_5|sld_signaltap:auto_signaltap_0|sld_signaltap_impl:sld_signaltap_body|sld_signaltap_implb:sld_signaltap_body|sld_ela_control:ela_control|sld_ela_basic_multi_level_trigger:\basic_multi_level_mbpm_trigger_gen:multi_level_mbpm|sld_mbpmg:\trigger_modules_gen:0:trigger_match|sld_sbpmg:\gen_sbpmg_pipeline_less_than_two:sm0:70:sm1       ; sld_sbpmg                         ; work         ;
;                      |sld_sbpmg:\gen_sbpmg_pipeline_less_than_two:sm0:71:sm1|                                                           ; 2 (2)               ; 2 (2)                     ; 0           ; 0            ; 0       ; 0         ; 0    ; 0            ; |task_5|sld_signaltap:auto_signaltap_0|sld_signaltap_impl:sld_signaltap_body|sld_signaltap_implb:sld_signaltap_body|sld_ela_control:ela_control|sld_ela_basic_multi_level_trigger:\basic_multi_level_mbpm_trigger_gen:multi_level_mbpm|sld_mbpmg:\trigger_modules_gen:0:trigger_match|sld_sbpmg:\gen_sbpmg_pipeline_less_than_two:sm0:71:sm1       ; sld_sbpmg                         ; work         ;
;                      |sld_sbpmg:\gen_sbpmg_pipeline_less_than_two:sm0:72:sm1|                                                           ; 2 (2)               ; 2 (2)                     ; 0           ; 0            ; 0       ; 0         ; 0    ; 0            ; |task_5|sld_signaltap:auto_signaltap_0|sld_signaltap_impl:sld_signaltap_body|sld_signaltap_implb:sld_signaltap_body|sld_ela_control:ela_control|sld_ela_basic_multi_level_trigger:\basic_multi_level_mbpm_trigger_gen:multi_level_mbpm|sld_mbpmg:\trigger_modules_gen:0:trigger_match|sld_sbpmg:\gen_sbpmg_pipeline_less_than_two:sm0:72:sm1       ; sld_sbpmg                         ; work         ;
;                      |sld_sbpmg:\gen_sbpmg_pipeline_less_than_two:sm0:73:sm1|                                                           ; 2 (2)               ; 2 (2)                     ; 0           ; 0            ; 0       ; 0         ; 0    ; 0            ; |task_5|sld_signaltap:auto_signaltap_0|sld_signaltap_impl:sld_signaltap_body|sld_signaltap_implb:sld_signaltap_body|sld_ela_control:ela_control|sld_ela_basic_multi_level_trigger:\basic_multi_level_mbpm_trigger_gen:multi_level_mbpm|sld_mbpmg:\trigger_modules_gen:0:trigger_match|sld_sbpmg:\gen_sbpmg_pipeline_less_than_two:sm0:73:sm1       ; sld_sbpmg                         ; work         ;
;                      |sld_sbpmg:\gen_sbpmg_pipeline_less_than_two:sm0:74:sm1|                                                           ; 2 (2)               ; 2 (2)                     ; 0           ; 0            ; 0       ; 0         ; 0    ; 0            ; |task_5|sld_signaltap:auto_signaltap_0|sld_signaltap_impl:sld_signaltap_body|sld_signaltap_implb:sld_signaltap_body|sld_ela_control:ela_control|sld_ela_basic_multi_level_trigger:\basic_multi_level_mbpm_trigger_gen:multi_level_mbpm|sld_mbpmg:\trigger_modules_gen:0:trigger_match|sld_sbpmg:\gen_sbpmg_pipeline_less_than_two:sm0:74:sm1       ; sld_sbpmg                         ; work         ;
;                      |sld_sbpmg:\gen_sbpmg_pipeline_less_than_two:sm0:75:sm1|                                                           ; 2 (2)               ; 2 (2)                     ; 0           ; 0            ; 0       ; 0         ; 0    ; 0            ; |task_5|sld_signaltap:auto_signaltap_0|sld_signaltap_impl:sld_signaltap_body|sld_signaltap_implb:sld_signaltap_body|sld_ela_control:ela_control|sld_ela_basic_multi_level_trigger:\basic_multi_level_mbpm_trigger_gen:multi_level_mbpm|sld_mbpmg:\trigger_modules_gen:0:trigger_match|sld_sbpmg:\gen_sbpmg_pipeline_less_than_two:sm0:75:sm1       ; sld_sbpmg                         ; work         ;
;                      |sld_sbpmg:\gen_sbpmg_pipeline_less_than_two:sm0:76:sm1|                                                           ; 2 (2)               ; 2 (2)                     ; 0           ; 0            ; 0       ; 0         ; 0    ; 0            ; |task_5|sld_signaltap:auto_signaltap_0|sld_signaltap_impl:sld_signaltap_body|sld_signaltap_implb:sld_signaltap_body|sld_ela_control:ela_control|sld_ela_basic_multi_level_trigger:\basic_multi_level_mbpm_trigger_gen:multi_level_mbpm|sld_mbpmg:\trigger_modules_gen:0:trigger_match|sld_sbpmg:\gen_sbpmg_pipeline_less_than_two:sm0:76:sm1       ; sld_sbpmg                         ; work         ;
;                      |sld_sbpmg:\gen_sbpmg_pipeline_less_than_two:sm0:77:sm1|                                                           ; 2 (2)               ; 2 (2)                     ; 0           ; 0            ; 0       ; 0         ; 0    ; 0            ; |task_5|sld_signaltap:auto_signaltap_0|sld_signaltap_impl:sld_signaltap_body|sld_signaltap_implb:sld_signaltap_body|sld_ela_control:ela_control|sld_ela_basic_multi_level_trigger:\basic_multi_level_mbpm_trigger_gen:multi_level_mbpm|sld_mbpmg:\trigger_modules_gen:0:trigger_match|sld_sbpmg:\gen_sbpmg_pipeline_less_than_two:sm0:77:sm1       ; sld_sbpmg                         ; work         ;
;                      |sld_sbpmg:\gen_sbpmg_pipeline_less_than_two:sm0:78:sm1|                                                           ; 2 (2)               ; 2 (2)                     ; 0           ; 0            ; 0       ; 0         ; 0    ; 0            ; |task_5|sld_signaltap:auto_signaltap_0|sld_signaltap_impl:sld_signaltap_body|sld_signaltap_implb:sld_signaltap_body|sld_ela_control:ela_control|sld_ela_basic_multi_level_trigger:\basic_multi_level_mbpm_trigger_gen:multi_level_mbpm|sld_mbpmg:\trigger_modules_gen:0:trigger_match|sld_sbpmg:\gen_sbpmg_pipeline_less_than_two:sm0:78:sm1       ; sld_sbpmg                         ; work         ;
;                      |sld_sbpmg:\gen_sbpmg_pipeline_less_than_two:sm0:79:sm1|                                                           ; 2 (2)               ; 2 (2)                     ; 0           ; 0            ; 0       ; 0         ; 0    ; 0            ; |task_5|sld_signaltap:auto_signaltap_0|sld_signaltap_impl:sld_signaltap_body|sld_signaltap_implb:sld_signaltap_body|sld_ela_control:ela_control|sld_ela_basic_multi_level_trigger:\basic_multi_level_mbpm_trigger_gen:multi_level_mbpm|sld_mbpmg:\trigger_modules_gen:0:trigger_match|sld_sbpmg:\gen_sbpmg_pipeline_less_than_two:sm0:79:sm1       ; sld_sbpmg                         ; work         ;
;                      |sld_sbpmg:\gen_sbpmg_pipeline_less_than_two:sm0:7:sm1|                                                            ; 2 (2)               ; 2 (2)                     ; 0           ; 0            ; 0       ; 0         ; 0    ; 0            ; |task_5|sld_signaltap:auto_signaltap_0|sld_signaltap_impl:sld_signaltap_body|sld_signaltap_implb:sld_signaltap_body|sld_ela_control:ela_control|sld_ela_basic_multi_level_trigger:\basic_multi_level_mbpm_trigger_gen:multi_level_mbpm|sld_mbpmg:\trigger_modules_gen:0:trigger_match|sld_sbpmg:\gen_sbpmg_pipeline_less_than_two:sm0:7:sm1        ; sld_sbpmg                         ; work         ;
;                      |sld_sbpmg:\gen_sbpmg_pipeline_less_than_two:sm0:80:sm1|                                                           ; 2 (2)               ; 2 (2)                     ; 0           ; 0            ; 0       ; 0         ; 0    ; 0            ; |task_5|sld_signaltap:auto_signaltap_0|sld_signaltap_impl:sld_signaltap_body|sld_signaltap_implb:sld_signaltap_body|sld_ela_control:ela_control|sld_ela_basic_multi_level_trigger:\basic_multi_level_mbpm_trigger_gen:multi_level_mbpm|sld_mbpmg:\trigger_modules_gen:0:trigger_match|sld_sbpmg:\gen_sbpmg_pipeline_less_than_two:sm0:80:sm1       ; sld_sbpmg                         ; work         ;
;                      |sld_sbpmg:\gen_sbpmg_pipeline_less_than_two:sm0:81:sm1|                                                           ; 2 (2)               ; 2 (2)                     ; 0           ; 0            ; 0       ; 0         ; 0    ; 0            ; |task_5|sld_signaltap:auto_signaltap_0|sld_signaltap_impl:sld_signaltap_body|sld_signaltap_implb:sld_signaltap_body|sld_ela_control:ela_control|sld_ela_basic_multi_level_trigger:\basic_multi_level_mbpm_trigger_gen:multi_level_mbpm|sld_mbpmg:\trigger_modules_gen:0:trigger_match|sld_sbpmg:\gen_sbpmg_pipeline_less_than_two:sm0:81:sm1       ; sld_sbpmg                         ; work         ;
;                      |sld_sbpmg:\gen_sbpmg_pipeline_less_than_two:sm0:82:sm1|                                                           ; 2 (2)               ; 2 (2)                     ; 0           ; 0            ; 0       ; 0         ; 0    ; 0            ; |task_5|sld_signaltap:auto_signaltap_0|sld_signaltap_impl:sld_signaltap_body|sld_signaltap_implb:sld_signaltap_body|sld_ela_control:ela_control|sld_ela_basic_multi_level_trigger:\basic_multi_level_mbpm_trigger_gen:multi_level_mbpm|sld_mbpmg:\trigger_modules_gen:0:trigger_match|sld_sbpmg:\gen_sbpmg_pipeline_less_than_two:sm0:82:sm1       ; sld_sbpmg                         ; work         ;
;                      |sld_sbpmg:\gen_sbpmg_pipeline_less_than_two:sm0:83:sm1|                                                           ; 2 (2)               ; 2 (2)                     ; 0           ; 0            ; 0       ; 0         ; 0    ; 0            ; |task_5|sld_signaltap:auto_signaltap_0|sld_signaltap_impl:sld_signaltap_body|sld_signaltap_implb:sld_signaltap_body|sld_ela_control:ela_control|sld_ela_basic_multi_level_trigger:\basic_multi_level_mbpm_trigger_gen:multi_level_mbpm|sld_mbpmg:\trigger_modules_gen:0:trigger_match|sld_sbpmg:\gen_sbpmg_pipeline_less_than_two:sm0:83:sm1       ; sld_sbpmg                         ; work         ;
;                      |sld_sbpmg:\gen_sbpmg_pipeline_less_than_two:sm0:84:sm1|                                                           ; 2 (2)               ; 2 (2)                     ; 0           ; 0            ; 0       ; 0         ; 0    ; 0            ; |task_5|sld_signaltap:auto_signaltap_0|sld_signaltap_impl:sld_signaltap_body|sld_signaltap_implb:sld_signaltap_body|sld_ela_control:ela_control|sld_ela_basic_multi_level_trigger:\basic_multi_level_mbpm_trigger_gen:multi_level_mbpm|sld_mbpmg:\trigger_modules_gen:0:trigger_match|sld_sbpmg:\gen_sbpmg_pipeline_less_than_two:sm0:84:sm1       ; sld_sbpmg                         ; work         ;
;                      |sld_sbpmg:\gen_sbpmg_pipeline_less_than_two:sm0:85:sm1|                                                           ; 2 (2)               ; 2 (2)                     ; 0           ; 0            ; 0       ; 0         ; 0    ; 0            ; |task_5|sld_signaltap:auto_signaltap_0|sld_signaltap_impl:sld_signaltap_body|sld_signaltap_implb:sld_signaltap_body|sld_ela_control:ela_control|sld_ela_basic_multi_level_trigger:\basic_multi_level_mbpm_trigger_gen:multi_level_mbpm|sld_mbpmg:\trigger_modules_gen:0:trigger_match|sld_sbpmg:\gen_sbpmg_pipeline_less_than_two:sm0:85:sm1       ; sld_sbpmg                         ; work         ;
;                      |sld_sbpmg:\gen_sbpmg_pipeline_less_than_two:sm0:86:sm1|                                                           ; 2 (2)               ; 2 (2)                     ; 0           ; 0            ; 0       ; 0         ; 0    ; 0            ; |task_5|sld_signaltap:auto_signaltap_0|sld_signaltap_impl:sld_signaltap_body|sld_signaltap_implb:sld_signaltap_body|sld_ela_control:ela_control|sld_ela_basic_multi_level_trigger:\basic_multi_level_mbpm_trigger_gen:multi_level_mbpm|sld_mbpmg:\trigger_modules_gen:0:trigger_match|sld_sbpmg:\gen_sbpmg_pipeline_less_than_two:sm0:86:sm1       ; sld_sbpmg                         ; work         ;
;                      |sld_sbpmg:\gen_sbpmg_pipeline_less_than_two:sm0:87:sm1|                                                           ; 2 (2)               ; 2 (2)                     ; 0           ; 0            ; 0       ; 0         ; 0    ; 0            ; |task_5|sld_signaltap:auto_signaltap_0|sld_signaltap_impl:sld_signaltap_body|sld_signaltap_implb:sld_signaltap_body|sld_ela_control:ela_control|sld_ela_basic_multi_level_trigger:\basic_multi_level_mbpm_trigger_gen:multi_level_mbpm|sld_mbpmg:\trigger_modules_gen:0:trigger_match|sld_sbpmg:\gen_sbpmg_pipeline_less_than_two:sm0:87:sm1       ; sld_sbpmg                         ; work         ;
;                      |sld_sbpmg:\gen_sbpmg_pipeline_less_than_two:sm0:88:sm1|                                                           ; 2 (2)               ; 2 (2)                     ; 0           ; 0            ; 0       ; 0         ; 0    ; 0            ; |task_5|sld_signaltap:auto_signaltap_0|sld_signaltap_impl:sld_signaltap_body|sld_signaltap_implb:sld_signaltap_body|sld_ela_control:ela_control|sld_ela_basic_multi_level_trigger:\basic_multi_level_mbpm_trigger_gen:multi_level_mbpm|sld_mbpmg:\trigger_modules_gen:0:trigger_match|sld_sbpmg:\gen_sbpmg_pipeline_less_than_two:sm0:88:sm1       ; sld_sbpmg                         ; work         ;
;                      |sld_sbpmg:\gen_sbpmg_pipeline_less_than_two:sm0:8:sm1|                                                            ; 2 (2)               ; 2 (2)                     ; 0           ; 0            ; 0       ; 0         ; 0    ; 0            ; |task_5|sld_signaltap:auto_signaltap_0|sld_signaltap_impl:sld_signaltap_body|sld_signaltap_implb:sld_signaltap_body|sld_ela_control:ela_control|sld_ela_basic_multi_level_trigger:\basic_multi_level_mbpm_trigger_gen:multi_level_mbpm|sld_mbpmg:\trigger_modules_gen:0:trigger_match|sld_sbpmg:\gen_sbpmg_pipeline_less_than_two:sm0:8:sm1        ; sld_sbpmg                         ; work         ;
;                      |sld_sbpmg:\gen_sbpmg_pipeline_less_than_two:sm0:9:sm1|                                                            ; 2 (2)               ; 2 (2)                     ; 0           ; 0            ; 0       ; 0         ; 0    ; 0            ; |task_5|sld_signaltap:auto_signaltap_0|sld_signaltap_impl:sld_signaltap_body|sld_signaltap_implb:sld_signaltap_body|sld_ela_control:ela_control|sld_ela_basic_multi_level_trigger:\basic_multi_level_mbpm_trigger_gen:multi_level_mbpm|sld_mbpmg:\trigger_modules_gen:0:trigger_match|sld_sbpmg:\gen_sbpmg_pipeline_less_than_two:sm0:9:sm1        ; sld_sbpmg                         ; work         ;
;                |sld_ela_trigger_flow_mgr:\builtin:ela_trigger_flow_mgr_entity|                                                          ; 31 (31)             ; 11 (1)                    ; 0           ; 0            ; 0       ; 0         ; 0    ; 0            ; |task_5|sld_signaltap:auto_signaltap_0|sld_signaltap_impl:sld_signaltap_body|sld_signaltap_implb:sld_signaltap_body|sld_ela_control:ela_control|sld_ela_trigger_flow_mgr:\builtin:ela_trigger_flow_mgr_entity                                                                                                                                      ; sld_ela_trigger_flow_mgr          ; work         ;
;                   |lpm_shiftreg:trigger_config_deserialize|                                                                             ; 0 (0)               ; 10 (10)                   ; 0           ; 0            ; 0       ; 0         ; 0    ; 0            ; |task_5|sld_signaltap:auto_signaltap_0|sld_signaltap_impl:sld_signaltap_body|sld_signaltap_implb:sld_signaltap_body|sld_ela_control:ela_control|sld_ela_trigger_flow_mgr:\builtin:ela_trigger_flow_mgr_entity|lpm_shiftreg:trigger_config_deserialize                                                                                              ; lpm_shiftreg                      ; work         ;
;             |sld_offload_buffer_mgr:\stp_non_zero_depth_offload_gen:stp_offload_buff_mgr_inst|                                          ; 155 (11)            ; 138 (0)                   ; 0           ; 0            ; 0       ; 0         ; 0    ; 0            ; |task_5|sld_signaltap:auto_signaltap_0|sld_signaltap_impl:sld_signaltap_body|sld_signaltap_implb:sld_signaltap_body|sld_offload_buffer_mgr:\stp_non_zero_depth_offload_gen:stp_offload_buff_mgr_inst                                                                                                                                               ; sld_offload_buffer_mgr            ; work         ;
;                |lpm_counter:\adv_point_3_and_more:advance_pointer_counter|                                                              ; 9 (0)               ; 7 (0)                     ; 0           ; 0            ; 0       ; 0         ; 0    ; 0            ; |task_5|sld_signaltap:auto_signaltap_0|sld_signaltap_impl:sld_signaltap_body|sld_signaltap_implb:sld_signaltap_body|sld_offload_buffer_mgr:\stp_non_zero_depth_offload_gen:stp_offload_buff_mgr_inst|lpm_counter:\adv_point_3_and_more:advance_pointer_counter                                                                                     ; lpm_counter                       ; work         ;
;                   |cntr_tgi:auto_generated|                                                                                             ; 9 (9)               ; 7 (7)                     ; 0           ; 0            ; 0       ; 0         ; 0    ; 0            ; |task_5|sld_signaltap:auto_signaltap_0|sld_signaltap_impl:sld_signaltap_body|sld_signaltap_implb:sld_signaltap_body|sld_offload_buffer_mgr:\stp_non_zero_depth_offload_gen:stp_offload_buff_mgr_inst|lpm_counter:\adv_point_3_and_more:advance_pointer_counter|cntr_tgi:auto_generated                                                             ; cntr_tgi                          ; work         ;
;                |lpm_counter:read_pointer_counter|                                                                                       ; 7 (0)               ; 7 (0)                     ; 0           ; 0            ; 0       ; 0         ; 0    ; 0            ; |task_5|sld_signaltap:auto_signaltap_0|sld_signaltap_impl:sld_signaltap_body|sld_signaltap_implb:sld_signaltap_body|sld_offload_buffer_mgr:\stp_non_zero_depth_offload_gen:stp_offload_buff_mgr_inst|lpm_counter:read_pointer_counter                                                                                                              ; lpm_counter                       ; work         ;
;                   |cntr_i6j:auto_generated|                                                                                             ; 7 (7)               ; 7 (7)                     ; 0           ; 0            ; 0       ; 0         ; 0    ; 0            ; |task_5|sld_signaltap:auto_signaltap_0|sld_signaltap_impl:sld_signaltap_body|sld_signaltap_implb:sld_signaltap_body|sld_offload_buffer_mgr:\stp_non_zero_depth_offload_gen:stp_offload_buff_mgr_inst|lpm_counter:read_pointer_counter|cntr_i6j:auto_generated                                                                                      ; cntr_i6j                          ; work         ;
;                |lpm_counter:status_advance_pointer_counter|                                                                             ; 6 (0)               ; 4 (0)                     ; 0           ; 0            ; 0       ; 0         ; 0    ; 0            ; |task_5|sld_signaltap:auto_signaltap_0|sld_signaltap_impl:sld_signaltap_body|sld_signaltap_implb:sld_signaltap_body|sld_offload_buffer_mgr:\stp_non_zero_depth_offload_gen:stp_offload_buff_mgr_inst|lpm_counter:status_advance_pointer_counter                                                                                                    ; lpm_counter                       ; work         ;
;                   |cntr_egi:auto_generated|                                                                                             ; 6 (6)               ; 4 (4)                     ; 0           ; 0            ; 0       ; 0         ; 0    ; 0            ; |task_5|sld_signaltap:auto_signaltap_0|sld_signaltap_impl:sld_signaltap_body|sld_signaltap_implb:sld_signaltap_body|sld_offload_buffer_mgr:\stp_non_zero_depth_offload_gen:stp_offload_buff_mgr_inst|lpm_counter:status_advance_pointer_counter|cntr_egi:auto_generated                                                                            ; cntr_egi                          ; work         ;
;                |lpm_counter:status_read_pointer_counter|                                                                                ; 3 (0)               ; 1 (0)                     ; 0           ; 0            ; 0       ; 0         ; 0    ; 0            ; |task_5|sld_signaltap:auto_signaltap_0|sld_signaltap_impl:sld_signaltap_body|sld_signaltap_implb:sld_signaltap_body|sld_offload_buffer_mgr:\stp_non_zero_depth_offload_gen:stp_offload_buff_mgr_inst|lpm_counter:status_read_pointer_counter                                                                                                       ; lpm_counter                       ; work         ;
;                   |cntr_23j:auto_generated|                                                                                             ; 3 (3)               ; 1 (1)                     ; 0           ; 0            ; 0       ; 0         ; 0    ; 0            ; |task_5|sld_signaltap:auto_signaltap_0|sld_signaltap_impl:sld_signaltap_body|sld_signaltap_implb:sld_signaltap_body|sld_offload_buffer_mgr:\stp_non_zero_depth_offload_gen:stp_offload_buff_mgr_inst|lpm_counter:status_read_pointer_counter|cntr_23j:auto_generated                                                                               ; cntr_23j                          ; work         ;
;                |lpm_shiftreg:info_data_shift_out|                                                                                       ; 15 (15)             ; 15 (15)                   ; 0           ; 0            ; 0       ; 0         ; 0    ; 0            ; |task_5|sld_signaltap:auto_signaltap_0|sld_signaltap_impl:sld_signaltap_body|sld_signaltap_implb:sld_signaltap_body|sld_offload_buffer_mgr:\stp_non_zero_depth_offload_gen:stp_offload_buff_mgr_inst|lpm_shiftreg:info_data_shift_out                                                                                                              ; lpm_shiftreg                      ; work         ;
;                |lpm_shiftreg:ram_data_shift_out|                                                                                        ; 89 (89)             ; 89 (89)                   ; 0           ; 0            ; 0       ; 0         ; 0    ; 0            ; |task_5|sld_signaltap:auto_signaltap_0|sld_signaltap_impl:sld_signaltap_body|sld_signaltap_implb:sld_signaltap_body|sld_offload_buffer_mgr:\stp_non_zero_depth_offload_gen:stp_offload_buff_mgr_inst|lpm_shiftreg:ram_data_shift_out                                                                                                               ; lpm_shiftreg                      ; work         ;
;                |lpm_shiftreg:status_data_shift_out|                                                                                     ; 15 (15)             ; 15 (15)                   ; 0           ; 0            ; 0       ; 0         ; 0    ; 0            ; |task_5|sld_signaltap:auto_signaltap_0|sld_signaltap_impl:sld_signaltap_body|sld_signaltap_implb:sld_signaltap_body|sld_offload_buffer_mgr:\stp_non_zero_depth_offload_gen:stp_offload_buff_mgr_inst|lpm_shiftreg:status_data_shift_out                                                                                                            ; lpm_shiftreg                      ; work         ;
;             |sld_rom_sr:crc_rom_sr|                                                                                                     ; 30 (30)             ; 8 (8)                     ; 0           ; 0            ; 0       ; 0         ; 0    ; 0            ; |task_5|sld_signaltap:auto_signaltap_0|sld_signaltap_impl:sld_signaltap_body|sld_signaltap_implb:sld_signaltap_body|sld_rom_sr:crc_rom_sr                                                                                                                                                                                                          ; sld_rom_sr                        ; work         ;
;    |t2a_dht:u_dht|                                                                                                                      ; 129 (129)           ; 124 (124)                 ; 0           ; 0            ; 0       ; 0         ; 0    ; 0            ; |task_5|t2a_dht:u_dht                                                                                                                                                                                                                                                                                                                              ; t2a_dht                           ; work         ;
;    |uart_msg_fsm:msg_fsm|                                                                                                               ; 1095 (153)          ; 16 (16)                   ; 0           ; 0            ; 0       ; 0         ; 0    ; 0            ; |task_5|uart_msg_fsm:msg_fsm                                                                                                                                                                                                                                                                                                                       ; uart_msg_fsm                      ; work         ;
;       |lpm_divide:Div0|                                                                                                                 ; 56 (0)              ; 0 (0)                     ; 0           ; 0            ; 0       ; 0         ; 0    ; 0            ; |task_5|uart_msg_fsm:msg_fsm|lpm_divide:Div0                                                                                                                                                                                                                                                                                                       ; lpm_divide                        ; work         ;
;          |lpm_divide_jhm:auto_generated|                                                                                                ; 56 (0)              ; 0 (0)                     ; 0           ; 0            ; 0       ; 0         ; 0    ; 0            ; |task_5|uart_msg_fsm:msg_fsm|lpm_divide:Div0|lpm_divide_jhm:auto_generated                                                                                                                                                                                                                                                                         ; lpm_divide_jhm                    ; work         ;
;             |sign_div_unsign_bkh:divider|                                                                                               ; 56 (0)              ; 0 (0)                     ; 0           ; 0            ; 0       ; 0         ; 0    ; 0            ; |task_5|uart_msg_fsm:msg_fsm|lpm_divide:Div0|lpm_divide_jhm:auto_generated|sign_div_unsign_bkh:divider                                                                                                                                                                                                                                             ; sign_div_unsign_bkh               ; work         ;
;                |alt_u_div_a4f:divider|                                                                                                  ; 56 (56)             ; 0 (0)                     ; 0           ; 0            ; 0       ; 0         ; 0    ; 0            ; |task_5|uart_msg_fsm:msg_fsm|lpm_divide:Div0|lpm_divide_jhm:auto_generated|sign_div_unsign_bkh:divider|alt_u_div_a4f:divider                                                                                                                                                                                                                       ; alt_u_div_a4f                     ; work         ;
;       |lpm_divide:Div1|                                                                                                                 ; 56 (0)              ; 0 (0)                     ; 0           ; 0            ; 0       ; 0         ; 0    ; 0            ; |task_5|uart_msg_fsm:msg_fsm|lpm_divide:Div1                                                                                                                                                                                                                                                                                                       ; lpm_divide                        ; work         ;
;          |lpm_divide_jhm:auto_generated|                                                                                                ; 56 (0)              ; 0 (0)                     ; 0           ; 0            ; 0       ; 0         ; 0    ; 0            ; |task_5|uart_msg_fsm:msg_fsm|lpm_divide:Div1|lpm_divide_jhm:auto_generated                                                                                                                                                                                                                                                                         ; lpm_divide_jhm                    ; work         ;
;             |sign_div_unsign_bkh:divider|                                                                                               ; 56 (0)              ; 0 (0)                     ; 0           ; 0            ; 0       ; 0         ; 0    ; 0            ; |task_5|uart_msg_fsm:msg_fsm|lpm_divide:Div1|lpm_divide_jhm:auto_generated|sign_div_unsign_bkh:divider                                                                                                                                                                                                                                             ; sign_div_unsign_bkh               ; work         ;
;                |alt_u_div_a4f:divider|                                                                                                  ; 56 (56)             ; 0 (0)                     ; 0           ; 0            ; 0       ; 0         ; 0    ; 0            ; |task_5|uart_msg_fsm:msg_fsm|lpm_divide:Div1|lpm_divide_jhm:auto_generated|sign_div_unsign_bkh:divider|alt_u_div_a4f:divider                                                                                                                                                                                                                       ; alt_u_div_a4f                     ; work         ;
;       |lpm_divide:Div2|                                                                                                                 ; 56 (0)              ; 0 (0)                     ; 0           ; 0            ; 0       ; 0         ; 0    ; 0            ; |task_5|uart_msg_fsm:msg_fsm|lpm_divide:Div2                                                                                                                                                                                                                                                                                                       ; lpm_divide                        ; work         ;
;          |lpm_divide_jhm:auto_generated|                                                                                                ; 56 (0)              ; 0 (0)                     ; 0           ; 0            ; 0       ; 0         ; 0    ; 0            ; |task_5|uart_msg_fsm:msg_fsm|lpm_divide:Div2|lpm_divide_jhm:auto_generated                                                                                                                                                                                                                                                                         ; lpm_divide_jhm                    ; work         ;
;             |sign_div_unsign_bkh:divider|                                                                                               ; 56 (0)              ; 0 (0)                     ; 0           ; 0            ; 0       ; 0         ; 0    ; 0            ; |task_5|uart_msg_fsm:msg_fsm|lpm_divide:Div2|lpm_divide_jhm:auto_generated|sign_div_unsign_bkh:divider                                                                                                                                                                                                                                             ; sign_div_unsign_bkh               ; work         ;
;                |alt_u_div_a4f:divider|                                                                                                  ; 56 (56)             ; 0 (0)                     ; 0           ; 0            ; 0       ; 0         ; 0    ; 0            ; |task_5|uart_msg_fsm:msg_fsm|lpm_divide:Div2|lpm_divide_jhm:auto_generated|sign_div_unsign_bkh:divider|alt_u_div_a4f:divider                                                                                                                                                                                                                       ; alt_u_div_a4f                     ; work         ;
;       |lpm_divide:Div3|                                                                                                                 ; 56 (0)              ; 0 (0)                     ; 0           ; 0            ; 0       ; 0         ; 0    ; 0            ; |task_5|uart_msg_fsm:msg_fsm|lpm_divide:Div3                                                                                                                                                                                                                                                                                                       ; lpm_divide                        ; work         ;
;          |lpm_divide_jhm:auto_generated|                                                                                                ; 56 (0)              ; 0 (0)                     ; 0           ; 0            ; 0       ; 0         ; 0    ; 0            ; |task_5|uart_msg_fsm:msg_fsm|lpm_divide:Div3|lpm_divide_jhm:auto_generated                                                                                                                                                                                                                                                                         ; lpm_divide_jhm                    ; work         ;
;             |sign_div_unsign_bkh:divider|                                                                                               ; 56 (0)              ; 0 (0)                     ; 0           ; 0            ; 0       ; 0         ; 0    ; 0            ; |task_5|uart_msg_fsm:msg_fsm|lpm_divide:Div3|lpm_divide_jhm:auto_generated|sign_div_unsign_bkh:divider                                                                                                                                                                                                                                             ; sign_div_unsign_bkh               ; work         ;
;                |alt_u_div_a4f:divider|                                                                                                  ; 56 (56)             ; 0 (0)                     ; 0           ; 0            ; 0       ; 0         ; 0    ; 0            ; |task_5|uart_msg_fsm:msg_fsm|lpm_divide:Div3|lpm_divide_jhm:auto_generated|sign_div_unsign_bkh:divider|alt_u_div_a4f:divider                                                                                                                                                                                                                       ; alt_u_div_a4f                     ; work         ;
;       |lpm_divide:Div4|                                                                                                                 ; 61 (0)              ; 0 (0)                     ; 0           ; 0            ; 0       ; 0         ; 0    ; 0            ; |task_5|uart_msg_fsm:msg_fsm|lpm_divide:Div4                                                                                                                                                                                                                                                                                                       ; lpm_divide                        ; work         ;
;          |lpm_divide_bkm:auto_generated|                                                                                                ; 61 (0)              ; 0 (0)                     ; 0           ; 0            ; 0       ; 0         ; 0    ; 0            ; |task_5|uart_msg_fsm:msg_fsm|lpm_divide:Div4|lpm_divide_bkm:auto_generated                                                                                                                                                                                                                                                                         ; lpm_divide_bkm                    ; work         ;
;             |sign_div_unsign_3nh:divider|                                                                                               ; 61 (0)              ; 0 (0)                     ; 0           ; 0            ; 0       ; 0         ; 0    ; 0            ; |task_5|uart_msg_fsm:msg_fsm|lpm_divide:Div4|lpm_divide_bkm:auto_generated|sign_div_unsign_3nh:divider                                                                                                                                                                                                                                             ; sign_div_unsign_3nh               ; work         ;
;                |alt_u_div_q9f:divider|                                                                                                  ; 61 (61)             ; 0 (0)                     ; 0           ; 0            ; 0       ; 0         ; 0    ; 0            ; |task_5|uart_msg_fsm:msg_fsm|lpm_divide:Div4|lpm_divide_bkm:auto_generated|sign_div_unsign_3nh:divider|alt_u_div_q9f:divider                                                                                                                                                                                                                       ; alt_u_div_q9f                     ; work         ;
;       |lpm_divide:Div5|                                                                                                                 ; 113 (0)             ; 0 (0)                     ; 0           ; 0            ; 0       ; 0         ; 0    ; 0            ; |task_5|uart_msg_fsm:msg_fsm|lpm_divide:Div5                                                                                                                                                                                                                                                                                                       ; lpm_divide                        ; work         ;
;          |lpm_divide_1jm:auto_generated|                                                                                                ; 113 (0)             ; 0 (0)                     ; 0           ; 0            ; 0       ; 0         ; 0    ; 0            ; |task_5|uart_msg_fsm:msg_fsm|lpm_divide:Div5|lpm_divide_1jm:auto_generated                                                                                                                                                                                                                                                                         ; lpm_divide_1jm                    ; work         ;
;             |sign_div_unsign_plh:divider|                                                                                               ; 113 (0)             ; 0 (0)                     ; 0           ; 0            ; 0       ; 0         ; 0    ; 0            ; |task_5|uart_msg_fsm:msg_fsm|lpm_divide:Div5|lpm_divide_1jm:auto_generated|sign_div_unsign_plh:divider                                                                                                                                                                                                                                             ; sign_div_unsign_plh               ; work         ;
;                |alt_u_div_67f:divider|                                                                                                  ; 113 (113)           ; 0 (0)                     ; 0           ; 0            ; 0       ; 0         ; 0    ; 0            ; |task_5|uart_msg_fsm:msg_fsm|lpm_divide:Div5|lpm_divide_1jm:auto_generated|sign_div_unsign_plh:divider|alt_u_div_67f:divider                                                                                                                                                                                                                       ; alt_u_div_67f                     ; work         ;
;       |lpm_divide:Div6|                                                                                                                 ; 108 (0)             ; 0 (0)                     ; 0           ; 0            ; 0       ; 0         ; 0    ; 0            ; |task_5|uart_msg_fsm:msg_fsm|lpm_divide:Div6                                                                                                                                                                                                                                                                                                       ; lpm_divide                        ; work         ;
;          |lpm_divide_uim:auto_generated|                                                                                                ; 108 (0)             ; 0 (0)                     ; 0           ; 0            ; 0       ; 0         ; 0    ; 0            ; |task_5|uart_msg_fsm:msg_fsm|lpm_divide:Div6|lpm_divide_uim:auto_generated                                                                                                                                                                                                                                                                         ; lpm_divide_uim                    ; work         ;
;             |sign_div_unsign_mlh:divider|                                                                                               ; 108 (0)             ; 0 (0)                     ; 0           ; 0            ; 0       ; 0         ; 0    ; 0            ; |task_5|uart_msg_fsm:msg_fsm|lpm_divide:Div6|lpm_divide_uim:auto_generated|sign_div_unsign_mlh:divider                                                                                                                                                                                                                                             ; sign_div_unsign_mlh               ; work         ;
;                |alt_u_div_07f:divider|                                                                                                  ; 108 (108)           ; 0 (0)                     ; 0           ; 0            ; 0       ; 0         ; 0    ; 0            ; |task_5|uart_msg_fsm:msg_fsm|lpm_divide:Div6|lpm_divide_uim:auto_generated|sign_div_unsign_mlh:divider|alt_u_div_07f:divider                                                                                                                                                                                                                       ; alt_u_div_07f                     ; work         ;
;       |lpm_divide:Mod0|                                                                                                                 ; 56 (0)              ; 0 (0)                     ; 0           ; 0            ; 0       ; 0         ; 0    ; 0            ; |task_5|uart_msg_fsm:msg_fsm|lpm_divide:Mod0                                                                                                                                                                                                                                                                                                       ; lpm_divide                        ; work         ;
;          |lpm_divide_m9m:auto_generated|                                                                                                ; 56 (0)              ; 0 (0)                     ; 0           ; 0            ; 0       ; 0         ; 0    ; 0            ; |task_5|uart_msg_fsm:msg_fsm|lpm_divide:Mod0|lpm_divide_m9m:auto_generated                                                                                                                                                                                                                                                                         ; lpm_divide_m9m                    ; work         ;
;             |sign_div_unsign_bkh:divider|                                                                                               ; 56 (0)              ; 0 (0)                     ; 0           ; 0            ; 0       ; 0         ; 0    ; 0            ; |task_5|uart_msg_fsm:msg_fsm|lpm_divide:Mod0|lpm_divide_m9m:auto_generated|sign_div_unsign_bkh:divider                                                                                                                                                                                                                                             ; sign_div_unsign_bkh               ; work         ;
;                |alt_u_div_a4f:divider|                                                                                                  ; 56 (56)             ; 0 (0)                     ; 0           ; 0            ; 0       ; 0         ; 0    ; 0            ; |task_5|uart_msg_fsm:msg_fsm|lpm_divide:Mod0|lpm_divide_m9m:auto_generated|sign_div_unsign_bkh:divider|alt_u_div_a4f:divider                                                                                                                                                                                                                       ; alt_u_div_a4f                     ; work         ;
;       |lpm_divide:Mod1|                                                                                                                 ; 56 (0)              ; 0 (0)                     ; 0           ; 0            ; 0       ; 0         ; 0    ; 0            ; |task_5|uart_msg_fsm:msg_fsm|lpm_divide:Mod1                                                                                                                                                                                                                                                                                                       ; lpm_divide                        ; work         ;
;          |lpm_divide_m9m:auto_generated|                                                                                                ; 56 (0)              ; 0 (0)                     ; 0           ; 0            ; 0       ; 0         ; 0    ; 0            ; |task_5|uart_msg_fsm:msg_fsm|lpm_divide:Mod1|lpm_divide_m9m:auto_generated                                                                                                                                                                                                                                                                         ; lpm_divide_m9m                    ; work         ;
;             |sign_div_unsign_bkh:divider|                                                                                               ; 56 (0)              ; 0 (0)                     ; 0           ; 0            ; 0       ; 0         ; 0    ; 0            ; |task_5|uart_msg_fsm:msg_fsm|lpm_divide:Mod1|lpm_divide_m9m:auto_generated|sign_div_unsign_bkh:divider                                                                                                                                                                                                                                             ; sign_div_unsign_bkh               ; work         ;
;                |alt_u_div_a4f:divider|                                                                                                  ; 56 (56)             ; 0 (0)                     ; 0           ; 0            ; 0       ; 0         ; 0    ; 0            ; |task_5|uart_msg_fsm:msg_fsm|lpm_divide:Mod1|lpm_divide_m9m:auto_generated|sign_div_unsign_bkh:divider|alt_u_div_a4f:divider                                                                                                                                                                                                                       ; alt_u_div_a4f                     ; work         ;
;       |lpm_divide:Mod2|                                                                                                                 ; 56 (0)              ; 0 (0)                     ; 0           ; 0            ; 0       ; 0         ; 0    ; 0            ; |task_5|uart_msg_fsm:msg_fsm|lpm_divide:Mod2                                                                                                                                                                                                                                                                                                       ; lpm_divide                        ; work         ;
;          |lpm_divide_m9m:auto_generated|                                                                                                ; 56 (0)              ; 0 (0)                     ; 0           ; 0            ; 0       ; 0         ; 0    ; 0            ; |task_5|uart_msg_fsm:msg_fsm|lpm_divide:Mod2|lpm_divide_m9m:auto_generated                                                                                                                                                                                                                                                                         ; lpm_divide_m9m                    ; work         ;
;             |sign_div_unsign_bkh:divider|                                                                                               ; 56 (0)              ; 0 (0)                     ; 0           ; 0            ; 0       ; 0         ; 0    ; 0            ; |task_5|uart_msg_fsm:msg_fsm|lpm_divide:Mod2|lpm_divide_m9m:auto_generated|sign_div_unsign_bkh:divider                                                                                                                                                                                                                                             ; sign_div_unsign_bkh               ; work         ;
;                |alt_u_div_a4f:divider|                                                                                                  ; 56 (56)             ; 0 (0)                     ; 0           ; 0            ; 0       ; 0         ; 0    ; 0            ; |task_5|uart_msg_fsm:msg_fsm|lpm_divide:Mod2|lpm_divide_m9m:auto_generated|sign_div_unsign_bkh:divider|alt_u_div_a4f:divider                                                                                                                                                                                                                       ; alt_u_div_a4f                     ; work         ;
;       |lpm_divide:Mod3|                                                                                                                 ; 56 (0)              ; 0 (0)                     ; 0           ; 0            ; 0       ; 0         ; 0    ; 0            ; |task_5|uart_msg_fsm:msg_fsm|lpm_divide:Mod3                                                                                                                                                                                                                                                                                                       ; lpm_divide                        ; work         ;
;          |lpm_divide_m9m:auto_generated|                                                                                                ; 56 (0)              ; 0 (0)                     ; 0           ; 0            ; 0       ; 0         ; 0    ; 0            ; |task_5|uart_msg_fsm:msg_fsm|lpm_divide:Mod3|lpm_divide_m9m:auto_generated                                                                                                                                                                                                                                                                         ; lpm_divide_m9m                    ; work         ;
;             |sign_div_unsign_bkh:divider|                                                                                               ; 56 (0)              ; 0 (0)                     ; 0           ; 0            ; 0       ; 0         ; 0    ; 0            ; |task_5|uart_msg_fsm:msg_fsm|lpm_divide:Mod3|lpm_divide_m9m:auto_generated|sign_div_unsign_bkh:divider                                                                                                                                                                                                                                             ; sign_div_unsign_bkh               ; work         ;
;                |alt_u_div_a4f:divider|                                                                                                  ; 56 (56)             ; 0 (0)                     ; 0           ; 0            ; 0       ; 0         ; 0    ; 0            ; |task_5|uart_msg_fsm:msg_fsm|lpm_divide:Mod3|lpm_divide_m9m:auto_generated|sign_div_unsign_bkh:divider|alt_u_div_a4f:divider                                                                                                                                                                                                                       ; alt_u_div_a4f                     ; work         ;
;       |lpm_divide:Mod4|                                                                                                                 ; 33 (0)              ; 0 (0)                     ; 0           ; 0            ; 0       ; 0         ; 0    ; 0            ; |task_5|uart_msg_fsm:msg_fsm|lpm_divide:Mod4                                                                                                                                                                                                                                                                                                       ; lpm_divide                        ; work         ;
;          |lpm_divide_1bm:auto_generated|                                                                                                ; 33 (0)              ; 0 (0)                     ; 0           ; 0            ; 0       ; 0         ; 0    ; 0            ; |task_5|uart_msg_fsm:msg_fsm|lpm_divide:Mod4|lpm_divide_1bm:auto_generated                                                                                                                                                                                                                                                                         ; lpm_divide_1bm                    ; work         ;
;             |sign_div_unsign_mlh:divider|                                                                                               ; 33 (0)              ; 0 (0)                     ; 0           ; 0            ; 0       ; 0         ; 0    ; 0            ; |task_5|uart_msg_fsm:msg_fsm|lpm_divide:Mod4|lpm_divide_1bm:auto_generated|sign_div_unsign_mlh:divider                                                                                                                                                                                                                                             ; sign_div_unsign_mlh               ; work         ;
;                |alt_u_div_07f:divider|                                                                                                  ; 33 (33)             ; 0 (0)                     ; 0           ; 0            ; 0       ; 0         ; 0    ; 0            ; |task_5|uart_msg_fsm:msg_fsm|lpm_divide:Mod4|lpm_divide_1bm:auto_generated|sign_div_unsign_mlh:divider|alt_u_div_07f:divider                                                                                                                                                                                                                       ; alt_u_div_07f                     ; work         ;
;       |lpm_divide:Mod5|                                                                                                                 ; 71 (0)              ; 0 (0)                     ; 0           ; 0            ; 0       ; 0         ; 0    ; 0            ; |task_5|uart_msg_fsm:msg_fsm|lpm_divide:Mod5                                                                                                                                                                                                                                                                                                       ; lpm_divide                        ; work         ;
;          |lpm_divide_1bm:auto_generated|                                                                                                ; 71 (0)              ; 0 (0)                     ; 0           ; 0            ; 0       ; 0         ; 0    ; 0            ; |task_5|uart_msg_fsm:msg_fsm|lpm_divide:Mod5|lpm_divide_1bm:auto_generated                                                                                                                                                                                                                                                                         ; lpm_divide_1bm                    ; work         ;
;             |sign_div_unsign_mlh:divider|                                                                                               ; 71 (0)              ; 0 (0)                     ; 0           ; 0            ; 0       ; 0         ; 0    ; 0            ; |task_5|uart_msg_fsm:msg_fsm|lpm_divide:Mod5|lpm_divide_1bm:auto_generated|sign_div_unsign_mlh:divider                                                                                                                                                                                                                                             ; sign_div_unsign_mlh               ; work         ;
;                |alt_u_div_07f:divider|                                                                                                  ; 71 (71)             ; 0 (0)                     ; 0           ; 0            ; 0       ; 0         ; 0    ; 0            ; |task_5|uart_msg_fsm:msg_fsm|lpm_divide:Mod5|lpm_divide_1bm:auto_generated|sign_div_unsign_mlh:divider|alt_u_div_07f:divider                                                                                                                                                                                                                       ; alt_u_div_07f                     ; work         ;
;       |lpm_divide:Mod6|                                                                                                                 ; 108 (0)             ; 0 (0)                     ; 0           ; 0            ; 0       ; 0         ; 0    ; 0            ; |task_5|uart_msg_fsm:msg_fsm|lpm_divide:Mod6                                                                                                                                                                                                                                                                                                       ; lpm_divide                        ; work         ;
;          |lpm_divide_1bm:auto_generated|                                                                                                ; 108 (0)             ; 0 (0)                     ; 0           ; 0            ; 0       ; 0         ; 0    ; 0            ; |task_5|uart_msg_fsm:msg_fsm|lpm_divide:Mod6|lpm_divide_1bm:auto_generated                                                                                                                                                                                                                                                                         ; lpm_divide_1bm                    ; work         ;
;             |sign_div_unsign_mlh:divider|                                                                                               ; 108 (0)             ; 0 (0)                     ; 0           ; 0            ; 0       ; 0         ; 0    ; 0            ; |task_5|uart_msg_fsm:msg_fsm|lpm_divide:Mod6|lpm_divide_1bm:auto_generated|sign_div_unsign_mlh:divider                                                                                                                                                                                                                                             ; sign_div_unsign_mlh               ; work         ;
;                |alt_u_div_07f:divider|                                                                                                  ; 108 (108)           ; 0 (0)                     ; 0           ; 0            ; 0       ; 0         ; 0    ; 0            ; |task_5|uart_msg_fsm:msg_fsm|lpm_divide:Mod6|lpm_divide_1bm:auto_generated|sign_div_unsign_mlh:divider|alt_u_div_07f:divider                                                                                                                                                                                                                       ; alt_u_div_07f                     ; work         ;
;    |uart_tx:uart|                                                                                                                       ; 32 (32)             ; 15 (15)                   ; 0           ; 0            ; 0       ; 0         ; 0    ; 0            ; |task_5|uart_tx:uart                                                                                                                                                                                                                                                                                                                               ; uart_tx                           ; work         ;
+-----------------------------------------------------------------------------------------------------------------------------------------+---------------------+---------------------------+-------------+--------------+---------+-----------+------+--------------+----------------------------------------------------------------------------------------------------------------------------------------------------------------------------------------------------------------------------------------------------------------------------------------------------------------------------------------------------+-----------------------------------+--------------+
Note: For table entries with two numbers listed, the numbers in parentheses indicate the number of resources of the given type used by the specific entity alone. The numbers listed outside of parentheses indicate the total resources of the given type used by the specific entity and all of its sub-entities in the hierarchy.


+------------------------------------------------------------------------------------------------------------------------------------------------------------------------------------------------------------------------------------------------------------------------------------------------------------+
; Analysis & Synthesis RAM Summary                                                                                                                                                                                                                                                                           ;
+-------------------------------------------------------------------------------------------------------------------------------------------------------------------------------------------------------+------+------------------+--------------+--------------+--------------+--------------+-------+------+
; Name                                                                                                                                                                                                  ; Type ; Mode             ; Port A Depth ; Port A Width ; Port B Depth ; Port B Width ; Size  ; MIF  ;
+-------------------------------------------------------------------------------------------------------------------------------------------------------------------------------------------------------+------+------------------+--------------+--------------+--------------+--------------+-------+------+
; sld_signaltap:auto_signaltap_0|sld_signaltap_impl:sld_signaltap_body|sld_signaltap_implb:sld_signaltap_body|altsyncram:\stp_non_zero_ram_gen:stp_buffer_ram|altsyncram_o524:auto_generated|ALTSYNCRAM ; AUTO ; Simple Dual Port ; 128          ; 89           ; 128          ; 89           ; 11392 ; None ;
+-------------------------------------------------------------------------------------------------------------------------------------------------------------------------------------------------------+------+------------------+--------------+--------------+--------------+--------------+-------+------+


+---------------------------------------------------------------------------------------------------------------------------------------------------------------------------------------------------------------------------------------------------------------------------------------------------------------------------------------------------------------+
; Analysis & Synthesis IP Cores Summary                                                                                                                                                                                                                                                                                                                         ;
+--------+--------------+---------+--------------+--------------+-----------------------------------------------------------------------------------------------------------------------------------------------------------------------------------------------------------------------------------------------------------------------------+-----------------+
; Vendor ; IP Core Name ; Version ; Release Date ; License Type ; Entity Instance                                                                                                                                                                                                                                                             ; IP Include File ;
+--------+--------------+---------+--------------+--------------+-----------------------------------------------------------------------------------------------------------------------------------------------------------------------------------------------------------------------------------------------------------------------------+-----------------+
; Altera ; Signal Tap   ; N/A     ; N/A          ; Licensed     ; |task_5|sld_hub:auto_hub|alt_sld_fab_with_jtag_input:\instrumentation_fabric_with_node_gen:fabric_gen_new_way:with_jtag_input_gen:instrumentation_fabric|alt_sld_fab:instrumentation_fabric                                                                                 ;                 ;
; Altera ; Signal Tap   ; N/A     ; N/A          ; Licensed     ; |task_5|sld_hub:auto_hub|alt_sld_fab_with_jtag_input:\instrumentation_fabric_with_node_gen:fabric_gen_new_way:with_jtag_input_gen:instrumentation_fabric|alt_sld_fab:instrumentation_fabric|alt_sld_fab_alt_sld_fab:alt_sld_fab                                             ;                 ;
; Altera ; Signal Tap   ; N/A     ; N/A          ; Licensed     ; |task_5|sld_hub:auto_hub|alt_sld_fab_with_jtag_input:\instrumentation_fabric_with_node_gen:fabric_gen_new_way:with_jtag_input_gen:instrumentation_fabric|alt_sld_fab:instrumentation_fabric|alt_sld_fab_alt_sld_fab:alt_sld_fab|alt_sld_fab_alt_sld_fab_presplit:presplit   ;                 ;
; Altera ; Signal Tap   ; N/A     ; N/A          ; Licensed     ; |task_5|sld_hub:auto_hub|alt_sld_fab_with_jtag_input:\instrumentation_fabric_with_node_gen:fabric_gen_new_way:with_jtag_input_gen:instrumentation_fabric|alt_sld_fab:instrumentation_fabric|alt_sld_fab_alt_sld_fab:alt_sld_fab|alt_sld_fab_alt_sld_fab_sldfabric:sldfabric ;                 ;
; Altera ; Signal Tap   ; N/A     ; N/A          ; Licensed     ; |task_5|sld_hub:auto_hub|alt_sld_fab_with_jtag_input:\instrumentation_fabric_with_node_gen:fabric_gen_new_way:with_jtag_input_gen:instrumentation_fabric|alt_sld_fab:instrumentation_fabric|alt_sld_fab_alt_sld_fab:alt_sld_fab|alt_sld_fab_alt_sld_fab_splitter:splitter   ;                 ;
+--------+--------------+---------+--------------+--------------+-----------------------------------------------------------------------------------------------------------------------------------------------------------------------------------------------------------------------------------------------------------------------------+-----------------+


Encoding Type:  One-Hot
+------------------------------------------------------------------------------------------------------+
; State Machine - |task_5|SERVO:u_servo|state                                                          ;
+-----------------+----------------+-----------------+-----------------+--------------+----------------+
; Name            ; state.S_RET_S1 ; state.S_MOVE_S1 ; state.S_MOVE_S2 ; state.S_IDLE ; state.S_RET_S2 ;
+-----------------+----------------+-----------------+-----------------+--------------+----------------+
; state.S_IDLE    ; 0              ; 0               ; 0               ; 0            ; 0              ;
; state.S_MOVE_S2 ; 0              ; 0               ; 1               ; 1            ; 0              ;
; state.S_MOVE_S1 ; 0              ; 1               ; 0               ; 1            ; 0              ;
; state.S_RET_S1  ; 1              ; 0               ; 0               ; 1            ; 0              ;
; state.S_RET_S2  ; 0              ; 0               ; 0               ; 1            ; 1              ;
+-----------------+----------------+-----------------+-----------------+--------------+----------------+


Encoding Type:  One-Hot
+-----------------------------------------------------------------+
; State Machine - |task_5|uart_tx:uart|state                      ;
+----------+----------+----------+----------+----------+----------+
; Name     ; state.s3 ; state.s2 ; state.s1 ; state.s0 ; state.s4 ;
+----------+----------+----------+----------+----------+----------+
; state.s0 ; 0        ; 0        ; 0        ; 0        ; 0        ;
; state.s1 ; 0        ; 0        ; 1        ; 1        ; 0        ;
; state.s2 ; 0        ; 1        ; 0        ; 1        ; 0        ;
; state.s3 ; 1        ; 0        ; 0        ; 1        ; 0        ;
; state.s4 ; 0        ; 0        ; 0        ; 1        ; 1        ;
+----------+----------+----------+----------+----------+----------+


Encoding Type:  One-Hot
+------------------------------------------------------------------------------+
; State Machine - |task_5|uart_msg_fsm:msg_fsm|state                           ;
+----------------+---------------+---------------+----------------+------------+
; Name           ; state.SEND_TH ; state.SEND_MM ; state.SEND_MPI ; state.IDLE ;
+----------------+---------------+---------------+----------------+------------+
; state.IDLE     ; 0             ; 0             ; 0              ; 0          ;
; state.SEND_MPI ; 0             ; 0             ; 1              ; 1          ;
; state.SEND_MM  ; 0             ; 1             ; 0              ; 1          ;
; state.SEND_TH  ; 1             ; 0             ; 0              ; 1          ;
+----------------+---------------+---------------+----------------+------------+


Encoding Type:  One-Hot
+-----------------------------------------------------------------------------------+
; State Machine - |task_5|t2a_dht:u_dht|state                                       ;
+-----------+-----------+-----------+-----------+-----------+-----------+-----------+
; Name      ; state.101 ; state.100 ; state.011 ; state.010 ; state.001 ; state.000 ;
+-----------+-----------+-----------+-----------+-----------+-----------+-----------+
; state.000 ; 0         ; 0         ; 0         ; 0         ; 0         ; 0         ;
; state.001 ; 0         ; 0         ; 0         ; 0         ; 1         ; 1         ;
; state.010 ; 0         ; 0         ; 0         ; 1         ; 0         ; 1         ;
; state.011 ; 0         ; 0         ; 1         ; 0         ; 0         ; 1         ;
; state.100 ; 0         ; 1         ; 0         ; 0         ; 0         ; 1         ;
; state.101 ; 1         ; 0         ; 0         ; 0         ; 0         ; 1         ;
+-----------+-----------+-----------+-----------+-----------+-----------+-----------+


+---------------------------------------------------------------------------------------------+
; Registers Removed During Synthesis                                                          ;
+----------------------------------------+----------------------------------------------------+
; Register name                          ; Reason for Removal                                 ;
+----------------------------------------+----------------------------------------------------+
; SERVO:u_servo|pw1[1,2,11,12,17..19]    ; Merged with SERVO:u_servo|pw1[0]                   ;
; SERVO:u_servo|pw2[0..3,11..13,17..19]  ; Merged with SERVO:u_servo|pw1[0]                   ;
; SERVO:u_servo|pw1[3,5,7,13,16]         ; Merged with SERVO:u_servo|pw1[10]                  ;
; SERVO:u_servo|pw1[8,9,15]              ; Merged with SERVO:u_servo|pw1[14]                  ;
; SERVO:u_servo|pw1[6]                   ; Merged with SERVO:u_servo|pw1[4]                   ;
; SERVO:u_servo|pw2[9,15]                ; Merged with SERVO:u_servo|pw1[4]                   ;
; SERVO:u_servo|servo_pwm:s2|counter[19] ; Merged with SERVO:u_servo|servo_pwm:s1|counter[19] ;
; SERVO:u_servo|servo_pwm:s2|counter[18] ; Merged with SERVO:u_servo|servo_pwm:s1|counter[18] ;
; SERVO:u_servo|servo_pwm:s2|counter[17] ; Merged with SERVO:u_servo|servo_pwm:s1|counter[17] ;
; SERVO:u_servo|servo_pwm:s2|counter[16] ; Merged with SERVO:u_servo|servo_pwm:s1|counter[16] ;
; SERVO:u_servo|servo_pwm:s2|counter[15] ; Merged with SERVO:u_servo|servo_pwm:s1|counter[15] ;
; SERVO:u_servo|servo_pwm:s2|counter[14] ; Merged with SERVO:u_servo|servo_pwm:s1|counter[14] ;
; SERVO:u_servo|servo_pwm:s2|counter[13] ; Merged with SERVO:u_servo|servo_pwm:s1|counter[13] ;
; SERVO:u_servo|servo_pwm:s2|counter[12] ; Merged with SERVO:u_servo|servo_pwm:s1|counter[12] ;
; SERVO:u_servo|servo_pwm:s2|counter[11] ; Merged with SERVO:u_servo|servo_pwm:s1|counter[11] ;
; SERVO:u_servo|servo_pwm:s2|counter[10] ; Merged with SERVO:u_servo|servo_pwm:s1|counter[10] ;
; SERVO:u_servo|servo_pwm:s2|counter[9]  ; Merged with SERVO:u_servo|servo_pwm:s1|counter[9]  ;
; SERVO:u_servo|servo_pwm:s2|counter[8]  ; Merged with SERVO:u_servo|servo_pwm:s1|counter[8]  ;
; SERVO:u_servo|servo_pwm:s2|counter[7]  ; Merged with SERVO:u_servo|servo_pwm:s1|counter[7]  ;
; SERVO:u_servo|servo_pwm:s2|counter[6]  ; Merged with SERVO:u_servo|servo_pwm:s1|counter[6]  ;
; SERVO:u_servo|servo_pwm:s2|counter[5]  ; Merged with SERVO:u_servo|servo_pwm:s1|counter[5]  ;
; SERVO:u_servo|servo_pwm:s2|counter[4]  ; Merged with SERVO:u_servo|servo_pwm:s1|counter[4]  ;
; SERVO:u_servo|servo_pwm:s2|counter[3]  ; Merged with SERVO:u_servo|servo_pwm:s1|counter[3]  ;
; SERVO:u_servo|servo_pwm:s2|counter[2]  ; Merged with SERVO:u_servo|servo_pwm:s1|counter[2]  ;
; SERVO:u_servo|servo_pwm:s2|counter[1]  ; Merged with SERVO:u_servo|servo_pwm:s1|counter[1]  ;
; SERVO:u_servo|servo_pwm:s2|counter[0]  ; Merged with SERVO:u_servo|servo_pwm:s1|counter[0]  ;
; SERVO:u_servo|pw2[5,7,16]              ; Merged with SERVO:u_servo|pw2[10]                  ;
; SERVO:u_servo|pw2[4,6,8]               ; Merged with SERVO:u_servo|pw2[14]                  ;
; SERVO:u_servo|pw1[0]                   ; Stuck at GND due to stuck port data_in             ;
; SERVO:u_servo|pw1[4]                   ; Stuck at VCC due to stuck port data_in             ;
; SERVO:u_servo|state~7                  ; Lost fanout                                        ;
; SERVO:u_servo|state~8                  ; Lost fanout                                        ;
; uart_tx:uart|state~7                   ; Lost fanout                                        ;
; uart_tx:uart|state~8                   ; Lost fanout                                        ;
; uart_msg_fsm:msg_fsm|state~8           ; Lost fanout                                        ;
; uart_msg_fsm:msg_fsm|state~9           ; Lost fanout                                        ;
; t2a_dht:u_dht|state~10                 ; Lost fanout                                        ;
; t2a_dht:u_dht|state~11                 ; Lost fanout                                        ;
; t2a_dht:u_dht|state~12                 ; Lost fanout                                        ;
; SERVO:u_servo|servo_pwm:s1|counter[0]  ; Merged with moisture_sensor:ms|counter[0]          ;
; SERVO:u_servo|servo_pwm:s1|counter[1]  ; Merged with moisture_sensor:ms|counter[1]          ;
; uart_msg_fsm:msg_fsm|tx_data[7]        ; Stuck at GND due to stuck port data_in             ;
; clk3125:u_clk_div|cnt[3]               ; Stuck at GND due to stuck port data_in             ;
; Total Number of Removed Registers = 69 ;                                                    ;
+----------------------------------------+----------------------------------------------------+


+------------------------------------------------------+
; General Register Statistics                          ;
+----------------------------------------------+-------+
; Statistic                                    ; Value ;
+----------------------------------------------+-------+
; Total registers                              ; 1725  ;
; Number of registers using Synchronous Clear  ; 122   ;
; Number of registers using Synchronous Load   ; 71    ;
; Number of registers using Asynchronous Clear ; 605   ;
; Number of registers using Asynchronous Load  ; 0     ;
; Number of registers using Clock Enable       ; 676   ;
; Number of registers using Preset             ; 0     ;
+----------------------------------------------+-------+


+-------------------------------------------------------------------------------------------------------------------------------------------------------------------------------------------------------------------------------------------------------------------------------------------------------------------------------------------+
; Inverted Register Statistics                                                                                                                                                                                                                                                                                                              ;
+---------------------------------------------------------------------------------------------------------------------------------------------------------------------------------------------------------------------------------------------------------------------------------------------------------------------------------+---------+
; Inverted Register                                                                                                                                                                                                                                                                                                               ; Fan out ;
+---------------------------------------------------------------------------------------------------------------------------------------------------------------------------------------------------------------------------------------------------------------------------------------------------------------------------------+---------+
; moisture_sensor:ms|adc_controller:adc_inst|adc_cs                                                                                                                                                                                                                                                                               ; 3       ;
; uart_tx:uart|tx                                                                                                                                                                                                                                                                                                                 ; 2       ;
; t2a_dht:u_dht|sensor_d                                                                                                                                                                                                                                                                                                          ; 3       ;
; t2a_dht:u_dht|sensor_out                                                                                                                                                                                                                                                                                                        ; 1       ;
; sld_hub:auto_hub|alt_sld_fab_with_jtag_input:\instrumentation_fabric_with_node_gen:fabric_gen_new_way:with_jtag_input_gen:instrumentation_fabric|alt_sld_fab:instrumentation_fabric|alt_sld_fab_alt_sld_fab:alt_sld_fab|alt_sld_fab_alt_sld_fab_sldfabric:sldfabric|sld_jtag_hub:\jtag_hub_gen:real_sld_jtag_hub|jtag_ir_reg[2] ; 2       ;
; sld_hub:auto_hub|alt_sld_fab_with_jtag_input:\instrumentation_fabric_with_node_gen:fabric_gen_new_way:with_jtag_input_gen:instrumentation_fabric|alt_sld_fab:instrumentation_fabric|alt_sld_fab_alt_sld_fab:alt_sld_fab|alt_sld_fab_alt_sld_fab_sldfabric:sldfabric|sld_jtag_hub:\jtag_hub_gen:real_sld_jtag_hub|jtag_ir_reg[1] ; 3       ;
; sld_signaltap:auto_signaltap_0|sld_signaltap_impl:sld_signaltap_body|sld_signaltap_implb:sld_signaltap_body|sld_buffer_manager:sld_buffer_manager_inst|modified_post_count[1]                                                                                                                                                   ; 1       ;
; sld_signaltap:auto_signaltap_0|sld_signaltap_impl:sld_signaltap_body|sld_signaltap_implb:sld_signaltap_body|sld_buffer_manager:sld_buffer_manager_inst|modified_post_count[2]                                                                                                                                                   ; 1       ;
; sld_signaltap:auto_signaltap_0|sld_signaltap_impl:sld_signaltap_body|sld_signaltap_implb:sld_signaltap_body|sld_buffer_manager:sld_buffer_manager_inst|modified_post_count[3]                                                                                                                                                   ; 1       ;
; sld_signaltap:auto_signaltap_0|sld_signaltap_impl:sld_signaltap_body|sld_signaltap_implb:sld_signaltap_body|sld_buffer_manager:sld_buffer_manager_inst|modified_post_count[4]                                                                                                                                                   ; 1       ;
; sld_signaltap:auto_signaltap_0|sld_signaltap_impl:sld_signaltap_body|sld_signaltap_implb:sld_signaltap_body|sld_buffer_manager:sld_buffer_manager_inst|modified_post_count[5]                                                                                                                                                   ; 1       ;
; sld_signaltap:auto_signaltap_0|sld_signaltap_impl:sld_signaltap_body|sld_signaltap_implb:sld_signaltap_body|sld_buffer_manager:sld_buffer_manager_inst|modified_post_count[6]                                                                                                                                                   ; 1       ;
; sld_signaltap:auto_signaltap_0|sld_signaltap_impl:sld_signaltap_body|sld_signaltap_implb:sld_signaltap_body|sld_buffer_manager:sld_buffer_manager_inst|modified_post_count[7]                                                                                                                                                   ; 1       ;
; sld_signaltap:auto_signaltap_0|sld_signaltap_impl:sld_signaltap_body|sld_signaltap_implb:sld_signaltap_body|sld_buffer_manager:sld_buffer_manager_inst|modified_post_count[0]                                                                                                                                                   ; 1       ;
; Total number of inverted registers = 14                                                                                                                                                                                                                                                                                         ;         ;
+---------------------------------------------------------------------------------------------------------------------------------------------------------------------------------------------------------------------------------------------------------------------------------------------------------------------------------+---------+


+-------------------------------------------------------------------------------------------------------------------------------------------------------+
; Multiplexer Restructuring Statistics (Restructuring Performed)                                                                                        ;
+--------------------+-----------+---------------+----------------------+------------------------+------------+-----------------------------------------+
; Multiplexer Inputs ; Bus Width ; Baseline Area ; Area if Restructured ; Saving if Restructured ; Registered ; Example Multiplexer Output              ;
+--------------------+-----------+---------------+----------------------+------------------------+------------+-----------------------------------------+
; 3:1                ; 3 bits    ; 6 LEs         ; 3 LEs                ; 3 LEs                  ; Yes        ; |task_5|uart_tx:uart|bit_idx[2]         ;
; 3:1                ; 5 bits    ; 10 LEs        ; 10 LEs               ; 0 LEs                  ; Yes        ; |task_5|uart_tx:uart|bit_cnt[1]         ;
; 3:1                ; 4 bits    ; 8 LEs         ; 4 LEs                ; 4 LEs                  ; Yes        ; |task_5|SERVO:u_servo|pw1[10]           ;
; 4:1                ; 16 bits   ; 32 LEs        ; 16 LEs               ; 16 LEs                 ; Yes        ; |task_5|t2a_dht:u_dht|high_time[1]      ;
; 5:1                ; 46 bits   ; 138 LEs       ; 46 LEs               ; 92 LEs                 ; Yes        ; |task_5|t2a_dht:u_dht|bit_index[5]      ;
; 6:1                ; 26 bits   ; 104 LEs       ; 26 LEs               ; 78 LEs                 ; Yes        ; |task_5|SERVO:u_servo|timer[17]         ;
; 8:1                ; 4 bits    ; 20 LEs        ; 8 LEs                ; 12 LEs                 ; Yes        ; |task_5|uart_msg_fsm:msg_fsm|idx[1]     ;
; 12:1               ; 21 bits   ; 168 LEs       ; 21 LEs               ; 147 LEs                ; Yes        ; |task_5|t2a_dht:u_dht|counter[18]       ;
; 16:1               ; 2 bits    ; 20 LEs        ; 8 LEs                ; 12 LEs                 ; Yes        ; |task_5|uart_msg_fsm:msg_fsm|tx_data[6] ;
; 3:1                ; 4 bits    ; 8 LEs         ; 8 LEs                ; 0 LEs                  ; No         ; |task_5|uart_tx:uart|state              ;
; 4:1                ; 4 bits    ; 8 LEs         ; 8 LEs                ; 0 LEs                  ; No         ; |task_5|uart_msg_fsm:msg_fsm|Add0       ;
; 6:1                ; 2 bits    ; 8 LEs         ; 4 LEs                ; 4 LEs                  ; No         ; |task_5|uart_msg_fsm:msg_fsm|Selector1  ;
; 8:1                ; 2 bits    ; 10 LEs        ; 4 LEs                ; 6 LEs                  ; No         ; |task_5|uart_msg_fsm:msg_fsm|Selector3  ;
; 9:1                ; 4 bits    ; 24 LEs        ; 16 LEs               ; 8 LEs                  ; No         ; |task_5|t2a_dht:u_dht|Selector27        ;
; 11:1               ; 2 bits    ; 14 LEs        ; 8 LEs                ; 6 LEs                  ; No         ; |task_5|t2a_dht:u_dht|Selector26        ;
+--------------------+-----------+---------------+----------------------+------------------------+------------+-----------------------------------------+


+-------------------------------------------------------+
; Source assignments for sld_signaltap:auto_signaltap_0 ;
+-----------------+-------+------+----------------------+
; Assignment      ; Value ; From ; To                   ;
+-----------------+-------+------+----------------------+
; MESSAGE_DISABLE ; 13410 ; -    ; -                    ;
+-----------------+-------+------+----------------------+


+-----------------------------------------------------------------------------------------+
; Parameter Settings for User Entity Instance: moisture_sensor:ms|adc_controller:adc_inst ;
+----------------+-------+----------------------------------------------------------------+
; Parameter Name ; Value ; Type                                                           ;
+----------------+-------+----------------------------------------------------------------+
; MIN            ; 220   ; Signed Integer                                                 ;
; MAX            ; 340   ; Signed Integer                                                 ;
; STEP           ; 15    ; Signed Integer                                                 ;
+----------------+-------+----------------------------------------------------------------+
Note: In order to hide this table in the UI and the text report file, please set the "Show Parameter Settings in Synthesis Report" option in "Analysis and Synthesis Settings -> More Settings" to "Off".


+-------------------------------------------------------------------+
; Parameter Settings for User Entity Instance: uart_msg_fsm:msg_fsm ;
+----------------+-------+------------------------------------------+
; Parameter Name ; Value ; Type                                     ;
+----------------+-------+------------------------------------------+
; IDLE           ; 00    ; Unsigned Binary                          ;
; SEND_MPI       ; 01    ; Unsigned Binary                          ;
; SEND_MM        ; 10    ; Unsigned Binary                          ;
; SEND_TH        ; 11    ; Unsigned Binary                          ;
+----------------+-------+------------------------------------------+
Note: In order to hide this table in the UI and the text report file, please set the "Show Parameter Settings in Synthesis Report" option in "Analysis and Synthesis Settings -> More Settings" to "Off".


+-----------------------------------------------------------+
; Parameter Settings for User Entity Instance: uart_tx:uart ;
+----------------+-------+----------------------------------+
; Parameter Name ; Value ; Type                             ;
+----------------+-------+----------------------------------+
; s0             ; 000   ; Unsigned Binary                  ;
; s1             ; 001   ; Unsigned Binary                  ;
; s2             ; 010   ; Unsigned Binary                  ;
; s3             ; 011   ; Unsigned Binary                  ;
; s4             ; 100   ; Unsigned Binary                  ;
+----------------+-------+----------------------------------+
Note: In order to hide this table in the UI and the text report file, please set the "Show Parameter Settings in Synthesis Report" option in "Analysis and Synthesis Settings -> More Settings" to "Off".


+---------------------------------------------------------------------------------------------------------------------------------------------------------------------------------------------------------------------------------------------------------------------------------------------------------------------------------------------------------------------+
; Parameter Settings for Inferred Entity Instance: sld_signaltap:auto_signaltap_0                                                                                                                                                                                                                                                                                     ;
+-------------------------------------------------+--------------------------------------------------------------------------------------------------------------------------------------------------------------------------------------------------------------------------------------------------------------------------------------------------+----------------+
; Parameter Name                                  ; Value                                                                                                                                                                                                                                                                                            ; Type           ;
+-------------------------------------------------+--------------------------------------------------------------------------------------------------------------------------------------------------------------------------------------------------------------------------------------------------------------------------------------------------+----------------+
; lpm_type                                        ; sld_signaltap                                                                                                                                                                                                                                                                                    ; String         ;
; sld_node_info                                   ; 805334528                                                                                                                                                                                                                                                                                        ; Untyped        ;
; SLD_SECTION_ID                                  ; hdl_signaltap_0                                                                                                                                                                                                                                                                                  ; String         ;
; SLD_IP_VERSION                                  ; 6                                                                                                                                                                                                                                                                                                ; Signed Integer ;
; SLD_IP_MINOR_VERSION                            ; 0                                                                                                                                                                                                                                                                                                ; Signed Integer ;
; SLD_COMMON_IP_VERSION                           ; 0                                                                                                                                                                                                                                                                                                ; Signed Integer ;
; sld_data_bits                                   ; 89                                                                                                                                                                                                                                                                                               ; Untyped        ;
; sld_trigger_bits                                ; 89                                                                                                                                                                                                                                                                                               ; Untyped        ;
; SLD_NODE_CRC_BITS                               ; 32                                                                                                                                                                                                                                                                                               ; Signed Integer ;
; SLD_NODE_CRC_HIWORD                             ; 41394                                                                                                                                                                                                                                                                                            ; Signed Integer ;
; SLD_NODE_CRC_LOWORD                             ; 50132                                                                                                                                                                                                                                                                                            ; Signed Integer ;
; sld_incremental_routing                         ; 1                                                                                                                                                                                                                                                                                                ; Untyped        ;
; sld_sample_depth                                ; 128                                                                                                                                                                                                                                                                                              ; Untyped        ;
; sld_segment_size                                ; 128                                                                                                                                                                                                                                                                                              ; Untyped        ;
; sld_ram_block_type                              ; AUTO                                                                                                                                                                                                                                                                                             ; Untyped        ;
; sld_state_bits                                  ; 11                                                                                                                                                                                                                                                                                               ; Untyped        ;
; sld_buffer_full_stop                            ; 1                                                                                                                                                                                                                                                                                                ; Untyped        ;
; SLD_MEM_ADDRESS_BITS                            ; 7                                                                                                                                                                                                                                                                                                ; Signed Integer ;
; SLD_DATA_BIT_CNTR_BITS                          ; 4                                                                                                                                                                                                                                                                                                ; Signed Integer ;
; sld_trigger_level                               ; 1                                                                                                                                                                                                                                                                                                ; Untyped        ;
; sld_trigger_in_enabled                          ; 0                                                                                                                                                                                                                                                                                                ; Untyped        ;
; SLD_HPS_TRIGGER_IN_ENABLED                      ; 0                                                                                                                                                                                                                                                                                                ; Signed Integer ;
; SLD_HPS_TRIGGER_OUT_ENABLED                     ; 0                                                                                                                                                                                                                                                                                                ; Signed Integer ;
; SLD_HPS_EVENT_ENABLED                           ; 0                                                                                                                                                                                                                                                                                                ; Signed Integer ;
; SLD_HPS_EVENT_ID                                ; 0                                                                                                                                                                                                                                                                                                ; Signed Integer ;
; sld_advanced_trigger_entity                     ; basic,1,                                                                                                                                                                                                                                                                                         ; Untyped        ;
; sld_trigger_level_pipeline                      ; 1                                                                                                                                                                                                                                                                                                ; Untyped        ;
; sld_trigger_pipeline                            ; 0                                                                                                                                                                                                                                                                                                ; Untyped        ;
; sld_ram_pipeline                                ; 0                                                                                                                                                                                                                                                                                                ; Untyped        ;
; sld_counter_pipeline                            ; 0                                                                                                                                                                                                                                                                                                ; Untyped        ;
; sld_enable_advanced_trigger                     ; 0                                                                                                                                                                                                                                                                                                ; Untyped        ;
; SLD_ADVANCED_TRIGGER_1                          ; NONE                                                                                                                                                                                                                                                                                             ; String         ;
; SLD_ADVANCED_TRIGGER_2                          ; NONE                                                                                                                                                                                                                                                                                             ; String         ;
; SLD_ADVANCED_TRIGGER_3                          ; NONE                                                                                                                                                                                                                                                                                             ; String         ;
; SLD_ADVANCED_TRIGGER_4                          ; NONE                                                                                                                                                                                                                                                                                             ; String         ;
; SLD_ADVANCED_TRIGGER_5                          ; NONE                                                                                                                                                                                                                                                                                             ; String         ;
; SLD_ADVANCED_TRIGGER_6                          ; NONE                                                                                                                                                                                                                                                                                             ; String         ;
; SLD_ADVANCED_TRIGGER_7                          ; NONE                                                                                                                                                                                                                                                                                             ; String         ;
; SLD_ADVANCED_TRIGGER_8                          ; NONE                                                                                                                                                                                                                                                                                             ; String         ;
; SLD_ADVANCED_TRIGGER_9                          ; NONE                                                                                                                                                                                                                                                                                             ; String         ;
; SLD_ADVANCED_TRIGGER_10                         ; NONE                                                                                                                                                                                                                                                                                             ; String         ;
; sld_inversion_mask_length                       ; 288                                                                                                                                                                                                                                                                                              ; Untyped        ;
; sld_inversion_mask                              ; 000000000000000000000000000000000000000000000000000000000000000000000000000000000000000000000000000000000000000000000000000000000000000000000000000000000000000000000000000000000000000000000000000000000000000000000000000000000000000000000000000000000000000000000000000000000000000000000000 ; Untyped        ;
; sld_power_up_trigger                            ; 0                                                                                                                                                                                                                                                                                                ; Untyped        ;
; SLD_STATE_FLOW_MGR_ENTITY                       ; state_flow_mgr_entity.vhd                                                                                                                                                                                                                                                                        ; String         ;
; sld_state_flow_use_generated                    ; 0                                                                                                                                                                                                                                                                                                ; Untyped        ;
; sld_current_resource_width                      ; 1                                                                                                                                                                                                                                                                                                ; Untyped        ;
; sld_attribute_mem_mode                          ; OFF                                                                                                                                                                                                                                                                                              ; Untyped        ;
; sld_storage_qualifier_bits                      ; 89                                                                                                                                                                                                                                                                                               ; Untyped        ;
; SLD_STORAGE_QUALIFIER_GAP_RECORD                ; 0                                                                                                                                                                                                                                                                                                ; Signed Integer ;
; SLD_STORAGE_QUALIFIER_MODE                      ; OFF                                                                                                                                                                                                                                                                                              ; String         ;
; SLD_STORAGE_QUALIFIER_ENABLE_ADVANCED_CONDITION ; 0                                                                                                                                                                                                                                                                                                ; Signed Integer ;
; sld_storage_qualifier_inversion_mask_length     ; 0                                                                                                                                                                                                                                                                                                ; Untyped        ;
; SLD_STORAGE_QUALIFIER_ADVANCED_CONDITION_ENTITY ; basic                                                                                                                                                                                                                                                                                            ; String         ;
; SLD_STORAGE_QUALIFIER_PIPELINE                  ; 0                                                                                                                                                                                                                                                                                                ; Signed Integer ;
; SLD_CREATE_MONITOR_INTERFACE                    ; 0                                                                                                                                                                                                                                                                                                ; Signed Integer ;
; SLD_USE_JTAG_SIGNAL_ADAPTER                     ; 1                                                                                                                                                                                                                                                                                                ; Signed Integer ;
+-------------------------------------------------+--------------------------------------------------------------------------------------------------------------------------------------------------------------------------------------------------------------------------------------------------------------------------------------------------+----------------+
Note: In order to hide this table in the UI and the text report file, please set the "Show Parameter Settings in Synthesis Report" option in "Analysis and Synthesis Settings -> More Settings" to "Off".


+---------------------------------------------------------------------------------------+
; Parameter Settings for Inferred Entity Instance: uart_msg_fsm:msg_fsm|lpm_divide:Div0 ;
+------------------------+----------------+---------------------------------------------+
; Parameter Name         ; Value          ; Type                                        ;
+------------------------+----------------+---------------------------------------------+
; LPM_WIDTHN             ; 8              ; Untyped                                     ;
; LPM_WIDTHD             ; 4              ; Untyped                                     ;
; LPM_NREPRESENTATION    ; UNSIGNED       ; Untyped                                     ;
; LPM_DREPRESENTATION    ; UNSIGNED       ; Untyped                                     ;
; LPM_PIPELINE           ; 0              ; Untyped                                     ;
; LPM_REMAINDERPOSITIVE  ; TRUE           ; Untyped                                     ;
; MAXIMIZE_SPEED         ; 5              ; Untyped                                     ;
; CBXI_PARAMETER         ; lpm_divide_jhm ; Untyped                                     ;
; CARRY_CHAIN            ; MANUAL         ; Untyped                                     ;
; OPTIMIZE_FOR_SPEED     ; 5              ; Untyped                                     ;
; AUTO_CARRY_CHAINS      ; ON             ; AUTO_CARRY                                  ;
; IGNORE_CARRY_BUFFERS   ; OFF            ; IGNORE_CARRY                                ;
; AUTO_CASCADE_CHAINS    ; ON             ; AUTO_CASCADE                                ;
; IGNORE_CASCADE_BUFFERS ; OFF            ; IGNORE_CASCADE                              ;
+------------------------+----------------+---------------------------------------------+
Note: In order to hide this table in the UI and the text report file, please set the "Show Parameter Settings in Synthesis Report" option in "Analysis and Synthesis Settings -> More Settings" to "Off".


+---------------------------------------------------------------------------------------+
; Parameter Settings for Inferred Entity Instance: uart_msg_fsm:msg_fsm|lpm_divide:Mod2 ;
+------------------------+----------------+---------------------------------------------+
; Parameter Name         ; Value          ; Type                                        ;
+------------------------+----------------+---------------------------------------------+
; LPM_WIDTHN             ; 8              ; Untyped                                     ;
; LPM_WIDTHD             ; 4              ; Untyped                                     ;
; LPM_NREPRESENTATION    ; UNSIGNED       ; Untyped                                     ;
; LPM_DREPRESENTATION    ; UNSIGNED       ; Untyped                                     ;
; LPM_PIPELINE           ; 0              ; Untyped                                     ;
; LPM_REMAINDERPOSITIVE  ; TRUE           ; Untyped                                     ;
; MAXIMIZE_SPEED         ; 5              ; Untyped                                     ;
; CBXI_PARAMETER         ; lpm_divide_m9m ; Untyped                                     ;
; CARRY_CHAIN            ; MANUAL         ; Untyped                                     ;
; OPTIMIZE_FOR_SPEED     ; 5              ; Untyped                                     ;
; AUTO_CARRY_CHAINS      ; ON             ; AUTO_CARRY                                  ;
; IGNORE_CARRY_BUFFERS   ; OFF            ; IGNORE_CARRY                                ;
; AUTO_CASCADE_CHAINS    ; ON             ; AUTO_CASCADE                                ;
; IGNORE_CASCADE_BUFFERS ; OFF            ; IGNORE_CASCADE                              ;
+------------------------+----------------+---------------------------------------------+
Note: In order to hide this table in the UI and the text report file, please set the "Show Parameter Settings in Synthesis Report" option in "Analysis and Synthesis Settings -> More Settings" to "Off".


+---------------------------------------------------------------------------------------+
; Parameter Settings for Inferred Entity Instance: uart_msg_fsm:msg_fsm|lpm_divide:Mod0 ;
+------------------------+----------------+---------------------------------------------+
; Parameter Name         ; Value          ; Type                                        ;
+------------------------+----------------+---------------------------------------------+
; LPM_WIDTHN             ; 8              ; Untyped                                     ;
; LPM_WIDTHD             ; 4              ; Untyped                                     ;
; LPM_NREPRESENTATION    ; UNSIGNED       ; Untyped                                     ;
; LPM_DREPRESENTATION    ; UNSIGNED       ; Untyped                                     ;
; LPM_PIPELINE           ; 0              ; Untyped                                     ;
; LPM_REMAINDERPOSITIVE  ; TRUE           ; Untyped                                     ;
; MAXIMIZE_SPEED         ; 5              ; Untyped                                     ;
; CBXI_PARAMETER         ; lpm_divide_m9m ; Untyped                                     ;
; CARRY_CHAIN            ; MANUAL         ; Untyped                                     ;
; OPTIMIZE_FOR_SPEED     ; 5              ; Untyped                                     ;
; AUTO_CARRY_CHAINS      ; ON             ; AUTO_CARRY                                  ;
; IGNORE_CARRY_BUFFERS   ; OFF            ; IGNORE_CARRY                                ;
; AUTO_CASCADE_CHAINS    ; ON             ; AUTO_CASCADE                                ;
; IGNORE_CASCADE_BUFFERS ; OFF            ; IGNORE_CASCADE                              ;
+------------------------+----------------+---------------------------------------------+
Note: In order to hide this table in the UI and the text report file, please set the "Show Parameter Settings in Synthesis Report" option in "Analysis and Synthesis Settings -> More Settings" to "Off".


+---------------------------------------------------------------------------------------+
; Parameter Settings for Inferred Entity Instance: uart_msg_fsm:msg_fsm|lpm_divide:Div3 ;
+------------------------+----------------+---------------------------------------------+
; Parameter Name         ; Value          ; Type                                        ;
+------------------------+----------------+---------------------------------------------+
; LPM_WIDTHN             ; 8              ; Untyped                                     ;
; LPM_WIDTHD             ; 4              ; Untyped                                     ;
; LPM_NREPRESENTATION    ; UNSIGNED       ; Untyped                                     ;
; LPM_DREPRESENTATION    ; UNSIGNED       ; Untyped                                     ;
; LPM_PIPELINE           ; 0              ; Untyped                                     ;
; LPM_REMAINDERPOSITIVE  ; TRUE           ; Untyped                                     ;
; MAXIMIZE_SPEED         ; 5              ; Untyped                                     ;
; CBXI_PARAMETER         ; lpm_divide_jhm ; Untyped                                     ;
; CARRY_CHAIN            ; MANUAL         ; Untyped                                     ;
; OPTIMIZE_FOR_SPEED     ; 5              ; Untyped                                     ;
; AUTO_CARRY_CHAINS      ; ON             ; AUTO_CARRY                                  ;
; IGNORE_CARRY_BUFFERS   ; OFF            ; IGNORE_CARRY                                ;
; AUTO_CASCADE_CHAINS    ; ON             ; AUTO_CASCADE                                ;
; IGNORE_CASCADE_BUFFERS ; OFF            ; IGNORE_CASCADE                              ;
+------------------------+----------------+---------------------------------------------+
Note: In order to hide this table in the UI and the text report file, please set the "Show Parameter Settings in Synthesis Report" option in "Analysis and Synthesis Settings -> More Settings" to "Off".


+---------------------------------------------------------------------------------------+
; Parameter Settings for Inferred Entity Instance: uart_msg_fsm:msg_fsm|lpm_divide:Div1 ;
+------------------------+----------------+---------------------------------------------+
; Parameter Name         ; Value          ; Type                                        ;
+------------------------+----------------+---------------------------------------------+
; LPM_WIDTHN             ; 8              ; Untyped                                     ;
; LPM_WIDTHD             ; 4              ; Untyped                                     ;
; LPM_NREPRESENTATION    ; UNSIGNED       ; Untyped                                     ;
; LPM_DREPRESENTATION    ; UNSIGNED       ; Untyped                                     ;
; LPM_PIPELINE           ; 0              ; Untyped                                     ;
; LPM_REMAINDERPOSITIVE  ; TRUE           ; Untyped                                     ;
; MAXIMIZE_SPEED         ; 5              ; Untyped                                     ;
; CBXI_PARAMETER         ; lpm_divide_jhm ; Untyped                                     ;
; CARRY_CHAIN            ; MANUAL         ; Untyped                                     ;
; OPTIMIZE_FOR_SPEED     ; 5              ; Untyped                                     ;
; AUTO_CARRY_CHAINS      ; ON             ; AUTO_CARRY                                  ;
; IGNORE_CARRY_BUFFERS   ; OFF            ; IGNORE_CARRY                                ;
; AUTO_CASCADE_CHAINS    ; ON             ; AUTO_CASCADE                                ;
; IGNORE_CASCADE_BUFFERS ; OFF            ; IGNORE_CASCADE                              ;
+------------------------+----------------+---------------------------------------------+
Note: In order to hide this table in the UI and the text report file, please set the "Show Parameter Settings in Synthesis Report" option in "Analysis and Synthesis Settings -> More Settings" to "Off".


+---------------------------------------------------------------------------------------+
; Parameter Settings for Inferred Entity Instance: uart_msg_fsm:msg_fsm|lpm_divide:Mod3 ;
+------------------------+----------------+---------------------------------------------+
; Parameter Name         ; Value          ; Type                                        ;
+------------------------+----------------+---------------------------------------------+
; LPM_WIDTHN             ; 8              ; Untyped                                     ;
; LPM_WIDTHD             ; 4              ; Untyped                                     ;
; LPM_NREPRESENTATION    ; UNSIGNED       ; Untyped                                     ;
; LPM_DREPRESENTATION    ; UNSIGNED       ; Untyped                                     ;
; LPM_PIPELINE           ; 0              ; Untyped                                     ;
; LPM_REMAINDERPOSITIVE  ; TRUE           ; Untyped                                     ;
; MAXIMIZE_SPEED         ; 5              ; Untyped                                     ;
; CBXI_PARAMETER         ; lpm_divide_m9m ; Untyped                                     ;
; CARRY_CHAIN            ; MANUAL         ; Untyped                                     ;
; OPTIMIZE_FOR_SPEED     ; 5              ; Untyped                                     ;
; AUTO_CARRY_CHAINS      ; ON             ; AUTO_CARRY                                  ;
; IGNORE_CARRY_BUFFERS   ; OFF            ; IGNORE_CARRY                                ;
; AUTO_CASCADE_CHAINS    ; ON             ; AUTO_CASCADE                                ;
; IGNORE_CASCADE_BUFFERS ; OFF            ; IGNORE_CASCADE                              ;
+------------------------+----------------+---------------------------------------------+
Note: In order to hide this table in the UI and the text report file, please set the "Show Parameter Settings in Synthesis Report" option in "Analysis and Synthesis Settings -> More Settings" to "Off".


+---------------------------------------------------------------------------------------+
; Parameter Settings for Inferred Entity Instance: uart_msg_fsm:msg_fsm|lpm_divide:Div2 ;
+------------------------+----------------+---------------------------------------------+
; Parameter Name         ; Value          ; Type                                        ;
+------------------------+----------------+---------------------------------------------+
; LPM_WIDTHN             ; 8              ; Untyped                                     ;
; LPM_WIDTHD             ; 4              ; Untyped                                     ;
; LPM_NREPRESENTATION    ; UNSIGNED       ; Untyped                                     ;
; LPM_DREPRESENTATION    ; UNSIGNED       ; Untyped                                     ;
; LPM_PIPELINE           ; 0              ; Untyped                                     ;
; LPM_REMAINDERPOSITIVE  ; TRUE           ; Untyped                                     ;
; MAXIMIZE_SPEED         ; 5              ; Untyped                                     ;
; CBXI_PARAMETER         ; lpm_divide_jhm ; Untyped                                     ;
; CARRY_CHAIN            ; MANUAL         ; Untyped                                     ;
; OPTIMIZE_FOR_SPEED     ; 5              ; Untyped                                     ;
; AUTO_CARRY_CHAINS      ; ON             ; AUTO_CARRY                                  ;
; IGNORE_CARRY_BUFFERS   ; OFF            ; IGNORE_CARRY                                ;
; AUTO_CASCADE_CHAINS    ; ON             ; AUTO_CASCADE                                ;
; IGNORE_CASCADE_BUFFERS ; OFF            ; IGNORE_CASCADE                              ;
+------------------------+----------------+---------------------------------------------+
Note: In order to hide this table in the UI and the text report file, please set the "Show Parameter Settings in Synthesis Report" option in "Analysis and Synthesis Settings -> More Settings" to "Off".


+---------------------------------------------------------------------------------------+
; Parameter Settings for Inferred Entity Instance: uart_msg_fsm:msg_fsm|lpm_divide:Mod1 ;
+------------------------+----------------+---------------------------------------------+
; Parameter Name         ; Value          ; Type                                        ;
+------------------------+----------------+---------------------------------------------+
; LPM_WIDTHN             ; 8              ; Untyped                                     ;
; LPM_WIDTHD             ; 4              ; Untyped                                     ;
; LPM_NREPRESENTATION    ; UNSIGNED       ; Untyped                                     ;
; LPM_DREPRESENTATION    ; UNSIGNED       ; Untyped                                     ;
; LPM_PIPELINE           ; 0              ; Untyped                                     ;
; LPM_REMAINDERPOSITIVE  ; TRUE           ; Untyped                                     ;
; MAXIMIZE_SPEED         ; 5              ; Untyped                                     ;
; CBXI_PARAMETER         ; lpm_divide_m9m ; Untyped                                     ;
; CARRY_CHAIN            ; MANUAL         ; Untyped                                     ;
; OPTIMIZE_FOR_SPEED     ; 5              ; Untyped                                     ;
; AUTO_CARRY_CHAINS      ; ON             ; AUTO_CARRY                                  ;
; IGNORE_CARRY_BUFFERS   ; OFF            ; IGNORE_CARRY                                ;
; AUTO_CASCADE_CHAINS    ; ON             ; AUTO_CASCADE                                ;
; IGNORE_CASCADE_BUFFERS ; OFF            ; IGNORE_CASCADE                              ;
+------------------------+----------------+---------------------------------------------+
Note: In order to hide this table in the UI and the text report file, please set the "Show Parameter Settings in Synthesis Report" option in "Analysis and Synthesis Settings -> More Settings" to "Off".


+---------------------------------------------------------------------------------------+
; Parameter Settings for Inferred Entity Instance: uart_msg_fsm:msg_fsm|lpm_divide:Div4 ;
+------------------------+----------------+---------------------------------------------+
; Parameter Name         ; Value          ; Type                                        ;
+------------------------+----------------+---------------------------------------------+
; LPM_WIDTHN             ; 12             ; Untyped                                     ;
; LPM_WIDTHD             ; 10             ; Untyped                                     ;
; LPM_NREPRESENTATION    ; UNSIGNED       ; Untyped                                     ;
; LPM_DREPRESENTATION    ; UNSIGNED       ; Untyped                                     ;
; LPM_PIPELINE           ; 0              ; Untyped                                     ;
; LPM_REMAINDERPOSITIVE  ; TRUE           ; Untyped                                     ;
; MAXIMIZE_SPEED         ; 5              ; Untyped                                     ;
; CBXI_PARAMETER         ; lpm_divide_bkm ; Untyped                                     ;
; CARRY_CHAIN            ; MANUAL         ; Untyped                                     ;
; OPTIMIZE_FOR_SPEED     ; 5              ; Untyped                                     ;
; AUTO_CARRY_CHAINS      ; ON             ; AUTO_CARRY                                  ;
; IGNORE_CARRY_BUFFERS   ; OFF            ; IGNORE_CARRY                                ;
; AUTO_CASCADE_CHAINS    ; ON             ; AUTO_CASCADE                                ;
; IGNORE_CASCADE_BUFFERS ; OFF            ; IGNORE_CASCADE                              ;
+------------------------+----------------+---------------------------------------------+
Note: In order to hide this table in the UI and the text report file, please set the "Show Parameter Settings in Synthesis Report" option in "Analysis and Synthesis Settings -> More Settings" to "Off".


+---------------------------------------------------------------------------------------+
; Parameter Settings for Inferred Entity Instance: uart_msg_fsm:msg_fsm|lpm_divide:Div5 ;
+------------------------+----------------+---------------------------------------------+
; Parameter Name         ; Value          ; Type                                        ;
+------------------------+----------------+---------------------------------------------+
; LPM_WIDTHN             ; 12             ; Untyped                                     ;
; LPM_WIDTHD             ; 7              ; Untyped                                     ;
; LPM_NREPRESENTATION    ; UNSIGNED       ; Untyped                                     ;
; LPM_DREPRESENTATION    ; UNSIGNED       ; Untyped                                     ;
; LPM_PIPELINE           ; 0              ; Untyped                                     ;
; LPM_REMAINDERPOSITIVE  ; TRUE           ; Untyped                                     ;
; MAXIMIZE_SPEED         ; 5              ; Untyped                                     ;
; CBXI_PARAMETER         ; lpm_divide_1jm ; Untyped                                     ;
; CARRY_CHAIN            ; MANUAL         ; Untyped                                     ;
; OPTIMIZE_FOR_SPEED     ; 5              ; Untyped                                     ;
; AUTO_CARRY_CHAINS      ; ON             ; AUTO_CARRY                                  ;
; IGNORE_CARRY_BUFFERS   ; OFF            ; IGNORE_CARRY                                ;
; AUTO_CASCADE_CHAINS    ; ON             ; AUTO_CASCADE                                ;
; IGNORE_CASCADE_BUFFERS ; OFF            ; IGNORE_CASCADE                              ;
+------------------------+----------------+---------------------------------------------+
Note: In order to hide this table in the UI and the text report file, please set the "Show Parameter Settings in Synthesis Report" option in "Analysis and Synthesis Settings -> More Settings" to "Off".


+---------------------------------------------------------------------------------------+
; Parameter Settings for Inferred Entity Instance: uart_msg_fsm:msg_fsm|lpm_divide:Mod4 ;
+------------------------+----------------+---------------------------------------------+
; Parameter Name         ; Value          ; Type                                        ;
+------------------------+----------------+---------------------------------------------+
; LPM_WIDTHN             ; 12             ; Untyped                                     ;
; LPM_WIDTHD             ; 4              ; Untyped                                     ;
; LPM_NREPRESENTATION    ; UNSIGNED       ; Untyped                                     ;
; LPM_DREPRESENTATION    ; UNSIGNED       ; Untyped                                     ;
; LPM_PIPELINE           ; 0              ; Untyped                                     ;
; LPM_REMAINDERPOSITIVE  ; TRUE           ; Untyped                                     ;
; MAXIMIZE_SPEED         ; 5              ; Untyped                                     ;
; CBXI_PARAMETER         ; lpm_divide_1bm ; Untyped                                     ;
; CARRY_CHAIN            ; MANUAL         ; Untyped                                     ;
; OPTIMIZE_FOR_SPEED     ; 5              ; Untyped                                     ;
; AUTO_CARRY_CHAINS      ; ON             ; AUTO_CARRY                                  ;
; IGNORE_CARRY_BUFFERS   ; OFF            ; IGNORE_CARRY                                ;
; AUTO_CASCADE_CHAINS    ; ON             ; AUTO_CASCADE                                ;
; IGNORE_CASCADE_BUFFERS ; OFF            ; IGNORE_CASCADE                              ;
+------------------------+----------------+---------------------------------------------+
Note: In order to hide this table in the UI and the text report file, please set the "Show Parameter Settings in Synthesis Report" option in "Analysis and Synthesis Settings -> More Settings" to "Off".


+---------------------------------------------------------------------------------------+
; Parameter Settings for Inferred Entity Instance: uart_msg_fsm:msg_fsm|lpm_divide:Div6 ;
+------------------------+----------------+---------------------------------------------+
; Parameter Name         ; Value          ; Type                                        ;
+------------------------+----------------+---------------------------------------------+
; LPM_WIDTHN             ; 12             ; Untyped                                     ;
; LPM_WIDTHD             ; 4              ; Untyped                                     ;
; LPM_NREPRESENTATION    ; UNSIGNED       ; Untyped                                     ;
; LPM_DREPRESENTATION    ; UNSIGNED       ; Untyped                                     ;
; LPM_PIPELINE           ; 0              ; Untyped                                     ;
; LPM_REMAINDERPOSITIVE  ; TRUE           ; Untyped                                     ;
; MAXIMIZE_SPEED         ; 5              ; Untyped                                     ;
; CBXI_PARAMETER         ; lpm_divide_uim ; Untyped                                     ;
; CARRY_CHAIN            ; MANUAL         ; Untyped                                     ;
; OPTIMIZE_FOR_SPEED     ; 5              ; Untyped                                     ;
; AUTO_CARRY_CHAINS      ; ON             ; AUTO_CARRY                                  ;
; IGNORE_CARRY_BUFFERS   ; OFF            ; IGNORE_CARRY                                ;
; AUTO_CASCADE_CHAINS    ; ON             ; AUTO_CASCADE                                ;
; IGNORE_CASCADE_BUFFERS ; OFF            ; IGNORE_CASCADE                              ;
+------------------------+----------------+---------------------------------------------+
Note: In order to hide this table in the UI and the text report file, please set the "Show Parameter Settings in Synthesis Report" option in "Analysis and Synthesis Settings -> More Settings" to "Off".


+---------------------------------------------------------------------------------------+
; Parameter Settings for Inferred Entity Instance: uart_msg_fsm:msg_fsm|lpm_divide:Mod5 ;
+------------------------+----------------+---------------------------------------------+
; Parameter Name         ; Value          ; Type                                        ;
+------------------------+----------------+---------------------------------------------+
; LPM_WIDTHN             ; 12             ; Untyped                                     ;
; LPM_WIDTHD             ; 4              ; Untyped                                     ;
; LPM_NREPRESENTATION    ; UNSIGNED       ; Untyped                                     ;
; LPM_DREPRESENTATION    ; UNSIGNED       ; Untyped                                     ;
; LPM_PIPELINE           ; 0              ; Untyped                                     ;
; LPM_REMAINDERPOSITIVE  ; TRUE           ; Untyped                                     ;
; MAXIMIZE_SPEED         ; 5              ; Untyped                                     ;
; CBXI_PARAMETER         ; lpm_divide_1bm ; Untyped                                     ;
; CARRY_CHAIN            ; MANUAL         ; Untyped                                     ;
; OPTIMIZE_FOR_SPEED     ; 5              ; Untyped                                     ;
; AUTO_CARRY_CHAINS      ; ON             ; AUTO_CARRY                                  ;
; IGNORE_CARRY_BUFFERS   ; OFF            ; IGNORE_CARRY                                ;
; AUTO_CASCADE_CHAINS    ; ON             ; AUTO_CASCADE                                ;
; IGNORE_CASCADE_BUFFERS ; OFF            ; IGNORE_CASCADE                              ;
+------------------------+----------------+---------------------------------------------+
Note: In order to hide this table in the UI and the text report file, please set the "Show Parameter Settings in Synthesis Report" option in "Analysis and Synthesis Settings -> More Settings" to "Off".


+---------------------------------------------------------------------------------------+
; Parameter Settings for Inferred Entity Instance: uart_msg_fsm:msg_fsm|lpm_divide:Mod6 ;
+------------------------+----------------+---------------------------------------------+
; Parameter Name         ; Value          ; Type                                        ;
+------------------------+----------------+---------------------------------------------+
; LPM_WIDTHN             ; 12             ; Untyped                                     ;
; LPM_WIDTHD             ; 4              ; Untyped                                     ;
; LPM_NREPRESENTATION    ; UNSIGNED       ; Untyped                                     ;
; LPM_DREPRESENTATION    ; UNSIGNED       ; Untyped                                     ;
; LPM_PIPELINE           ; 0              ; Untyped                                     ;
; LPM_REMAINDERPOSITIVE  ; TRUE           ; Untyped                                     ;
; MAXIMIZE_SPEED         ; 5              ; Untyped                                     ;
; CBXI_PARAMETER         ; lpm_divide_1bm ; Untyped                                     ;
; CARRY_CHAIN            ; MANUAL         ; Untyped                                     ;
; OPTIMIZE_FOR_SPEED     ; 5              ; Untyped                                     ;
; AUTO_CARRY_CHAINS      ; ON             ; AUTO_CARRY                                  ;
; IGNORE_CARRY_BUFFERS   ; OFF            ; IGNORE_CARRY                                ;
; AUTO_CASCADE_CHAINS    ; ON             ; AUTO_CASCADE                                ;
; IGNORE_CASCADE_BUFFERS ; OFF            ; IGNORE_CASCADE                              ;
+------------------------+----------------+---------------------------------------------+
Note: In order to hide this table in the UI and the text report file, please set the "Show Parameter Settings in Synthesis Report" option in "Analysis and Synthesis Settings -> More Settings" to "Off".


+-------------------------------------------------------------------------------------------------------------------------------------------------------------------------+
; Port Connectivity Checks: "SERVO:u_servo|servo_pwm:s2"                                                                                                                  ;
+-------+-------+----------+----------------------------------------------------------------------------------------------------------------------------------------------+
; Port  ; Type  ; Severity ; Details                                                                                                                                      ;
+-------+-------+----------+----------------------------------------------------------------------------------------------------------------------------------------------+
; reset ; Input ; Warning  ; Declared by entity but not connected by instance. If a default value exists, it will be used.  Otherwise, the port will be connected to GND. ;
+-------+-------+----------+----------------------------------------------------------------------------------------------------------------------------------------------+


+-------------------------------------------------------------------------------------------------------------------------------------------------------------------------+
; Port Connectivity Checks: "SERVO:u_servo|servo_pwm:s1"                                                                                                                  ;
+-------+-------+----------+----------------------------------------------------------------------------------------------------------------------------------------------+
; Port  ; Type  ; Severity ; Details                                                                                                                                      ;
+-------+-------+----------+----------------------------------------------------------------------------------------------------------------------------------------------+
; reset ; Input ; Warning  ; Declared by entity but not connected by instance. If a default value exists, it will be used.  Otherwise, the port will be connected to GND. ;
+-------+-------+----------+----------------------------------------------------------------------------------------------------------------------------------------------+


+----------------------------------------------------------------------------------------------------------------------------------------+
; Port Connectivity Checks: "moisture_sensor:ms"                                                                                         ;
+---------+--------+----------+----------------------------------------------------------------------------------------------------------+
; Port    ; Type   ; Severity ; Details                                                                                                  ;
+---------+--------+----------+----------------------------------------------------------------------------------------------------------+
; led_ind ; Output ; Warning  ; Declared by entity but not connected by instance. Logic that only feeds a dangling port will be removed. ;
+---------+--------+----------+----------------------------------------------------------------------------------------------------------+


+----------------------------------------------------------------------------------------------------------------------+
; Port Connectivity Checks: "t2a_dht:u_dht"                                                                            ;
+------------+--------+----------+-------------------------------------------------------------------------------------+
; Port       ; Type   ; Severity ; Details                                                                             ;
+------------+--------+----------+-------------------------------------------------------------------------------------+
; Checksum   ; Output ; Info     ; Connected to dangling logic. Logic that only feeds a dangling port will be removed. ;
; data_valid ; Output ; Info     ; Connected to dangling logic. Logic that only feeds a dangling port will be removed. ;
+------------+--------+----------+-------------------------------------------------------------------------------------+


+-------------------------------------------------------------------------------------------------------------------------------------------------------------------------------------------------------------------------------------------------------------------------+
; Signal Tap Logic Analyzer Settings                                                                                                                                                                                                                                      ;
+----------------+------------------+---------------------+------------------+--------------+----------+------------------------+----------------------+--------------------+-----------------------------+-----------------+------------------+--------------------------+
; Instance Index ; Instance Name    ; Trigger Input Width ; Data Input Width ; Sample Depth ; Segments ; Storage Qualifier Type ; Trigger Flow Control ; Trigger Conditions ; Advanced Trigger Conditions ; Trigger In Used ; Trigger Out Used ; Power-Up Trigger Enabled ;
+----------------+------------------+---------------------+------------------+--------------+----------+------------------------+----------------------+--------------------+-----------------------------+-----------------+------------------+--------------------------+
; 0              ; auto_signaltap_0 ; 89                  ; 89               ; 128          ; 1        ; continuous             ; sequential           ; 1                  ; 0                           ; no              ; no               ; no                       ;
+----------------+------------------+---------------------+------------------+--------------+----------+------------------------+----------------------+--------------------+-----------------------------+-----------------+------------------+--------------------------+


+-----------------------------------------------------+
; Post-Synthesis Netlist Statistics for Top Partition ;
+-----------------------+-----------------------------+
; Type                  ; Count                       ;
+-----------------------+-----------------------------+
; boundary_port         ; 71                          ;
; cycloneiii_ff         ; 293                         ;
;     CLR               ; 33                          ;
;     CLR SLD           ; 1                           ;
;     ENA               ; 53                          ;
;     ENA CLR           ; 43                          ;
;     ENA CLR SCLR      ; 44                          ;
;     ENA SCLR          ; 3                           ;
;     SCLR              ; 27                          ;
;     SLD               ; 5                           ;
;     plain             ; 84                          ;
; cycloneiii_io_obuf    ; 1                           ;
; cycloneiii_lcell_comb ; 1465                        ;
;     arith             ; 434                         ;
;         1 data inputs ; 2                           ;
;         2 data inputs ; 165                         ;
;         3 data inputs ; 267                         ;
;     normal            ; 1031                        ;
;         0 data inputs ; 77                          ;
;         1 data inputs ; 24                          ;
;         2 data inputs ; 516                         ;
;         3 data inputs ; 48                          ;
;         4 data inputs ; 366                         ;
;                       ;                             ;
; Max LUT depth         ; 26.50                       ;
; Average LUT depth     ; 12.74                       ;
+-----------------------+-----------------------------+


+-------------------------------+
; Elapsed Time Per Partition    ;
+----------------+--------------+
; Partition Name ; Elapsed Time ;
+----------------+--------------+
; Top            ; 00:00:04     ;
+----------------+--------------+


+-----------------------------------------------------------------------------------------------------------------------------------------------------------------------------------------------------------------------------------------------------------------------------------------------------------------------------+
; Connections to In-System Debugging Instance "auto_signaltap_0"                                                                                                                                                                                                                                                              ;
+-------------------------------------+---------------+-----------+--------------------------------+-------------------+-------------------------------------+----------------------------------------------------------------------------------------------------------------------------------------------------------------+
; Name                                ; Type          ; Status    ; Partition Name                 ; Netlist Type Used ; Actual Connection                   ; Details                                                                                                                                                        ;
+-------------------------------------+---------------+-----------+--------------------------------+-------------------+-------------------------------------+----------------------------------------------------------------------------------------------------------------------------------------------------------------+
; clk_50M                             ; pre-synthesis ; connected ; Top                            ; post-synthesis    ; clk_50M                             ; N/A                                                                                                                                                            ;
; reset                               ; pre-synthesis ; connected ; Top                            ; post-synthesis    ; reset                               ; N/A                                                                                                                                                            ;
; reset                               ; pre-synthesis ; connected ; Top                            ; post-synthesis    ; reset                               ; N/A                                                                                                                                                            ;
; t2a_dht:u_dht|RH_decimal[0]         ; pre-synthesis ; connected ; Top                            ; post-synthesis    ; t2a_dht:u_dht|RH_decimal[0]         ; N/A                                                                                                                                                            ;
; t2a_dht:u_dht|RH_decimal[0]         ; pre-synthesis ; connected ; Top                            ; post-synthesis    ; t2a_dht:u_dht|RH_decimal[0]         ; N/A                                                                                                                                                            ;
; t2a_dht:u_dht|RH_decimal[1]         ; pre-synthesis ; connected ; Top                            ; post-synthesis    ; t2a_dht:u_dht|RH_decimal[1]         ; N/A                                                                                                                                                            ;
; t2a_dht:u_dht|RH_decimal[1]         ; pre-synthesis ; connected ; Top                            ; post-synthesis    ; t2a_dht:u_dht|RH_decimal[1]         ; N/A                                                                                                                                                            ;
; t2a_dht:u_dht|RH_decimal[2]         ; pre-synthesis ; connected ; Top                            ; post-synthesis    ; t2a_dht:u_dht|RH_decimal[2]         ; N/A                                                                                                                                                            ;
; t2a_dht:u_dht|RH_decimal[2]         ; pre-synthesis ; connected ; Top                            ; post-synthesis    ; t2a_dht:u_dht|RH_decimal[2]         ; N/A                                                                                                                                                            ;
; t2a_dht:u_dht|RH_decimal[3]         ; pre-synthesis ; connected ; Top                            ; post-synthesis    ; t2a_dht:u_dht|RH_decimal[3]         ; N/A                                                                                                                                                            ;
; t2a_dht:u_dht|RH_decimal[3]         ; pre-synthesis ; connected ; Top                            ; post-synthesis    ; t2a_dht:u_dht|RH_decimal[3]         ; N/A                                                                                                                                                            ;
; t2a_dht:u_dht|RH_decimal[4]         ; pre-synthesis ; connected ; Top                            ; post-synthesis    ; t2a_dht:u_dht|RH_decimal[4]         ; N/A                                                                                                                                                            ;
; t2a_dht:u_dht|RH_decimal[4]         ; pre-synthesis ; connected ; Top                            ; post-synthesis    ; t2a_dht:u_dht|RH_decimal[4]         ; N/A                                                                                                                                                            ;
; t2a_dht:u_dht|RH_decimal[5]         ; pre-synthesis ; connected ; Top                            ; post-synthesis    ; t2a_dht:u_dht|RH_decimal[5]         ; N/A                                                                                                                                                            ;
; t2a_dht:u_dht|RH_decimal[5]         ; pre-synthesis ; connected ; Top                            ; post-synthesis    ; t2a_dht:u_dht|RH_decimal[5]         ; N/A                                                                                                                                                            ;
; t2a_dht:u_dht|RH_decimal[6]         ; pre-synthesis ; connected ; Top                            ; post-synthesis    ; t2a_dht:u_dht|RH_decimal[6]         ; N/A                                                                                                                                                            ;
; t2a_dht:u_dht|RH_decimal[6]         ; pre-synthesis ; connected ; Top                            ; post-synthesis    ; t2a_dht:u_dht|RH_decimal[6]         ; N/A                                                                                                                                                            ;
; t2a_dht:u_dht|RH_decimal[7]         ; pre-synthesis ; connected ; Top                            ; post-synthesis    ; t2a_dht:u_dht|RH_decimal[7]         ; N/A                                                                                                                                                            ;
; t2a_dht:u_dht|RH_decimal[7]         ; pre-synthesis ; connected ; Top                            ; post-synthesis    ; t2a_dht:u_dht|RH_decimal[7]         ; N/A                                                                                                                                                            ;
; t2a_dht:u_dht|RH_integral[0]        ; pre-synthesis ; connected ; Top                            ; post-synthesis    ; t2a_dht:u_dht|RH_integral[0]        ; N/A                                                                                                                                                            ;
; t2a_dht:u_dht|RH_integral[0]        ; pre-synthesis ; connected ; Top                            ; post-synthesis    ; t2a_dht:u_dht|RH_integral[0]        ; N/A                                                                                                                                                            ;
; t2a_dht:u_dht|RH_integral[1]        ; pre-synthesis ; connected ; Top                            ; post-synthesis    ; t2a_dht:u_dht|RH_integral[1]        ; N/A                                                                                                                                                            ;
; t2a_dht:u_dht|RH_integral[1]        ; pre-synthesis ; connected ; Top                            ; post-synthesis    ; t2a_dht:u_dht|RH_integral[1]        ; N/A                                                                                                                                                            ;
; t2a_dht:u_dht|RH_integral[2]        ; pre-synthesis ; connected ; Top                            ; post-synthesis    ; t2a_dht:u_dht|RH_integral[2]        ; N/A                                                                                                                                                            ;
; t2a_dht:u_dht|RH_integral[2]        ; pre-synthesis ; connected ; Top                            ; post-synthesis    ; t2a_dht:u_dht|RH_integral[2]        ; N/A                                                                                                                                                            ;
; t2a_dht:u_dht|RH_integral[3]        ; pre-synthesis ; connected ; Top                            ; post-synthesis    ; t2a_dht:u_dht|RH_integral[3]        ; N/A                                                                                                                                                            ;
; t2a_dht:u_dht|RH_integral[3]        ; pre-synthesis ; connected ; Top                            ; post-synthesis    ; t2a_dht:u_dht|RH_integral[3]        ; N/A                                                                                                                                                            ;
; t2a_dht:u_dht|RH_integral[4]        ; pre-synthesis ; connected ; Top                            ; post-synthesis    ; t2a_dht:u_dht|RH_integral[4]        ; N/A                                                                                                                                                            ;
; t2a_dht:u_dht|RH_integral[4]        ; pre-synthesis ; connected ; Top                            ; post-synthesis    ; t2a_dht:u_dht|RH_integral[4]        ; N/A                                                                                                                                                            ;
; t2a_dht:u_dht|RH_integral[5]        ; pre-synthesis ; connected ; Top                            ; post-synthesis    ; t2a_dht:u_dht|RH_integral[5]        ; N/A                                                                                                                                                            ;
; t2a_dht:u_dht|RH_integral[5]        ; pre-synthesis ; connected ; Top                            ; post-synthesis    ; t2a_dht:u_dht|RH_integral[5]        ; N/A                                                                                                                                                            ;
; t2a_dht:u_dht|RH_integral[6]        ; pre-synthesis ; connected ; Top                            ; post-synthesis    ; t2a_dht:u_dht|RH_integral[6]        ; N/A                                                                                                                                                            ;
; t2a_dht:u_dht|RH_integral[6]        ; pre-synthesis ; connected ; Top                            ; post-synthesis    ; t2a_dht:u_dht|RH_integral[6]        ; N/A                                                                                                                                                            ;
; t2a_dht:u_dht|RH_integral[7]        ; pre-synthesis ; connected ; Top                            ; post-synthesis    ; t2a_dht:u_dht|RH_integral[7]        ; N/A                                                                                                                                                            ;
; t2a_dht:u_dht|RH_integral[7]        ; pre-synthesis ; connected ; Top                            ; post-synthesis    ; t2a_dht:u_dht|RH_integral[7]        ; N/A                                                                                                                                                            ;
; t2a_dht:u_dht|T_decimal[0]          ; pre-synthesis ; connected ; Top                            ; post-synthesis    ; t2a_dht:u_dht|T_decimal[0]          ; N/A                                                                                                                                                            ;
; t2a_dht:u_dht|T_decimal[0]          ; pre-synthesis ; connected ; Top                            ; post-synthesis    ; t2a_dht:u_dht|T_decimal[0]          ; N/A                                                                                                                                                            ;
; t2a_dht:u_dht|T_decimal[1]          ; pre-synthesis ; connected ; Top                            ; post-synthesis    ; t2a_dht:u_dht|T_decimal[1]          ; N/A                                                                                                                                                            ;
; t2a_dht:u_dht|T_decimal[1]          ; pre-synthesis ; connected ; Top                            ; post-synthesis    ; t2a_dht:u_dht|T_decimal[1]          ; N/A                                                                                                                                                            ;
; t2a_dht:u_dht|T_decimal[2]          ; pre-synthesis ; connected ; Top                            ; post-synthesis    ; t2a_dht:u_dht|T_decimal[2]          ; N/A                                                                                                                                                            ;
; t2a_dht:u_dht|T_decimal[2]          ; pre-synthesis ; connected ; Top                            ; post-synthesis    ; t2a_dht:u_dht|T_decimal[2]          ; N/A                                                                                                                                                            ;
; t2a_dht:u_dht|T_decimal[3]          ; pre-synthesis ; connected ; Top                            ; post-synthesis    ; t2a_dht:u_dht|T_decimal[3]          ; N/A                                                                                                                                                            ;
; t2a_dht:u_dht|T_decimal[3]          ; pre-synthesis ; connected ; Top                            ; post-synthesis    ; t2a_dht:u_dht|T_decimal[3]          ; N/A                                                                                                                                                            ;
; t2a_dht:u_dht|T_decimal[4]          ; pre-synthesis ; connected ; Top                            ; post-synthesis    ; t2a_dht:u_dht|T_decimal[4]          ; N/A                                                                                                                                                            ;
; t2a_dht:u_dht|T_decimal[4]          ; pre-synthesis ; connected ; Top                            ; post-synthesis    ; t2a_dht:u_dht|T_decimal[4]          ; N/A                                                                                                                                                            ;
; t2a_dht:u_dht|T_decimal[5]          ; pre-synthesis ; connected ; Top                            ; post-synthesis    ; t2a_dht:u_dht|T_decimal[5]          ; N/A                                                                                                                                                            ;
; t2a_dht:u_dht|T_decimal[5]          ; pre-synthesis ; connected ; Top                            ; post-synthesis    ; t2a_dht:u_dht|T_decimal[5]          ; N/A                                                                                                                                                            ;
; t2a_dht:u_dht|T_decimal[6]          ; pre-synthesis ; connected ; Top                            ; post-synthesis    ; t2a_dht:u_dht|T_decimal[6]          ; N/A                                                                                                                                                            ;
; t2a_dht:u_dht|T_decimal[6]          ; pre-synthesis ; connected ; Top                            ; post-synthesis    ; t2a_dht:u_dht|T_decimal[6]          ; N/A                                                                                                                                                            ;
; t2a_dht:u_dht|T_decimal[7]          ; pre-synthesis ; connected ; Top                            ; post-synthesis    ; t2a_dht:u_dht|T_decimal[7]          ; N/A                                                                                                                                                            ;
; t2a_dht:u_dht|T_decimal[7]          ; pre-synthesis ; connected ; Top                            ; post-synthesis    ; t2a_dht:u_dht|T_decimal[7]          ; N/A                                                                                                                                                            ;
; t2a_dht:u_dht|T_integral[0]         ; pre-synthesis ; connected ; Top                            ; post-synthesis    ; t2a_dht:u_dht|T_integral[0]         ; N/A                                                                                                                                                            ;
; t2a_dht:u_dht|T_integral[0]         ; pre-synthesis ; connected ; Top                            ; post-synthesis    ; t2a_dht:u_dht|T_integral[0]         ; N/A                                                                                                                                                            ;
; t2a_dht:u_dht|T_integral[1]         ; pre-synthesis ; connected ; Top                            ; post-synthesis    ; t2a_dht:u_dht|T_integral[1]         ; N/A                                                                                                                                                            ;
; t2a_dht:u_dht|T_integral[1]         ; pre-synthesis ; connected ; Top                            ; post-synthesis    ; t2a_dht:u_dht|T_integral[1]         ; N/A                                                                                                                                                            ;
; t2a_dht:u_dht|T_integral[2]         ; pre-synthesis ; connected ; Top                            ; post-synthesis    ; t2a_dht:u_dht|T_integral[2]         ; N/A                                                                                                                                                            ;
; t2a_dht:u_dht|T_integral[2]         ; pre-synthesis ; connected ; Top                            ; post-synthesis    ; t2a_dht:u_dht|T_integral[2]         ; N/A                                                                                                                                                            ;
; t2a_dht:u_dht|T_integral[3]         ; pre-synthesis ; connected ; Top                            ; post-synthesis    ; t2a_dht:u_dht|T_integral[3]         ; N/A                                                                                                                                                            ;
; t2a_dht:u_dht|T_integral[3]         ; pre-synthesis ; connected ; Top                            ; post-synthesis    ; t2a_dht:u_dht|T_integral[3]         ; N/A                                                                                                                                                            ;
; t2a_dht:u_dht|T_integral[4]         ; pre-synthesis ; connected ; Top                            ; post-synthesis    ; t2a_dht:u_dht|T_integral[4]         ; N/A                                                                                                                                                            ;
; t2a_dht:u_dht|T_integral[4]         ; pre-synthesis ; connected ; Top                            ; post-synthesis    ; t2a_dht:u_dht|T_integral[4]         ; N/A                                                                                                                                                            ;
; t2a_dht:u_dht|T_integral[5]         ; pre-synthesis ; connected ; Top                            ; post-synthesis    ; t2a_dht:u_dht|T_integral[5]         ; N/A                                                                                                                                                            ;
; t2a_dht:u_dht|T_integral[5]         ; pre-synthesis ; connected ; Top                            ; post-synthesis    ; t2a_dht:u_dht|T_integral[5]         ; N/A                                                                                                                                                            ;
; t2a_dht:u_dht|T_integral[6]         ; pre-synthesis ; connected ; Top                            ; post-synthesis    ; t2a_dht:u_dht|T_integral[6]         ; N/A                                                                                                                                                            ;
; t2a_dht:u_dht|T_integral[6]         ; pre-synthesis ; connected ; Top                            ; post-synthesis    ; t2a_dht:u_dht|T_integral[6]         ; N/A                                                                                                                                                            ;
; t2a_dht:u_dht|T_integral[7]         ; pre-synthesis ; connected ; Top                            ; post-synthesis    ; t2a_dht:u_dht|T_integral[7]         ; N/A                                                                                                                                                            ;
; t2a_dht:u_dht|T_integral[7]         ; pre-synthesis ; connected ; Top                            ; post-synthesis    ; t2a_dht:u_dht|T_integral[7]         ; N/A                                                                                                                                                            ;
; t2a_dht:u_dht|bit_index[0]          ; pre-synthesis ; connected ; Top                            ; post-synthesis    ; t2a_dht:u_dht|bit_index[0]          ; N/A                                                                                                                                                            ;
; t2a_dht:u_dht|bit_index[0]          ; pre-synthesis ; connected ; Top                            ; post-synthesis    ; t2a_dht:u_dht|bit_index[0]          ; N/A                                                                                                                                                            ;
; t2a_dht:u_dht|bit_index[1]          ; pre-synthesis ; connected ; Top                            ; post-synthesis    ; t2a_dht:u_dht|bit_index[1]          ; N/A                                                                                                                                                            ;
; t2a_dht:u_dht|bit_index[1]          ; pre-synthesis ; connected ; Top                            ; post-synthesis    ; t2a_dht:u_dht|bit_index[1]          ; N/A                                                                                                                                                            ;
; t2a_dht:u_dht|bit_index[2]          ; pre-synthesis ; connected ; Top                            ; post-synthesis    ; t2a_dht:u_dht|bit_index[2]          ; N/A                                                                                                                                                            ;
; t2a_dht:u_dht|bit_index[2]          ; pre-synthesis ; connected ; Top                            ; post-synthesis    ; t2a_dht:u_dht|bit_index[2]          ; N/A                                                                                                                                                            ;
; t2a_dht:u_dht|bit_index[3]          ; pre-synthesis ; connected ; Top                            ; post-synthesis    ; t2a_dht:u_dht|bit_index[3]          ; N/A                                                                                                                                                            ;
; t2a_dht:u_dht|bit_index[3]          ; pre-synthesis ; connected ; Top                            ; post-synthesis    ; t2a_dht:u_dht|bit_index[3]          ; N/A                                                                                                                                                            ;
; t2a_dht:u_dht|bit_index[4]          ; pre-synthesis ; connected ; Top                            ; post-synthesis    ; t2a_dht:u_dht|bit_index[4]          ; N/A                                                                                                                                                            ;
; t2a_dht:u_dht|bit_index[4]          ; pre-synthesis ; connected ; Top                            ; post-synthesis    ; t2a_dht:u_dht|bit_index[4]          ; N/A                                                                                                                                                            ;
; t2a_dht:u_dht|bit_index[5]          ; pre-synthesis ; connected ; Top                            ; post-synthesis    ; t2a_dht:u_dht|bit_index[5]          ; N/A                                                                                                                                                            ;
; t2a_dht:u_dht|bit_index[5]          ; pre-synthesis ; connected ; Top                            ; post-synthesis    ; t2a_dht:u_dht|bit_index[5]          ; N/A                                                                                                                                                            ;
; t2a_dht:u_dht|state.000             ; pre-synthesis ; connected ; Top                            ; post-synthesis    ; t2a_dht:u_dht|state.000~_wirecell   ; N/A                                                                                                                                                            ;
; t2a_dht:u_dht|state.000             ; pre-synthesis ; connected ; Top                            ; post-synthesis    ; t2a_dht:u_dht|state.000~_wirecell   ; N/A                                                                                                                                                            ;
; t2a_dht:u_dht|state.001             ; pre-synthesis ; connected ; Top                            ; post-synthesis    ; t2a_dht:u_dht|state.001             ; N/A                                                                                                                                                            ;
; t2a_dht:u_dht|state.001             ; pre-synthesis ; connected ; Top                            ; post-synthesis    ; t2a_dht:u_dht|state.001             ; N/A                                                                                                                                                            ;
; t2a_dht:u_dht|state.010             ; pre-synthesis ; connected ; Top                            ; post-synthesis    ; t2a_dht:u_dht|state.010             ; N/A                                                                                                                                                            ;
; t2a_dht:u_dht|state.010             ; pre-synthesis ; connected ; Top                            ; post-synthesis    ; t2a_dht:u_dht|state.010             ; N/A                                                                                                                                                            ;
; t2a_dht:u_dht|state.011             ; pre-synthesis ; connected ; Top                            ; post-synthesis    ; t2a_dht:u_dht|state.011             ; N/A                                                                                                                                                            ;
; t2a_dht:u_dht|state.011             ; pre-synthesis ; connected ; Top                            ; post-synthesis    ; t2a_dht:u_dht|state.011             ; N/A                                                                                                                                                            ;
; t2a_dht:u_dht|state.100             ; pre-synthesis ; connected ; Top                            ; post-synthesis    ; t2a_dht:u_dht|state.100             ; N/A                                                                                                                                                            ;
; t2a_dht:u_dht|state.100             ; pre-synthesis ; connected ; Top                            ; post-synthesis    ; t2a_dht:u_dht|state.100             ; N/A                                                                                                                                                            ;
; t2a_dht:u_dht|state.101             ; pre-synthesis ; connected ; Top                            ; post-synthesis    ; t2a_dht:u_dht|state.101             ; N/A                                                                                                                                                            ;
; t2a_dht:u_dht|state.101             ; pre-synthesis ; connected ; Top                            ; post-synthesis    ; t2a_dht:u_dht|state.101             ; N/A                                                                                                                                                            ;
; th_uart_fsm:th_fsm|data_valid       ; pre-synthesis ; missing   ; Top                            ; post-synthesis    ; GND                                 ; The name does not exist in your design or refers to an invalid hierarchy or bus element.  You may have modified your design after creating the debug instance. ;
; th_uart_fsm:th_fsm|data_valid       ; pre-synthesis ; missing   ; Top                            ; post-synthesis    ; GND                                 ; The name does not exist in your design or refers to an invalid hierarchy or bus element.  You may have modified your design after creating the debug instance. ;
; th_uart_fsm:th_fsm|state.IDLE       ; pre-synthesis ; missing   ; Top                            ; post-synthesis    ; GND                                 ; The name does not exist in your design or refers to an invalid hierarchy or bus element.  You may have modified your design after creating the debug instance. ;
; th_uart_fsm:th_fsm|state.IDLE       ; pre-synthesis ; missing   ; Top                            ; post-synthesis    ; GND                                 ; The name does not exist in your design or refers to an invalid hierarchy or bus element.  You may have modified your design after creating the debug instance. ;
; th_uart_fsm:th_fsm|state.SEND_COLON ; pre-synthesis ; missing   ; Top                            ; post-synthesis    ; GND                                 ; The name does not exist in your design or refers to an invalid hierarchy or bus element.  You may have modified your design after creating the debug instance. ;
; th_uart_fsm:th_fsm|state.SEND_COLON ; pre-synthesis ; missing   ; Top                            ; post-synthesis    ; GND                                 ; The name does not exist in your design or refers to an invalid hierarchy or bus element.  You may have modified your design after creating the debug instance. ;
; tx                                  ; pre-synthesis ; connected ; Top                            ; post-synthesis    ; uart_tx:uart|tx~_wirecell           ; N/A                                                                                                                                                            ;
; tx                                  ; pre-synthesis ; connected ; Top                            ; post-synthesis    ; uart_tx:uart|tx~_wirecell           ; N/A                                                                                                                                                            ;
; tx_busy                             ; pre-synthesis ; missing   ; Top                            ; post-synthesis    ; GND                                 ; The name does not exist in your design or refers to an invalid hierarchy or bus element.  You may have modified your design after creating the debug instance. ;
; tx_busy                             ; pre-synthesis ; missing   ; Top                            ; post-synthesis    ; GND                                 ; The name does not exist in your design or refers to an invalid hierarchy or bus element.  You may have modified your design after creating the debug instance. ;
; uart_msg_fsm:comb_3|send_pulse      ; pre-synthesis ; missing   ; Top                            ; post-synthesis    ; GND                                 ; The name does not exist in your design or refers to an invalid hierarchy or bus element.  You may have modified your design after creating the debug instance. ;
; uart_msg_fsm:comb_3|send_pulse      ; pre-synthesis ; missing   ; Top                            ; post-synthesis    ; GND                                 ; The name does not exist in your design or refers to an invalid hierarchy or bus element.  You may have modified your design after creating the debug instance. ;
; uart_msg_fsm:comb_3|tx_busy         ; pre-synthesis ; missing   ; Top                            ; post-synthesis    ; GND                                 ; The name does not exist in your design or refers to an invalid hierarchy or bus element.  You may have modified your design after creating the debug instance. ;
; uart_msg_fsm:comb_3|tx_busy         ; pre-synthesis ; missing   ; Top                            ; post-synthesis    ; GND                                 ; The name does not exist in your design or refers to an invalid hierarchy or bus element.  You may have modified your design after creating the debug instance. ;
; uart_tick                           ; pre-synthesis ; connected ; Top                            ; post-synthesis    ; uart_tick                           ; N/A                                                                                                                                                            ;
; uart_tick                           ; pre-synthesis ; connected ; Top                            ; post-synthesis    ; uart_tick                           ; N/A                                                                                                                                                            ;
; uart_tx:uart|baud_cnt[0]            ; pre-synthesis ; missing   ; Top                            ; post-synthesis    ; GND                                 ; The name does not exist in your design or refers to an invalid hierarchy or bus element.  You may have modified your design after creating the debug instance. ;
; uart_tx:uart|baud_cnt[0]            ; pre-synthesis ; missing   ; Top                            ; post-synthesis    ; GND                                 ; The name does not exist in your design or refers to an invalid hierarchy or bus element.  You may have modified your design after creating the debug instance. ;
; uart_tx:uart|baud_cnt[1]            ; pre-synthesis ; missing   ; Top                            ; post-synthesis    ; GND                                 ; The name does not exist in your design or refers to an invalid hierarchy or bus element.  You may have modified your design after creating the debug instance. ;
; uart_tx:uart|baud_cnt[1]            ; pre-synthesis ; missing   ; Top                            ; post-synthesis    ; GND                                 ; The name does not exist in your design or refers to an invalid hierarchy or bus element.  You may have modified your design after creating the debug instance. ;
; uart_tx:uart|baud_cnt[2]            ; pre-synthesis ; missing   ; Top                            ; post-synthesis    ; GND                                 ; The name does not exist in your design or refers to an invalid hierarchy or bus element.  You may have modified your design after creating the debug instance. ;
; uart_tx:uart|baud_cnt[2]            ; pre-synthesis ; missing   ; Top                            ; post-synthesis    ; GND                                 ; The name does not exist in your design or refers to an invalid hierarchy or bus element.  You may have modified your design after creating the debug instance. ;
; uart_tx:uart|baud_cnt[3]            ; pre-synthesis ; missing   ; Top                            ; post-synthesis    ; GND                                 ; The name does not exist in your design or refers to an invalid hierarchy or bus element.  You may have modified your design after creating the debug instance. ;
; uart_tx:uart|baud_cnt[3]            ; pre-synthesis ; missing   ; Top                            ; post-synthesis    ; GND                                 ; The name does not exist in your design or refers to an invalid hierarchy or bus element.  You may have modified your design after creating the debug instance. ;
; uart_tx:uart|baud_cnt[4]            ; pre-synthesis ; missing   ; Top                            ; post-synthesis    ; GND                                 ; The name does not exist in your design or refers to an invalid hierarchy or bus element.  You may have modified your design after creating the debug instance. ;
; uart_tx:uart|baud_cnt[4]            ; pre-synthesis ; missing   ; Top                            ; post-synthesis    ; GND                                 ; The name does not exist in your design or refers to an invalid hierarchy or bus element.  You may have modified your design after creating the debug instance. ;
; uart_tx:uart|baud_cnt[5]            ; pre-synthesis ; missing   ; Top                            ; post-synthesis    ; GND                                 ; The name does not exist in your design or refers to an invalid hierarchy or bus element.  You may have modified your design after creating the debug instance. ;
; uart_tx:uart|baud_cnt[5]            ; pre-synthesis ; missing   ; Top                            ; post-synthesis    ; GND                                 ; The name does not exist in your design or refers to an invalid hierarchy or bus element.  You may have modified your design after creating the debug instance. ;
; uart_tx:uart|baud_cnt[6]            ; pre-synthesis ; missing   ; Top                            ; post-synthesis    ; GND                                 ; The name does not exist in your design or refers to an invalid hierarchy or bus element.  You may have modified your design after creating the debug instance. ;
; uart_tx:uart|baud_cnt[6]            ; pre-synthesis ; missing   ; Top                            ; post-synthesis    ; GND                                 ; The name does not exist in your design or refers to an invalid hierarchy or bus element.  You may have modified your design after creating the debug instance. ;
; uart_tx:uart|baud_cnt[7]            ; pre-synthesis ; missing   ; Top                            ; post-synthesis    ; GND                                 ; The name does not exist in your design or refers to an invalid hierarchy or bus element.  You may have modified your design after creating the debug instance. ;
; uart_tx:uart|baud_cnt[7]            ; pre-synthesis ; missing   ; Top                            ; post-synthesis    ; GND                                 ; The name does not exist in your design or refers to an invalid hierarchy or bus element.  You may have modified your design after creating the debug instance. ;
; uart_tx:uart|baud_cnt[8]            ; pre-synthesis ; missing   ; Top                            ; post-synthesis    ; GND                                 ; The name does not exist in your design or refers to an invalid hierarchy or bus element.  You may have modified your design after creating the debug instance. ;
; uart_tx:uart|baud_cnt[8]            ; pre-synthesis ; missing   ; Top                            ; post-synthesis    ; GND                                 ; The name does not exist in your design or refers to an invalid hierarchy or bus element.  You may have modified your design after creating the debug instance. ;
; uart_tx:uart|bit_idx[0]             ; pre-synthesis ; connected ; Top                            ; post-synthesis    ; uart_tx:uart|bit_idx[0]             ; N/A                                                                                                                                                            ;
; uart_tx:uart|bit_idx[0]             ; pre-synthesis ; connected ; Top                            ; post-synthesis    ; uart_tx:uart|bit_idx[0]             ; N/A                                                                                                                                                            ;
; uart_tx:uart|bit_idx[1]             ; pre-synthesis ; connected ; Top                            ; post-synthesis    ; uart_tx:uart|bit_idx[1]             ; N/A                                                                                                                                                            ;
; uart_tx:uart|bit_idx[1]             ; pre-synthesis ; connected ; Top                            ; post-synthesis    ; uart_tx:uart|bit_idx[1]             ; N/A                                                                                                                                                            ;
; uart_tx:uart|bit_idx[2]             ; pre-synthesis ; connected ; Top                            ; post-synthesis    ; uart_tx:uart|bit_idx[2]             ; N/A                                                                                                                                                            ;
; uart_tx:uart|bit_idx[2]             ; pre-synthesis ; connected ; Top                            ; post-synthesis    ; uart_tx:uart|bit_idx[2]             ; N/A                                                                                                                                                            ;
; uart_tx:uart|clk_3125               ; pre-synthesis ; connected ; Top                            ; post-synthesis    ; clk3125:u_clk_div|clk_3125k         ; N/A                                                                                                                                                            ;
; uart_tx:uart|clk_3125               ; pre-synthesis ; connected ; Top                            ; post-synthesis    ; clk3125:u_clk_div|clk_3125k         ; N/A                                                                                                                                                            ;
; uart_tx:uart|data[0]                ; pre-synthesis ; connected ; Top                            ; post-synthesis    ; uart_msg_fsm:msg_fsm|tx_data[0]     ; N/A                                                                                                                                                            ;
; uart_tx:uart|data[0]                ; pre-synthesis ; connected ; Top                            ; post-synthesis    ; uart_msg_fsm:msg_fsm|tx_data[0]     ; N/A                                                                                                                                                            ;
; uart_tx:uart|data[1]                ; pre-synthesis ; connected ; Top                            ; post-synthesis    ; uart_msg_fsm:msg_fsm|tx_data[1]     ; N/A                                                                                                                                                            ;
; uart_tx:uart|data[1]                ; pre-synthesis ; connected ; Top                            ; post-synthesis    ; uart_msg_fsm:msg_fsm|tx_data[1]     ; N/A                                                                                                                                                            ;
; uart_tx:uart|data[2]                ; pre-synthesis ; connected ; Top                            ; post-synthesis    ; uart_msg_fsm:msg_fsm|tx_data[2]     ; N/A                                                                                                                                                            ;
; uart_tx:uart|data[2]                ; pre-synthesis ; connected ; Top                            ; post-synthesis    ; uart_msg_fsm:msg_fsm|tx_data[2]     ; N/A                                                                                                                                                            ;
; uart_tx:uart|data[3]                ; pre-synthesis ; connected ; Top                            ; post-synthesis    ; uart_msg_fsm:msg_fsm|tx_data[3]     ; N/A                                                                                                                                                            ;
; uart_tx:uart|data[3]                ; pre-synthesis ; connected ; Top                            ; post-synthesis    ; uart_msg_fsm:msg_fsm|tx_data[3]     ; N/A                                                                                                                                                            ;
; uart_tx:uart|data[4]                ; pre-synthesis ; connected ; Top                            ; post-synthesis    ; uart_msg_fsm:msg_fsm|tx_data[4]     ; N/A                                                                                                                                                            ;
; uart_tx:uart|data[4]                ; pre-synthesis ; connected ; Top                            ; post-synthesis    ; uart_msg_fsm:msg_fsm|tx_data[4]     ; N/A                                                                                                                                                            ;
; uart_tx:uart|data[5]                ; pre-synthesis ; connected ; Top                            ; post-synthesis    ; uart_msg_fsm:msg_fsm|tx_data[5]     ; N/A                                                                                                                                                            ;
; uart_tx:uart|data[5]                ; pre-synthesis ; connected ; Top                            ; post-synthesis    ; uart_msg_fsm:msg_fsm|tx_data[5]     ; N/A                                                                                                                                                            ;
; uart_tx:uart|data[6]                ; pre-synthesis ; connected ; Top                            ; post-synthesis    ; uart_msg_fsm:msg_fsm|tx_data[6]     ; N/A                                                                                                                                                            ;
; uart_tx:uart|data[6]                ; pre-synthesis ; connected ; Top                            ; post-synthesis    ; uart_msg_fsm:msg_fsm|tx_data[6]     ; N/A                                                                                                                                                            ;
; uart_tx:uart|data[7]                ; pre-synthesis ; connected ; Top                            ; post-synthesis    ; GND                                 ; N/A                                                                                                                                                            ;
; uart_tx:uart|data[7]                ; pre-synthesis ; connected ; Top                            ; post-synthesis    ; GND                                 ; N/A                                                                                                                                                            ;
; uart_tx:uart|state.DATA             ; pre-synthesis ; missing   ; Top                            ; post-synthesis    ; GND                                 ; The name does not exist in your design or refers to an invalid hierarchy or bus element.  You may have modified your design after creating the debug instance. ;
; uart_tx:uart|state.DATA             ; pre-synthesis ; missing   ; Top                            ; post-synthesis    ; GND                                 ; The name does not exist in your design or refers to an invalid hierarchy or bus element.  You may have modified your design after creating the debug instance. ;
; uart_tx:uart|state.IDLE             ; pre-synthesis ; missing   ; Top                            ; post-synthesis    ; GND                                 ; The name does not exist in your design or refers to an invalid hierarchy or bus element.  You may have modified your design after creating the debug instance. ;
; uart_tx:uart|state.IDLE             ; pre-synthesis ; missing   ; Top                            ; post-synthesis    ; GND                                 ; The name does not exist in your design or refers to an invalid hierarchy or bus element.  You may have modified your design after creating the debug instance. ;
; uart_tx:uart|state.PARITY           ; pre-synthesis ; missing   ; Top                            ; post-synthesis    ; GND                                 ; The name does not exist in your design or refers to an invalid hierarchy or bus element.  You may have modified your design after creating the debug instance. ;
; uart_tx:uart|state.PARITY           ; pre-synthesis ; missing   ; Top                            ; post-synthesis    ; GND                                 ; The name does not exist in your design or refers to an invalid hierarchy or bus element.  You may have modified your design after creating the debug instance. ;
; uart_tx:uart|state.START            ; pre-synthesis ; missing   ; Top                            ; post-synthesis    ; GND                                 ; The name does not exist in your design or refers to an invalid hierarchy or bus element.  You may have modified your design after creating the debug instance. ;
; uart_tx:uart|state.START            ; pre-synthesis ; missing   ; Top                            ; post-synthesis    ; GND                                 ; The name does not exist in your design or refers to an invalid hierarchy or bus element.  You may have modified your design after creating the debug instance. ;
; uart_tx:uart|state.STOP             ; pre-synthesis ; missing   ; Top                            ; post-synthesis    ; GND                                 ; The name does not exist in your design or refers to an invalid hierarchy or bus element.  You may have modified your design after creating the debug instance. ;
; uart_tx:uart|state.STOP             ; pre-synthesis ; missing   ; Top                            ; post-synthesis    ; GND                                 ; The name does not exist in your design or refers to an invalid hierarchy or bus element.  You may have modified your design after creating the debug instance. ;
; uart_tx:uart|tx_busy                ; pre-synthesis ; missing   ; Top                            ; post-synthesis    ; GND                                 ; The name does not exist in your design or refers to an invalid hierarchy or bus element.  You may have modified your design after creating the debug instance. ;
; uart_tx:uart|tx_busy                ; pre-synthesis ; missing   ; Top                            ; post-synthesis    ; GND                                 ; The name does not exist in your design or refers to an invalid hierarchy or bus element.  You may have modified your design after creating the debug instance. ;
; uart_tx:uart|tx_shift[0]            ; pre-synthesis ; missing   ; Top                            ; post-synthesis    ; GND                                 ; The name does not exist in your design or refers to an invalid hierarchy or bus element.  You may have modified your design after creating the debug instance. ;
; uart_tx:uart|tx_shift[0]            ; pre-synthesis ; missing   ; Top                            ; post-synthesis    ; GND                                 ; The name does not exist in your design or refers to an invalid hierarchy or bus element.  You may have modified your design after creating the debug instance. ;
; uart_tx:uart|tx_shift[1]            ; pre-synthesis ; missing   ; Top                            ; post-synthesis    ; GND                                 ; The name does not exist in your design or refers to an invalid hierarchy or bus element.  You may have modified your design after creating the debug instance. ;
; uart_tx:uart|tx_shift[1]            ; pre-synthesis ; missing   ; Top                            ; post-synthesis    ; GND                                 ; The name does not exist in your design or refers to an invalid hierarchy or bus element.  You may have modified your design after creating the debug instance. ;
; uart_tx:uart|tx_shift[2]            ; pre-synthesis ; missing   ; Top                            ; post-synthesis    ; GND                                 ; The name does not exist in your design or refers to an invalid hierarchy or bus element.  You may have modified your design after creating the debug instance. ;
; uart_tx:uart|tx_shift[2]            ; pre-synthesis ; missing   ; Top                            ; post-synthesis    ; GND                                 ; The name does not exist in your design or refers to an invalid hierarchy or bus element.  You may have modified your design after creating the debug instance. ;
; uart_tx:uart|tx_shift[3]            ; pre-synthesis ; missing   ; Top                            ; post-synthesis    ; GND                                 ; The name does not exist in your design or refers to an invalid hierarchy or bus element.  You may have modified your design after creating the debug instance. ;
; uart_tx:uart|tx_shift[3]            ; pre-synthesis ; missing   ; Top                            ; post-synthesis    ; GND                                 ; The name does not exist in your design or refers to an invalid hierarchy or bus element.  You may have modified your design after creating the debug instance. ;
; uart_tx:uart|tx_shift[4]            ; pre-synthesis ; missing   ; Top                            ; post-synthesis    ; GND                                 ; The name does not exist in your design or refers to an invalid hierarchy or bus element.  You may have modified your design after creating the debug instance. ;
; uart_tx:uart|tx_shift[4]            ; pre-synthesis ; missing   ; Top                            ; post-synthesis    ; GND                                 ; The name does not exist in your design or refers to an invalid hierarchy or bus element.  You may have modified your design after creating the debug instance. ;
; uart_tx:uart|tx_shift[5]            ; pre-synthesis ; missing   ; Top                            ; post-synthesis    ; GND                                 ; The name does not exist in your design or refers to an invalid hierarchy or bus element.  You may have modified your design after creating the debug instance. ;
; uart_tx:uart|tx_shift[5]            ; pre-synthesis ; missing   ; Top                            ; post-synthesis    ; GND                                 ; The name does not exist in your design or refers to an invalid hierarchy or bus element.  You may have modified your design after creating the debug instance. ;
; uart_tx:uart|tx_shift[6]            ; pre-synthesis ; missing   ; Top                            ; post-synthesis    ; GND                                 ; The name does not exist in your design or refers to an invalid hierarchy or bus element.  You may have modified your design after creating the debug instance. ;
; uart_tx:uart|tx_shift[6]            ; pre-synthesis ; missing   ; Top                            ; post-synthesis    ; GND                                 ; The name does not exist in your design or refers to an invalid hierarchy or bus element.  You may have modified your design after creating the debug instance. ;
; uart_tx:uart|tx_shift[7]            ; pre-synthesis ; missing   ; Top                            ; post-synthesis    ; GND                                 ; The name does not exist in your design or refers to an invalid hierarchy or bus element.  You may have modified your design after creating the debug instance. ;
; uart_tx:uart|tx_shift[7]            ; pre-synthesis ; missing   ; Top                            ; post-synthesis    ; GND                                 ; The name does not exist in your design or refers to an invalid hierarchy or bus element.  You may have modified your design after creating the debug instance. ;
; uart_tx:uart|tx_start               ; pre-synthesis ; connected ; Top                            ; post-synthesis    ; uart_msg_fsm:msg_fsm|tx_start       ; N/A                                                                                                                                                            ;
; uart_tx:uart|tx_start               ; pre-synthesis ; connected ; Top                            ; post-synthesis    ; uart_msg_fsm:msg_fsm|tx_start       ; N/A                                                                                                                                                            ;
; auto_signaltap_0|gnd                ; post-fitting  ; connected ; sld_signaltap:auto_signaltap_0 ; post-synthesis    ; sld_signaltap:auto_signaltap_0|~GND ; N/A                                                                                                                                                            ;
; auto_signaltap_0|gnd                ; post-fitting  ; connected ; sld_signaltap:auto_signaltap_0 ; post-synthesis    ; sld_signaltap:auto_signaltap_0|~GND ; N/A                                                                                                                                                            ;
; auto_signaltap_0|gnd                ; post-fitting  ; connected ; sld_signaltap:auto_signaltap_0 ; post-synthesis    ; sld_signaltap:auto_signaltap_0|~GND ; N/A                                                                                                                                                            ;
; auto_signaltap_0|gnd                ; post-fitting  ; connected ; sld_signaltap:auto_signaltap_0 ; post-synthesis    ; sld_signaltap:auto_signaltap_0|~GND ; N/A                                                                                                                                                            ;
; auto_signaltap_0|gnd                ; post-fitting  ; connected ; sld_signaltap:auto_signaltap_0 ; post-synthesis    ; sld_signaltap:auto_signaltap_0|~GND ; N/A                                                                                                                                                            ;
; auto_signaltap_0|gnd                ; post-fitting  ; connected ; sld_signaltap:auto_signaltap_0 ; post-synthesis    ; sld_signaltap:auto_signaltap_0|~GND ; N/A                                                                                                                                                            ;
; auto_signaltap_0|gnd                ; post-fitting  ; connected ; sld_signaltap:auto_signaltap_0 ; post-synthesis    ; sld_signaltap:auto_signaltap_0|~GND ; N/A                                                                                                                                                            ;
; auto_signaltap_0|gnd                ; post-fitting  ; connected ; sld_signaltap:auto_signaltap_0 ; post-synthesis    ; sld_signaltap:auto_signaltap_0|~GND ; N/A                                                                                                                                                            ;
; auto_signaltap_0|gnd                ; post-fitting  ; connected ; sld_signaltap:auto_signaltap_0 ; post-synthesis    ; sld_signaltap:auto_signaltap_0|~GND ; N/A                                                                                                                                                            ;
; auto_signaltap_0|gnd                ; post-fitting  ; connected ; sld_signaltap:auto_signaltap_0 ; post-synthesis    ; sld_signaltap:auto_signaltap_0|~GND ; N/A                                                                                                                                                            ;
; auto_signaltap_0|gnd                ; post-fitting  ; connected ; sld_signaltap:auto_signaltap_0 ; post-synthesis    ; sld_signaltap:auto_signaltap_0|~GND ; N/A                                                                                                                                                            ;
; auto_signaltap_0|gnd                ; post-fitting  ; connected ; sld_signaltap:auto_signaltap_0 ; post-synthesis    ; sld_signaltap:auto_signaltap_0|~GND ; N/A                                                                                                                                                            ;
; auto_signaltap_0|gnd                ; post-fitting  ; connected ; sld_signaltap:auto_signaltap_0 ; post-synthesis    ; sld_signaltap:auto_signaltap_0|~GND ; N/A                                                                                                                                                            ;
; auto_signaltap_0|vcc                ; post-fitting  ; connected ; sld_signaltap:auto_signaltap_0 ; post-synthesis    ; sld_signaltap:auto_signaltap_0|~VCC ; N/A                                                                                                                                                            ;
; auto_signaltap_0|vcc                ; post-fitting  ; connected ; sld_signaltap:auto_signaltap_0 ; post-synthesis    ; sld_signaltap:auto_signaltap_0|~VCC ; N/A                                                                                                                                                            ;
; auto_signaltap_0|vcc                ; post-fitting  ; connected ; sld_signaltap:auto_signaltap_0 ; post-synthesis    ; sld_signaltap:auto_signaltap_0|~VCC ; N/A                                                                                                                                                            ;
; auto_signaltap_0|vcc                ; post-fitting  ; connected ; sld_signaltap:auto_signaltap_0 ; post-synthesis    ; sld_signaltap:auto_signaltap_0|~VCC ; N/A                                                                                                                                                            ;
; auto_signaltap_0|vcc                ; post-fitting  ; connected ; sld_signaltap:auto_signaltap_0 ; post-synthesis    ; sld_signaltap:auto_signaltap_0|~VCC ; N/A                                                                                                                                                            ;
; auto_signaltap_0|vcc                ; post-fitting  ; connected ; sld_signaltap:auto_signaltap_0 ; post-synthesis    ; sld_signaltap:auto_signaltap_0|~VCC ; N/A                                                                                                                                                            ;
; auto_signaltap_0|vcc                ; post-fitting  ; connected ; sld_signaltap:auto_signaltap_0 ; post-synthesis    ; sld_signaltap:auto_signaltap_0|~VCC ; N/A                                                                                                                                                            ;
; auto_signaltap_0|vcc                ; post-fitting  ; connected ; sld_signaltap:auto_signaltap_0 ; post-synthesis    ; sld_signaltap:auto_signaltap_0|~VCC ; N/A                                                                                                                                                            ;
; auto_signaltap_0|vcc                ; post-fitting  ; connected ; sld_signaltap:auto_signaltap_0 ; post-synthesis    ; sld_signaltap:auto_signaltap_0|~VCC ; N/A                                                                                                                                                            ;
; auto_signaltap_0|vcc                ; post-fitting  ; connected ; sld_signaltap:auto_signaltap_0 ; post-synthesis    ; sld_signaltap:auto_signaltap_0|~VCC ; N/A                                                                                                                                                            ;
; auto_signaltap_0|vcc                ; post-fitting  ; connected ; sld_signaltap:auto_signaltap_0 ; post-synthesis    ; sld_signaltap:auto_signaltap_0|~VCC ; N/A                                                                                                                                                            ;
; auto_signaltap_0|vcc                ; post-fitting  ; connected ; sld_signaltap:auto_signaltap_0 ; post-synthesis    ; sld_signaltap:auto_signaltap_0|~VCC ; N/A                                                                                                                                                            ;
; auto_signaltap_0|vcc                ; post-fitting  ; connected ; sld_signaltap:auto_signaltap_0 ; post-synthesis    ; sld_signaltap:auto_signaltap_0|~VCC ; N/A                                                                                                                                                            ;
; auto_signaltap_0|vcc                ; post-fitting  ; connected ; sld_signaltap:auto_signaltap_0 ; post-synthesis    ; sld_signaltap:auto_signaltap_0|~VCC ; N/A                                                                                                                                                            ;
; auto_signaltap_0|vcc                ; post-fitting  ; connected ; sld_signaltap:auto_signaltap_0 ; post-synthesis    ; sld_signaltap:auto_signaltap_0|~VCC ; N/A                                                                                                                                                            ;
; auto_signaltap_0|vcc                ; post-fitting  ; connected ; sld_signaltap:auto_signaltap_0 ; post-synthesis    ; sld_signaltap:auto_signaltap_0|~VCC ; N/A                                                                                                                                                            ;
; auto_signaltap_0|vcc                ; post-fitting  ; connected ; sld_signaltap:auto_signaltap_0 ; post-synthesis    ; sld_signaltap:auto_signaltap_0|~VCC ; N/A                                                                                                                                                            ;
; auto_signaltap_0|vcc                ; post-fitting  ; connected ; sld_signaltap:auto_signaltap_0 ; post-synthesis    ; sld_signaltap:auto_signaltap_0|~VCC ; N/A                                                                                                                                                            ;
; auto_signaltap_0|vcc                ; post-fitting  ; connected ; sld_signaltap:auto_signaltap_0 ; post-synthesis    ; sld_signaltap:auto_signaltap_0|~VCC ; N/A                                                                                                                                                            ;
+-------------------------------------+---------------+-----------+--------------------------------+-------------------+-------------------------------------+----------------------------------------------------------------------------------------------------------------------------------------------------------------+


+-------------------------------+
; Analysis & Synthesis Messages ;
+-------------------------------+
Info: *******************************************************************
Info: Running Quartus Prime Analysis & Synthesis
    Info: Version 20.1.1 Build 720 11/11/2020 SJ Lite Edition
    Info: Processing started: Sat Jan 31 03:13:43 2026
Info: Command: quartus_map --read_settings_files=on --write_settings_files=off task_5 -c task_5
Warning (18236): Number of processors has not been specified which may cause overloading on shared machines.  Set the global assignment NUM_PARALLEL_PROCESSORS in your QSF to an appropriate value for best performance.
Info (20030): Parallel compilation is enabled and will use 10 of the 10 processors detected
Warning (10229): Verilog HDL Expression warning at task_5.v(56): truncated literal to match 24 bits File: C:/Users/dutta/OneDrive/Desktop/task5/task 5/task_5.v Line: 56
Info (12021): Found 1 design units, including 1 entities, in source file task_5.v
    Info (12023): Found entity 1: task_5 File: C:/Users/dutta/OneDrive/Desktop/task5/task 5/task_5.v Line: 1
Info (12021): Found 1 design units, including 1 entities, in source file soil_moisture.v
    Info (12023): Found entity 1: moisture_sensor File: C:/Users/dutta/OneDrive/Desktop/task5/task 5/soil_moisture.v Line: 1
Info (12021): Found 1 design units, including 1 entities, in source file dht11.v
    Info (12023): Found entity 1: t2a_dht File: C:/Users/dutta/OneDrive/Desktop/task5/task 5/dht11.v Line: 1
Info (12021): Found 1 design units, including 1 entities, in source file uart_msg_fsm.v
    Info (12023): Found entity 1: uart_msg_fsm File: C:/Users/dutta/OneDrive/Desktop/task5/task 5/uart_msg_fsm.v Line: 1
Info (12021): Found 1 design units, including 1 entities, in source file uart_tx.v
    Info (12023): Found entity 1: uart_tx File: C:/Users/dutta/OneDrive/Desktop/task5/task 5/uart_tx.v Line: 1
Info (12021): Found 1 design units, including 1 entities, in source file adc_controller.v
    Info (12023): Found entity 1: adc_controller File: C:/Users/dutta/OneDrive/Desktop/task5/task 5/adc_controller.v Line: 1
Info (12021): Found 1 design units, including 1 entities, in source file clk3125.v
    Info (12023): Found entity 1: clk3125 File: C:/Users/dutta/OneDrive/Desktop/task5/task 5/Clk3125.v Line: 1
Info (12021): Found 1 design units, including 1 entities, in source file uart_rx.v
    Info (12023): Found entity 1: uart_rx File: C:/Users/dutta/OneDrive/Desktop/task5/task 5/uart_rx.v Line: 1
Info (12021): Found 1 design units, including 1 entities, in source file ir_sensor.v
    Info (12023): Found entity 1: ir_sensor File: C:/Users/dutta/OneDrive/Desktop/task5/task 5/ir_sensor.v Line: 1
Warning (10229): Verilog HDL Expression warning at SERVO.v(14): truncated literal to match 26 bits File: C:/Users/dutta/OneDrive/Desktop/task5/task 5/SERVO.v Line: 14
Warning (10229): Verilog HDL Expression warning at SERVO.v(15): truncated literal to match 26 bits File: C:/Users/dutta/OneDrive/Desktop/task5/task 5/SERVO.v Line: 15
Info (12021): Found 2 design units, including 2 entities, in source file servo.v
    Info (12023): Found entity 1: SERVO File: C:/Users/dutta/OneDrive/Desktop/task5/task 5/SERVO.v Line: 1
    Info (12023): Found entity 2: servo_pwm File: C:/Users/dutta/OneDrive/Desktop/task5/task 5/SERVO.v Line: 110
Info (12021): Found 1 design units, including 1 entities, in source file mpi_detected.v
    Info (12023): Found entity 1: mpi_detection File: C:/Users/dutta/OneDrive/Desktop/task5/task 5/mpi_detected.v Line: 1
Info (12127): Elaborating entity "task_5" for the top level hierarchy
Info (12128): Elaborating entity "clk3125" for hierarchy "clk3125:u_clk_div" File: C:/Users/dutta/OneDrive/Desktop/task5/task 5/task_5.v Line: 70
Info (12128): Elaborating entity "t2a_dht" for hierarchy "t2a_dht:u_dht" File: C:/Users/dutta/OneDrive/Desktop/task5/task 5/task_5.v Line: 84
Warning (10036): Verilog HDL or VHDL warning at dht11.v(21): object "prev_sensor" assigned a value but never read File: C:/Users/dutta/OneDrive/Desktop/task5/task 5/dht11.v Line: 21
Warning (10230): Verilog HDL assignment warning at dht11.v(58): truncated value with size 32 to match size of target (21) File: C:/Users/dutta/OneDrive/Desktop/task5/task 5/dht11.v Line: 58
Warning (10230): Verilog HDL assignment warning at dht11.v(68): truncated value with size 32 to match size of target (21) File: C:/Users/dutta/OneDrive/Desktop/task5/task 5/dht11.v Line: 68
Warning (10230): Verilog HDL assignment warning at dht11.v(77): truncated value with size 32 to match size of target (21) File: C:/Users/dutta/OneDrive/Desktop/task5/task 5/dht11.v Line: 77
Warning (10230): Verilog HDL assignment warning at dht11.v(89): truncated value with size 32 to match size of target (21) File: C:/Users/dutta/OneDrive/Desktop/task5/task 5/dht11.v Line: 89
Warning (10230): Verilog HDL assignment warning at dht11.v(106): truncated value with size 32 to match size of target (16) File: C:/Users/dutta/OneDrive/Desktop/task5/task 5/dht11.v Line: 106
Warning (10230): Verilog HDL assignment warning at dht11.v(109): truncated value with size 32 to match size of target (6) File: C:/Users/dutta/OneDrive/Desktop/task5/task 5/dht11.v Line: 109
Info (12128): Elaborating entity "moisture_sensor" for hierarchy "moisture_sensor:ms" File: C:/Users/dutta/OneDrive/Desktop/task5/task 5/task_5.v Line: 94
Warning (10230): Verilog HDL assignment warning at soil_moisture.v(12): truncated value with size 32 to match size of target (4) File: C:/Users/dutta/OneDrive/Desktop/task5/task 5/soil_moisture.v Line: 12
Info (12128): Elaborating entity "adc_controller" for hierarchy "moisture_sensor:ms|adc_controller:adc_inst" File: C:/Users/dutta/OneDrive/Desktop/task5/task 5/soil_moisture.v Line: 24
Warning (10036): Verilog HDL or VHDL warning at adc_controller.v(21): object "adc_clk_reg" assigned a value but never read File: C:/Users/dutta/OneDrive/Desktop/task5/task 5/adc_controller.v Line: 21
Warning (10230): Verilog HDL assignment warning at adc_controller.v(25): truncated value with size 32 to match size of target (4) File: C:/Users/dutta/OneDrive/Desktop/task5/task 5/adc_controller.v Line: 25
Warning (10764): Verilog HDL warning at adc_controller.v(76): converting signed shift amount to unsigned File: C:/Users/dutta/OneDrive/Desktop/task5/task 5/adc_controller.v Line: 76
Info (12128): Elaborating entity "uart_msg_fsm" for hierarchy "uart_msg_fsm:msg_fsm" File: C:/Users/dutta/OneDrive/Desktop/task5/task 5/task_5.v Line: 111
Warning (10230): Verilog HDL assignment warning at uart_msg_fsm.v(26): truncated value with size 32 to match size of target (8) File: C:/Users/dutta/OneDrive/Desktop/task5/task 5/uart_msg_fsm.v Line: 26
Warning (10230): Verilog HDL assignment warning at uart_msg_fsm.v(27): truncated value with size 32 to match size of target (8) File: C:/Users/dutta/OneDrive/Desktop/task5/task 5/uart_msg_fsm.v Line: 27
Warning (10230): Verilog HDL assignment warning at uart_msg_fsm.v(28): truncated value with size 32 to match size of target (8) File: C:/Users/dutta/OneDrive/Desktop/task5/task 5/uart_msg_fsm.v Line: 28
Warning (10230): Verilog HDL assignment warning at uart_msg_fsm.v(29): truncated value with size 32 to match size of target (8) File: C:/Users/dutta/OneDrive/Desktop/task5/task 5/uart_msg_fsm.v Line: 29
Warning (10230): Verilog HDL assignment warning at uart_msg_fsm.v(31): truncated value with size 32 to match size of target (8) File: C:/Users/dutta/OneDrive/Desktop/task5/task 5/uart_msg_fsm.v Line: 31
Warning (10230): Verilog HDL assignment warning at uart_msg_fsm.v(32): truncated value with size 32 to match size of target (8) File: C:/Users/dutta/OneDrive/Desktop/task5/task 5/uart_msg_fsm.v Line: 32
Warning (10230): Verilog HDL assignment warning at uart_msg_fsm.v(33): truncated value with size 32 to match size of target (8) File: C:/Users/dutta/OneDrive/Desktop/task5/task 5/uart_msg_fsm.v Line: 33
Warning (10230): Verilog HDL assignment warning at uart_msg_fsm.v(34): truncated value with size 32 to match size of target (8) File: C:/Users/dutta/OneDrive/Desktop/task5/task 5/uart_msg_fsm.v Line: 34
Warning (10230): Verilog HDL assignment warning at uart_msg_fsm.v(37): truncated value with size 32 to match size of target (8) File: C:/Users/dutta/OneDrive/Desktop/task5/task 5/uart_msg_fsm.v Line: 37
Warning (10230): Verilog HDL assignment warning at uart_msg_fsm.v(38): truncated value with size 32 to match size of target (8) File: C:/Users/dutta/OneDrive/Desktop/task5/task 5/uart_msg_fsm.v Line: 38
Warning (10230): Verilog HDL assignment warning at uart_msg_fsm.v(39): truncated value with size 32 to match size of target (8) File: C:/Users/dutta/OneDrive/Desktop/task5/task 5/uart_msg_fsm.v Line: 39
Warning (10230): Verilog HDL assignment warning at uart_msg_fsm.v(40): truncated value with size 32 to match size of target (8) File: C:/Users/dutta/OneDrive/Desktop/task5/task 5/uart_msg_fsm.v Line: 40
Warning (10230): Verilog HDL assignment warning at uart_msg_fsm.v(76): truncated value with size 32 to match size of target (4) File: C:/Users/dutta/OneDrive/Desktop/task5/task 5/uart_msg_fsm.v Line: 76
Warning (10230): Verilog HDL assignment warning at uart_msg_fsm.v(95): truncated value with size 32 to match size of target (4) File: C:/Users/dutta/OneDrive/Desktop/task5/task 5/uart_msg_fsm.v Line: 95
Warning (10230): Verilog HDL assignment warning at uart_msg_fsm.v(121): truncated value with size 32 to match size of target (4) File: C:/Users/dutta/OneDrive/Desktop/task5/task 5/uart_msg_fsm.v Line: 121
Info (12128): Elaborating entity "uart_tx" for hierarchy "uart_tx:uart" File: C:/Users/dutta/OneDrive/Desktop/task5/task 5/task_5.v Line: 124
Warning (10230): Verilog HDL assignment warning at uart_tx.v(36): truncated value with size 32 to match size of target (5) File: C:/Users/dutta/OneDrive/Desktop/task5/task 5/uart_tx.v Line: 36
Warning (10230): Verilog HDL assignment warning at uart_tx.v(42): truncated value with size 32 to match size of target (3) File: C:/Users/dutta/OneDrive/Desktop/task5/task 5/uart_tx.v Line: 42
Info (10264): Verilog HDL Case Statement information at uart_tx.v(39): all case item expressions in this case statement are onehot File: C:/Users/dutta/OneDrive/Desktop/task5/task 5/uart_tx.v Line: 39
Info (10264): Verilog HDL Case Statement information at uart_tx.v(48): all case item expressions in this case statement are onehot File: C:/Users/dutta/OneDrive/Desktop/task5/task 5/uart_tx.v Line: 48
Info (12128): Elaborating entity "mpi_detection" for hierarchy "mpi_detection:u_mpi_detection" File: C:/Users/dutta/OneDrive/Desktop/task5/task 5/task_5.v Line: 137
Info (12128): Elaborating entity "ir_sensor" for hierarchy "mpi_detection:u_mpi_detection|ir_sensor:ir_left" File: C:/Users/dutta/OneDrive/Desktop/task5/task 5/mpi_detected.v Line: 17
Info (12128): Elaborating entity "SERVO" for hierarchy "SERVO:u_servo" File: C:/Users/dutta/OneDrive/Desktop/task5/task 5/task_5.v Line: 147
Warning (10230): Verilog HDL assignment warning at SERVO.v(62): truncated value with size 32 to match size of target (26) File: C:/Users/dutta/OneDrive/Desktop/task5/task 5/SERVO.v Line: 62
Warning (10230): Verilog HDL assignment warning at SERVO.v(72): truncated value with size 32 to match size of target (26) File: C:/Users/dutta/OneDrive/Desktop/task5/task 5/SERVO.v Line: 72
Warning (10230): Verilog HDL assignment warning at SERVO.v(82): truncated value with size 32 to match size of target (26) File: C:/Users/dutta/OneDrive/Desktop/task5/task 5/SERVO.v Line: 82
Warning (10230): Verilog HDL assignment warning at SERVO.v(92): truncated value with size 32 to match size of target (26) File: C:/Users/dutta/OneDrive/Desktop/task5/task 5/SERVO.v Line: 92
Warning (10230): Verilog HDL assignment warning at SERVO.v(102): truncated value with size 32 to match size of target (26) File: C:/Users/dutta/OneDrive/Desktop/task5/task 5/SERVO.v Line: 102
Info (12128): Elaborating entity "servo_pwm" for hierarchy "SERVO:u_servo|servo_pwm:s1" File: C:/Users/dutta/OneDrive/Desktop/task5/task 5/SERVO.v Line: 31
Warning (10230): Verilog HDL assignment warning at SERVO.v(125): truncated value with size 32 to match size of target (20) File: C:/Users/dutta/OneDrive/Desktop/task5/task 5/SERVO.v Line: 125
Info (12021): Found 1 design units, including 1 entities, in source file db/altsyncram_o524.tdf
    Info (12023): Found entity 1: altsyncram_o524 File: C:/Users/dutta/OneDrive/Desktop/task5/task 5/db/altsyncram_o524.tdf Line: 28
Info (12021): Found 1 design units, including 1 entities, in source file db/mux_ssc.tdf
    Info (12023): Found entity 1: mux_ssc File: C:/Users/dutta/OneDrive/Desktop/task5/task 5/db/mux_ssc.tdf Line: 23
Info (12021): Found 1 design units, including 1 entities, in source file db/decode_dvf.tdf
    Info (12023): Found entity 1: decode_dvf File: C:/Users/dutta/OneDrive/Desktop/task5/task 5/db/decode_dvf.tdf Line: 23
Info (12021): Found 1 design units, including 1 entities, in source file db/cntr_tgi.tdf
    Info (12023): Found entity 1: cntr_tgi File: C:/Users/dutta/OneDrive/Desktop/task5/task 5/db/cntr_tgi.tdf Line: 28
Info (12021): Found 1 design units, including 1 entities, in source file db/cmpr_tgc.tdf
    Info (12023): Found entity 1: cmpr_tgc File: C:/Users/dutta/OneDrive/Desktop/task5/task 5/db/cmpr_tgc.tdf Line: 23
Info (12021): Found 1 design units, including 1 entities, in source file db/cntr_i6j.tdf
    Info (12023): Found entity 1: cntr_i6j File: C:/Users/dutta/OneDrive/Desktop/task5/task 5/db/cntr_i6j.tdf Line: 26
Info (12021): Found 1 design units, including 1 entities, in source file db/cntr_egi.tdf
    Info (12023): Found entity 1: cntr_egi File: C:/Users/dutta/OneDrive/Desktop/task5/task 5/db/cntr_egi.tdf Line: 28
Info (12021): Found 1 design units, including 1 entities, in source file db/cmpr_qgc.tdf
    Info (12023): Found entity 1: cmpr_qgc File: C:/Users/dutta/OneDrive/Desktop/task5/task 5/db/cmpr_qgc.tdf Line: 23
Info (12021): Found 1 design units, including 1 entities, in source file db/cntr_23j.tdf
    Info (12023): Found entity 1: cntr_23j File: C:/Users/dutta/OneDrive/Desktop/task5/task 5/db/cntr_23j.tdf Line: 28
Info (12021): Found 1 design units, including 1 entities, in source file db/cmpr_ngc.tdf
    Info (12023): Found entity 1: cmpr_ngc File: C:/Users/dutta/OneDrive/Desktop/task5/task 5/db/cmpr_ngc.tdf Line: 23
Info (12033): Analysis and Synthesis generated Signal Tap or debug node instance "auto_signaltap_0"
Info (11170): Starting IP generation for the debug fabric: alt_sld_fab.
Info (11172): 2026.01.31.03:14:03 Progress: Loading sld182ee860/alt_sld_fab_wrapper_hw.tcl
Info (11172): Alt_sld_fab.alt_sld_fab: SLD fabric agents which did not specify prefer_host were connected to JTAG
Info (11172): Alt_sld_fab: Generating alt_sld_fab "alt_sld_fab" for QUARTUS_SYNTH
Info (11172): Alt_sld_fab: "alt_sld_fab" instantiated alt_sld_fab "alt_sld_fab"
Info (11172): Presplit: "alt_sld_fab" instantiated altera_super_splitter "presplit"
Info (11172): Splitter: "alt_sld_fab" instantiated altera_sld_splitter "splitter"
Info (11172): Sldfabric: "alt_sld_fab" instantiated altera_sld_jtag_hub "sldfabric"
Info (11172): Ident: "alt_sld_fab" instantiated altera_connection_identification_hub "ident"
Info (11172): Alt_sld_fab: Done "alt_sld_fab" with 6 modules, 6 files
Info (11171): Finished IP generation for the debug fabric: alt_sld_fab.
Info (12021): Found 1 design units, including 1 entities, in source file db/ip/sld182ee860/alt_sld_fab.v
    Info (12023): Found entity 1: alt_sld_fab File: C:/Users/dutta/OneDrive/Desktop/task5/task 5/db/ip/sld182ee860/alt_sld_fab.v Line: 9
Info (12021): Found 1 design units, including 1 entities, in source file db/ip/sld182ee860/submodules/alt_sld_fab_alt_sld_fab.v
    Info (12023): Found entity 1: alt_sld_fab_alt_sld_fab File: C:/Users/dutta/OneDrive/Desktop/task5/task 5/db/ip/sld182ee860/submodules/alt_sld_fab_alt_sld_fab.v Line: 9
Info (12021): Found 1 design units, including 1 entities, in source file db/ip/sld182ee860/submodules/alt_sld_fab_alt_sld_fab_ident.sv
    Info (12023): Found entity 1: alt_sld_fab_alt_sld_fab_ident File: C:/Users/dutta/OneDrive/Desktop/task5/task 5/db/ip/sld182ee860/submodules/alt_sld_fab_alt_sld_fab_ident.sv Line: 33
Info (12021): Found 1 design units, including 1 entities, in source file db/ip/sld182ee860/submodules/alt_sld_fab_alt_sld_fab_presplit.sv
    Info (12023): Found entity 1: alt_sld_fab_alt_sld_fab_presplit File: C:/Users/dutta/OneDrive/Desktop/task5/task 5/db/ip/sld182ee860/submodules/alt_sld_fab_alt_sld_fab_presplit.sv Line: 3
Info (12021): Found 2 design units, including 1 entities, in source file db/ip/sld182ee860/submodules/alt_sld_fab_alt_sld_fab_sldfabric.vhd
    Info (12022): Found design unit 1: alt_sld_fab_alt_sld_fab_sldfabric-rtl File: C:/Users/dutta/OneDrive/Desktop/task5/task 5/db/ip/sld182ee860/submodules/alt_sld_fab_alt_sld_fab_sldfabric.vhd Line: 102
    Info (12023): Found entity 1: alt_sld_fab_alt_sld_fab_sldfabric File: C:/Users/dutta/OneDrive/Desktop/task5/task 5/db/ip/sld182ee860/submodules/alt_sld_fab_alt_sld_fab_sldfabric.vhd Line: 11
Info (12021): Found 1 design units, including 1 entities, in source file db/ip/sld182ee860/submodules/alt_sld_fab_alt_sld_fab_splitter.sv
    Info (12023): Found entity 1: alt_sld_fab_alt_sld_fab_splitter File: C:/Users/dutta/OneDrive/Desktop/task5/task 5/db/ip/sld182ee860/submodules/alt_sld_fab_alt_sld_fab_splitter.sv Line: 3
Info (278001): Inferred 14 megafunctions from design logic
    Info (278004): Inferred divider/modulo megafunction ("lpm_divide") from the following logic: "uart_msg_fsm:msg_fsm|Div0" File: C:/Users/dutta/OneDrive/Desktop/task5/task 5/uart_msg_fsm.v Line: 26
    Info (278004): Inferred divider/modulo megafunction ("lpm_divide") from the following logic: "uart_msg_fsm:msg_fsm|Mod2" File: C:/Users/dutta/OneDrive/Desktop/task5/task 5/uart_msg_fsm.v Line: 32
    Info (278004): Inferred divider/modulo megafunction ("lpm_divide") from the following logic: "uart_msg_fsm:msg_fsm|Mod0" File: C:/Users/dutta/OneDrive/Desktop/task5/task 5/uart_msg_fsm.v Line: 27
    Info (278004): Inferred divider/modulo megafunction ("lpm_divide") from the following logic: "uart_msg_fsm:msg_fsm|Div3" File: C:/Users/dutta/OneDrive/Desktop/task5/task 5/uart_msg_fsm.v Line: 33
    Info (278004): Inferred divider/modulo megafunction ("lpm_divide") from the following logic: "uart_msg_fsm:msg_fsm|Div1" File: C:/Users/dutta/OneDrive/Desktop/task5/task 5/uart_msg_fsm.v Line: 28
    Info (278004): Inferred divider/modulo megafunction ("lpm_divide") from the following logic: "uart_msg_fsm:msg_fsm|Mod3" File: C:/Users/dutta/OneDrive/Desktop/task5/task 5/uart_msg_fsm.v Line: 34
    Info (278004): Inferred divider/modulo megafunction ("lpm_divide") from the following logic: "uart_msg_fsm:msg_fsm|Div2" File: C:/Users/dutta/OneDrive/Desktop/task5/task 5/uart_msg_fsm.v Line: 31
    Info (278004): Inferred divider/modulo megafunction ("lpm_divide") from the following logic: "uart_msg_fsm:msg_fsm|Mod1" File: C:/Users/dutta/OneDrive/Desktop/task5/task 5/uart_msg_fsm.v Line: 29
    Info (278004): Inferred divider/modulo megafunction ("lpm_divide") from the following logic: "uart_msg_fsm:msg_fsm|Div4" File: C:/Users/dutta/OneDrive/Desktop/task5/task 5/uart_msg_fsm.v Line: 37
    Info (278004): Inferred divider/modulo megafunction ("lpm_divide") from the following logic: "uart_msg_fsm:msg_fsm|Div5" File: C:/Users/dutta/OneDrive/Desktop/task5/task 5/uart_msg_fsm.v Line: 38
    Info (278004): Inferred divider/modulo megafunction ("lpm_divide") from the following logic: "uart_msg_fsm:msg_fsm|Mod4" File: C:/Users/dutta/OneDrive/Desktop/task5/task 5/uart_msg_fsm.v Line: 38
    Info (278004): Inferred divider/modulo megafunction ("lpm_divide") from the following logic: "uart_msg_fsm:msg_fsm|Div6" File: C:/Users/dutta/OneDrive/Desktop/task5/task 5/uart_msg_fsm.v Line: 39
    Info (278004): Inferred divider/modulo megafunction ("lpm_divide") from the following logic: "uart_msg_fsm:msg_fsm|Mod5" File: C:/Users/dutta/OneDrive/Desktop/task5/task 5/uart_msg_fsm.v Line: 39
    Info (278004): Inferred divider/modulo megafunction ("lpm_divide") from the following logic: "uart_msg_fsm:msg_fsm|Mod6" File: C:/Users/dutta/OneDrive/Desktop/task5/task 5/uart_msg_fsm.v Line: 40
Info (12130): Elaborated megafunction instantiation "uart_msg_fsm:msg_fsm|lpm_divide:Div0" File: C:/Users/dutta/OneDrive/Desktop/task5/task 5/uart_msg_fsm.v Line: 26
Info (12133): Instantiated megafunction "uart_msg_fsm:msg_fsm|lpm_divide:Div0" with the following parameter: File: C:/Users/dutta/OneDrive/Desktop/task5/task 5/uart_msg_fsm.v Line: 26
    Info (12134): Parameter "LPM_WIDTHN" = "8"
    Info (12134): Parameter "LPM_WIDTHD" = "4"
    Info (12134): Parameter "LPM_NREPRESENTATION" = "UNSIGNED"
    Info (12134): Parameter "LPM_DREPRESENTATION" = "UNSIGNED"
Info (12021): Found 1 design units, including 1 entities, in source file db/lpm_divide_jhm.tdf
    Info (12023): Found entity 1: lpm_divide_jhm File: C:/Users/dutta/OneDrive/Desktop/task5/task 5/db/lpm_divide_jhm.tdf Line: 25
Info (12021): Found 1 design units, including 1 entities, in source file db/sign_div_unsign_bkh.tdf
    Info (12023): Found entity 1: sign_div_unsign_bkh File: C:/Users/dutta/OneDrive/Desktop/task5/task 5/db/sign_div_unsign_bkh.tdf Line: 25
Info (12021): Found 1 design units, including 1 entities, in source file db/alt_u_div_a4f.tdf
    Info (12023): Found entity 1: alt_u_div_a4f File: C:/Users/dutta/OneDrive/Desktop/task5/task 5/db/alt_u_div_a4f.tdf Line: 27
Info (12021): Found 1 design units, including 1 entities, in source file db/add_sub_7pc.tdf
    Info (12023): Found entity 1: add_sub_7pc File: C:/Users/dutta/OneDrive/Desktop/task5/task 5/db/add_sub_7pc.tdf Line: 23
Info (12021): Found 1 design units, including 1 entities, in source file db/add_sub_8pc.tdf
    Info (12023): Found entity 1: add_sub_8pc File: C:/Users/dutta/OneDrive/Desktop/task5/task 5/db/add_sub_8pc.tdf Line: 23
Info (12130): Elaborated megafunction instantiation "uart_msg_fsm:msg_fsm|lpm_divide:Mod2" File: C:/Users/dutta/OneDrive/Desktop/task5/task 5/uart_msg_fsm.v Line: 32
Info (12133): Instantiated megafunction "uart_msg_fsm:msg_fsm|lpm_divide:Mod2" with the following parameter: File: C:/Users/dutta/OneDrive/Desktop/task5/task 5/uart_msg_fsm.v Line: 32
    Info (12134): Parameter "LPM_WIDTHN" = "8"
    Info (12134): Parameter "LPM_WIDTHD" = "4"
    Info (12134): Parameter "LPM_NREPRESENTATION" = "UNSIGNED"
    Info (12134): Parameter "LPM_DREPRESENTATION" = "UNSIGNED"
Info (12021): Found 1 design units, including 1 entities, in source file db/lpm_divide_m9m.tdf
    Info (12023): Found entity 1: lpm_divide_m9m File: C:/Users/dutta/OneDrive/Desktop/task5/task 5/db/lpm_divide_m9m.tdf Line: 25
Info (12130): Elaborated megafunction instantiation "uart_msg_fsm:msg_fsm|lpm_divide:Div4" File: C:/Users/dutta/OneDrive/Desktop/task5/task 5/uart_msg_fsm.v Line: 37
Info (12133): Instantiated megafunction "uart_msg_fsm:msg_fsm|lpm_divide:Div4" with the following parameter: File: C:/Users/dutta/OneDrive/Desktop/task5/task 5/uart_msg_fsm.v Line: 37
    Info (12134): Parameter "LPM_WIDTHN" = "12"
    Info (12134): Parameter "LPM_WIDTHD" = "10"
    Info (12134): Parameter "LPM_NREPRESENTATION" = "UNSIGNED"
    Info (12134): Parameter "LPM_DREPRESENTATION" = "UNSIGNED"
Info (12021): Found 1 design units, including 1 entities, in source file db/lpm_divide_bkm.tdf
    Info (12023): Found entity 1: lpm_divide_bkm File: C:/Users/dutta/OneDrive/Desktop/task5/task 5/db/lpm_divide_bkm.tdf Line: 25
Info (12021): Found 1 design units, including 1 entities, in source file db/sign_div_unsign_3nh.tdf
    Info (12023): Found entity 1: sign_div_unsign_3nh File: C:/Users/dutta/OneDrive/Desktop/task5/task 5/db/sign_div_unsign_3nh.tdf Line: 25
Info (12021): Found 1 design units, including 1 entities, in source file db/alt_u_div_q9f.tdf
    Info (12023): Found entity 1: alt_u_div_q9f File: C:/Users/dutta/OneDrive/Desktop/task5/task 5/db/alt_u_div_q9f.tdf Line: 27
Info (12130): Elaborated megafunction instantiation "uart_msg_fsm:msg_fsm|lpm_divide:Div5" File: C:/Users/dutta/OneDrive/Desktop/task5/task 5/uart_msg_fsm.v Line: 38
Info (12133): Instantiated megafunction "uart_msg_fsm:msg_fsm|lpm_divide:Div5" with the following parameter: File: C:/Users/dutta/OneDrive/Desktop/task5/task 5/uart_msg_fsm.v Line: 38
    Info (12134): Parameter "LPM_WIDTHN" = "12"
    Info (12134): Parameter "LPM_WIDTHD" = "7"
    Info (12134): Parameter "LPM_NREPRESENTATION" = "UNSIGNED"
    Info (12134): Parameter "LPM_DREPRESENTATION" = "UNSIGNED"
Info (12021): Found 1 design units, including 1 entities, in source file db/lpm_divide_1jm.tdf
    Info (12023): Found entity 1: lpm_divide_1jm File: C:/Users/dutta/OneDrive/Desktop/task5/task 5/db/lpm_divide_1jm.tdf Line: 25
Info (12021): Found 1 design units, including 1 entities, in source file db/sign_div_unsign_plh.tdf
    Info (12023): Found entity 1: sign_div_unsign_plh File: C:/Users/dutta/OneDrive/Desktop/task5/task 5/db/sign_div_unsign_plh.tdf Line: 25
Info (12021): Found 1 design units, including 1 entities, in source file db/alt_u_div_67f.tdf
    Info (12023): Found entity 1: alt_u_div_67f File: C:/Users/dutta/OneDrive/Desktop/task5/task 5/db/alt_u_div_67f.tdf Line: 27
Info (12130): Elaborated megafunction instantiation "uart_msg_fsm:msg_fsm|lpm_divide:Mod4" File: C:/Users/dutta/OneDrive/Desktop/task5/task 5/uart_msg_fsm.v Line: 38
Info (12133): Instantiated megafunction "uart_msg_fsm:msg_fsm|lpm_divide:Mod4" with the following parameter: File: C:/Users/dutta/OneDrive/Desktop/task5/task 5/uart_msg_fsm.v Line: 38
    Info (12134): Parameter "LPM_WIDTHN" = "12"
    Info (12134): Parameter "LPM_WIDTHD" = "4"
    Info (12134): Parameter "LPM_NREPRESENTATION" = "UNSIGNED"
    Info (12134): Parameter "LPM_DREPRESENTATION" = "UNSIGNED"
Info (12021): Found 1 design units, including 1 entities, in source file db/lpm_divide_1bm.tdf
    Info (12023): Found entity 1: lpm_divide_1bm File: C:/Users/dutta/OneDrive/Desktop/task5/task 5/db/lpm_divide_1bm.tdf Line: 25
Info (12021): Found 1 design units, including 1 entities, in source file db/sign_div_unsign_mlh.tdf
    Info (12023): Found entity 1: sign_div_unsign_mlh File: C:/Users/dutta/OneDrive/Desktop/task5/task 5/db/sign_div_unsign_mlh.tdf Line: 25
Info (12021): Found 1 design units, including 1 entities, in source file db/alt_u_div_07f.tdf
    Info (12023): Found entity 1: alt_u_div_07f File: C:/Users/dutta/OneDrive/Desktop/task5/task 5/db/alt_u_div_07f.tdf Line: 27
Info (12130): Elaborated megafunction instantiation "uart_msg_fsm:msg_fsm|lpm_divide:Div6" File: C:/Users/dutta/OneDrive/Desktop/task5/task 5/uart_msg_fsm.v Line: 39
Info (12133): Instantiated megafunction "uart_msg_fsm:msg_fsm|lpm_divide:Div6" with the following parameter: File: C:/Users/dutta/OneDrive/Desktop/task5/task 5/uart_msg_fsm.v Line: 39
    Info (12134): Parameter "LPM_WIDTHN" = "12"
    Info (12134): Parameter "LPM_WIDTHD" = "4"
    Info (12134): Parameter "LPM_NREPRESENTATION" = "UNSIGNED"
    Info (12134): Parameter "LPM_DREPRESENTATION" = "UNSIGNED"
Info (12021): Found 1 design units, including 1 entities, in source file db/lpm_divide_uim.tdf
    Info (12023): Found entity 1: lpm_divide_uim File: C:/Users/dutta/OneDrive/Desktop/task5/task 5/db/lpm_divide_uim.tdf Line: 25
Warning (12241): 3 hierarchies have connectivity warnings - see the Connectivity Checks report folder
Info (13000): Registers with preset signals will power-up high File: C:/Users/dutta/OneDrive/Desktop/task5/task 5/dht11.v Line: 26
Info (13003): DEV_CLRn pin will set, and not reset, register with preset signal due to NOT Gate Push-Back
Warning (13024): Output pins are stuck at VCC or GND
    Warning (13410): Pin "din" is stuck at GND File: C:/Users/dutta/OneDrive/Desktop/task5/task 5/task_5.v Line: 8
Info (286031): Timing-Driven Synthesis is running on partition "Top"
Info (17049): 9 registers lost all their fanouts during netlist optimizations.
Info (17016): Found the following redundant logic cells in design
    Info (17048): Logic cell "uart_msg_fsm:msg_fsm|lpm_divide:Mod4|lpm_divide_1bm:auto_generated|sign_div_unsign_mlh:divider|alt_u_div_07f:divider|add_sub_9_result_int[0]~10" File: C:/Users/dutta/OneDrive/Desktop/task5/task 5/db/alt_u_div_07f.tdf Line: 82
    Info (17048): Logic cell "uart_msg_fsm:msg_fsm|lpm_divide:Mod4|lpm_divide_1bm:auto_generated|sign_div_unsign_mlh:divider|alt_u_div_07f:divider|add_sub_10_result_int[0]~10" File: C:/Users/dutta/OneDrive/Desktop/task5/task 5/db/alt_u_div_07f.tdf Line: 37
    Info (17048): Logic cell "uart_msg_fsm:msg_fsm|lpm_divide:Mod5|lpm_divide_1bm:auto_generated|sign_div_unsign_mlh:divider|alt_u_div_07f:divider|add_sub_7_result_int[0]~10" File: C:/Users/dutta/OneDrive/Desktop/task5/task 5/db/alt_u_div_07f.tdf Line: 72
Critical Warning (35025): Partially connected in-system debug instance "auto_signaltap_0" to 153 of its 211 required data inputs, trigger inputs, acquisition clocks, and dynamic pins.  There were 0 illegal, 0 inaccessible, and 58 missing sources or connections.
Info (16010): Generating hard_block partition "hard_block:auto_generated_inst"
    Info (16011): Adding 0 node(s), including 0 DDIO, 0 PLL, 0 transceiver and 0 LCELL
Info (21057): Implemented 3368 device resources after synthesis - the final resource count might be different
    Info (21058): Implemented 9 input pins
    Info (21059): Implemented 7 output pins
    Info (21060): Implemented 1 bidirectional pins
    Info (21061): Implemented 3261 logic cells
    Info (21064): Implemented 89 RAM segments
Info: Quartus Prime Analysis & Synthesis was successful. 0 errors, 42 warnings
    Info: Peak virtual memory: 4912 megabytes
    Info: Processing ended: Sat Jan 31 03:14:21 2026
    Info: Elapsed time: 00:00:38
    Info: Total CPU time (on all processors): 00:01:08


