Fitter report for robot_motor_top
Thu Feb 12 01:48:11 2026
Quartus Prime Version 20.1.1 Build 720 11/11/2020 SJ Lite Edition


---------------------
; Table of Contents ;
---------------------
  1. Legal Notice
  2. Fitter Summary
  3. Fitter Settings
  4. Parallel Compilation
  5. Fitter Netlist Optimizations
  6. Incremental Compilation Preservation Summary
  7. Incremental Compilation Partition Settings
  8. Incremental Compilation Placement Preservation
  9. Pin-Out File
 10. Fitter Resource Usage Summary
 11. Fitter Partition Statistics
 12. Input Pins
 13. Output Pins
 14. Bidir Pins
 15. Dual Purpose and Dedicated Pins
 16. I/O Bank Usage
 17. All Package Pins
 18. I/O Assignment Warnings
 19. Fitter Resource Utilization by Entity
 20. Delay Chain Summary
 21. Pad To Core Delay Chain Fanout
 22. Control Signals
 23. Global & Other Fast Signals
 24. Non-Global High Fan-Out Signals
 25. Fitter RAM Summary
 26. Fitter DSP Block Usage Summary
 27. DSP Block Details
 28. Routing Usage Summary
 29. LAB Logic Elements
 30. LAB-wide Signals
 31. LAB Signals Sourced
 32. LAB Signals Sourced Out
 33. LAB Distinct Inputs
 34. I/O Rules Summary
 35. I/O Rules Details
 36. I/O Rules Matrix
 37. Fitter Device Options
 38. Operating Settings and Conditions
 39. Estimated Delay Added for Hold Timing Summary
 40. Estimated Delay Added for Hold Timing Details
 41. Fitter Messages
 42. Fitter Suppressed Messages



----------------
; Legal Notice ;
----------------
Copyright (C) 2020  Intel Corporation. All rights reserved.
Your use of Intel Corporation's design tools, logic functions 
and other software and tools, and any partner logic 
functions, and any output files from any of the foregoing 
(including device programming or simulation files), and any 
associated documentation or information are expressly subject 
to the terms and conditions of the Intel Program License 
Subscription Agreement, the Intel Quartus Prime License Agreement,
the Intel FPGA IP License Agreement, or other applicable license
agreement, including, without limitation, that your use is for
the sole purpose of programming logic devices manufactured by
Intel and sold by Intel or its authorized distributors.  Please
refer to the applicable agreement for further details, at
https://fpgasoftware.intel.com/eula.



+----------------------------------------------------------------------------------+
; Fitter Summary                                                                   ;
+------------------------------------+---------------------------------------------+
; Fitter Status                      ; Successful - Thu Feb 12 01:48:11 2026       ;
; Quartus Prime Version              ; 20.1.1 Build 720 11/11/2020 SJ Lite Edition ;
; Revision Name                      ; robot_motor_top                             ;
; Top-level Entity Name              ; robot_motor_top                             ;
; Family                             ; Cyclone IV E                                ;
; Device                             ; EP4CE22F17C6                                ;
; Timing Models                      ; Final                                       ;
; Total logic elements               ; 2,652 / 22,320 ( 12 % )                     ;
;     Total combinational functions  ; 2,002 / 22,320 ( 9 % )                      ;
;     Dedicated logic registers      ; 1,713 / 22,320 ( 8 % )                      ;
; Total registers                    ; 1713                                        ;
; Total pins                         ; 30 / 154 ( 19 % )                           ;
; Total virtual pins                 ; 0                                           ;
; Total memory bits                  ; 26,112 / 608,256 ( 4 % )                    ;
; Embedded Multiplier 9-bit elements ; 12 / 132 ( 9 % )                            ;
; Total PLLs                         ; 0 / 4 ( 0 % )                               ;
+------------------------------------+---------------------------------------------+


+----------------------------------------------------------------------------------------------------------------------------------------------------+
; Fitter Settings                                                                                                                                    ;
+--------------------------------------------------------------------+---------------------------------------+---------------------------------------+
; Option                                                             ; Setting                               ; Default Value                         ;
+--------------------------------------------------------------------+---------------------------------------+---------------------------------------+
; Device                                                             ; EP4CE22F17C6                          ;                                       ;
; Nominal Core Supply Voltage                                        ; 1.2V                                  ;                                       ;
; Minimum Core Junction Temperature                                  ; 0                                     ;                                       ;
; Maximum Core Junction Temperature                                  ; 85                                    ;                                       ;
; Fit Attempts to Skip                                               ; 0                                     ; 0.0                                   ;
; Device I/O Standard                                                ; 2.5 V                                 ;                                       ;
; Use smart compilation                                              ; Off                                   ; Off                                   ;
; Enable parallel Assembler and Timing Analyzer during compilation   ; On                                    ; On                                    ;
; Enable compact report table                                        ; Off                                   ; Off                                   ;
; Auto Merge PLLs                                                    ; On                                    ; On                                    ;
; Router Timing Optimization Level                                   ; Normal                                ; Normal                                ;
; Perform Clocking Topology Analysis During Routing                  ; Off                                   ; Off                                   ;
; Placement Effort Multiplier                                        ; 1.0                                   ; 1.0                                   ;
; Router Effort Multiplier                                           ; 1.0                                   ; 1.0                                   ;
; Optimize Hold Timing                                               ; All Paths                             ; All Paths                             ;
; Optimize Multi-Corner Timing                                       ; On                                    ; On                                    ;
; Power Optimization During Fitting                                  ; Normal compilation                    ; Normal compilation                    ;
; SSN Optimization                                                   ; Off                                   ; Off                                   ;
; Optimize Timing                                                    ; Normal compilation                    ; Normal compilation                    ;
; Optimize Timing for ECOs                                           ; Off                                   ; Off                                   ;
; Regenerate Full Fit Report During ECO Compiles                     ; Off                                   ; Off                                   ;
; Optimize IOC Register Placement for Timing                         ; Normal                                ; Normal                                ;
; Limit to One Fitting Attempt                                       ; Off                                   ; Off                                   ;
; Final Placement Optimizations                                      ; Automatically                         ; Automatically                         ;
; Fitter Aggressive Routability Optimizations                        ; Automatically                         ; Automatically                         ;
; Fitter Initial Placement Seed                                      ; 1                                     ; 1                                     ;
; Periphery to Core Placement and Routing Optimization               ; Off                                   ; Off                                   ;
; PCI I/O                                                            ; Off                                   ; Off                                   ;
; Weak Pull-Up Resistor                                              ; Off                                   ; Off                                   ;
; Enable Bus-Hold Circuitry                                          ; Off                                   ; Off                                   ;
; Auto Packed Registers                                              ; Auto                                  ; Auto                                  ;
; Auto Delay Chains                                                  ; On                                    ; On                                    ;
; Auto Delay Chains for High Fanout Input Pins                       ; Off                                   ; Off                                   ;
; Allow Single-ended Buffer for Differential-XSTL Input              ; Off                                   ; Off                                   ;
; Treat Bidirectional Pin as Output Pin                              ; Off                                   ; Off                                   ;
; Perform Physical Synthesis for Combinational Logic for Fitting     ; Off                                   ; Off                                   ;
; Perform Physical Synthesis for Combinational Logic for Performance ; Off                                   ; Off                                   ;
; Perform Register Duplication for Performance                       ; Off                                   ; Off                                   ;
; Perform Logic to Memory Mapping for Fitting                        ; Off                                   ; Off                                   ;
; Perform Register Retiming for Performance                          ; Off                                   ; Off                                   ;
; Perform Asynchronous Signal Pipelining                             ; Off                                   ; Off                                   ;
; Fitter Effort                                                      ; Auto Fit                              ; Auto Fit                              ;
; Physical Synthesis Effort Level                                    ; Normal                                ; Normal                                ;
; Logic Cell Insertion - Logic Duplication                           ; Auto                                  ; Auto                                  ;
; Auto Register Duplication                                          ; Auto                                  ; Auto                                  ;
; Auto Global Clock                                                  ; On                                    ; On                                    ;
; Auto Global Register Control Signals                               ; On                                    ; On                                    ;
; Reserve all unused pins                                            ; As input tri-stated with weak pull-up ; As input tri-stated with weak pull-up ;
; Synchronizer Identification                                        ; Auto                                  ; Auto                                  ;
; Enable Beneficial Skew Optimization                                ; On                                    ; On                                    ;
; Optimize Design for Metastability                                  ; On                                    ; On                                    ;
; Force Fitter to Avoid Periphery Placement Warnings                 ; Off                                   ; Off                                   ;
; Enable input tri-state on active configuration pins in user mode   ; Off                                   ; Off                                   ;
+--------------------------------------------------------------------+---------------------------------------+---------------------------------------+


+------------------------------------------+
; Parallel Compilation                     ;
+----------------------------+-------------+
; Processors                 ; Number      ;
+----------------------------+-------------+
; Number detected on machine ; 16          ;
; Maximum allowed            ; 10          ;
;                            ;             ;
; Average used               ; 1.14        ;
; Maximum used               ; 10          ;
;                            ;             ;
; Usage by Processor         ; % Time Used ;
;     Processor 1            ; 100.0%      ;
;     Processor 2            ;   1.8%      ;
;     Processor 3            ;   1.7%      ;
;     Processor 4            ;   1.6%      ;
;     Processor 5            ;   1.5%      ;
;     Processor 6            ;   1.5%      ;
;     Processor 7            ;   1.5%      ;
;     Processor 8            ;   1.5%      ;
;     Processors 9-10        ;   1.5%      ;
+----------------------------+-------------+


+------------------------------------------------------------------------------------------------------------------------------------------------------------------------------------------------------------------------------------------------------------------------------+
; Fitter Netlist Optimizations                                                                                                                                                                                                                                                 ;
+-----------------------------------------------------+-----------------+------------------+---------------------+-----------+----------------+-------------------------------------------------------------------------------------+------------------+-----------------------+
; Node                                                ; Action          ; Operation        ; Reason              ; Node Port ; Node Port Name ; Destination Node                                                                    ; Destination Port ; Destination Port Name ;
+-----------------------------------------------------+-----------------+------------------+---------------------+-----------+----------------+-------------------------------------------------------------------------------------+------------------+-----------------------+
; ir_and_us:path_ctrl|us_sensor:us_f|echo_counter[0]  ; Packed Register ; Register Packing ; Timing optimization ; Q         ;                ; ir_and_us:path_ctrl|us_sensor:us_f|lpm_mult:Mult0|mult_ngt:auto_generated|mac_mult1 ; DATAA            ;                       ;
; ir_and_us:path_ctrl|us_sensor:us_f|echo_counter[1]  ; Packed Register ; Register Packing ; Timing optimization ; Q         ;                ; ir_and_us:path_ctrl|us_sensor:us_f|lpm_mult:Mult0|mult_ngt:auto_generated|mac_mult1 ; DATAA            ;                       ;
; ir_and_us:path_ctrl|us_sensor:us_f|echo_counter[2]  ; Packed Register ; Register Packing ; Timing optimization ; Q         ;                ; ir_and_us:path_ctrl|us_sensor:us_f|lpm_mult:Mult0|mult_ngt:auto_generated|mac_mult1 ; DATAA            ;                       ;
; ir_and_us:path_ctrl|us_sensor:us_f|echo_counter[3]  ; Packed Register ; Register Packing ; Timing optimization ; Q         ;                ; ir_and_us:path_ctrl|us_sensor:us_f|lpm_mult:Mult0|mult_ngt:auto_generated|mac_mult1 ; DATAA            ;                       ;
; ir_and_us:path_ctrl|us_sensor:us_f|echo_counter[4]  ; Packed Register ; Register Packing ; Timing optimization ; Q         ;                ; ir_and_us:path_ctrl|us_sensor:us_f|lpm_mult:Mult0|mult_ngt:auto_generated|mac_mult1 ; DATAA            ;                       ;
; ir_and_us:path_ctrl|us_sensor:us_f|echo_counter[5]  ; Packed Register ; Register Packing ; Timing optimization ; Q         ;                ; ir_and_us:path_ctrl|us_sensor:us_f|lpm_mult:Mult0|mult_ngt:auto_generated|mac_mult1 ; DATAA            ;                       ;
; ir_and_us:path_ctrl|us_sensor:us_f|echo_counter[6]  ; Packed Register ; Register Packing ; Timing optimization ; Q         ;                ; ir_and_us:path_ctrl|us_sensor:us_f|lpm_mult:Mult0|mult_ngt:auto_generated|mac_mult1 ; DATAA            ;                       ;
; ir_and_us:path_ctrl|us_sensor:us_f|echo_counter[6]  ; Duplicated      ; Register Packing ; Timing optimization ; Q         ;                ; ir_and_us:path_ctrl|us_sensor:us_f|echo_counter[6]~_Duplicate_1                     ; Q                ;                       ;
; ir_and_us:path_ctrl|us_sensor:us_f|echo_counter[7]  ; Packed Register ; Register Packing ; Timing optimization ; Q         ;                ; ir_and_us:path_ctrl|us_sensor:us_f|lpm_mult:Mult0|mult_ngt:auto_generated|mac_mult1 ; DATAA            ;                       ;
; ir_and_us:path_ctrl|us_sensor:us_f|echo_counter[7]  ; Duplicated      ; Register Packing ; Timing optimization ; Q         ;                ; ir_and_us:path_ctrl|us_sensor:us_f|echo_counter[7]~_Duplicate_1                     ; Q                ;                       ;
; ir_and_us:path_ctrl|us_sensor:us_f|echo_counter[8]  ; Packed Register ; Register Packing ; Timing optimization ; Q         ;                ; ir_and_us:path_ctrl|us_sensor:us_f|lpm_mult:Mult0|mult_ngt:auto_generated|mac_mult1 ; DATAA            ;                       ;
; ir_and_us:path_ctrl|us_sensor:us_f|echo_counter[8]  ; Duplicated      ; Register Packing ; Timing optimization ; Q         ;                ; ir_and_us:path_ctrl|us_sensor:us_f|echo_counter[8]~_Duplicate_1                     ; Q                ;                       ;
; ir_and_us:path_ctrl|us_sensor:us_f|echo_counter[9]  ; Packed Register ; Register Packing ; Timing optimization ; Q         ;                ; ir_and_us:path_ctrl|us_sensor:us_f|lpm_mult:Mult0|mult_ngt:auto_generated|mac_mult1 ; DATAA            ;                       ;
; ir_and_us:path_ctrl|us_sensor:us_f|echo_counter[9]  ; Duplicated      ; Register Packing ; Timing optimization ; Q         ;                ; ir_and_us:path_ctrl|us_sensor:us_f|echo_counter[9]~_Duplicate_1                     ; Q                ;                       ;
; ir_and_us:path_ctrl|us_sensor:us_f|echo_counter[10] ; Packed Register ; Register Packing ; Timing optimization ; Q         ;                ; ir_and_us:path_ctrl|us_sensor:us_f|lpm_mult:Mult0|mult_ngt:auto_generated|mac_mult1 ; DATAA            ;                       ;
; ir_and_us:path_ctrl|us_sensor:us_f|echo_counter[10] ; Duplicated      ; Register Packing ; Timing optimization ; Q         ;                ; ir_and_us:path_ctrl|us_sensor:us_f|echo_counter[10]~_Duplicate_1                    ; Q                ;                       ;
; ir_and_us:path_ctrl|us_sensor:us_f|echo_counter[11] ; Packed Register ; Register Packing ; Timing optimization ; Q         ;                ; ir_and_us:path_ctrl|us_sensor:us_f|lpm_mult:Mult0|mult_ngt:auto_generated|mac_mult1 ; DATAA            ;                       ;
; ir_and_us:path_ctrl|us_sensor:us_f|echo_counter[11] ; Duplicated      ; Register Packing ; Timing optimization ; Q         ;                ; ir_and_us:path_ctrl|us_sensor:us_f|echo_counter[11]~_Duplicate_1                    ; Q                ;                       ;
; ir_and_us:path_ctrl|us_sensor:us_f|echo_counter[12] ; Packed Register ; Register Packing ; Timing optimization ; Q         ;                ; ir_and_us:path_ctrl|us_sensor:us_f|lpm_mult:Mult0|mult_ngt:auto_generated|mac_mult1 ; DATAA            ;                       ;
; ir_and_us:path_ctrl|us_sensor:us_f|echo_counter[12] ; Duplicated      ; Register Packing ; Timing optimization ; Q         ;                ; ir_and_us:path_ctrl|us_sensor:us_f|echo_counter[12]~_Duplicate_1                    ; Q                ;                       ;
; ir_and_us:path_ctrl|us_sensor:us_f|echo_counter[13] ; Packed Register ; Register Packing ; Timing optimization ; Q         ;                ; ir_and_us:path_ctrl|us_sensor:us_f|lpm_mult:Mult0|mult_ngt:auto_generated|mac_mult1 ; DATAA            ;                       ;
; ir_and_us:path_ctrl|us_sensor:us_f|echo_counter[13] ; Duplicated      ; Register Packing ; Timing optimization ; Q         ;                ; ir_and_us:path_ctrl|us_sensor:us_f|echo_counter[13]~_Duplicate_1                    ; Q                ;                       ;
; ir_and_us:path_ctrl|us_sensor:us_f|echo_counter[14] ; Packed Register ; Register Packing ; Timing optimization ; Q         ;                ; ir_and_us:path_ctrl|us_sensor:us_f|lpm_mult:Mult0|mult_ngt:auto_generated|mac_mult1 ; DATAA            ;                       ;
; ir_and_us:path_ctrl|us_sensor:us_f|echo_counter[14] ; Duplicated      ; Register Packing ; Timing optimization ; Q         ;                ; ir_and_us:path_ctrl|us_sensor:us_f|echo_counter[14]~_Duplicate_1                    ; Q                ;                       ;
; ir_and_us:path_ctrl|us_sensor:us_f|echo_counter[15] ; Packed Register ; Register Packing ; Timing optimization ; Q         ;                ; ir_and_us:path_ctrl|us_sensor:us_f|lpm_mult:Mult0|mult_ngt:auto_generated|mac_mult1 ; DATAA            ;                       ;
; ir_and_us:path_ctrl|us_sensor:us_f|echo_counter[15] ; Duplicated      ; Register Packing ; Timing optimization ; Q         ;                ; ir_and_us:path_ctrl|us_sensor:us_f|echo_counter[15]~_Duplicate_1                    ; Q                ;                       ;
; ir_and_us:path_ctrl|us_sensor:us_f|echo_counter[16] ; Packed Register ; Register Packing ; Timing optimization ; Q         ;                ; ir_and_us:path_ctrl|us_sensor:us_f|lpm_mult:Mult0|mult_ngt:auto_generated|mac_mult1 ; DATAA            ;                       ;
; ir_and_us:path_ctrl|us_sensor:us_f|echo_counter[16] ; Duplicated      ; Register Packing ; Timing optimization ; Q         ;                ; ir_and_us:path_ctrl|us_sensor:us_f|echo_counter[16]~_Duplicate_1                    ; Q                ;                       ;
; ir_and_us:path_ctrl|us_sensor:us_f|echo_counter[17] ; Packed Register ; Register Packing ; Timing optimization ; Q         ;                ; ir_and_us:path_ctrl|us_sensor:us_f|lpm_mult:Mult0|mult_ngt:auto_generated|mac_mult1 ; DATAA            ;                       ;
; ir_and_us:path_ctrl|us_sensor:us_f|echo_counter[17] ; Duplicated      ; Register Packing ; Timing optimization ; Q         ;                ; ir_and_us:path_ctrl|us_sensor:us_f|echo_counter[17]~_Duplicate_1                    ; Q                ;                       ;
; ir_and_us:path_ctrl|us_sensor:us_f|echo_counter[18] ; Packed Register ; Register Packing ; Timing optimization ; Q         ;                ; ir_and_us:path_ctrl|us_sensor:us_f|lpm_mult:Mult0|mult_ngt:auto_generated|mac_mult3 ; DATAA            ;                       ;
; ir_and_us:path_ctrl|us_sensor:us_f|echo_counter[18] ; Duplicated      ; Register Packing ; Timing optimization ; Q         ;                ; ir_and_us:path_ctrl|us_sensor:us_f|echo_counter[18]~_Duplicate_1                    ; Q                ;                       ;
; ir_and_us:path_ctrl|us_sensor:us_f|echo_counter[19] ; Packed Register ; Register Packing ; Timing optimization ; Q         ;                ; ir_and_us:path_ctrl|us_sensor:us_f|lpm_mult:Mult0|mult_ngt:auto_generated|mac_mult3 ; DATAA            ;                       ;
; ir_and_us:path_ctrl|us_sensor:us_f|echo_counter[19] ; Duplicated      ; Register Packing ; Timing optimization ; Q         ;                ; ir_and_us:path_ctrl|us_sensor:us_f|echo_counter[19]~_Duplicate_1                    ; Q                ;                       ;
; ir_and_us:path_ctrl|us_sensor:us_f|echo_counter[20] ; Packed Register ; Register Packing ; Timing optimization ; Q         ;                ; ir_and_us:path_ctrl|us_sensor:us_f|lpm_mult:Mult0|mult_ngt:auto_generated|mac_mult3 ; DATAA            ;                       ;
; ir_and_us:path_ctrl|us_sensor:us_f|echo_counter[20] ; Duplicated      ; Register Packing ; Timing optimization ; Q         ;                ; ir_and_us:path_ctrl|us_sensor:us_f|echo_counter[20]~_Duplicate_1                    ; Q                ;                       ;
; ir_and_us:path_ctrl|us_sensor:us_f|echo_counter[21] ; Packed Register ; Register Packing ; Timing optimization ; Q         ;                ; ir_and_us:path_ctrl|us_sensor:us_f|lpm_mult:Mult0|mult_ngt:auto_generated|mac_mult3 ; DATAA            ;                       ;
; ir_and_us:path_ctrl|us_sensor:us_f|echo_counter[21] ; Duplicated      ; Register Packing ; Timing optimization ; Q         ;                ; ir_and_us:path_ctrl|us_sensor:us_f|echo_counter[21]~_Duplicate_1                    ; Q                ;                       ;
; ir_and_us:path_ctrl|us_sensor:us_f|echo_counter[22] ; Packed Register ; Register Packing ; Timing optimization ; Q         ;                ; ir_and_us:path_ctrl|us_sensor:us_f|lpm_mult:Mult0|mult_ngt:auto_generated|mac_mult3 ; DATAA            ;                       ;
; ir_and_us:path_ctrl|us_sensor:us_f|echo_counter[22] ; Duplicated      ; Register Packing ; Timing optimization ; Q         ;                ; ir_and_us:path_ctrl|us_sensor:us_f|echo_counter[22]~_Duplicate_1                    ; Q                ;                       ;
; ir_and_us:path_ctrl|us_sensor:us_f|echo_counter[23] ; Packed Register ; Register Packing ; Timing optimization ; Q         ;                ; ir_and_us:path_ctrl|us_sensor:us_f|lpm_mult:Mult0|mult_ngt:auto_generated|mac_mult3 ; DATAA            ;                       ;
; ir_and_us:path_ctrl|us_sensor:us_f|echo_counter[23] ; Duplicated      ; Register Packing ; Timing optimization ; Q         ;                ; ir_and_us:path_ctrl|us_sensor:us_f|echo_counter[23]~_Duplicate_1                    ; Q                ;                       ;
; ir_and_us:path_ctrl|us_sensor:us_f|echo_counter[24] ; Packed Register ; Register Packing ; Timing optimization ; Q         ;                ; ir_and_us:path_ctrl|us_sensor:us_f|lpm_mult:Mult0|mult_ngt:auto_generated|mac_mult3 ; DATAA            ;                       ;
; ir_and_us:path_ctrl|us_sensor:us_f|echo_counter[24] ; Duplicated      ; Register Packing ; Timing optimization ; Q         ;                ; ir_and_us:path_ctrl|us_sensor:us_f|echo_counter[24]~_Duplicate_1                    ; Q                ;                       ;
; ir_and_us:path_ctrl|us_sensor:us_f|echo_counter[25] ; Packed Register ; Register Packing ; Timing optimization ; Q         ;                ; ir_and_us:path_ctrl|us_sensor:us_f|lpm_mult:Mult0|mult_ngt:auto_generated|mac_mult3 ; DATAA            ;                       ;
; ir_and_us:path_ctrl|us_sensor:us_f|echo_counter[25] ; Duplicated      ; Register Packing ; Timing optimization ; Q         ;                ; ir_and_us:path_ctrl|us_sensor:us_f|echo_counter[25]~_Duplicate_1                    ; Q                ;                       ;
; ir_and_us:path_ctrl|us_sensor:us_f|echo_counter[26] ; Packed Register ; Register Packing ; Timing optimization ; Q         ;                ; ir_and_us:path_ctrl|us_sensor:us_f|lpm_mult:Mult0|mult_ngt:auto_generated|mac_mult3 ; DATAA            ;                       ;
; ir_and_us:path_ctrl|us_sensor:us_f|echo_counter[26] ; Duplicated      ; Register Packing ; Timing optimization ; Q         ;                ; ir_and_us:path_ctrl|us_sensor:us_f|echo_counter[26]~_Duplicate_1                    ; Q                ;                       ;
; ir_and_us:path_ctrl|us_sensor:us_f|echo_counter[27] ; Packed Register ; Register Packing ; Timing optimization ; Q         ;                ; ir_and_us:path_ctrl|us_sensor:us_f|lpm_mult:Mult0|mult_ngt:auto_generated|mac_mult3 ; DATAA            ;                       ;
; ir_and_us:path_ctrl|us_sensor:us_f|echo_counter[27] ; Duplicated      ; Register Packing ; Timing optimization ; Q         ;                ; ir_and_us:path_ctrl|us_sensor:us_f|echo_counter[27]~_Duplicate_1                    ; Q                ;                       ;
; ir_and_us:path_ctrl|us_sensor:us_f|echo_counter[28] ; Packed Register ; Register Packing ; Timing optimization ; Q         ;                ; ir_and_us:path_ctrl|us_sensor:us_f|lpm_mult:Mult0|mult_ngt:auto_generated|mac_mult3 ; DATAA            ;                       ;
; ir_and_us:path_ctrl|us_sensor:us_f|echo_counter[28] ; Duplicated      ; Register Packing ; Timing optimization ; Q         ;                ; ir_and_us:path_ctrl|us_sensor:us_f|echo_counter[28]~_Duplicate_1                    ; Q                ;                       ;
; ir_and_us:path_ctrl|us_sensor:us_f|echo_counter[29] ; Packed Register ; Register Packing ; Timing optimization ; Q         ;                ; ir_and_us:path_ctrl|us_sensor:us_f|lpm_mult:Mult0|mult_ngt:auto_generated|mac_mult3 ; DATAA            ;                       ;
; ir_and_us:path_ctrl|us_sensor:us_f|echo_counter[29] ; Duplicated      ; Register Packing ; Timing optimization ; Q         ;                ; ir_and_us:path_ctrl|us_sensor:us_f|echo_counter[29]~_Duplicate_1                    ; Q                ;                       ;
; ir_and_us:path_ctrl|us_sensor:us_f|echo_counter[30] ; Packed Register ; Register Packing ; Timing optimization ; Q         ;                ; ir_and_us:path_ctrl|us_sensor:us_f|lpm_mult:Mult0|mult_ngt:auto_generated|mac_mult3 ; DATAA            ;                       ;
; ir_and_us:path_ctrl|us_sensor:us_f|echo_counter[30] ; Duplicated      ; Register Packing ; Timing optimization ; Q         ;                ; ir_and_us:path_ctrl|us_sensor:us_f|echo_counter[30]~_Duplicate_1                    ; Q                ;                       ;
; ir_and_us:path_ctrl|us_sensor:us_f|echo_counter[31] ; Packed Register ; Register Packing ; Timing optimization ; Q         ;                ; ir_and_us:path_ctrl|us_sensor:us_f|lpm_mult:Mult0|mult_ngt:auto_generated|mac_mult3 ; DATAA            ;                       ;
; ir_and_us:path_ctrl|us_sensor:us_f|echo_counter[31] ; Duplicated      ; Register Packing ; Timing optimization ; Q         ;                ; ir_and_us:path_ctrl|us_sensor:us_f|echo_counter[31]~_Duplicate_1                    ; Q                ;                       ;
; ir_and_us:path_ctrl|us_sensor:us_l|echo_counter[0]  ; Packed Register ; Register Packing ; Timing optimization ; Q         ;                ; ir_and_us:path_ctrl|us_sensor:us_l|lpm_mult:Mult0|mult_ngt:auto_generated|mac_mult1 ; DATAA            ;                       ;
; ir_and_us:path_ctrl|us_sensor:us_l|echo_counter[1]  ; Packed Register ; Register Packing ; Timing optimization ; Q         ;                ; ir_and_us:path_ctrl|us_sensor:us_l|lpm_mult:Mult0|mult_ngt:auto_generated|mac_mult1 ; DATAA            ;                       ;
; ir_and_us:path_ctrl|us_sensor:us_l|echo_counter[2]  ; Packed Register ; Register Packing ; Timing optimization ; Q         ;                ; ir_and_us:path_ctrl|us_sensor:us_l|lpm_mult:Mult0|mult_ngt:auto_generated|mac_mult1 ; DATAA            ;                       ;
; ir_and_us:path_ctrl|us_sensor:us_l|echo_counter[3]  ; Packed Register ; Register Packing ; Timing optimization ; Q         ;                ; ir_and_us:path_ctrl|us_sensor:us_l|lpm_mult:Mult0|mult_ngt:auto_generated|mac_mult1 ; DATAA            ;                       ;
; ir_and_us:path_ctrl|us_sensor:us_l|echo_counter[4]  ; Packed Register ; Register Packing ; Timing optimization ; Q         ;                ; ir_and_us:path_ctrl|us_sensor:us_l|lpm_mult:Mult0|mult_ngt:auto_generated|mac_mult1 ; DATAA            ;                       ;
; ir_and_us:path_ctrl|us_sensor:us_l|echo_counter[5]  ; Packed Register ; Register Packing ; Timing optimization ; Q         ;                ; ir_and_us:path_ctrl|us_sensor:us_l|lpm_mult:Mult0|mult_ngt:auto_generated|mac_mult1 ; DATAA            ;                       ;
; ir_and_us:path_ctrl|us_sensor:us_l|echo_counter[6]  ; Packed Register ; Register Packing ; Timing optimization ; Q         ;                ; ir_and_us:path_ctrl|us_sensor:us_l|lpm_mult:Mult0|mult_ngt:auto_generated|mac_mult1 ; DATAA            ;                       ;
; ir_and_us:path_ctrl|us_sensor:us_l|echo_counter[6]  ; Duplicated      ; Register Packing ; Timing optimization ; Q         ;                ; ir_and_us:path_ctrl|us_sensor:us_l|echo_counter[6]~_Duplicate_1                     ; Q                ;                       ;
; ir_and_us:path_ctrl|us_sensor:us_l|echo_counter[7]  ; Packed Register ; Register Packing ; Timing optimization ; Q         ;                ; ir_and_us:path_ctrl|us_sensor:us_l|lpm_mult:Mult0|mult_ngt:auto_generated|mac_mult1 ; DATAA            ;                       ;
; ir_and_us:path_ctrl|us_sensor:us_l|echo_counter[7]  ; Duplicated      ; Register Packing ; Timing optimization ; Q         ;                ; ir_and_us:path_ctrl|us_sensor:us_l|echo_counter[7]~_Duplicate_1                     ; Q                ;                       ;
; ir_and_us:path_ctrl|us_sensor:us_l|echo_counter[8]  ; Packed Register ; Register Packing ; Timing optimization ; Q         ;                ; ir_and_us:path_ctrl|us_sensor:us_l|lpm_mult:Mult0|mult_ngt:auto_generated|mac_mult1 ; DATAA            ;                       ;
; ir_and_us:path_ctrl|us_sensor:us_l|echo_counter[8]  ; Duplicated      ; Register Packing ; Timing optimization ; Q         ;                ; ir_and_us:path_ctrl|us_sensor:us_l|echo_counter[8]~_Duplicate_1                     ; Q                ;                       ;
; ir_and_us:path_ctrl|us_sensor:us_l|echo_counter[9]  ; Packed Register ; Register Packing ; Timing optimization ; Q         ;                ; ir_and_us:path_ctrl|us_sensor:us_l|lpm_mult:Mult0|mult_ngt:auto_generated|mac_mult1 ; DATAA            ;                       ;
; ir_and_us:path_ctrl|us_sensor:us_l|echo_counter[9]  ; Duplicated      ; Register Packing ; Timing optimization ; Q         ;                ; ir_and_us:path_ctrl|us_sensor:us_l|echo_counter[9]~_Duplicate_1                     ; Q                ;                       ;
; ir_and_us:path_ctrl|us_sensor:us_l|echo_counter[10] ; Packed Register ; Register Packing ; Timing optimization ; Q         ;                ; ir_and_us:path_ctrl|us_sensor:us_l|lpm_mult:Mult0|mult_ngt:auto_generated|mac_mult1 ; DATAA            ;                       ;
; ir_and_us:path_ctrl|us_sensor:us_l|echo_counter[10] ; Duplicated      ; Register Packing ; Timing optimization ; Q         ;                ; ir_and_us:path_ctrl|us_sensor:us_l|echo_counter[10]~_Duplicate_1                    ; Q                ;                       ;
; ir_and_us:path_ctrl|us_sensor:us_l|echo_counter[11] ; Packed Register ; Register Packing ; Timing optimization ; Q         ;                ; ir_and_us:path_ctrl|us_sensor:us_l|lpm_mult:Mult0|mult_ngt:auto_generated|mac_mult1 ; DATAA            ;                       ;
; ir_and_us:path_ctrl|us_sensor:us_l|echo_counter[11] ; Duplicated      ; Register Packing ; Timing optimization ; Q         ;                ; ir_and_us:path_ctrl|us_sensor:us_l|echo_counter[11]~_Duplicate_1                    ; Q                ;                       ;
; ir_and_us:path_ctrl|us_sensor:us_l|echo_counter[12] ; Packed Register ; Register Packing ; Timing optimization ; Q         ;                ; ir_and_us:path_ctrl|us_sensor:us_l|lpm_mult:Mult0|mult_ngt:auto_generated|mac_mult1 ; DATAA            ;                       ;
; ir_and_us:path_ctrl|us_sensor:us_l|echo_counter[12] ; Duplicated      ; Register Packing ; Timing optimization ; Q         ;                ; ir_and_us:path_ctrl|us_sensor:us_l|echo_counter[12]~_Duplicate_1                    ; Q                ;                       ;
; ir_and_us:path_ctrl|us_sensor:us_l|echo_counter[13] ; Packed Register ; Register Packing ; Timing optimization ; Q         ;                ; ir_and_us:path_ctrl|us_sensor:us_l|lpm_mult:Mult0|mult_ngt:auto_generated|mac_mult1 ; DATAA            ;                       ;
; ir_and_us:path_ctrl|us_sensor:us_l|echo_counter[13] ; Duplicated      ; Register Packing ; Timing optimization ; Q         ;                ; ir_and_us:path_ctrl|us_sensor:us_l|echo_counter[13]~_Duplicate_1                    ; Q                ;                       ;
; ir_and_us:path_ctrl|us_sensor:us_l|echo_counter[14] ; Packed Register ; Register Packing ; Timing optimization ; Q         ;                ; ir_and_us:path_ctrl|us_sensor:us_l|lpm_mult:Mult0|mult_ngt:auto_generated|mac_mult1 ; DATAA            ;                       ;
; ir_and_us:path_ctrl|us_sensor:us_l|echo_counter[14] ; Duplicated      ; Register Packing ; Timing optimization ; Q         ;                ; ir_and_us:path_ctrl|us_sensor:us_l|echo_counter[14]~_Duplicate_1                    ; Q                ;                       ;
; ir_and_us:path_ctrl|us_sensor:us_l|echo_counter[15] ; Packed Register ; Register Packing ; Timing optimization ; Q         ;                ; ir_and_us:path_ctrl|us_sensor:us_l|lpm_mult:Mult0|mult_ngt:auto_generated|mac_mult1 ; DATAA            ;                       ;
; ir_and_us:path_ctrl|us_sensor:us_l|echo_counter[15] ; Duplicated      ; Register Packing ; Timing optimization ; Q         ;                ; ir_and_us:path_ctrl|us_sensor:us_l|echo_counter[15]~_Duplicate_1                    ; Q                ;                       ;
; ir_and_us:path_ctrl|us_sensor:us_l|echo_counter[16] ; Packed Register ; Register Packing ; Timing optimization ; Q         ;                ; ir_and_us:path_ctrl|us_sensor:us_l|lpm_mult:Mult0|mult_ngt:auto_generated|mac_mult1 ; DATAA            ;                       ;
; ir_and_us:path_ctrl|us_sensor:us_l|echo_counter[16] ; Duplicated      ; Register Packing ; Timing optimization ; Q         ;                ; ir_and_us:path_ctrl|us_sensor:us_l|echo_counter[16]~_Duplicate_1                    ; Q                ;                       ;
; ir_and_us:path_ctrl|us_sensor:us_l|echo_counter[17] ; Packed Register ; Register Packing ; Timing optimization ; Q         ;                ; ir_and_us:path_ctrl|us_sensor:us_l|lpm_mult:Mult0|mult_ngt:auto_generated|mac_mult1 ; DATAA            ;                       ;
; ir_and_us:path_ctrl|us_sensor:us_l|echo_counter[17] ; Duplicated      ; Register Packing ; Timing optimization ; Q         ;                ; ir_and_us:path_ctrl|us_sensor:us_l|echo_counter[17]~_Duplicate_1                    ; Q                ;                       ;
; ir_and_us:path_ctrl|us_sensor:us_l|echo_counter[18] ; Packed Register ; Register Packing ; Timing optimization ; Q         ;                ; ir_and_us:path_ctrl|us_sensor:us_l|lpm_mult:Mult0|mult_ngt:auto_generated|mac_mult3 ; DATAA            ;                       ;
; ir_and_us:path_ctrl|us_sensor:us_l|echo_counter[18] ; Duplicated      ; Register Packing ; Timing optimization ; Q         ;                ; ir_and_us:path_ctrl|us_sensor:us_l|echo_counter[18]~_Duplicate_1                    ; Q                ;                       ;
; ir_and_us:path_ctrl|us_sensor:us_l|echo_counter[19] ; Packed Register ; Register Packing ; Timing optimization ; Q         ;                ; ir_and_us:path_ctrl|us_sensor:us_l|lpm_mult:Mult0|mult_ngt:auto_generated|mac_mult3 ; DATAA            ;                       ;
; ir_and_us:path_ctrl|us_sensor:us_l|echo_counter[19] ; Duplicated      ; Register Packing ; Timing optimization ; Q         ;                ; ir_and_us:path_ctrl|us_sensor:us_l|echo_counter[19]~_Duplicate_1                    ; Q                ;                       ;
; ir_and_us:path_ctrl|us_sensor:us_l|echo_counter[20] ; Packed Register ; Register Packing ; Timing optimization ; Q         ;                ; ir_and_us:path_ctrl|us_sensor:us_l|lpm_mult:Mult0|mult_ngt:auto_generated|mac_mult3 ; DATAA            ;                       ;
; ir_and_us:path_ctrl|us_sensor:us_l|echo_counter[20] ; Duplicated      ; Register Packing ; Timing optimization ; Q         ;                ; ir_and_us:path_ctrl|us_sensor:us_l|echo_counter[20]~_Duplicate_1                    ; Q                ;                       ;
; ir_and_us:path_ctrl|us_sensor:us_l|echo_counter[21] ; Packed Register ; Register Packing ; Timing optimization ; Q         ;                ; ir_and_us:path_ctrl|us_sensor:us_l|lpm_mult:Mult0|mult_ngt:auto_generated|mac_mult3 ; DATAA            ;                       ;
; ir_and_us:path_ctrl|us_sensor:us_l|echo_counter[21] ; Duplicated      ; Register Packing ; Timing optimization ; Q         ;                ; ir_and_us:path_ctrl|us_sensor:us_l|echo_counter[21]~_Duplicate_1                    ; Q                ;                       ;
; ir_and_us:path_ctrl|us_sensor:us_l|echo_counter[22] ; Packed Register ; Register Packing ; Timing optimization ; Q         ;                ; ir_and_us:path_ctrl|us_sensor:us_l|lpm_mult:Mult0|mult_ngt:auto_generated|mac_mult3 ; DATAA            ;                       ;
; ir_and_us:path_ctrl|us_sensor:us_l|echo_counter[22] ; Duplicated      ; Register Packing ; Timing optimization ; Q         ;                ; ir_and_us:path_ctrl|us_sensor:us_l|echo_counter[22]~_Duplicate_1                    ; Q                ;                       ;
; ir_and_us:path_ctrl|us_sensor:us_l|echo_counter[23] ; Packed Register ; Register Packing ; Timing optimization ; Q         ;                ; ir_and_us:path_ctrl|us_sensor:us_l|lpm_mult:Mult0|mult_ngt:auto_generated|mac_mult3 ; DATAA            ;                       ;
; ir_and_us:path_ctrl|us_sensor:us_l|echo_counter[23] ; Duplicated      ; Register Packing ; Timing optimization ; Q         ;                ; ir_and_us:path_ctrl|us_sensor:us_l|echo_counter[23]~_Duplicate_1                    ; Q                ;                       ;
; ir_and_us:path_ctrl|us_sensor:us_l|echo_counter[24] ; Packed Register ; Register Packing ; Timing optimization ; Q         ;                ; ir_and_us:path_ctrl|us_sensor:us_l|lpm_mult:Mult0|mult_ngt:auto_generated|mac_mult3 ; DATAA            ;                       ;
; ir_and_us:path_ctrl|us_sensor:us_l|echo_counter[24] ; Duplicated      ; Register Packing ; Timing optimization ; Q         ;                ; ir_and_us:path_ctrl|us_sensor:us_l|echo_counter[24]~_Duplicate_1                    ; Q                ;                       ;
; ir_and_us:path_ctrl|us_sensor:us_l|echo_counter[25] ; Packed Register ; Register Packing ; Timing optimization ; Q         ;                ; ir_and_us:path_ctrl|us_sensor:us_l|lpm_mult:Mult0|mult_ngt:auto_generated|mac_mult3 ; DATAA            ;                       ;
; ir_and_us:path_ctrl|us_sensor:us_l|echo_counter[25] ; Duplicated      ; Register Packing ; Timing optimization ; Q         ;                ; ir_and_us:path_ctrl|us_sensor:us_l|echo_counter[25]~_Duplicate_1                    ; Q                ;                       ;
; ir_and_us:path_ctrl|us_sensor:us_l|echo_counter[26] ; Packed Register ; Register Packing ; Timing optimization ; Q         ;                ; ir_and_us:path_ctrl|us_sensor:us_l|lpm_mult:Mult0|mult_ngt:auto_generated|mac_mult3 ; DATAA            ;                       ;
; ir_and_us:path_ctrl|us_sensor:us_l|echo_counter[26] ; Duplicated      ; Register Packing ; Timing optimization ; Q         ;                ; ir_and_us:path_ctrl|us_sensor:us_l|echo_counter[26]~_Duplicate_1                    ; Q                ;                       ;
; ir_and_us:path_ctrl|us_sensor:us_l|echo_counter[27] ; Packed Register ; Register Packing ; Timing optimization ; Q         ;                ; ir_and_us:path_ctrl|us_sensor:us_l|lpm_mult:Mult0|mult_ngt:auto_generated|mac_mult3 ; DATAA            ;                       ;
; ir_and_us:path_ctrl|us_sensor:us_l|echo_counter[27] ; Duplicated      ; Register Packing ; Timing optimization ; Q         ;                ; ir_and_us:path_ctrl|us_sensor:us_l|echo_counter[27]~_Duplicate_1                    ; Q                ;                       ;
; ir_and_us:path_ctrl|us_sensor:us_l|echo_counter[28] ; Packed Register ; Register Packing ; Timing optimization ; Q         ;                ; ir_and_us:path_ctrl|us_sensor:us_l|lpm_mult:Mult0|mult_ngt:auto_generated|mac_mult3 ; DATAA            ;                       ;
; ir_and_us:path_ctrl|us_sensor:us_l|echo_counter[28] ; Duplicated      ; Register Packing ; Timing optimization ; Q         ;                ; ir_and_us:path_ctrl|us_sensor:us_l|echo_counter[28]~_Duplicate_1                    ; Q                ;                       ;
; ir_and_us:path_ctrl|us_sensor:us_l|echo_counter[29] ; Packed Register ; Register Packing ; Timing optimization ; Q         ;                ; ir_and_us:path_ctrl|us_sensor:us_l|lpm_mult:Mult0|mult_ngt:auto_generated|mac_mult3 ; DATAA            ;                       ;
; ir_and_us:path_ctrl|us_sensor:us_l|echo_counter[29] ; Duplicated      ; Register Packing ; Timing optimization ; Q         ;                ; ir_and_us:path_ctrl|us_sensor:us_l|echo_counter[29]~_Duplicate_1                    ; Q                ;                       ;
; ir_and_us:path_ctrl|us_sensor:us_l|echo_counter[30] ; Packed Register ; Register Packing ; Timing optimization ; Q         ;                ; ir_and_us:path_ctrl|us_sensor:us_l|lpm_mult:Mult0|mult_ngt:auto_generated|mac_mult3 ; DATAA            ;                       ;
; ir_and_us:path_ctrl|us_sensor:us_l|echo_counter[30] ; Duplicated      ; Register Packing ; Timing optimization ; Q         ;                ; ir_and_us:path_ctrl|us_sensor:us_l|echo_counter[30]~_Duplicate_1                    ; Q                ;                       ;
; ir_and_us:path_ctrl|us_sensor:us_l|echo_counter[31] ; Packed Register ; Register Packing ; Timing optimization ; Q         ;                ; ir_and_us:path_ctrl|us_sensor:us_l|lpm_mult:Mult0|mult_ngt:auto_generated|mac_mult3 ; DATAA            ;                       ;
; ir_and_us:path_ctrl|us_sensor:us_l|echo_counter[31] ; Duplicated      ; Register Packing ; Timing optimization ; Q         ;                ; ir_and_us:path_ctrl|us_sensor:us_l|echo_counter[31]~_Duplicate_1                    ; Q                ;                       ;
; ir_and_us:path_ctrl|us_sensor:us_r|echo_counter[0]  ; Packed Register ; Register Packing ; Timing optimization ; Q         ;                ; ir_and_us:path_ctrl|us_sensor:us_r|lpm_mult:Mult0|mult_ngt:auto_generated|mac_mult1 ; DATAA            ;                       ;
; ir_and_us:path_ctrl|us_sensor:us_r|echo_counter[1]  ; Packed Register ; Register Packing ; Timing optimization ; Q         ;                ; ir_and_us:path_ctrl|us_sensor:us_r|lpm_mult:Mult0|mult_ngt:auto_generated|mac_mult1 ; DATAA            ;                       ;
; ir_and_us:path_ctrl|us_sensor:us_r|echo_counter[2]  ; Packed Register ; Register Packing ; Timing optimization ; Q         ;                ; ir_and_us:path_ctrl|us_sensor:us_r|lpm_mult:Mult0|mult_ngt:auto_generated|mac_mult1 ; DATAA            ;                       ;
; ir_and_us:path_ctrl|us_sensor:us_r|echo_counter[3]  ; Packed Register ; Register Packing ; Timing optimization ; Q         ;                ; ir_and_us:path_ctrl|us_sensor:us_r|lpm_mult:Mult0|mult_ngt:auto_generated|mac_mult1 ; DATAA            ;                       ;
; ir_and_us:path_ctrl|us_sensor:us_r|echo_counter[4]  ; Packed Register ; Register Packing ; Timing optimization ; Q         ;                ; ir_and_us:path_ctrl|us_sensor:us_r|lpm_mult:Mult0|mult_ngt:auto_generated|mac_mult1 ; DATAA            ;                       ;
; ir_and_us:path_ctrl|us_sensor:us_r|echo_counter[5]  ; Packed Register ; Register Packing ; Timing optimization ; Q         ;                ; ir_and_us:path_ctrl|us_sensor:us_r|lpm_mult:Mult0|mult_ngt:auto_generated|mac_mult1 ; DATAA            ;                       ;
; ir_and_us:path_ctrl|us_sensor:us_r|echo_counter[6]  ; Packed Register ; Register Packing ; Timing optimization ; Q         ;                ; ir_and_us:path_ctrl|us_sensor:us_r|lpm_mult:Mult0|mult_ngt:auto_generated|mac_mult1 ; DATAA            ;                       ;
; ir_and_us:path_ctrl|us_sensor:us_r|echo_counter[6]  ; Duplicated      ; Register Packing ; Timing optimization ; Q         ;                ; ir_and_us:path_ctrl|us_sensor:us_r|echo_counter[6]~_Duplicate_1                     ; Q                ;                       ;
; ir_and_us:path_ctrl|us_sensor:us_r|echo_counter[7]  ; Packed Register ; Register Packing ; Timing optimization ; Q         ;                ; ir_and_us:path_ctrl|us_sensor:us_r|lpm_mult:Mult0|mult_ngt:auto_generated|mac_mult1 ; DATAA            ;                       ;
; ir_and_us:path_ctrl|us_sensor:us_r|echo_counter[7]  ; Duplicated      ; Register Packing ; Timing optimization ; Q         ;                ; ir_and_us:path_ctrl|us_sensor:us_r|echo_counter[7]~_Duplicate_1                     ; Q                ;                       ;
; ir_and_us:path_ctrl|us_sensor:us_r|echo_counter[8]  ; Packed Register ; Register Packing ; Timing optimization ; Q         ;                ; ir_and_us:path_ctrl|us_sensor:us_r|lpm_mult:Mult0|mult_ngt:auto_generated|mac_mult1 ; DATAA            ;                       ;
; ir_and_us:path_ctrl|us_sensor:us_r|echo_counter[8]  ; Duplicated      ; Register Packing ; Timing optimization ; Q         ;                ; ir_and_us:path_ctrl|us_sensor:us_r|echo_counter[8]~_Duplicate_1                     ; Q                ;                       ;
; ir_and_us:path_ctrl|us_sensor:us_r|echo_counter[9]  ; Packed Register ; Register Packing ; Timing optimization ; Q         ;                ; ir_and_us:path_ctrl|us_sensor:us_r|lpm_mult:Mult0|mult_ngt:auto_generated|mac_mult1 ; DATAA            ;                       ;
; ir_and_us:path_ctrl|us_sensor:us_r|echo_counter[9]  ; Duplicated      ; Register Packing ; Timing optimization ; Q         ;                ; ir_and_us:path_ctrl|us_sensor:us_r|echo_counter[9]~_Duplicate_1                     ; Q                ;                       ;
; ir_and_us:path_ctrl|us_sensor:us_r|echo_counter[10] ; Packed Register ; Register Packing ; Timing optimization ; Q         ;                ; ir_and_us:path_ctrl|us_sensor:us_r|lpm_mult:Mult0|mult_ngt:auto_generated|mac_mult1 ; DATAA            ;                       ;
; ir_and_us:path_ctrl|us_sensor:us_r|echo_counter[10] ; Duplicated      ; Register Packing ; Timing optimization ; Q         ;                ; ir_and_us:path_ctrl|us_sensor:us_r|echo_counter[10]~_Duplicate_1                    ; Q                ;                       ;
; ir_and_us:path_ctrl|us_sensor:us_r|echo_counter[11] ; Packed Register ; Register Packing ; Timing optimization ; Q         ;                ; ir_and_us:path_ctrl|us_sensor:us_r|lpm_mult:Mult0|mult_ngt:auto_generated|mac_mult1 ; DATAA            ;                       ;
; ir_and_us:path_ctrl|us_sensor:us_r|echo_counter[11] ; Duplicated      ; Register Packing ; Timing optimization ; Q         ;                ; ir_and_us:path_ctrl|us_sensor:us_r|echo_counter[11]~_Duplicate_1                    ; Q                ;                       ;
; ir_and_us:path_ctrl|us_sensor:us_r|echo_counter[12] ; Packed Register ; Register Packing ; Timing optimization ; Q         ;                ; ir_and_us:path_ctrl|us_sensor:us_r|lpm_mult:Mult0|mult_ngt:auto_generated|mac_mult1 ; DATAA            ;                       ;
; ir_and_us:path_ctrl|us_sensor:us_r|echo_counter[12] ; Duplicated      ; Register Packing ; Timing optimization ; Q         ;                ; ir_and_us:path_ctrl|us_sensor:us_r|echo_counter[12]~_Duplicate_1                    ; Q                ;                       ;
; ir_and_us:path_ctrl|us_sensor:us_r|echo_counter[13] ; Packed Register ; Register Packing ; Timing optimization ; Q         ;                ; ir_and_us:path_ctrl|us_sensor:us_r|lpm_mult:Mult0|mult_ngt:auto_generated|mac_mult1 ; DATAA            ;                       ;
; ir_and_us:path_ctrl|us_sensor:us_r|echo_counter[13] ; Duplicated      ; Register Packing ; Timing optimization ; Q         ;                ; ir_and_us:path_ctrl|us_sensor:us_r|echo_counter[13]~_Duplicate_1                    ; Q                ;                       ;
; ir_and_us:path_ctrl|us_sensor:us_r|echo_counter[14] ; Packed Register ; Register Packing ; Timing optimization ; Q         ;                ; ir_and_us:path_ctrl|us_sensor:us_r|lpm_mult:Mult0|mult_ngt:auto_generated|mac_mult1 ; DATAA            ;                       ;
; ir_and_us:path_ctrl|us_sensor:us_r|echo_counter[14] ; Duplicated      ; Register Packing ; Timing optimization ; Q         ;                ; ir_and_us:path_ctrl|us_sensor:us_r|echo_counter[14]~_Duplicate_1                    ; Q                ;                       ;
; ir_and_us:path_ctrl|us_sensor:us_r|echo_counter[15] ; Packed Register ; Register Packing ; Timing optimization ; Q         ;                ; ir_and_us:path_ctrl|us_sensor:us_r|lpm_mult:Mult0|mult_ngt:auto_generated|mac_mult1 ; DATAA            ;                       ;
; ir_and_us:path_ctrl|us_sensor:us_r|echo_counter[15] ; Duplicated      ; Register Packing ; Timing optimization ; Q         ;                ; ir_and_us:path_ctrl|us_sensor:us_r|echo_counter[15]~_Duplicate_1                    ; Q                ;                       ;
; ir_and_us:path_ctrl|us_sensor:us_r|echo_counter[16] ; Packed Register ; Register Packing ; Timing optimization ; Q         ;                ; ir_and_us:path_ctrl|us_sensor:us_r|lpm_mult:Mult0|mult_ngt:auto_generated|mac_mult1 ; DATAA            ;                       ;
; ir_and_us:path_ctrl|us_sensor:us_r|echo_counter[16] ; Duplicated      ; Register Packing ; Timing optimization ; Q         ;                ; ir_and_us:path_ctrl|us_sensor:us_r|echo_counter[16]~_Duplicate_1                    ; Q                ;                       ;
; ir_and_us:path_ctrl|us_sensor:us_r|echo_counter[17] ; Packed Register ; Register Packing ; Timing optimization ; Q         ;                ; ir_and_us:path_ctrl|us_sensor:us_r|lpm_mult:Mult0|mult_ngt:auto_generated|mac_mult1 ; DATAA            ;                       ;
; ir_and_us:path_ctrl|us_sensor:us_r|echo_counter[17] ; Duplicated      ; Register Packing ; Timing optimization ; Q         ;                ; ir_and_us:path_ctrl|us_sensor:us_r|echo_counter[17]~_Duplicate_1                    ; Q                ;                       ;
; ir_and_us:path_ctrl|us_sensor:us_r|echo_counter[18] ; Packed Register ; Register Packing ; Timing optimization ; Q         ;                ; ir_and_us:path_ctrl|us_sensor:us_r|lpm_mult:Mult0|mult_ngt:auto_generated|mac_mult3 ; DATAA            ;                       ;
; ir_and_us:path_ctrl|us_sensor:us_r|echo_counter[18] ; Duplicated      ; Register Packing ; Timing optimization ; Q         ;                ; ir_and_us:path_ctrl|us_sensor:us_r|echo_counter[18]~_Duplicate_1                    ; Q                ;                       ;
; ir_and_us:path_ctrl|us_sensor:us_r|echo_counter[19] ; Packed Register ; Register Packing ; Timing optimization ; Q         ;                ; ir_and_us:path_ctrl|us_sensor:us_r|lpm_mult:Mult0|mult_ngt:auto_generated|mac_mult3 ; DATAA            ;                       ;
; ir_and_us:path_ctrl|us_sensor:us_r|echo_counter[19] ; Duplicated      ; Register Packing ; Timing optimization ; Q         ;                ; ir_and_us:path_ctrl|us_sensor:us_r|echo_counter[19]~_Duplicate_1                    ; Q                ;                       ;
; ir_and_us:path_ctrl|us_sensor:us_r|echo_counter[20] ; Packed Register ; Register Packing ; Timing optimization ; Q         ;                ; ir_and_us:path_ctrl|us_sensor:us_r|lpm_mult:Mult0|mult_ngt:auto_generated|mac_mult3 ; DATAA            ;                       ;
; ir_and_us:path_ctrl|us_sensor:us_r|echo_counter[20] ; Duplicated      ; Register Packing ; Timing optimization ; Q         ;                ; ir_and_us:path_ctrl|us_sensor:us_r|echo_counter[20]~_Duplicate_1                    ; Q                ;                       ;
; ir_and_us:path_ctrl|us_sensor:us_r|echo_counter[21] ; Packed Register ; Register Packing ; Timing optimization ; Q         ;                ; ir_and_us:path_ctrl|us_sensor:us_r|lpm_mult:Mult0|mult_ngt:auto_generated|mac_mult3 ; DATAA            ;                       ;
; ir_and_us:path_ctrl|us_sensor:us_r|echo_counter[21] ; Duplicated      ; Register Packing ; Timing optimization ; Q         ;                ; ir_and_us:path_ctrl|us_sensor:us_r|echo_counter[21]~_Duplicate_1                    ; Q                ;                       ;
; ir_and_us:path_ctrl|us_sensor:us_r|echo_counter[22] ; Packed Register ; Register Packing ; Timing optimization ; Q         ;                ; ir_and_us:path_ctrl|us_sensor:us_r|lpm_mult:Mult0|mult_ngt:auto_generated|mac_mult3 ; DATAA            ;                       ;
; ir_and_us:path_ctrl|us_sensor:us_r|echo_counter[22] ; Duplicated      ; Register Packing ; Timing optimization ; Q         ;                ; ir_and_us:path_ctrl|us_sensor:us_r|echo_counter[22]~_Duplicate_1                    ; Q                ;                       ;
; ir_and_us:path_ctrl|us_sensor:us_r|echo_counter[23] ; Packed Register ; Register Packing ; Timing optimization ; Q         ;                ; ir_and_us:path_ctrl|us_sensor:us_r|lpm_mult:Mult0|mult_ngt:auto_generated|mac_mult3 ; DATAA            ;                       ;
; ir_and_us:path_ctrl|us_sensor:us_r|echo_counter[23] ; Duplicated      ; Register Packing ; Timing optimization ; Q         ;                ; ir_and_us:path_ctrl|us_sensor:us_r|echo_counter[23]~_Duplicate_1                    ; Q                ;                       ;
; ir_and_us:path_ctrl|us_sensor:us_r|echo_counter[24] ; Packed Register ; Register Packing ; Timing optimization ; Q         ;                ; ir_and_us:path_ctrl|us_sensor:us_r|lpm_mult:Mult0|mult_ngt:auto_generated|mac_mult3 ; DATAA            ;                       ;
; ir_and_us:path_ctrl|us_sensor:us_r|echo_counter[24] ; Duplicated      ; Register Packing ; Timing optimization ; Q         ;                ; ir_and_us:path_ctrl|us_sensor:us_r|echo_counter[24]~_Duplicate_1                    ; Q                ;                       ;
; ir_and_us:path_ctrl|us_sensor:us_r|echo_counter[25] ; Packed Register ; Register Packing ; Timing optimization ; Q         ;                ; ir_and_us:path_ctrl|us_sensor:us_r|lpm_mult:Mult0|mult_ngt:auto_generated|mac_mult3 ; DATAA            ;                       ;
; ir_and_us:path_ctrl|us_sensor:us_r|echo_counter[25] ; Duplicated      ; Register Packing ; Timing optimization ; Q         ;                ; ir_and_us:path_ctrl|us_sensor:us_r|echo_counter[25]~_Duplicate_1                    ; Q                ;                       ;
; ir_and_us:path_ctrl|us_sensor:us_r|echo_counter[26] ; Packed Register ; Register Packing ; Timing optimization ; Q         ;                ; ir_and_us:path_ctrl|us_sensor:us_r|lpm_mult:Mult0|mult_ngt:auto_generated|mac_mult3 ; DATAA            ;                       ;
; ir_and_us:path_ctrl|us_sensor:us_r|echo_counter[26] ; Duplicated      ; Register Packing ; Timing optimization ; Q         ;                ; ir_and_us:path_ctrl|us_sensor:us_r|echo_counter[26]~_Duplicate_1                    ; Q                ;                       ;
; ir_and_us:path_ctrl|us_sensor:us_r|echo_counter[27] ; Packed Register ; Register Packing ; Timing optimization ; Q         ;                ; ir_and_us:path_ctrl|us_sensor:us_r|lpm_mult:Mult0|mult_ngt:auto_generated|mac_mult3 ; DATAA            ;                       ;
; ir_and_us:path_ctrl|us_sensor:us_r|echo_counter[27] ; Duplicated      ; Register Packing ; Timing optimization ; Q         ;                ; ir_and_us:path_ctrl|us_sensor:us_r|echo_counter[27]~_Duplicate_1                    ; Q                ;                       ;
; ir_and_us:path_ctrl|us_sensor:us_r|echo_counter[28] ; Packed Register ; Register Packing ; Timing optimization ; Q         ;                ; ir_and_us:path_ctrl|us_sensor:us_r|lpm_mult:Mult0|mult_ngt:auto_generated|mac_mult3 ; DATAA            ;                       ;
; ir_and_us:path_ctrl|us_sensor:us_r|echo_counter[28] ; Duplicated      ; Register Packing ; Timing optimization ; Q         ;                ; ir_and_us:path_ctrl|us_sensor:us_r|echo_counter[28]~_Duplicate_1                    ; Q                ;                       ;
; ir_and_us:path_ctrl|us_sensor:us_r|echo_counter[29] ; Packed Register ; Register Packing ; Timing optimization ; Q         ;                ; ir_and_us:path_ctrl|us_sensor:us_r|lpm_mult:Mult0|mult_ngt:auto_generated|mac_mult3 ; DATAA            ;                       ;
; ir_and_us:path_ctrl|us_sensor:us_r|echo_counter[29] ; Duplicated      ; Register Packing ; Timing optimization ; Q         ;                ; ir_and_us:path_ctrl|us_sensor:us_r|echo_counter[29]~_Duplicate_1                    ; Q                ;                       ;
; ir_and_us:path_ctrl|us_sensor:us_r|echo_counter[30] ; Packed Register ; Register Packing ; Timing optimization ; Q         ;                ; ir_and_us:path_ctrl|us_sensor:us_r|lpm_mult:Mult0|mult_ngt:auto_generated|mac_mult3 ; DATAA            ;                       ;
; ir_and_us:path_ctrl|us_sensor:us_r|echo_counter[30] ; Duplicated      ; Register Packing ; Timing optimization ; Q         ;                ; ir_and_us:path_ctrl|us_sensor:us_r|echo_counter[30]~_Duplicate_1                    ; Q                ;                       ;
; ir_and_us:path_ctrl|us_sensor:us_r|echo_counter[31] ; Packed Register ; Register Packing ; Timing optimization ; Q         ;                ; ir_and_us:path_ctrl|us_sensor:us_r|lpm_mult:Mult0|mult_ngt:auto_generated|mac_mult3 ; DATAA            ;                       ;
; ir_and_us:path_ctrl|us_sensor:us_r|echo_counter[31] ; Duplicated      ; Register Packing ; Timing optimization ; Q         ;                ; ir_and_us:path_ctrl|us_sensor:us_r|echo_counter[31]~_Duplicate_1                    ; Q                ;                       ;
+-----------------------------------------------------+-----------------+------------------+---------------------+-----------+----------------+-------------------------------------------------------------------------------------+------------------+-----------------------+


+---------------------------------------------------------------------------------------------------+
; Incremental Compilation Preservation Summary                                                      ;
+---------------------+---------------------+----------------------------+--------------------------+
; Type                ; Total [A + B]       ; From Design Partitions [A] ; From Rapid Recompile [B] ;
+---------------------+---------------------+----------------------------+--------------------------+
; Placement (by node) ;                     ;                            ;                          ;
;     -- Requested    ; 0.00 % ( 0 / 3880 ) ; 0.00 % ( 0 / 3880 )        ; 0.00 % ( 0 / 3880 )      ;
;     -- Achieved     ; 0.00 % ( 0 / 3880 ) ; 0.00 % ( 0 / 3880 )        ; 0.00 % ( 0 / 3880 )      ;
;                     ;                     ;                            ;                          ;
; Routing (by net)    ;                     ;                            ;                          ;
;     -- Requested    ; 0.00 % ( 0 / 0 )    ; 0.00 % ( 0 / 0 )           ; 0.00 % ( 0 / 0 )         ;
;     -- Achieved     ; 0.00 % ( 0 / 0 )    ; 0.00 % ( 0 / 0 )           ; 0.00 % ( 0 / 0 )         ;
+---------------------+---------------------+----------------------------+--------------------------+


+----------------------------------------------------------------------------------------------------------------------------------------------------------------------------------------+
; Incremental Compilation Partition Settings                                                                                                                                             ;
+--------------------------------+----------------+-------------------+-------------------------+------------------------+------------------------------+--------------------------------+
; Partition Name                 ; Partition Type ; Netlist Type Used ; Preservation Level Used ; Netlist Type Requested ; Preservation Level Requested ; Contents                       ;
+--------------------------------+----------------+-------------------+-------------------------+------------------------+------------------------------+--------------------------------+
; Top                            ; User-created   ; Source File       ; N/A                     ; Source File            ; N/A                          ;                                ;
; sld_hub:auto_hub               ; Auto-generated ; Post-Synthesis    ; N/A                     ; Post-Synthesis         ; N/A                          ; sld_hub:auto_hub               ;
; sld_signaltap:auto_signaltap_0 ; Auto-generated ; Post-Synthesis    ; N/A                     ; Post-Synthesis         ; N/A                          ; sld_signaltap:auto_signaltap_0 ;
; hard_block:auto_generated_inst ; Auto-generated ; Source File       ; N/A                     ; Source File            ; N/A                          ; hard_block:auto_generated_inst ;
+--------------------------------+----------------+-------------------+-------------------------+------------------------+------------------------------+--------------------------------+


+------------------------------------------------------------------------------------------------------------------------------------+
; Incremental Compilation Placement Preservation                                                                                     ;
+--------------------------------+-----------------------+-------------------------+-------------------+---------------------+-------+
; Partition Name                 ; Preservation Achieved ; Preservation Level Used ; Netlist Type Used ; Preservation Method ; Notes ;
+--------------------------------+-----------------------+-------------------------+-------------------+---------------------+-------+
; Top                            ; 0.00 % ( 0 / 2190 )   ; N/A                     ; Source File       ; N/A                 ;       ;
; sld_hub:auto_hub               ; 0.00 % ( 0 / 214 )    ; N/A                     ; Post-Synthesis    ; N/A                 ;       ;
; sld_signaltap:auto_signaltap_0 ; 0.00 % ( 0 / 1466 )   ; N/A                     ; Post-Synthesis    ; N/A                 ;       ;
; hard_block:auto_generated_inst ; 0.00 % ( 0 / 10 )     ; N/A                     ; Source File       ; N/A                 ;       ;
+--------------------------------+-----------------------+-------------------------+-------------------+---------------------+-------+


+--------------+
; Pin-Out File ;
+--------------+
The pin-out file can be found in E:/mb_4975_task5b/ALL_IN_ONE/output_files/robot_motor_top.pin.


+------------------------------------------------------------------------+
; Fitter Resource Usage Summary                                          ;
+---------------------------------------------+--------------------------+
; Resource                                    ; Usage                    ;
+---------------------------------------------+--------------------------+
; Total logic elements                        ; 2,652 / 22,320 ( 12 % )  ;
;     -- Combinational with no register       ; 939                      ;
;     -- Register only                        ; 650                      ;
;     -- Combinational with a register        ; 1063                     ;
;                                             ;                          ;
; Logic element usage by number of LUT inputs ;                          ;
;     -- 4 input functions                    ; 788                      ;
;     -- 3 input functions                    ; 458                      ;
;     -- <=2 input functions                  ; 756                      ;
;     -- Register only                        ; 650                      ;
;                                             ;                          ;
; Logic elements by mode                      ;                          ;
;     -- normal mode                          ; 1483                     ;
;     -- arithmetic mode                      ; 519                      ;
;                                             ;                          ;
; Total registers*                            ; 1,713 / 23,018 ( 7 % )   ;
;     -- Dedicated logic registers            ; 1,713 / 22,320 ( 8 % )   ;
;     -- I/O registers                        ; 0 / 698 ( 0 % )          ;
;                                             ;                          ;
; Total LABs:  partially or completely used   ; 219 / 1,395 ( 16 % )     ;
; Virtual pins                                ; 0                        ;
; I/O pins                                    ; 30 / 154 ( 19 % )        ;
;     -- Clock pins                           ; 2 / 7 ( 29 % )           ;
;     -- Dedicated input pins                 ; 3 / 9 ( 33 % )           ;
;                                             ;                          ;
; M9Ks                                        ; 3 / 66 ( 5 % )           ;
; Total block memory bits                     ; 26,112 / 608,256 ( 4 % ) ;
; Total block memory implementation bits      ; 27,648 / 608,256 ( 5 % ) ;
; Embedded Multiplier 9-bit elements          ; 12 / 132 ( 9 % )         ;
; PLLs                                        ; 0 / 4 ( 0 % )            ;
; Global signals                              ; 5                        ;
;     -- Global clocks                        ; 5 / 20 ( 25 % )          ;
; JTAGs                                       ; 1 / 1 ( 100 % )          ;
; CRC blocks                                  ; 0 / 1 ( 0 % )            ;
; ASMI blocks                                 ; 0 / 1 ( 0 % )            ;
; Oscillator blocks                           ; 0 / 1 ( 0 % )            ;
; Impedance control blocks                    ; 0 / 4 ( 0 % )            ;
; Average interconnect usage (total/H/V)      ; 2.1% / 2.0% / 2.1%       ;
; Peak interconnect usage (total/H/V)         ; 6.5% / 6.7% / 6.2%       ;
; Maximum fan-out                             ; 1180                     ;
; Highest non-global fan-out                  ; 631                      ;
; Total fan-out                               ; 12587                    ;
; Average fan-out                             ; 2.93                     ;
+---------------------------------------------+--------------------------+
*  Register count does not include registers inside RAM blocks or DSP blocks.



+--------------------------------------------------------------------------------------------------------------------------------------------------------------+
; Fitter Partition Statistics                                                                                                                                  ;
+---------------------------------------------+----------------------+-----------------------+--------------------------------+--------------------------------+
; Statistic                                   ; Top                  ; sld_hub:auto_hub      ; sld_signaltap:auto_signaltap_0 ; hard_block:auto_generated_inst ;
+---------------------------------------------+----------------------+-----------------------+--------------------------------+--------------------------------+
; Difficulty Clustering Region                ; Low                  ; Low                   ; Low                            ; Low                            ;
;                                             ;                      ;                       ;                                ;                                ;
; Total logic elements                        ; 1459 / 22320 ( 7 % ) ; 148 / 22320 ( < 1 % ) ; 1045 / 22320 ( 5 % )           ; 0 / 22320 ( 0 % )              ;
;     -- Combinational with no register       ; 756                  ; 58                    ; 125                            ; 0                              ;
;     -- Register only                        ; 77                   ; 24                    ; 549                            ; 0                              ;
;     -- Combinational with a register        ; 626                  ; 66                    ; 371                            ; 0                              ;
;                                             ;                      ;                       ;                                ;                                ;
; Logic element usage by number of LUT inputs ;                      ;                       ;                                ;                                ;
;     -- 4 input functions                    ; 517                  ; 52                    ; 219                            ; 0                              ;
;     -- 3 input functions                    ; 281                  ; 35                    ; 142                            ; 0                              ;
;     -- <=2 input functions                  ; 584                  ; 37                    ; 135                            ; 0                              ;
;     -- Register only                        ; 77                   ; 24                    ; 549                            ; 0                              ;
;                                             ;                      ;                       ;                                ;                                ;
; Logic elements by mode                      ;                      ;                       ;                                ;                                ;
;     -- normal mode                          ; 939                  ; 116                   ; 428                            ; 0                              ;
;     -- arithmetic mode                      ; 443                  ; 8                     ; 68                             ; 0                              ;
;                                             ;                      ;                       ;                                ;                                ;
; Total registers                             ; 703                  ; 90                    ; 920                            ; 0                              ;
;     -- Dedicated logic registers            ; 703 / 22320 ( 3 % )  ; 90 / 22320 ( < 1 % )  ; 920 / 22320 ( 4 % )            ; 0 / 22320 ( 0 % )              ;
;     -- I/O registers                        ; 0                    ; 0                     ; 0                              ; 0                              ;
;                                             ;                      ;                       ;                                ;                                ;
; Total LABs:  partially or completely used   ; 119 / 1395 ( 9 % )   ; 12 / 1395 ( < 1 % )   ; 96 / 1395 ( 7 % )              ; 0 / 1395 ( 0 % )               ;
;                                             ;                      ;                       ;                                ;                                ;
; Virtual pins                                ; 0                    ; 0                     ; 0                              ; 0                              ;
; I/O pins                                    ; 30                   ; 0                     ; 0                              ; 0                              ;
; Embedded Multiplier 9-bit elements          ; 12 / 132 ( 9 % )     ; 0 / 132 ( 0 % )       ; 0 / 132 ( 0 % )                ; 0 / 132 ( 0 % )                ;
; Total memory bits                           ; 0                    ; 0                     ; 26112                          ; 0                              ;
; Total RAM block bits                        ; 0                    ; 0                     ; 27648                          ; 0                              ;
; JTAG                                        ; 1 / 1 ( 100 % )      ; 0 / 1 ( 0 % )         ; 0 / 1 ( 0 % )                  ; 0 / 1 ( 0 % )                  ;
; M9K                                         ; 0 / 66 ( 0 % )       ; 0 / 66 ( 0 % )        ; 3 / 66 ( 4 % )                 ; 0 / 66 ( 0 % )                 ;
; Clock control block                         ; 4 / 24 ( 16 % )      ; 0 / 24 ( 0 % )        ; 1 / 24 ( 4 % )                 ; 0 / 24 ( 0 % )                 ;
;                                             ;                      ;                       ;                                ;                                ;
; Connections                                 ;                      ;                       ;                                ;                                ;
;     -- Input Connections                    ; 2                    ; 133                   ; 1201                           ; 0                              ;
;     -- Registered Input Connections         ; 0                    ; 100                   ; 980                            ; 0                              ;
;     -- Output Connections                   ; 1155                 ; 147                   ; 34                             ; 0                              ;
;     -- Registered Output Connections        ; 77                   ; 147                   ; 0                              ; 0                              ;
;                                             ;                      ;                       ;                                ;                                ;
; Internal Connections                        ;                      ;                       ;                                ;                                ;
;     -- Total Connections                    ; 8500                 ; 842                   ; 4754                           ; 5                              ;
;     -- Registered Connections               ; 2390                 ; 594                   ; 2541                           ; 0                              ;
;                                             ;                      ;                       ;                                ;                                ;
; External Connections                        ;                      ;                       ;                                ;                                ;
;     -- Top                                  ; 2                    ; 122                   ; 1033                           ; 0                              ;
;     -- sld_hub:auto_hub                     ; 122                  ; 20                    ; 138                            ; 0                              ;
;     -- sld_signaltap:auto_signaltap_0       ; 1033                 ; 138                   ; 64                             ; 0                              ;
;     -- hard_block:auto_generated_inst       ; 0                    ; 0                     ; 0                              ; 0                              ;
;                                             ;                      ;                       ;                                ;                                ;
; Partition Interface                         ;                      ;                       ;                                ;                                ;
;     -- Input Ports                          ; 17                   ; 45                    ; 219                            ; 0                              ;
;     -- Output Ports                         ; 66                   ; 62                    ; 115                            ; 0                              ;
;     -- Bidir Ports                          ; 1                    ; 0                     ; 0                              ; 0                              ;
;                                             ;                      ;                       ;                                ;                                ;
; Registered Ports                            ;                      ;                       ;                                ;                                ;
;     -- Registered Input Ports               ; 0                    ; 4                     ; 39                             ; 0                              ;
;     -- Registered Output Ports              ; 0                    ; 29                    ; 101                            ; 0                              ;
;                                             ;                      ;                       ;                                ;                                ;
; Port Connectivity                           ;                      ;                       ;                                ;                                ;
;     -- Input Ports driven by GND            ; 0                    ; 0                     ; 45                             ; 0                              ;
;     -- Output Ports driven by GND           ; 0                    ; 28                    ; 2                              ; 0                              ;
;     -- Input Ports driven by VCC            ; 0                    ; 0                     ; 11                             ; 0                              ;
;     -- Output Ports driven by VCC           ; 0                    ; 0                     ; 1                              ; 0                              ;
;     -- Input Ports with no Source           ; 0                    ; 25                    ; 53                             ; 0                              ;
;     -- Output Ports with no Source          ; 0                    ; 0                     ; 0                              ; 0                              ;
;     -- Input Ports with no Fanout           ; 0                    ; 30                    ; 67                             ; 0                              ;
;     -- Output Ports with no Fanout          ; 0                    ; 29                    ; 103                            ; 0                              ;
+---------------------------------------------+----------------------+-----------------------+--------------------------------+--------------------------------+


+----------------------------------------------------------------------------------------------------------------------------------------------------------------------------------------------------------------------------------------------------------------------------------------+
; Input Pins                                                                                                                                                                                                                                                                             ;
+-------+-------+----------+--------------+--------------+--------------+-----------------------+--------------------+--------+----------------+---------------+-----------------+----------+--------------+--------------+---------------------------+----------------------+-----------+
; Name  ; Pin # ; I/O Bank ; X coordinate ; Y coordinate ; Z coordinate ; Combinational Fan-Out ; Registered Fan-Out ; Global ; Input Register ; Power Up High ; PCI I/O Enabled ; Bus Hold ; Weak Pull Up ; I/O Standard ; Termination Control Block ; Location assigned by ; Slew Rate ;
+-------+-------+----------+--------------+--------------+--------------+-----------------------+--------------------+--------+----------------+---------------+-----------------+----------+--------------+--------------+---------------------------+----------------------+-----------+
; EN1_A ; J16   ; 5        ; 53           ; 14           ; 7            ; 0                     ; 0                  ; no     ; no             ; no            ; yes             ; no       ; Off          ; 2.5 V        ; --                        ; User                 ; no        ;
; EN1_B ; M10   ; 4        ; 43           ; 0            ; 21           ; 0                     ; 0                  ; no     ; no             ; no            ; yes             ; no       ; Off          ; 2.5 V        ; --                        ; User                 ; no        ;
; EN2_A ; L14   ; 5        ; 53           ; 9            ; 7            ; 0                     ; 0                  ; no     ; no             ; no            ; yes             ; no       ; Off          ; 2.5 V        ; --                        ; User                 ; no        ;
; EN2_B ; N15   ; 5        ; 53           ; 9            ; 14           ; 0                     ; 0                  ; no     ; no             ; no            ; yes             ; no       ; Off          ; 2.5 V        ; --                        ; User                 ; no        ;
; clk   ; R8    ; 3        ; 27           ; 0            ; 21           ; 1180                  ; 0                  ; yes    ; no             ; no            ; yes             ; no       ; Off          ; 2.5 V        ; --                        ; User                 ; no        ;
; dout  ; A9    ; 7        ; 25           ; 34           ; 0            ; 0                     ; 0                  ; no     ; no             ; no            ; yes             ; no       ; Off          ; 2.5 V        ; --                        ; User                 ; no        ;
; ec_f  ; E6    ; 8        ; 14           ; 34           ; 14           ; 1                     ; 0                  ; no     ; no             ; no            ; yes             ; no       ; Off          ; 2.5 V        ; --                        ; User                 ; no        ;
; ec_l  ; E10   ; 7        ; 45           ; 34           ; 14           ; 1                     ; 0                  ; no     ; no             ; no            ; yes             ; no       ; Off          ; 2.5 V        ; --                        ; User                 ; no        ;
; ec_r  ; F8    ; 8        ; 20           ; 34           ; 14           ; 1                     ; 0                  ; no     ; no             ; no            ; yes             ; no       ; Off          ; 2.5 V        ; --                        ; User                 ; no        ;
; ir_f  ; C6    ; 8        ; 18           ; 34           ; 21           ; 1                     ; 0                  ; no     ; no             ; no            ; yes             ; no       ; Off          ; 2.5 V        ; --                        ; User                 ; no        ;
; ir_l  ; D6    ; 8        ; 9            ; 34           ; 7            ; 1                     ; 0                  ; no     ; no             ; no            ; yes             ; no       ; Off          ; 2.5 V        ; --                        ; User                 ; no        ;
; ir_r  ; D12   ; 7        ; 51           ; 34           ; 21           ; 1                     ; 0                  ; no     ; no             ; no            ; yes             ; no       ; Off          ; 2.5 V        ; --                        ; User                 ; no        ;
; reset ; J15   ; 5        ; 53           ; 14           ; 0            ; 631                   ; 0                  ; no     ; no             ; no            ; yes             ; no       ; Off          ; 2.5 V        ; --                        ; User                 ; no        ;
; rx    ; J13   ; 5        ; 53           ; 16           ; 7            ; 1                     ; 0                  ; no     ; no             ; no            ; yes             ; no       ; Off          ; 2.5 V        ; --                        ; User                 ; no        ;
+-------+-------+----------+--------------+--------------+--------------+-----------------------+--------------------+--------+----------------+---------------+-----------------+----------+--------------+--------------+---------------------------+----------------------+-----------+


+-----------------------------------------------------------------------------------------------------------------------------------------------------------------------------------------------------------------------------------------------------------------------------------------------------------------------------------------------------------------------------------------------------------------------------------------------------------+
; Output Pins                                                                                                                                                                                                                                                                                                                                                                                                                                               ;
+----------+-------+----------+--------------+--------------+--------------+-----------------+------------------------+---------------+-----------+-----------------+------------+---------------+----------+--------------+--------------+------------------+-----------------------------------+---------------------------+----------------------------+-----------------------------+----------------------+----------------------+---------------------+
; Name     ; Pin # ; I/O Bank ; X coordinate ; Y coordinate ; Z coordinate ; Output Register ; Output Enable Register ; Power Up High ; Slew Rate ; PCI I/O Enabled ; Open Drain ; TRI Primitive ; Bus Hold ; Weak Pull Up ; I/O Standard ; Current Strength ; Termination                       ; Termination Control Block ; Output Buffer Pre-emphasis ; Voltage Output Differential ; Location assigned by ; Output Enable Source ; Output Enable Group ;
+----------+-------+----------+--------------+--------------+--------------+-----------------+------------------------+---------------+-----------+-----------------+------------+---------------+----------+--------------+--------------+------------------+-----------------------------------+---------------------------+----------------------------+-----------------------------+----------------------+----------------------+---------------------+
; ENA      ; T15   ; 4        ; 45           ; 0            ; 14           ; no              ; no                     ; no            ; 2         ; no              ; no         ; no            ; no       ; Off          ; 2.5 V        ; Default          ; Series 50 Ohm without Calibration ; --                        ; no                         ; no                          ; User                 ; -                    ; -                   ;
; ENB      ; F13   ; 6        ; 53           ; 21           ; 21           ; no              ; no                     ; no            ; 2         ; no              ; no         ; no            ; no       ; Off          ; 2.5 V        ; Default          ; Series 50 Ohm without Calibration ; --                        ; no                         ; no                          ; User                 ; -                    ; -                   ;
; IN1      ; R11   ; 4        ; 34           ; 0            ; 0            ; no              ; no                     ; no            ; 2         ; no              ; no         ; no            ; no       ; Off          ; 2.5 V        ; Default          ; Series 50 Ohm without Calibration ; --                        ; no                         ; no                          ; User                 ; -                    ; -                   ;
; IN2      ; T11   ; 4        ; 36           ; 0            ; 21           ; no              ; no                     ; no            ; 2         ; no              ; no         ; no            ; no       ; Off          ; 2.5 V        ; Default          ; Series 50 Ohm without Calibration ; --                        ; no                         ; no                          ; User                 ; -                    ; -                   ;
; IN3      ; T12   ; 4        ; 36           ; 0            ; 7            ; no              ; no                     ; no            ; 2         ; no              ; no         ; no            ; no       ; Off          ; 2.5 V        ; Default          ; Series 50 Ohm without Calibration ; --                        ; no                         ; no                          ; User                 ; -                    ; -                   ;
; IN4      ; T13   ; 4        ; 40           ; 0            ; 14           ; no              ; no                     ; no            ; 2         ; no              ; no         ; no            ; no       ; Off          ; 2.5 V        ; Default          ; Series 50 Ohm without Calibration ; --                        ; no                         ; no                          ; User                 ; -                    ; -                   ;
; SERVO_1  ; R13   ; 4        ; 40           ; 0            ; 21           ; no              ; no                     ; no            ; 2         ; no              ; no         ; no            ; no       ; Off          ; 2.5 V        ; Default          ; Series 50 Ohm without Calibration ; --                        ; no                         ; no                          ; User                 ; -                    ; -                   ;
; SERVO_2  ; T14   ; 4        ; 45           ; 0            ; 21           ; no              ; no                     ; no            ; 2         ; no              ; no         ; no            ; no       ; Off          ; 2.5 V        ; Default          ; Series 50 Ohm without Calibration ; --                        ; no                         ; no                          ; User                 ; -                    ; -                   ;
; adc_cs_n ; A10   ; 7        ; 34           ; 34           ; 7            ; no              ; no                     ; no            ; 2         ; no              ; no         ; no            ; no       ; Off          ; 2.5 V        ; Default          ; Series 50 Ohm without Calibration ; --                        ; no                         ; no                          ; User                 ; -                    ; -                   ;
; adc_sck  ; B14   ; 7        ; 45           ; 34           ; 0            ; no              ; no                     ; no            ; 2         ; no              ; no         ; no            ; no       ; Off          ; 2.5 V        ; Default          ; Series 50 Ohm without Calibration ; --                        ; no                         ; no                          ; User                 ; -                    ; -                   ;
; din      ; B10   ; 7        ; 34           ; 34           ; 14           ; no              ; no                     ; no            ; 2         ; no              ; no         ; no            ; no       ; Off          ; 2.5 V        ; Default          ; Series 50 Ohm without Calibration ; --                        ; no                         ; no                          ; User                 ; -                    ; -                   ;
; trig_f   ; D8    ; 8        ; 23           ; 34           ; 21           ; no              ; no                     ; no            ; 2         ; no              ; no         ; no            ; no       ; Off          ; 2.5 V        ; Default          ; Series 50 Ohm without Calibration ; --                        ; no                         ; no                          ; User                 ; -                    ; -                   ;
; trig_l   ; B11   ; 7        ; 40           ; 34           ; 7            ; no              ; no                     ; no            ; 2         ; no              ; no         ; no            ; no       ; Off          ; 2.5 V        ; Default          ; Series 50 Ohm without Calibration ; --                        ; no                         ; no                          ; User                 ; -                    ; -                   ;
; trig_r   ; E9    ; 7        ; 29           ; 34           ; 14           ; no              ; no                     ; no            ; 2         ; no              ; no         ; no            ; no       ; Off          ; 2.5 V        ; Default          ; Series 50 Ohm without Calibration ; --                        ; no                         ; no                          ; User                 ; -                    ; -                   ;
; tx       ; J14   ; 5        ; 53           ; 15           ; 7            ; no              ; no                     ; no            ; 2         ; no              ; no         ; no            ; no       ; Off          ; 2.5 V        ; Default          ; Series 50 Ohm without Calibration ; --                        ; no                         ; no                          ; User                 ; -                    ; -                   ;
+----------+-------+----------+--------------+--------------+--------------+-----------------+------------------------+---------------+-----------+-----------------+------------+---------------+----------+--------------+--------------+------------------+-----------------------------------+---------------------------+----------------------------+-----------------------------+----------------------+----------------------+---------------------+


+------------------------------------------------------------------------------------------------------------------------------------------------------------------------------------------------------------------------------------------------------------------------------------------------------------------------------------------------------------------------------------------------------------------------------------------------------------------------------------------------------------+
; Bidir Pins                                                                                                                                                                                                                                                                                                                                                                                                                                                                                                 ;
+-----------+-------+----------+--------------+--------------+--------------+-----------------------+--------------------+--------+----------------+-----------------+------------------------+---------------+-----------+-----------------+------------+----------+--------------+--------------+------------------+-----------------------------------+---------------------------+----------------------------+----------------------+----------------------+--------------------------------------------+
; Name      ; Pin # ; I/O Bank ; X coordinate ; Y coordinate ; Z coordinate ; Combinational Fan-Out ; Registered Fan-Out ; Global ; Input Register ; Output Register ; Output Enable Register ; Power Up High ; Slew Rate ; PCI I/O Enabled ; Open Drain ; Bus Hold ; Weak Pull Up ; I/O Standard ; Current Strength ; Output Termination                ; Termination Control Block ; Output Buffer Pre-emphasis ; Location assigned by ; Output Enable Source ; Output Enable Group                        ;
+-----------+-------+----------+--------------+--------------+--------------+-----------------------+--------------------+--------+----------------+-----------------+------------------------+---------------+-----------+-----------------+------------+----------+--------------+--------------+------------------+-----------------------------------+---------------------------+----------------------------+----------------------+----------------------+--------------------------------------------+
; dht_inout ; A12   ; 7        ; 43           ; 34           ; 14           ; 1                     ; 0                  ; no     ; no             ; no              ; no                     ; no            ; 2         ; yes             ; no         ; no       ; Off          ; 2.5 V        ; Default          ; Series 50 Ohm without Calibration ; --                        ; no                         ; User                 ; 0 pF                 ; t2a_dht:u_dht|sensor_out_enable (inverted) ;
+-----------+-------+----------+--------------+--------------+--------------+-----------------------+--------------------+--------+----------------+-----------------+------------------------+---------------+-----------+-----------------+------------+----------+--------------+--------------+------------------+-----------------------------------+---------------------------+----------------------------+----------------------+----------------------+--------------------------------------------+


+------------------------------------------------------------------------------------------------------------------------------------+
; Dual Purpose and Dedicated Pins                                                                                                    ;
+----------+----------------------------------------+--------------------------+-------------------------+---------------------------+
; Location ; Pin Name                               ; Reserved As              ; User Signal Name        ; Pin Type                  ;
+----------+----------------------------------------+--------------------------+-------------------------+---------------------------+
; C1       ; DIFFIO_L3n, DATA1, ASDO                ; As input tri-stated      ; ~ALTERA_ASDO_DATA1~     ; Dual Purpose Pin          ;
; D2       ; DIFFIO_L4p, FLASH_nCE, nCSO            ; As input tri-stated      ; ~ALTERA_FLASH_nCE_nCSO~ ; Dual Purpose Pin          ;
; F4       ; nSTATUS                                ; -                        ; -                       ; Dedicated Programming Pin ;
; H1       ; DCLK                                   ; As output driving ground ; ~ALTERA_DCLK~           ; Dual Purpose Pin          ;
; H2       ; DATA0                                  ; As input tri-stated      ; ~ALTERA_DATA0~          ; Dual Purpose Pin          ;
; H5       ; nCONFIG                                ; -                        ; -                       ; Dedicated Programming Pin ;
; H4       ; TDI                                    ; -                        ; altera_reserved_tdi     ; JTAG Pin                  ;
; H3       ; TCK                                    ; -                        ; altera_reserved_tck     ; JTAG Pin                  ;
; J5       ; TMS                                    ; -                        ; altera_reserved_tms     ; JTAG Pin                  ;
; J4       ; TDO                                    ; -                        ; altera_reserved_tdo     ; JTAG Pin                  ;
; J3       ; nCE                                    ; -                        ; -                       ; Dedicated Programming Pin ;
; J16      ; DIFFIO_R9n, DEV_OE                     ; Use as regular IO        ; EN1_A                   ; Dual Purpose Pin          ;
; J15      ; DIFFIO_R9p, DEV_CLRn                   ; Use as regular IO        ; reset                   ; Dual Purpose Pin          ;
; H14      ; CONF_DONE                              ; -                        ; -                       ; Dedicated Programming Pin ;
; H13      ; MSEL0                                  ; -                        ; -                       ; Dedicated Programming Pin ;
; H12      ; MSEL1                                  ; -                        ; -                       ; Dedicated Programming Pin ;
; G12      ; MSEL2                                  ; -                        ; -                       ; Dedicated Programming Pin ;
; G12      ; MSEL3                                  ; -                        ; -                       ; Dedicated Programming Pin ;
; F16      ; DIFFIO_R4n, nCEO                       ; Use as programming pin   ; ~ALTERA_nCEO~           ; Dual Purpose Pin          ;
; B11      ; DIFFIO_T20p, PADD0                     ; Use as regular IO        ; trig_l                  ; Dual Purpose Pin          ;
; A10      ; DIFFIO_T16n, PADD5                     ; Use as regular IO        ; adc_cs_n                ; Dual Purpose Pin          ;
; B10      ; DIFFIO_T16p, PADD6                     ; Use as regular IO        ; din                     ; Dual Purpose Pin          ;
; E9       ; DIFFIO_T13p, PADD12, DQS4T/CQ5T,DPCLK9 ; Use as regular IO        ; trig_r                  ; Dual Purpose Pin          ;
; F8       ; DIFFIO_T10p, DATA3                     ; Use as regular IO        ; ec_r                    ; Dual Purpose Pin          ;
; E6       ; DIFFIO_T6p, DATA6                      ; Use as regular IO        ; ec_f                    ; Dual Purpose Pin          ;
; D6       ; DIFFIO_T4n, DATA9                      ; Use as regular IO        ; ir_l                    ; Dual Purpose Pin          ;
+----------+----------------------------------------+--------------------------+-------------------------+---------------------------+


+-----------------------------------------------------------+
; I/O Bank Usage                                            ;
+----------+-----------------+---------------+--------------+
; I/O Bank ; Usage           ; VCCIO Voltage ; VREF Voltage ;
+----------+-----------------+---------------+--------------+
; 1        ; 4 / 14 ( 29 % ) ; 2.5V          ; --           ;
; 2        ; 0 / 16 ( 0 % )  ; 2.5V          ; --           ;
; 3        ; 1 / 25 ( 4 % )  ; 2.5V          ; --           ;
; 4        ; 8 / 20 ( 40 % ) ; 2.5V          ; --           ;
; 5        ; 6 / 18 ( 33 % ) ; 2.5V          ; --           ;
; 6        ; 2 / 13 ( 15 % ) ; 2.5V          ; --           ;
; 7        ; 9 / 24 ( 38 % ) ; 2.5V          ; --           ;
; 8        ; 5 / 24 ( 21 % ) ; 2.5V          ; --           ;
+----------+-----------------+---------------+--------------+


+-----------------------------------------------------------------------------------------------------------------------------------------------------------------------------------------+
; All Package Pins                                                                                                                                                                        ;
+----------+------------+----------+-----------------------------------------------------------+--------+--------------+---------+------------+-----------------+----------+--------------+
; Location ; Pad Number ; I/O Bank ; Pin Name/Usage                                            ; Dir.   ; I/O Standard ; Voltage ; I/O Type   ; User Assignment ; Bus Hold ; Weak Pull Up ;
+----------+------------+----------+-----------------------------------------------------------+--------+--------------+---------+------------+-----------------+----------+--------------+
; A1       ;            ; 8        ; VCCIO8                                                    ; power  ;              ; 2.5V    ; --         ;                 ; --       ; --           ;
; A2       ; 238        ; 8        ; RESERVED_INPUT_WITH_WEAK_PULLUP                           ;        ;              ;         ; Column I/O ;                 ; no       ; On           ;
; A3       ; 239        ; 8        ; RESERVED_INPUT_WITH_WEAK_PULLUP                           ;        ;              ;         ; Column I/O ;                 ; no       ; On           ;
; A4       ; 236        ; 8        ; RESERVED_INPUT_WITH_WEAK_PULLUP                           ;        ;              ;         ; Column I/O ;                 ; no       ; On           ;
; A5       ; 232        ; 8        ; RESERVED_INPUT_WITH_WEAK_PULLUP                           ;        ;              ;         ; Column I/O ;                 ; no       ; On           ;
; A6       ; 225        ; 8        ; RESERVED_INPUT_WITH_WEAK_PULLUP                           ;        ;              ;         ; Column I/O ;                 ; no       ; On           ;
; A7       ; 220        ; 8        ; RESERVED_INPUT_WITH_WEAK_PULLUP                           ;        ;              ;         ; Column I/O ;                 ; no       ; On           ;
; A8       ; 211        ; 8        ; GND+                                                      ;        ;              ;         ; Column I/O ;                 ; --       ; --           ;
; A9       ; 209        ; 7        ; dout                                                      ; input  ; 2.5 V        ;         ; Column I/O ; Y               ; no       ; Off          ;
; A10      ; 198        ; 7        ; adc_cs_n                                                  ; output ; 2.5 V        ;         ; Column I/O ; Y               ; no       ; Off          ;
; A11      ; 188        ; 7        ; RESERVED_INPUT_WITH_WEAK_PULLUP                           ;        ;              ;         ; Column I/O ;                 ; no       ; On           ;
; A12      ; 186        ; 7        ; dht_inout                                                 ; bidir  ; 2.5 V        ;         ; Column I/O ; Y               ; no       ; Off          ;
; A13      ; 179        ; 7        ; RESERVED_INPUT_WITH_WEAK_PULLUP                           ;        ;              ;         ; Column I/O ;                 ; no       ; On           ;
; A14      ; 181        ; 7        ; RESERVED_INPUT_WITH_WEAK_PULLUP                           ;        ;              ;         ; Column I/O ;                 ; no       ; On           ;
; A15      ; 191        ; 7        ; RESERVED_INPUT_WITH_WEAK_PULLUP                           ;        ;              ;         ; Column I/O ;                 ; no       ; On           ;
; A16      ;            ; 7        ; VCCIO7                                                    ; power  ;              ; 2.5V    ; --         ;                 ; --       ; --           ;
; B1       ; 5          ; 1        ; RESERVED_INPUT_WITH_WEAK_PULLUP                           ;        ;              ;         ; Row I/O    ;                 ; no       ; On           ;
; B2       ;            ;          ; GND                                                       ; gnd    ;              ;         ; --         ;                 ; --       ; --           ;
; B3       ; 242        ; 8        ; RESERVED_INPUT_WITH_WEAK_PULLUP                           ;        ;              ;         ; Column I/O ;                 ; no       ; On           ;
; B4       ; 237        ; 8        ; RESERVED_INPUT_WITH_WEAK_PULLUP                           ;        ;              ;         ; Column I/O ;                 ; no       ; On           ;
; B5       ; 233        ; 8        ; RESERVED_INPUT_WITH_WEAK_PULLUP                           ;        ;              ;         ; Column I/O ;                 ; no       ; On           ;
; B6       ; 226        ; 8        ; RESERVED_INPUT_WITH_WEAK_PULLUP                           ;        ;              ;         ; Column I/O ;                 ; no       ; On           ;
; B7       ; 221        ; 8        ; RESERVED_INPUT_WITH_WEAK_PULLUP                           ;        ;              ;         ; Column I/O ;                 ; no       ; On           ;
; B8       ; 212        ; 8        ; GND+                                                      ;        ;              ;         ; Column I/O ;                 ; --       ; --           ;
; B9       ; 210        ; 7        ; GND+                                                      ;        ;              ;         ; Column I/O ;                 ; --       ; --           ;
; B10      ; 199        ; 7        ; din                                                       ; output ; 2.5 V        ;         ; Column I/O ; Y               ; no       ; Off          ;
; B11      ; 189        ; 7        ; trig_l                                                    ; output ; 2.5 V        ;         ; Column I/O ; Y               ; no       ; Off          ;
; B12      ; 187        ; 7        ; RESERVED_INPUT_WITH_WEAK_PULLUP                           ;        ;              ;         ; Column I/O ;                 ; no       ; On           ;
; B13      ; 180        ; 7        ; RESERVED_INPUT_WITH_WEAK_PULLUP                           ;        ;              ;         ; Column I/O ;                 ; no       ; On           ;
; B14      ; 182        ; 7        ; adc_sck                                                   ; output ; 2.5 V        ;         ; Column I/O ; Y               ; no       ; Off          ;
; B15      ;            ;          ; GND                                                       ; gnd    ;              ;         ; --         ;                 ; --       ; --           ;
; B16      ; 164        ; 6        ; RESERVED_INPUT_WITH_WEAK_PULLUP                           ;        ;              ;         ; Row I/O    ;                 ; no       ; On           ;
; C1       ; 7          ; 1        ; ~ALTERA_ASDO_DATA1~ / RESERVED_INPUT_WITH_WEAK_PULLUP     ; input  ; 2.5 V        ;         ; Row I/O    ; N               ; no       ; On           ;
; C2       ; 6          ; 1        ; RESERVED_INPUT_WITH_WEAK_PULLUP                           ;        ;              ;         ; Row I/O    ;                 ; no       ; On           ;
; C3       ; 245        ; 8        ; RESERVED_INPUT_WITH_WEAK_PULLUP                           ;        ;              ;         ; Column I/O ;                 ; no       ; On           ;
; C4       ;            ; 8        ; VCCIO8                                                    ; power  ;              ; 2.5V    ; --         ;                 ; --       ; --           ;
; C5       ;            ;          ; GND                                                       ; gnd    ;              ;         ; --         ;                 ; --       ; --           ;
; C6       ; 224        ; 8        ; ir_f                                                      ; input  ; 2.5 V        ;         ; Column I/O ; Y               ; no       ; Off          ;
; C7       ;            ; 8        ; VCCIO8                                                    ; power  ;              ; 2.5V    ; --         ;                 ; --       ; --           ;
; C8       ; 215        ; 8        ; RESERVED_INPUT_WITH_WEAK_PULLUP                           ;        ;              ;         ; Column I/O ;                 ; no       ; On           ;
; C9       ; 200        ; 7        ; RESERVED_INPUT_WITH_WEAK_PULLUP                           ;        ;              ;         ; Column I/O ;                 ; no       ; On           ;
; C10      ;            ; 7        ; VCCIO7                                                    ; power  ;              ; 2.5V    ; --         ;                 ; --       ; --           ;
; C11      ; 190        ; 7        ; RESERVED_INPUT_WITH_WEAK_PULLUP                           ;        ;              ;         ; Column I/O ;                 ; --       ; --           ;
; C12      ;            ;          ; GND                                                       ; gnd    ;              ;         ; --         ;                 ; --       ; --           ;
; C13      ;            ; 7        ; VCCIO7                                                    ; power  ;              ; 2.5V    ; --         ;                 ; --       ; --           ;
; C14      ; 175        ; 7        ; RESERVED_INPUT_WITH_WEAK_PULLUP                           ;        ;              ;         ; Column I/O ;                 ; no       ; On           ;
; C15      ; 174        ; 6        ; RESERVED_INPUT_WITH_WEAK_PULLUP                           ;        ;              ;         ; Row I/O    ;                 ; no       ; On           ;
; C16      ; 173        ; 6        ; RESERVED_INPUT_WITH_WEAK_PULLUP                           ;        ;              ;         ; Row I/O    ;                 ; no       ; On           ;
; D1       ; 10         ; 1        ; RESERVED_INPUT_WITH_WEAK_PULLUP                           ;        ;              ;         ; Row I/O    ;                 ; no       ; On           ;
; D2       ; 9          ; 1        ; ~ALTERA_FLASH_nCE_nCSO~ / RESERVED_INPUT_WITH_WEAK_PULLUP ; input  ; 2.5 V        ;         ; Row I/O    ; N               ; no       ; On           ;
; D3       ; 246        ; 8        ; RESERVED_INPUT_WITH_WEAK_PULLUP                           ;        ;              ;         ; Column I/O ;                 ; no       ; On           ;
; D4       ;            ;          ; VCCD_PLL3                                                 ; power  ;              ; 1.2V    ; --         ;                 ; --       ; --           ;
; D5       ; 241        ; 8        ; RESERVED_INPUT_WITH_WEAK_PULLUP                           ;        ;              ;         ; Column I/O ;                 ; no       ; On           ;
; D6       ; 234        ; 8        ; ir_l                                                      ; input  ; 2.5 V        ;         ; Column I/O ; Y               ; no       ; Off          ;
; D7       ;            ;          ; GND                                                       ; gnd    ;              ;         ; --         ;                 ; --       ; --           ;
; D8       ; 216        ; 8        ; trig_f                                                    ; output ; 2.5 V        ;         ; Column I/O ; Y               ; no       ; Off          ;
; D9       ; 201        ; 7        ; RESERVED_INPUT_WITH_WEAK_PULLUP                           ;        ;              ;         ; Column I/O ;                 ; no       ; On           ;
; D10      ;            ;          ; GND                                                       ; gnd    ;              ;         ; --         ;                 ; --       ; --           ;
; D11      ; 177        ; 7        ; RESERVED_INPUT_WITH_WEAK_PULLUP                           ;        ;              ;         ; Column I/O ;                 ; no       ; On           ;
; D12      ; 178        ; 7        ; ir_r                                                      ; input  ; 2.5 V        ;         ; Column I/O ; Y               ; no       ; Off          ;
; D13      ;            ;          ; VCCD_PLL2                                                 ; power  ;              ; 1.2V    ; --         ;                 ; --       ; --           ;
; D14      ; 176        ; 7        ; RESERVED_INPUT_WITH_WEAK_PULLUP                           ;        ;              ;         ; Column I/O ;                 ; no       ; On           ;
; D15      ; 170        ; 6        ; RESERVED_INPUT_WITH_WEAK_PULLUP                           ;        ;              ;         ; Row I/O    ;                 ; no       ; On           ;
; D16      ; 169        ; 6        ; RESERVED_INPUT_WITH_WEAK_PULLUP                           ;        ;              ;         ; Row I/O    ;                 ; no       ; On           ;
; E1       ; 26         ; 1        ; GND+                                                      ;        ;              ;         ; Row I/O    ;                 ; --       ; --           ;
; E2       ;            ;          ; GND                                                       ; gnd    ;              ;         ; --         ;                 ; --       ; --           ;
; E3       ;            ; 1        ; VCCIO1                                                    ; power  ;              ; 2.5V    ; --         ;                 ; --       ; --           ;
; E4       ;            ;          ; GND                                                       ; gnd    ;              ;         ; --         ;                 ; --       ; --           ;
; E5       ;            ;          ; GNDA3                                                     ; gnd    ;              ;         ; --         ;                 ; --       ; --           ;
; E6       ; 231        ; 8        ; ec_f                                                      ; input  ; 2.5 V        ;         ; Column I/O ; Y               ; no       ; Off          ;
; E7       ; 227        ; 8        ; RESERVED_INPUT_WITH_WEAK_PULLUP                           ;        ;              ;         ; Column I/O ;                 ; no       ; On           ;
; E8       ; 218        ; 8        ; RESERVED_INPUT_WITH_WEAK_PULLUP                           ;        ;              ;         ; Column I/O ;                 ; no       ; On           ;
; E9       ; 205        ; 7        ; trig_r                                                    ; output ; 2.5 V        ;         ; Column I/O ; Y               ; no       ; Off          ;
; E10      ; 184        ; 7        ; ec_l                                                      ; input  ; 2.5 V        ;         ; Column I/O ; Y               ; no       ; Off          ;
; E11      ; 183        ; 7        ; RESERVED_INPUT_WITH_WEAK_PULLUP                           ;        ;              ;         ; Column I/O ;                 ; no       ; On           ;
; E12      ;            ;          ; GNDA2                                                     ; gnd    ;              ;         ; --         ;                 ; --       ; --           ;
; E13      ;            ;          ; GND                                                       ; gnd    ;              ;         ; --         ;                 ; --       ; --           ;
; E14      ;            ; 6        ; VCCIO6                                                    ; power  ;              ; 2.5V    ; --         ;                 ; --       ; --           ;
; E15      ; 151        ; 6        ; GND+                                                      ;        ;              ;         ; Row I/O    ;                 ; --       ; --           ;
; E16      ; 150        ; 6        ; GND+                                                      ;        ;              ;         ; Row I/O    ;                 ; --       ; --           ;
; F1       ; 14         ; 1        ; RESERVED_INPUT_WITH_WEAK_PULLUP                           ;        ;              ;         ; Row I/O    ;                 ; no       ; On           ;
; F2       ; 13         ; 1        ; RESERVED_INPUT_WITH_WEAK_PULLUP                           ;        ;              ;         ; Row I/O    ;                 ; no       ; On           ;
; F3       ; 8          ; 1        ; RESERVED_INPUT_WITH_WEAK_PULLUP                           ;        ;              ;         ; Row I/O    ;                 ; --       ; --           ;
; F4       ; 11         ; 1        ; ^nSTATUS                                                  ;        ;              ;         ; --         ;                 ; --       ; --           ;
; F5       ;            ; --       ; VCCA3                                                     ; power  ;              ; 2.5V    ; --         ;                 ; --       ; --           ;
; F6       ;            ;          ; GND                                                       ; gnd    ;              ;         ; --         ;                 ; --       ; --           ;
; F7       ;            ;          ; VCCINT                                                    ; power  ;              ; 1.2V    ; --         ;                 ; --       ; --           ;
; F8       ; 219        ; 8        ; ec_r                                                      ; input  ; 2.5 V        ;         ; Column I/O ; Y               ; no       ; Off          ;
; F9       ; 197        ; 7        ; RESERVED_INPUT_WITH_WEAK_PULLUP                           ;        ;              ;         ; Column I/O ;                 ; no       ; On           ;
; F10      ;            ;          ; GND                                                       ; gnd    ;              ;         ; --         ;                 ; --       ; --           ;
; F11      ;            ;          ; VCCINT                                                    ; power  ;              ; 1.2V    ; --         ;                 ; --       ; --           ;
; F12      ;            ; --       ; VCCA2                                                     ; power  ;              ; 2.5V    ; --         ;                 ; --       ; --           ;
; F13      ; 161        ; 6        ; ENB                                                       ; output ; 2.5 V        ;         ; Row I/O    ; Y               ; no       ; Off          ;
; F14      ; 167        ; 6        ; RESERVED_INPUT_WITH_WEAK_PULLUP                           ;        ;              ;         ; Row I/O    ;                 ; --       ; --           ;
; F15      ; 163        ; 6        ; RESERVED_INPUT_WITH_WEAK_PULLUP                           ;        ;              ;         ; Row I/O    ;                 ; no       ; On           ;
; F16      ; 162        ; 6        ; ~ALTERA_nCEO~ / RESERVED_OUTPUT_OPEN_DRAIN                ; output ; 2.5 V        ;         ; Row I/O    ; N               ; no       ; Off          ;
; G1       ; 16         ; 1        ; RESERVED_INPUT_WITH_WEAK_PULLUP                           ;        ;              ;         ; Row I/O    ;                 ; no       ; On           ;
; G2       ; 15         ; 1        ; RESERVED_INPUT_WITH_WEAK_PULLUP                           ;        ;              ;         ; Row I/O    ;                 ; no       ; On           ;
; G3       ;            ; 1        ; VCCIO1                                                    ; power  ;              ; 2.5V    ; --         ;                 ; --       ; --           ;
; G4       ;            ;          ; GND                                                       ; gnd    ;              ;         ; --         ;                 ; --       ; --           ;
; G5       ; 12         ; 1        ; RESERVED_INPUT_WITH_WEAK_PULLUP                           ;        ;              ;         ; Row I/O    ;                 ; no       ; On           ;
; G6       ;            ;          ; VCCINT                                                    ; power  ;              ; 1.2V    ; --         ;                 ; --       ; --           ;
; G7       ;            ;          ; VCCINT                                                    ; power  ;              ; 1.2V    ; --         ;                 ; --       ; --           ;
; G8       ;            ;          ; VCCINT                                                    ; power  ;              ; 1.2V    ; --         ;                 ; --       ; --           ;
; G9       ;            ;          ; VCCINT                                                    ; power  ;              ; 1.2V    ; --         ;                 ; --       ; --           ;
; G10      ;            ;          ; VCCINT                                                    ; power  ;              ; 1.2V    ; --         ;                 ; --       ; --           ;
; G11      ;            ;          ; GND                                                       ; gnd    ;              ;         ; --         ;                 ; --       ; --           ;
; G12      ; 155        ; 6        ; ^MSEL2                                                    ;        ;              ;         ; --         ;                 ; --       ; --           ;
; G12      ; 156        ; 6        ; ^MSEL3                                                    ;        ;              ;         ; --         ;                 ; --       ; --           ;
; G13      ;            ;          ; GND                                                       ; gnd    ;              ;         ; --         ;                 ; --       ; --           ;
; G14      ;            ; 6        ; VCCIO6                                                    ; power  ;              ; 2.5V    ; --         ;                 ; --       ; --           ;
; G15      ; 160        ; 6        ; RESERVED_INPUT_WITH_WEAK_PULLUP                           ;        ;              ;         ; Row I/O    ;                 ; no       ; On           ;
; G16      ; 159        ; 6        ; RESERVED_INPUT_WITH_WEAK_PULLUP                           ;        ;              ;         ; Row I/O    ;                 ; no       ; On           ;
; H1       ; 17         ; 1        ; ~ALTERA_DCLK~                                             ; output ; 2.5 V        ;         ; Row I/O    ; N               ; no       ; On           ;
; H2       ; 18         ; 1        ; ~ALTERA_DATA0~ / RESERVED_INPUT_WITH_WEAK_PULLUP          ; input  ; 2.5 V        ;         ; Row I/O    ; N               ; no       ; On           ;
; H3       ; 21         ; 1        ; altera_reserved_tck                                       ; input  ; 2.5 V        ;         ; --         ; N               ; no       ; Off          ;
; H4       ; 20         ; 1        ; altera_reserved_tdi                                       ; input  ; 2.5 V        ;         ; --         ; N               ; no       ; Off          ;
; H5       ; 19         ; 1        ; ^nCONFIG                                                  ;        ;              ;         ; --         ;                 ; --       ; --           ;
; H6       ;            ;          ; VCCINT                                                    ; power  ;              ; 1.2V    ; --         ;                 ; --       ; --           ;
; H7       ;            ;          ; GND                                                       ; gnd    ;              ;         ; --         ;                 ; --       ; --           ;
; H8       ;            ;          ; GND                                                       ; gnd    ;              ;         ; --         ;                 ; --       ; --           ;
; H9       ;            ;          ; GND                                                       ; gnd    ;              ;         ; --         ;                 ; --       ; --           ;
; H10      ;            ;          ; GND                                                       ; gnd    ;              ;         ; --         ;                 ; --       ; --           ;
; H11      ;            ;          ; VCCINT                                                    ; power  ;              ; 1.2V    ; --         ;                 ; --       ; --           ;
; H12      ; 154        ; 6        ; ^MSEL1                                                    ;        ;              ;         ; --         ;                 ; --       ; --           ;
; H13      ; 153        ; 6        ; ^MSEL0                                                    ;        ;              ;         ; --         ;                 ; --       ; --           ;
; H14      ; 152        ; 6        ; ^CONF_DONE                                                ;        ;              ;         ; --         ;                 ; --       ; --           ;
; H15      ;            ;          ; GND                                                       ; gnd    ;              ;         ; --         ;                 ; --       ; --           ;
; H16      ;            ;          ; GND                                                       ; gnd    ;              ;         ; --         ;                 ; --       ; --           ;
; J1       ; 30         ; 2        ; RESERVED_INPUT_WITH_WEAK_PULLUP                           ;        ;              ;         ; Row I/O    ;                 ; no       ; On           ;
; J2       ; 29         ; 2        ; RESERVED_INPUT_WITH_WEAK_PULLUP                           ;        ;              ;         ; Row I/O    ;                 ; no       ; On           ;
; J3       ; 24         ; 1        ; ^nCE                                                      ;        ;              ;         ; --         ;                 ; --       ; --           ;
; J4       ; 23         ; 1        ; altera_reserved_tdo                                       ; output ; 2.5 V        ;         ; --         ; N               ; no       ; Off          ;
; J5       ; 22         ; 1        ; altera_reserved_tms                                       ; input  ; 2.5 V        ;         ; --         ; N               ; no       ; Off          ;
; J6       ;            ;          ; VCCINT                                                    ; power  ;              ; 1.2V    ; --         ;                 ; --       ; --           ;
; J7       ;            ;          ; GND                                                       ; gnd    ;              ;         ; --         ;                 ; --       ; --           ;
; J8       ;            ;          ; GND                                                       ; gnd    ;              ;         ; --         ;                 ; --       ; --           ;
; J9       ;            ;          ; GND                                                       ; gnd    ;              ;         ; --         ;                 ; --       ; --           ;
; J10      ;            ;          ; GND                                                       ; gnd    ;              ;         ; --         ;                 ; --       ; --           ;
; J11      ;            ;          ; GND                                                       ; gnd    ;              ;         ; --         ;                 ; --       ; --           ;
; J12      ;            ;          ; VCCINT                                                    ; power  ;              ; 1.2V    ; --         ;                 ; --       ; --           ;
; J13      ; 146        ; 5        ; rx                                                        ; input  ; 2.5 V        ;         ; Row I/O    ; Y               ; no       ; Off          ;
; J14      ; 144        ; 5        ; tx                                                        ; output ; 2.5 V        ;         ; Row I/O    ; Y               ; no       ; Off          ;
; J15      ; 143        ; 5        ; reset                                                     ; input  ; 2.5 V        ;         ; Row I/O    ; Y               ; no       ; Off          ;
; J16      ; 142        ; 5        ; EN1_A                                                     ; input  ; 2.5 V        ;         ; Row I/O    ; Y               ; no       ; Off          ;
; K1       ; 37         ; 2        ; RESERVED_INPUT_WITH_WEAK_PULLUP                           ;        ;              ;         ; Row I/O    ;                 ; no       ; On           ;
; K2       ; 36         ; 2        ; RESERVED_INPUT_WITH_WEAK_PULLUP                           ;        ;              ;         ; Row I/O    ;                 ; no       ; On           ;
; K3       ;            ; 2        ; VCCIO2                                                    ; power  ;              ; 2.5V    ; --         ;                 ; --       ; --           ;
; K4       ;            ;          ; GND                                                       ; gnd    ;              ;         ; --         ;                 ; --       ; --           ;
; K5       ; 45         ; 2        ; RESERVED_INPUT_WITH_WEAK_PULLUP                           ;        ;              ;         ; Row I/O    ;                 ; no       ; On           ;
; K6       ;            ;          ; GND                                                       ; gnd    ;              ;         ; --         ;                 ; --       ; --           ;
; K7       ;            ;          ; VCCINT                                                    ; power  ;              ; 1.2V    ; --         ;                 ; --       ; --           ;
; K8       ;            ;          ; GND                                                       ; gnd    ;              ;         ; --         ;                 ; --       ; --           ;
; K9       ;            ;          ; VCCINT                                                    ; power  ;              ; 1.2V    ; --         ;                 ; --       ; --           ;
; K10      ;            ;          ; VCCINT                                                    ; power  ;              ; 1.2V    ; --         ;                 ; --       ; --           ;
; K11      ;            ;          ; VCCINT                                                    ; power  ;              ; 1.2V    ; --         ;                 ; --       ; --           ;
; K12      ;            ;          ; GND                                                       ; gnd    ;              ;         ; --         ;                 ; --       ; --           ;
; K13      ;            ;          ; GND                                                       ; gnd    ;              ;         ; --         ;                 ; --       ; --           ;
; K14      ;            ; 5        ; VCCIO5                                                    ; power  ;              ; 2.5V    ; --         ;                 ; --       ; --           ;
; K15      ; 141        ; 5        ; RESERVED_INPUT_WITH_WEAK_PULLUP                           ;        ;              ;         ; Row I/O    ;                 ; no       ; On           ;
; K16      ; 140        ; 5        ; RESERVED_INPUT_WITH_WEAK_PULLUP                           ;        ;              ;         ; Row I/O    ;                 ; no       ; On           ;
; L1       ; 39         ; 2        ; RESERVED_INPUT_WITH_WEAK_PULLUP                           ;        ;              ;         ; Row I/O    ;                 ; no       ; On           ;
; L2       ; 38         ; 2        ; RESERVED_INPUT_WITH_WEAK_PULLUP                           ;        ;              ;         ; Row I/O    ;                 ; no       ; On           ;
; L3       ; 40         ; 2        ; RESERVED_INPUT_WITH_WEAK_PULLUP                           ;        ;              ;         ; Row I/O    ;                 ; --       ; --           ;
; L4       ; 46         ; 2        ; RESERVED_INPUT_WITH_WEAK_PULLUP                           ;        ;              ;         ; Row I/O    ;                 ; no       ; On           ;
; L5       ;            ; --       ; VCCA1                                                     ; power  ;              ; 2.5V    ; --         ;                 ; --       ; --           ;
; L6       ;            ;          ; VCCINT                                                    ; power  ;              ; 1.2V    ; --         ;                 ; --       ; --           ;
; L7       ; 75         ; 3        ; RESERVED_INPUT_WITH_WEAK_PULLUP                           ;        ;              ;         ; Column I/O ;                 ; no       ; On           ;
; L8       ; 79         ; 3        ; RESERVED_INPUT_WITH_WEAK_PULLUP                           ;        ;              ;         ; Column I/O ;                 ; no       ; On           ;
; L9       ;            ;          ; GND                                                       ; gnd    ;              ;         ; --         ;                 ; --       ; --           ;
; L10      ;            ;          ; GND                                                       ; gnd    ;              ;         ; --         ;                 ; --       ; --           ;
; L11      ;            ;          ; GND                                                       ; gnd    ;              ;         ; --         ;                 ; --       ; --           ;
; L12      ;            ; --       ; VCCA4                                                     ; power  ;              ; 2.5V    ; --         ;                 ; --       ; --           ;
; L13      ; 136        ; 5        ; RESERVED_INPUT_WITH_WEAK_PULLUP                           ;        ;              ;         ; Row I/O    ;                 ; no       ; On           ;
; L14      ; 134        ; 5        ; EN2_A                                                     ; input  ; 2.5 V        ;         ; Row I/O    ; Y               ; no       ; Off          ;
; L15      ; 138        ; 5        ; RESERVED_INPUT_WITH_WEAK_PULLUP                           ;        ;              ;         ; Row I/O    ;                 ; no       ; On           ;
; L16      ; 137        ; 5        ; RESERVED_INPUT_WITH_WEAK_PULLUP                           ;        ;              ;         ; Row I/O    ;                 ; no       ; On           ;
; M1       ; 28         ; 2        ; GND+                                                      ;        ;              ;         ; Row I/O    ;                 ; --       ; --           ;
; M2       ; 27         ; 2        ; GND+                                                      ;        ;              ;         ; Row I/O    ;                 ; --       ; --           ;
; M3       ;            ; 2        ; VCCIO2                                                    ; power  ;              ; 2.5V    ; --         ;                 ; --       ; --           ;
; M4       ;            ;          ; GND                                                       ; gnd    ;              ;         ; --         ;                 ; --       ; --           ;
; M5       ;            ;          ; GNDA1                                                     ; gnd    ;              ;         ; --         ;                 ; --       ; --           ;
; M6       ; 64         ; 3        ; RESERVED_INPUT_WITH_WEAK_PULLUP                           ;        ;              ;         ; Column I/O ;                 ; no       ; On           ;
; M7       ; 68         ; 3        ; RESERVED_INPUT_WITH_WEAK_PULLUP                           ;        ;              ;         ; Column I/O ;                 ; no       ; On           ;
; M8       ; 81         ; 3        ; RESERVED_INPUT_WITH_WEAK_PULLUP                           ;        ;              ;         ; Column I/O ;                 ; no       ; On           ;
; M9       ;            ;          ; VCCINT                                                    ; power  ;              ; 1.2V    ; --         ;                 ; --       ; --           ;
; M10      ; 111        ; 4        ; EN1_B                                                     ; input  ; 2.5 V        ;         ; Column I/O ; Y               ; no       ; Off          ;
; M11      ;            ;          ; VCCINT                                                    ; power  ;              ; 1.2V    ; --         ;                 ; --       ; --           ;
; M12      ;            ;          ; GNDA4                                                     ; gnd    ;              ;         ; --         ;                 ; --       ; --           ;
; M13      ;            ;          ; GND                                                       ; gnd    ;              ;         ; --         ;                 ; --       ; --           ;
; M14      ;            ; 5        ; VCCIO5                                                    ; power  ;              ; 2.5V    ; --         ;                 ; --       ; --           ;
; M15      ; 149        ; 5        ; GND+                                                      ;        ;              ;         ; Row I/O    ;                 ; --       ; --           ;
; M16      ; 148        ; 5        ; GND+                                                      ;        ;              ;         ; Row I/O    ;                 ; --       ; --           ;
; N1       ; 44         ; 2        ; RESERVED_INPUT_WITH_WEAK_PULLUP                           ;        ;              ;         ; Row I/O    ;                 ; no       ; On           ;
; N2       ; 43         ; 2        ; RESERVED_INPUT_WITH_WEAK_PULLUP                           ;        ;              ;         ; Row I/O    ;                 ; no       ; On           ;
; N3       ; 52         ; 3        ; RESERVED_INPUT_WITH_WEAK_PULLUP                           ;        ;              ;         ; Column I/O ;                 ; no       ; On           ;
; N4       ;            ;          ; VCCD_PLL1                                                 ; power  ;              ; 1.2V    ; --         ;                 ; --       ; --           ;
; N5       ; 62         ; 3        ; RESERVED_INPUT_WITH_WEAK_PULLUP                           ;        ;              ;         ; Column I/O ;                 ; no       ; On           ;
; N6       ; 63         ; 3        ; RESERVED_INPUT_WITH_WEAK_PULLUP                           ;        ;              ;         ; Column I/O ;                 ; no       ; On           ;
; N7       ;            ;          ; GND                                                       ; gnd    ;              ;         ; --         ;                 ; --       ; --           ;
; N8       ; 82         ; 3        ; RESERVED_INPUT_WITH_WEAK_PULLUP                           ;        ;              ;         ; Column I/O ;                 ; no       ; On           ;
; N9       ; 93         ; 4        ; RESERVED_INPUT_WITH_WEAK_PULLUP                           ;        ;              ;         ; Column I/O ;                 ; no       ; On           ;
; N10      ;            ;          ; GND                                                       ; gnd    ;              ;         ; --         ;                 ; --       ; --           ;
; N11      ; 112        ; 4        ; RESERVED_INPUT_WITH_WEAK_PULLUP                           ;        ;              ;         ; Column I/O ;                 ; no       ; On           ;
; N12      ; 117        ; 4        ; RESERVED_INPUT_WITH_WEAK_PULLUP                           ;        ;              ;         ; Column I/O ;                 ; no       ; On           ;
; N13      ;            ;          ; VCCD_PLL4                                                 ; power  ;              ; 1.2V    ; --         ;                 ; --       ; --           ;
; N14      ; 126        ; 5        ; RESERVED_INPUT_WITH_WEAK_PULLUP                           ;        ;              ;         ; Row I/O    ;                 ; no       ; On           ;
; N15      ; 133        ; 5        ; EN2_B                                                     ; input  ; 2.5 V        ;         ; Row I/O    ; Y               ; no       ; Off          ;
; N16      ; 132        ; 5        ; RESERVED_INPUT_WITH_WEAK_PULLUP                           ;        ;              ;         ; Row I/O    ;                 ; no       ; On           ;
; P1       ; 51         ; 2        ; RESERVED_INPUT_WITH_WEAK_PULLUP                           ;        ;              ;         ; Row I/O    ;                 ; no       ; On           ;
; P2       ; 50         ; 2        ; RESERVED_INPUT_WITH_WEAK_PULLUP                           ;        ;              ;         ; Row I/O    ;                 ; no       ; On           ;
; P3       ; 53         ; 3        ; RESERVED_INPUT_WITH_WEAK_PULLUP                           ;        ;              ;         ; Column I/O ;                 ; no       ; On           ;
; P4       ;            ; 3        ; VCCIO3                                                    ; power  ;              ; 2.5V    ; --         ;                 ; --       ; --           ;
; P5       ;            ;          ; GND                                                       ; gnd    ;              ;         ; --         ;                 ; --       ; --           ;
; P6       ; 67         ; 3        ; RESERVED_INPUT_WITH_WEAK_PULLUP                           ;        ;              ;         ; Column I/O ;                 ; --       ; --           ;
; P7       ;            ; 3        ; VCCIO3                                                    ; power  ;              ; 2.5V    ; --         ;                 ; --       ; --           ;
; P8       ; 85         ; 3        ; RESERVED_INPUT_WITH_WEAK_PULLUP                           ;        ;              ;         ; Column I/O ;                 ; no       ; On           ;
; P9       ; 105        ; 4        ; RESERVED_INPUT_WITH_WEAK_PULLUP                           ;        ;              ;         ; Column I/O ;                 ; no       ; On           ;
; P10      ;            ; 4        ; VCCIO4                                                    ; power  ;              ; 2.5V    ; --         ;                 ; --       ; --           ;
; P11      ; 106        ; 4        ; RESERVED_INPUT_WITH_WEAK_PULLUP                           ;        ;              ;         ; Column I/O ;                 ; --       ; --           ;
; P12      ;            ;          ; GND                                                       ; gnd    ;              ;         ; --         ;                 ; --       ; --           ;
; P13      ;            ; 4        ; VCCIO4                                                    ; power  ;              ; 2.5V    ; --         ;                 ; --       ; --           ;
; P14      ; 119        ; 4        ; RESERVED_INPUT_WITH_WEAK_PULLUP                           ;        ;              ;         ; Column I/O ;                 ; no       ; On           ;
; P15      ; 127        ; 5        ; RESERVED_INPUT_WITH_WEAK_PULLUP                           ;        ;              ;         ; Row I/O    ;                 ; no       ; On           ;
; P16      ; 128        ; 5        ; RESERVED_INPUT_WITH_WEAK_PULLUP                           ;        ;              ;         ; Row I/O    ;                 ; no       ; On           ;
; R1       ; 49         ; 2        ; RESERVED_INPUT_WITH_WEAK_PULLUP                           ;        ;              ;         ; Row I/O    ;                 ; no       ; On           ;
; R2       ;            ;          ; GND                                                       ; gnd    ;              ;         ; --         ;                 ; --       ; --           ;
; R3       ; 54         ; 3        ; RESERVED_INPUT_WITH_WEAK_PULLUP                           ;        ;              ;         ; Column I/O ;                 ; no       ; On           ;
; R4       ; 60         ; 3        ; RESERVED_INPUT_WITH_WEAK_PULLUP                           ;        ;              ;         ; Column I/O ;                 ; no       ; On           ;
; R5       ; 71         ; 3        ; RESERVED_INPUT_WITH_WEAK_PULLUP                           ;        ;              ;         ; Column I/O ;                 ; no       ; On           ;
; R6       ; 73         ; 3        ; RESERVED_INPUT_WITH_WEAK_PULLUP                           ;        ;              ;         ; Column I/O ;                 ; no       ; On           ;
; R7       ; 76         ; 3        ; RESERVED_INPUT_WITH_WEAK_PULLUP                           ;        ;              ;         ; Column I/O ;                 ; no       ; On           ;
; R8       ; 86         ; 3        ; clk                                                       ; input  ; 2.5 V        ;         ; Column I/O ; Y               ; no       ; Off          ;
; R9       ; 88         ; 4        ; GND+                                                      ;        ;              ;         ; Column I/O ;                 ; --       ; --           ;
; R10      ; 96         ; 4        ; RESERVED_INPUT_WITH_WEAK_PULLUP                           ;        ;              ;         ; Column I/O ;                 ; no       ; On           ;
; R11      ; 98         ; 4        ; IN1                                                       ; output ; 2.5 V        ;         ; Column I/O ; Y               ; no       ; Off          ;
; R12      ; 100        ; 4        ; RESERVED_INPUT_WITH_WEAK_PULLUP                           ;        ;              ;         ; Column I/O ;                 ; no       ; On           ;
; R13      ; 107        ; 4        ; SERVO_1                                                   ; output ; 2.5 V        ;         ; Column I/O ; Y               ; no       ; Off          ;
; R14      ; 120        ; 4        ; RESERVED_INPUT_WITH_WEAK_PULLUP                           ;        ;              ;         ; Column I/O ;                 ; no       ; On           ;
; R15      ;            ;          ; GND                                                       ; gnd    ;              ;         ; --         ;                 ; --       ; --           ;
; R16      ; 129        ; 5        ; RESERVED_INPUT_WITH_WEAK_PULLUP                           ;        ;              ;         ; Row I/O    ;                 ; no       ; On           ;
; T1       ;            ; 3        ; VCCIO3                                                    ; power  ;              ; 2.5V    ; --         ;                 ; --       ; --           ;
; T2       ; 59         ; 3        ; RESERVED_INPUT_WITH_WEAK_PULLUP                           ;        ;              ;         ; Column I/O ;                 ; no       ; On           ;
; T3       ; 55         ; 3        ; RESERVED_INPUT_WITH_WEAK_PULLUP                           ;        ;              ;         ; Column I/O ;                 ; no       ; On           ;
; T4       ; 61         ; 3        ; RESERVED_INPUT_WITH_WEAK_PULLUP                           ;        ;              ;         ; Column I/O ;                 ; no       ; On           ;
; T5       ; 72         ; 3        ; RESERVED_INPUT_WITH_WEAK_PULLUP                           ;        ;              ;         ; Column I/O ;                 ; no       ; On           ;
; T6       ; 74         ; 3        ; RESERVED_INPUT_WITH_WEAK_PULLUP                           ;        ;              ;         ; Column I/O ;                 ; no       ; On           ;
; T7       ; 77         ; 3        ; RESERVED_INPUT_WITH_WEAK_PULLUP                           ;        ;              ;         ; Column I/O ;                 ; no       ; On           ;
; T8       ; 87         ; 3        ; GND+                                                      ;        ;              ;         ; Column I/O ;                 ; --       ; --           ;
; T9       ; 89         ; 4        ; GND+                                                      ;        ;              ;         ; Column I/O ;                 ; --       ; --           ;
; T10      ; 97         ; 4        ; RESERVED_INPUT_WITH_WEAK_PULLUP                           ;        ;              ;         ; Column I/O ;                 ; no       ; On           ;
; T11      ; 99         ; 4        ; IN2                                                       ; output ; 2.5 V        ;         ; Column I/O ; Y               ; no       ; Off          ;
; T12      ; 101        ; 4        ; IN3                                                       ; output ; 2.5 V        ;         ; Column I/O ; Y               ; no       ; Off          ;
; T13      ; 108        ; 4        ; IN4                                                       ; output ; 2.5 V        ;         ; Column I/O ; Y               ; no       ; Off          ;
; T14      ; 115        ; 4        ; SERVO_2                                                   ; output ; 2.5 V        ;         ; Column I/O ; Y               ; no       ; Off          ;
; T15      ; 116        ; 4        ; ENA                                                       ; output ; 2.5 V        ;         ; Column I/O ; Y               ; no       ; Off          ;
; T16      ;            ; 4        ; VCCIO4                                                    ; power  ;              ; 2.5V    ; --         ;                 ; --       ; --           ;
+----------+------------+----------+-----------------------------------------------------------+--------+--------------+---------+------------+-----------------+----------+--------------+
Note: Pin directions (input, output or bidir) are based on device operating in user mode.


+--------------------------------------------------+
; I/O Assignment Warnings                          ;
+-----------+--------------------------------------+
; Pin Name  ; Reason                               ;
+-----------+--------------------------------------+
; tx        ; Missing drive strength and slew rate ;
; adc_cs_n  ; Missing drive strength and slew rate ;
; din       ; Missing drive strength and slew rate ;
; adc_sck   ; Missing drive strength and slew rate ;
; trig_l    ; Missing drive strength and slew rate ;
; trig_f    ; Missing drive strength and slew rate ;
; trig_r    ; Missing drive strength and slew rate ;
; SERVO_1   ; Missing drive strength and slew rate ;
; SERVO_2   ; Missing drive strength and slew rate ;
; ENA       ; Missing drive strength and slew rate ;
; ENB       ; Missing drive strength and slew rate ;
; IN1       ; Missing drive strength and slew rate ;
; IN2       ; Missing drive strength and slew rate ;
; IN3       ; Missing drive strength and slew rate ;
; IN4       ; Missing drive strength and slew rate ;
; dht_inout ; Missing drive strength and slew rate ;
+-----------+--------------------------------------+


+----------------------------------------------------------------------------------------------------------------------------------------------------------------------------------------------------------------------------------------------------------------------------------------------------------------------------------------------------------------------------------------------------------------------------------------------------------------------------------------------------------------------------------------------------------------------------------------------------------------------------------------------------------------------------------------------------------------------------------------------------------+
; Fitter Resource Utilization by Entity                                                                                                                                                                                                                                                                                                                                                                                                                                                                                                                                                                                                                                                                                                                    ;
+-----------------------------------------------------------------------------------------------------------------------------------------+-------------+---------------------------+---------------+-------------+------+--------------+---------+-----------+------+--------------+--------------+-------------------+------------------+-------------------------------------------------------------------------------------------------------------------------------------------------------------------------------------------------------------------------------------------------------------------------------------------------------------------------------------------------------------+-----------------------------------+--------------+
; Compilation Hierarchy Node                                                                                                              ; Logic Cells ; Dedicated Logic Registers ; I/O Registers ; Memory Bits ; M9Ks ; DSP Elements ; DSP 9x9 ; DSP 18x18 ; Pins ; Virtual Pins ; LUT-Only LCs ; Register-Only LCs ; LUT/Register LCs ; Full Hierarchy Name                                                                                                                                                                                                                                                                                                                                         ; Entity Name                       ; Library Name ;
+-----------------------------------------------------------------------------------------------------------------------------------------+-------------+---------------------------+---------------+-------------+------+--------------+---------+-----------+------+--------------+--------------+-------------------+------------------+-------------------------------------------------------------------------------------------------------------------------------------------------------------------------------------------------------------------------------------------------------------------------------------------------------------------------------------------------------------+-----------------------------------+--------------+
; |robot_motor_top                                                                                                                        ; 2652 (1)    ; 1713 (0)                  ; 0 (0)         ; 26112       ; 3    ; 12           ; 0       ; 6         ; 30   ; 0            ; 939 (1)      ; 650 (0)           ; 1063 (0)         ; |robot_motor_top                                                                                                                                                                                                                                                                                                                                            ; robot_motor_top                   ; work         ;
;    |clk3125:u_clk_div|                                                                                                                  ; 4 (4)       ; 4 (4)                     ; 0 (0)         ; 0           ; 0    ; 0            ; 0       ; 0         ; 0    ; 0            ; 0 (0)        ; 0 (0)             ; 4 (4)            ; |robot_motor_top|clk3125:u_clk_div                                                                                                                                                                                                                                                                                                                          ; clk3125                           ; work         ;
;    |ir_and_us:path_ctrl|                                                                                                                ; 521 (0)     ; 336 (0)                   ; 0 (0)         ; 0           ; 0    ; 12           ; 0       ; 6         ; 0    ; 0            ; 185 (0)      ; 11 (0)            ; 325 (0)          ; |robot_motor_top|ir_and_us:path_ctrl                                                                                                                                                                                                                                                                                                                        ; ir_and_us                         ; work         ;
;       |ir_sensor:irr_f|                                                                                                                 ; 3 (3)       ; 3 (3)                     ; 0 (0)         ; 0           ; 0    ; 0            ; 0       ; 0         ; 0    ; 0            ; 0 (0)        ; 2 (2)             ; 1 (1)            ; |robot_motor_top|ir_and_us:path_ctrl|ir_sensor:irr_f                                                                                                                                                                                                                                                                                                        ; ir_sensor                         ; work         ;
;       |ir_sensor:irr_l|                                                                                                                 ; 3 (3)       ; 3 (3)                     ; 0 (0)         ; 0           ; 0    ; 0            ; 0       ; 0         ; 0    ; 0            ; 0 (0)        ; 2 (2)             ; 1 (1)            ; |robot_motor_top|ir_and_us:path_ctrl|ir_sensor:irr_l                                                                                                                                                                                                                                                                                                        ; ir_sensor                         ; work         ;
;       |ir_sensor:irr_r|                                                                                                                 ; 3 (3)       ; 3 (3)                     ; 0 (0)         ; 0           ; 0    ; 0            ; 0       ; 0         ; 0    ; 0            ; 0 (0)        ; 2 (2)             ; 1 (1)            ; |robot_motor_top|ir_and_us:path_ctrl|ir_sensor:irr_r                                                                                                                                                                                                                                                                                                        ; ir_sensor                         ; work         ;
;       |us_sensor:us_f|                                                                                                                  ; 171 (171)   ; 109 (109)                 ; 0 (0)         ; 0           ; 0    ; 4            ; 0       ; 2         ; 0    ; 0            ; 62 (62)      ; 2 (2)             ; 107 (107)        ; |robot_motor_top|ir_and_us:path_ctrl|us_sensor:us_f                                                                                                                                                                                                                                                                                                         ; us_sensor                         ; work         ;
;          |lpm_mult:Mult0|                                                                                                               ; 0 (0)       ; 0 (0)                     ; 0 (0)         ; 0           ; 0    ; 4            ; 0       ; 2         ; 0    ; 0            ; 0 (0)        ; 0 (0)             ; 0 (0)            ; |robot_motor_top|ir_and_us:path_ctrl|us_sensor:us_f|lpm_mult:Mult0                                                                                                                                                                                                                                                                                          ; lpm_mult                          ; work         ;
;             |mult_ngt:auto_generated|                                                                                                   ; 0 (0)       ; 0 (0)                     ; 0 (0)         ; 0           ; 0    ; 4            ; 0       ; 2         ; 0    ; 0            ; 0 (0)        ; 0 (0)             ; 0 (0)            ; |robot_motor_top|ir_and_us:path_ctrl|us_sensor:us_f|lpm_mult:Mult0|mult_ngt:auto_generated                                                                                                                                                                                                                                                                  ; mult_ngt                          ; work         ;
;       |us_sensor:us_l|                                                                                                                  ; 171 (171)   ; 109 (109)                 ; 0 (0)         ; 0           ; 0    ; 4            ; 0       ; 2         ; 0    ; 0            ; 62 (62)      ; 2 (2)             ; 107 (107)        ; |robot_motor_top|ir_and_us:path_ctrl|us_sensor:us_l                                                                                                                                                                                                                                                                                                         ; us_sensor                         ; work         ;
;          |lpm_mult:Mult0|                                                                                                               ; 0 (0)       ; 0 (0)                     ; 0 (0)         ; 0           ; 0    ; 4            ; 0       ; 2         ; 0    ; 0            ; 0 (0)        ; 0 (0)             ; 0 (0)            ; |robot_motor_top|ir_and_us:path_ctrl|us_sensor:us_l|lpm_mult:Mult0                                                                                                                                                                                                                                                                                          ; lpm_mult                          ; work         ;
;             |mult_ngt:auto_generated|                                                                                                   ; 0 (0)       ; 0 (0)                     ; 0 (0)         ; 0           ; 0    ; 4            ; 0       ; 2         ; 0    ; 0            ; 0 (0)        ; 0 (0)             ; 0 (0)            ; |robot_motor_top|ir_and_us:path_ctrl|us_sensor:us_l|lpm_mult:Mult0|mult_ngt:auto_generated                                                                                                                                                                                                                                                                  ; mult_ngt                          ; work         ;
;       |us_sensor:us_r|                                                                                                                  ; 170 (170)   ; 109 (109)                 ; 0 (0)         ; 0           ; 0    ; 4            ; 0       ; 2         ; 0    ; 0            ; 61 (61)      ; 1 (1)             ; 108 (108)        ; |robot_motor_top|ir_and_us:path_ctrl|us_sensor:us_r                                                                                                                                                                                                                                                                                                         ; us_sensor                         ; work         ;
;          |lpm_mult:Mult0|                                                                                                               ; 0 (0)       ; 0 (0)                     ; 0 (0)         ; 0           ; 0    ; 4            ; 0       ; 2         ; 0    ; 0            ; 0 (0)        ; 0 (0)             ; 0 (0)            ; |robot_motor_top|ir_and_us:path_ctrl|us_sensor:us_r|lpm_mult:Mult0                                                                                                                                                                                                                                                                                          ; lpm_mult                          ; work         ;
;             |mult_ngt:auto_generated|                                                                                                   ; 0 (0)       ; 0 (0)                     ; 0 (0)         ; 0           ; 0    ; 4            ; 0       ; 2         ; 0    ; 0            ; 0 (0)        ; 0 (0)             ; 0 (0)            ; |robot_motor_top|ir_and_us:path_ctrl|us_sensor:us_r|lpm_mult:Mult0|mult_ngt:auto_generated                                                                                                                                                                                                                                                                  ; mult_ngt                          ; work         ;
;    |moisture_sensor:ms|                                                                                                                 ; 10 (4)      ; 9 (4)                     ; 0 (0)         ; 0           ; 0    ; 0            ; 0       ; 0         ; 0    ; 0            ; 1 (0)        ; 0 (0)             ; 9 (4)            ; |robot_motor_top|moisture_sensor:ms                                                                                                                                                                                                                                                                                                                         ; moisture_sensor                   ; work         ;
;       |adc_controller:adc_inst|                                                                                                         ; 6 (6)       ; 5 (5)                     ; 0 (0)         ; 0           ; 0    ; 0            ; 0       ; 0         ; 0    ; 0            ; 1 (1)        ; 0 (0)             ; 5 (5)            ; |robot_motor_top|moisture_sensor:ms|adc_controller:adc_inst                                                                                                                                                                                                                                                                                                 ; adc_controller                    ; work         ;
;    |motor_controller:motor_ctrl|                                                                                                        ; 192 (180)   ; 68 (66)                   ; 0 (0)         ; 0           ; 0    ; 0            ; 0       ; 0         ; 0    ; 0            ; 123 (113)    ; 7 (7)             ; 62 (60)          ; |robot_motor_top|motor_controller:motor_ctrl                                                                                                                                                                                                                                                                                                                ; motor_controller                  ; work         ;
;       |pwm_generator:pwmA|                                                                                                              ; 6 (6)       ; 1 (1)                     ; 0 (0)         ; 0           ; 0    ; 0            ; 0       ; 0         ; 0    ; 0            ; 5 (5)        ; 0 (0)             ; 1 (1)            ; |robot_motor_top|motor_controller:motor_ctrl|pwm_generator:pwmA                                                                                                                                                                                                                                                                                             ; pwm_generator                     ; work         ;
;       |pwm_generator:pwmB|                                                                                                              ; 6 (6)       ; 1 (1)                     ; 0 (0)         ; 0           ; 0    ; 0            ; 0       ; 0         ; 0    ; 0            ; 5 (5)        ; 0 (0)             ; 1 (1)            ; |robot_motor_top|motor_controller:motor_ctrl|pwm_generator:pwmB                                                                                                                                                                                                                                                                                             ; pwm_generator                     ; work         ;
;    |msg_sender:msg_fsm|                                                                                                                 ; 328 (190)   ; 34 (34)                   ; 0 (0)         ; 0           ; 0    ; 0            ; 0       ; 0         ; 0    ; 0            ; 281 (145)    ; 7 (7)             ; 40 (36)          ; |robot_motor_top|msg_sender:msg_fsm                                                                                                                                                                                                                                                                                                                         ; msg_sender                        ; work         ;
;       |lpm_divide:Div0|                                                                                                                 ; 19 (0)      ; 0 (0)                     ; 0 (0)         ; 0           ; 0    ; 0            ; 0       ; 0         ; 0    ; 0            ; 19 (0)       ; 0 (0)             ; 0 (0)            ; |robot_motor_top|msg_sender:msg_fsm|lpm_divide:Div0                                                                                                                                                                                                                                                                                                         ; lpm_divide                        ; work         ;
;          |lpm_divide_jhm:auto_generated|                                                                                                ; 19 (0)      ; 0 (0)                     ; 0 (0)         ; 0           ; 0    ; 0            ; 0       ; 0         ; 0    ; 0            ; 19 (0)       ; 0 (0)             ; 0 (0)            ; |robot_motor_top|msg_sender:msg_fsm|lpm_divide:Div0|lpm_divide_jhm:auto_generated                                                                                                                                                                                                                                                                           ; lpm_divide_jhm                    ; work         ;
;             |sign_div_unsign_bkh:divider|                                                                                               ; 19 (0)      ; 0 (0)                     ; 0 (0)         ; 0           ; 0    ; 0            ; 0       ; 0         ; 0    ; 0            ; 19 (0)       ; 0 (0)             ; 0 (0)            ; |robot_motor_top|msg_sender:msg_fsm|lpm_divide:Div0|lpm_divide_jhm:auto_generated|sign_div_unsign_bkh:divider                                                                                                                                                                                                                                               ; sign_div_unsign_bkh               ; work         ;
;                |alt_u_div_a4f:divider|                                                                                                  ; 19 (19)     ; 0 (0)                     ; 0 (0)         ; 0           ; 0    ; 0            ; 0       ; 0         ; 0    ; 0            ; 19 (19)      ; 0 (0)             ; 0 (0)            ; |robot_motor_top|msg_sender:msg_fsm|lpm_divide:Div0|lpm_divide_jhm:auto_generated|sign_div_unsign_bkh:divider|alt_u_div_a4f:divider                                                                                                                                                                                                                         ; alt_u_div_a4f                     ; work         ;
;       |lpm_divide:Div1|                                                                                                                 ; 44 (0)      ; 0 (0)                     ; 0 (0)         ; 0           ; 0    ; 0            ; 0       ; 0         ; 0    ; 0            ; 43 (0)       ; 0 (0)             ; 1 (0)            ; |robot_motor_top|msg_sender:msg_fsm|lpm_divide:Div1                                                                                                                                                                                                                                                                                                         ; lpm_divide                        ; work         ;
;          |lpm_divide_jhm:auto_generated|                                                                                                ; 44 (0)      ; 0 (0)                     ; 0 (0)         ; 0           ; 0    ; 0            ; 0       ; 0         ; 0    ; 0            ; 43 (0)       ; 0 (0)             ; 1 (0)            ; |robot_motor_top|msg_sender:msg_fsm|lpm_divide:Div1|lpm_divide_jhm:auto_generated                                                                                                                                                                                                                                                                           ; lpm_divide_jhm                    ; work         ;
;             |sign_div_unsign_bkh:divider|                                                                                               ; 44 (0)      ; 0 (0)                     ; 0 (0)         ; 0           ; 0    ; 0            ; 0       ; 0         ; 0    ; 0            ; 43 (0)       ; 0 (0)             ; 1 (0)            ; |robot_motor_top|msg_sender:msg_fsm|lpm_divide:Div1|lpm_divide_jhm:auto_generated|sign_div_unsign_bkh:divider                                                                                                                                                                                                                                               ; sign_div_unsign_bkh               ; work         ;
;                |alt_u_div_a4f:divider|                                                                                                  ; 44 (44)     ; 0 (0)                     ; 0 (0)         ; 0           ; 0    ; 0            ; 0       ; 0         ; 0    ; 0            ; 43 (43)      ; 0 (0)             ; 1 (1)            ; |robot_motor_top|msg_sender:msg_fsm|lpm_divide:Div1|lpm_divide_jhm:auto_generated|sign_div_unsign_bkh:divider|alt_u_div_a4f:divider                                                                                                                                                                                                                         ; alt_u_div_a4f                     ; work         ;
;       |lpm_divide:Mod0|                                                                                                                 ; 23 (0)      ; 0 (0)                     ; 0 (0)         ; 0           ; 0    ; 0            ; 0       ; 0         ; 0    ; 0            ; 23 (0)       ; 0 (0)             ; 0 (0)            ; |robot_motor_top|msg_sender:msg_fsm|lpm_divide:Mod0                                                                                                                                                                                                                                                                                                         ; lpm_divide                        ; work         ;
;          |lpm_divide_m9m:auto_generated|                                                                                                ; 23 (0)      ; 0 (0)                     ; 0 (0)         ; 0           ; 0    ; 0            ; 0       ; 0         ; 0    ; 0            ; 23 (0)       ; 0 (0)             ; 0 (0)            ; |robot_motor_top|msg_sender:msg_fsm|lpm_divide:Mod0|lpm_divide_m9m:auto_generated                                                                                                                                                                                                                                                                           ; lpm_divide_m9m                    ; work         ;
;             |sign_div_unsign_bkh:divider|                                                                                               ; 23 (0)      ; 0 (0)                     ; 0 (0)         ; 0           ; 0    ; 0            ; 0       ; 0         ; 0    ; 0            ; 23 (0)       ; 0 (0)             ; 0 (0)            ; |robot_motor_top|msg_sender:msg_fsm|lpm_divide:Mod0|lpm_divide_m9m:auto_generated|sign_div_unsign_bkh:divider                                                                                                                                                                                                                                               ; sign_div_unsign_bkh               ; work         ;
;                |alt_u_div_a4f:divider|                                                                                                  ; 23 (23)     ; 0 (0)                     ; 0 (0)         ; 0           ; 0    ; 0            ; 0       ; 0         ; 0    ; 0            ; 23 (23)      ; 0 (0)             ; 0 (0)            ; |robot_motor_top|msg_sender:msg_fsm|lpm_divide:Mod0|lpm_divide_m9m:auto_generated|sign_div_unsign_bkh:divider|alt_u_div_a4f:divider                                                                                                                                                                                                                         ; alt_u_div_a4f                     ; work         ;
;       |lpm_divide:Mod1|                                                                                                                 ; 47 (0)      ; 0 (0)                     ; 0 (0)         ; 0           ; 0    ; 0            ; 0       ; 0         ; 0    ; 0            ; 46 (0)       ; 0 (0)             ; 1 (0)            ; |robot_motor_top|msg_sender:msg_fsm|lpm_divide:Mod1                                                                                                                                                                                                                                                                                                         ; lpm_divide                        ; work         ;
;          |lpm_divide_m9m:auto_generated|                                                                                                ; 47 (0)      ; 0 (0)                     ; 0 (0)         ; 0           ; 0    ; 0            ; 0       ; 0         ; 0    ; 0            ; 46 (0)       ; 0 (0)             ; 1 (0)            ; |robot_motor_top|msg_sender:msg_fsm|lpm_divide:Mod1|lpm_divide_m9m:auto_generated                                                                                                                                                                                                                                                                           ; lpm_divide_m9m                    ; work         ;
;             |sign_div_unsign_bkh:divider|                                                                                               ; 47 (0)      ; 0 (0)                     ; 0 (0)         ; 0           ; 0    ; 0            ; 0       ; 0         ; 0    ; 0            ; 46 (0)       ; 0 (0)             ; 1 (0)            ; |robot_motor_top|msg_sender:msg_fsm|lpm_divide:Mod1|lpm_divide_m9m:auto_generated|sign_div_unsign_bkh:divider                                                                                                                                                                                                                                               ; sign_div_unsign_bkh               ; work         ;
;                |alt_u_div_a4f:divider|                                                                                                  ; 47 (47)     ; 0 (0)                     ; 0 (0)         ; 0           ; 0    ; 0            ; 0       ; 0         ; 0    ; 0            ; 46 (46)      ; 0 (0)             ; 1 (1)            ; |robot_motor_top|msg_sender:msg_fsm|lpm_divide:Mod1|lpm_divide_m9m:auto_generated|sign_div_unsign_bkh:divider|alt_u_div_a4f:divider                                                                                                                                                                                                                         ; alt_u_div_a4f                     ; work         ;
;       |lpm_divide:Mod2|                                                                                                                 ; 7 (0)       ; 0 (0)                     ; 0 (0)         ; 0           ; 0    ; 0            ; 0       ; 0         ; 0    ; 0            ; 5 (0)        ; 0 (0)             ; 2 (0)            ; |robot_motor_top|msg_sender:msg_fsm|lpm_divide:Mod2                                                                                                                                                                                                                                                                                                         ; lpm_divide                        ; work         ;
;          |lpm_divide_i9m:auto_generated|                                                                                                ; 7 (0)       ; 0 (0)                     ; 0 (0)         ; 0           ; 0    ; 0            ; 0       ; 0         ; 0    ; 0            ; 5 (0)        ; 0 (0)             ; 2 (0)            ; |robot_motor_top|msg_sender:msg_fsm|lpm_divide:Mod2|lpm_divide_i9m:auto_generated                                                                                                                                                                                                                                                                           ; lpm_divide_i9m                    ; work         ;
;             |sign_div_unsign_7kh:divider|                                                                                               ; 7 (0)       ; 0 (0)                     ; 0 (0)         ; 0           ; 0    ; 0            ; 0       ; 0         ; 0    ; 0            ; 5 (0)        ; 0 (0)             ; 2 (0)            ; |robot_motor_top|msg_sender:msg_fsm|lpm_divide:Mod2|lpm_divide_i9m:auto_generated|sign_div_unsign_7kh:divider                                                                                                                                                                                                                                               ; sign_div_unsign_7kh               ; work         ;
;                |alt_u_div_24f:divider|                                                                                                  ; 7 (7)       ; 0 (0)                     ; 0 (0)         ; 0           ; 0    ; 0            ; 0       ; 0         ; 0    ; 0            ; 5 (5)        ; 0 (0)             ; 2 (2)            ; |robot_motor_top|msg_sender:msg_fsm|lpm_divide:Mod2|lpm_divide_i9m:auto_generated|sign_div_unsign_7kh:divider|alt_u_div_24f:divider                                                                                                                                                                                                                         ; alt_u_div_24f                     ; work         ;
;    |servo:u_servo|                                                                                                                      ; 105 (55)    ; 56 (37)                   ; 0 (0)         ; 0           ; 0    ; 0            ; 0       ; 0         ; 0    ; 0            ; 48 (18)      ; 1 (1)             ; 56 (36)          ; |robot_motor_top|servo:u_servo                                                                                                                                                                                                                                                                                                                              ; servo                             ; work         ;
;       |servo_pwm:s1|                                                                                                                    ; 41 (41)     ; 18 (18)                   ; 0 (0)         ; 0           ; 0    ; 0            ; 0       ; 0         ; 0    ; 0            ; 22 (22)      ; 0 (0)             ; 19 (19)          ; |robot_motor_top|servo:u_servo|servo_pwm:s1                                                                                                                                                                                                                                                                                                                 ; servo_pwm                         ; work         ;
;       |servo_pwm:s2|                                                                                                                    ; 9 (9)       ; 1 (1)                     ; 0 (0)         ; 0           ; 0    ; 0            ; 0       ; 0         ; 0    ; 0            ; 8 (8)        ; 0 (0)             ; 1 (1)            ; |robot_motor_top|servo:u_servo|servo_pwm:s2                                                                                                                                                                                                                                                                                                                 ; servo_pwm                         ; work         ;
;    |sld_hub:auto_hub|                                                                                                                   ; 148 (1)     ; 90 (0)                    ; 0 (0)         ; 0           ; 0    ; 0            ; 0       ; 0         ; 0    ; 0            ; 58 (1)       ; 24 (0)            ; 66 (0)           ; |robot_motor_top|sld_hub:auto_hub                                                                                                                                                                                                                                                                                                                           ; sld_hub                           ; altera_sld   ;
;       |alt_sld_fab_with_jtag_input:\instrumentation_fabric_with_node_gen:fabric_gen_new_way:with_jtag_input_gen:instrumentation_fabric| ; 147 (0)     ; 90 (0)                    ; 0 (0)         ; 0           ; 0    ; 0            ; 0       ; 0         ; 0    ; 0            ; 57 (0)       ; 24 (0)            ; 66 (0)           ; |robot_motor_top|sld_hub:auto_hub|alt_sld_fab_with_jtag_input:\instrumentation_fabric_with_node_gen:fabric_gen_new_way:with_jtag_input_gen:instrumentation_fabric                                                                                                                                                                                           ; alt_sld_fab_with_jtag_input       ; altera_sld   ;
;          |alt_sld_fab:instrumentation_fabric|                                                                                           ; 147 (0)     ; 90 (0)                    ; 0 (0)         ; 0           ; 0    ; 0            ; 0       ; 0         ; 0    ; 0            ; 57 (0)       ; 24 (0)            ; 66 (0)           ; |robot_motor_top|sld_hub:auto_hub|alt_sld_fab_with_jtag_input:\instrumentation_fabric_with_node_gen:fabric_gen_new_way:with_jtag_input_gen:instrumentation_fabric|alt_sld_fab:instrumentation_fabric                                                                                                                                                        ; alt_sld_fab                       ; alt_sld_fab  ;
;             |alt_sld_fab_alt_sld_fab:alt_sld_fab|                                                                                       ; 147 (6)     ; 90 (5)                    ; 0 (0)         ; 0           ; 0    ; 0            ; 0       ; 0         ; 0    ; 0            ; 57 (1)       ; 24 (4)            ; 66 (0)           ; |robot_motor_top|sld_hub:auto_hub|alt_sld_fab_with_jtag_input:\instrumentation_fabric_with_node_gen:fabric_gen_new_way:with_jtag_input_gen:instrumentation_fabric|alt_sld_fab:instrumentation_fabric|alt_sld_fab_alt_sld_fab:alt_sld_fab                                                                                                                    ; alt_sld_fab_alt_sld_fab           ; alt_sld_fab  ;
;                |alt_sld_fab_alt_sld_fab_sldfabric:sldfabric|                                                                            ; 142 (0)     ; 85 (0)                    ; 0 (0)         ; 0           ; 0    ; 0            ; 0       ; 0         ; 0    ; 0            ; 56 (0)       ; 20 (0)            ; 66 (0)           ; |robot_motor_top|sld_hub:auto_hub|alt_sld_fab_with_jtag_input:\instrumentation_fabric_with_node_gen:fabric_gen_new_way:with_jtag_input_gen:instrumentation_fabric|alt_sld_fab:instrumentation_fabric|alt_sld_fab_alt_sld_fab:alt_sld_fab|alt_sld_fab_alt_sld_fab_sldfabric:sldfabric                                                                        ; alt_sld_fab_alt_sld_fab_sldfabric ; alt_sld_fab  ;
;                   |sld_jtag_hub:\jtag_hub_gen:real_sld_jtag_hub|                                                                        ; 142 (101)   ; 85 (57)                   ; 0 (0)         ; 0           ; 0    ; 0            ; 0       ; 0         ; 0    ; 0            ; 56 (43)      ; 20 (19)           ; 66 (40)          ; |robot_motor_top|sld_hub:auto_hub|alt_sld_fab_with_jtag_input:\instrumentation_fabric_with_node_gen:fabric_gen_new_way:with_jtag_input_gen:instrumentation_fabric|alt_sld_fab:instrumentation_fabric|alt_sld_fab_alt_sld_fab:alt_sld_fab|alt_sld_fab_alt_sld_fab_sldfabric:sldfabric|sld_jtag_hub:\jtag_hub_gen:real_sld_jtag_hub                           ; sld_jtag_hub                      ; work         ;
;                      |sld_rom_sr:hub_info_reg|                                                                                          ; 21 (21)     ; 9 (9)                     ; 0 (0)         ; 0           ; 0    ; 0            ; 0       ; 0         ; 0    ; 0            ; 12 (12)      ; 0 (0)             ; 9 (9)            ; |robot_motor_top|sld_hub:auto_hub|alt_sld_fab_with_jtag_input:\instrumentation_fabric_with_node_gen:fabric_gen_new_way:with_jtag_input_gen:instrumentation_fabric|alt_sld_fab:instrumentation_fabric|alt_sld_fab_alt_sld_fab:alt_sld_fab|alt_sld_fab_alt_sld_fab_sldfabric:sldfabric|sld_jtag_hub:\jtag_hub_gen:real_sld_jtag_hub|sld_rom_sr:hub_info_reg   ; sld_rom_sr                        ; work         ;
;                      |sld_shadow_jsm:shadow_jsm|                                                                                        ; 20 (20)     ; 19 (19)                   ; 0 (0)         ; 0           ; 0    ; 0            ; 0       ; 0         ; 0    ; 0            ; 1 (1)        ; 1 (1)             ; 18 (18)          ; |robot_motor_top|sld_hub:auto_hub|alt_sld_fab_with_jtag_input:\instrumentation_fabric_with_node_gen:fabric_gen_new_way:with_jtag_input_gen:instrumentation_fabric|alt_sld_fab:instrumentation_fabric|alt_sld_fab_alt_sld_fab:alt_sld_fab|alt_sld_fab_alt_sld_fab_sldfabric:sldfabric|sld_jtag_hub:\jtag_hub_gen:real_sld_jtag_hub|sld_shadow_jsm:shadow_jsm ; sld_shadow_jsm                    ; altera_sld   ;
;    |sld_signaltap:auto_signaltap_0|                                                                                                     ; 1045 (102)  ; 920 (100)                 ; 0 (0)         ; 26112       ; 3    ; 0            ; 0       ; 0         ; 0    ; 0            ; 125 (2)      ; 549 (100)         ; 371 (0)          ; |robot_motor_top|sld_signaltap:auto_signaltap_0                                                                                                                                                                                                                                                                                                             ; sld_signaltap                     ; work         ;
;       |sld_signaltap_impl:sld_signaltap_body|                                                                                           ; 943 (0)     ; 820 (0)                   ; 0 (0)         ; 26112       ; 3    ; 0            ; 0       ; 0         ; 0    ; 0            ; 123 (0)      ; 449 (0)           ; 371 (0)          ; |robot_motor_top|sld_signaltap:auto_signaltap_0|sld_signaltap_impl:sld_signaltap_body                                                                                                                                                                                                                                                                       ; sld_signaltap_impl                ; work         ;
;          |sld_signaltap_implb:sld_signaltap_body|                                                                                       ; 943 (307)   ; 820 (278)                 ; 0 (0)         ; 26112       ; 3    ; 0            ; 0       ; 0         ; 0    ; 0            ; 123 (30)     ; 449 (221)         ; 371 (57)         ; |robot_motor_top|sld_signaltap:auto_signaltap_0|sld_signaltap_impl:sld_signaltap_body|sld_signaltap_implb:sld_signaltap_body                                                                                                                                                                                                                                ; sld_signaltap_implb               ; work         ;
;             |altdpram:\stp_non_zero_ram_gen:attribute_mem_gen:attribute_mem|                                                            ; 60 (58)     ; 58 (58)                   ; 0 (0)         ; 0           ; 0    ; 0            ; 0       ; 0         ; 0    ; 0            ; 2 (0)        ; 38 (38)           ; 20 (1)           ; |robot_motor_top|sld_signaltap:auto_signaltap_0|sld_signaltap_impl:sld_signaltap_body|sld_signaltap_implb:sld_signaltap_body|altdpram:\stp_non_zero_ram_gen:attribute_mem_gen:attribute_mem                                                                                                                                                                 ; altdpram                          ; work         ;
;                |lpm_decode:wdecoder|                                                                                                    ; 2 (0)       ; 0 (0)                     ; 0 (0)         ; 0           ; 0    ; 0            ; 0       ; 0         ; 0    ; 0            ; 2 (0)        ; 0 (0)             ; 0 (0)            ; |robot_motor_top|sld_signaltap:auto_signaltap_0|sld_signaltap_impl:sld_signaltap_body|sld_signaltap_implb:sld_signaltap_body|altdpram:\stp_non_zero_ram_gen:attribute_mem_gen:attribute_mem|lpm_decode:wdecoder                                                                                                                                             ; lpm_decode                        ; work         ;
;                   |decode_dvf:auto_generated|                                                                                           ; 2 (2)       ; 0 (0)                     ; 0 (0)         ; 0           ; 0    ; 0            ; 0       ; 0         ; 0    ; 0            ; 2 (2)        ; 0 (0)             ; 0 (0)            ; |robot_motor_top|sld_signaltap:auto_signaltap_0|sld_signaltap_impl:sld_signaltap_body|sld_signaltap_implb:sld_signaltap_body|altdpram:\stp_non_zero_ram_gen:attribute_mem_gen:attribute_mem|lpm_decode:wdecoder|decode_dvf:auto_generated                                                                                                                   ; decode_dvf                        ; work         ;
;                |lpm_mux:mux|                                                                                                            ; 19 (0)      ; 0 (0)                     ; 0 (0)         ; 0           ; 0    ; 0            ; 0       ; 0         ; 0    ; 0            ; 0 (0)        ; 0 (0)             ; 19 (0)           ; |robot_motor_top|sld_signaltap:auto_signaltap_0|sld_signaltap_impl:sld_signaltap_body|sld_signaltap_implb:sld_signaltap_body|altdpram:\stp_non_zero_ram_gen:attribute_mem_gen:attribute_mem|lpm_mux:mux                                                                                                                                                     ; lpm_mux                           ; work         ;
;                   |mux_0tc:auto_generated|                                                                                              ; 19 (19)     ; 0 (0)                     ; 0 (0)         ; 0           ; 0    ; 0            ; 0       ; 0         ; 0    ; 0            ; 0 (0)        ; 0 (0)             ; 19 (19)          ; |robot_motor_top|sld_signaltap:auto_signaltap_0|sld_signaltap_impl:sld_signaltap_body|sld_signaltap_implb:sld_signaltap_body|altdpram:\stp_non_zero_ram_gen:attribute_mem_gen:attribute_mem|lpm_mux:mux|mux_0tc:auto_generated                                                                                                                              ; mux_0tc                           ; work         ;
;             |altsyncram:\stp_non_zero_ram_gen:stp_buffer_ram|                                                                           ; 0 (0)       ; 0 (0)                     ; 0 (0)         ; 26112       ; 3    ; 0            ; 0       ; 0         ; 0    ; 0            ; 0 (0)        ; 0 (0)             ; 0 (0)            ; |robot_motor_top|sld_signaltap:auto_signaltap_0|sld_signaltap_impl:sld_signaltap_body|sld_signaltap_implb:sld_signaltap_body|altsyncram:\stp_non_zero_ram_gen:stp_buffer_ram                                                                                                                                                                                ; altsyncram                        ; work         ;
;                |altsyncram_1524:auto_generated|                                                                                         ; 0 (0)       ; 0 (0)                     ; 0 (0)         ; 26112       ; 3    ; 0            ; 0       ; 0         ; 0    ; 0            ; 0 (0)        ; 0 (0)             ; 0 (0)            ; |robot_motor_top|sld_signaltap:auto_signaltap_0|sld_signaltap_impl:sld_signaltap_body|sld_signaltap_implb:sld_signaltap_body|altsyncram:\stp_non_zero_ram_gen:stp_buffer_ram|altsyncram_1524:auto_generated                                                                                                                                                 ; altsyncram_1524                   ; work         ;
;             |lpm_shiftreg:segment_offset_config_deserialize|                                                                            ; 9 (9)       ; 9 (9)                     ; 0 (0)         ; 0           ; 0    ; 0            ; 0       ; 0         ; 0    ; 0            ; 0 (0)        ; 9 (9)             ; 0 (0)            ; |robot_motor_top|sld_signaltap:auto_signaltap_0|sld_signaltap_impl:sld_signaltap_body|sld_signaltap_implb:sld_signaltap_body|lpm_shiftreg:segment_offset_config_deserialize                                                                                                                                                                                 ; lpm_shiftreg                      ; work         ;
;             |lpm_shiftreg:status_register|                                                                                              ; 18 (18)     ; 17 (17)                   ; 0 (0)         ; 0           ; 0    ; 0            ; 0       ; 0         ; 0    ; 0            ; 1 (1)        ; 0 (0)             ; 17 (17)          ; |robot_motor_top|sld_signaltap:auto_signaltap_0|sld_signaltap_impl:sld_signaltap_body|sld_signaltap_implb:sld_signaltap_body|lpm_shiftreg:status_register                                                                                                                                                                                                   ; lpm_shiftreg                      ; work         ;
;             |serial_crc_16:\tdo_crc_gen:tdo_crc_calc|                                                                                   ; 15 (15)     ; 13 (13)                   ; 0 (0)         ; 0           ; 0    ; 0            ; 0       ; 0         ; 0    ; 0            ; 2 (2)        ; 0 (0)             ; 13 (13)          ; |robot_motor_top|sld_signaltap:auto_signaltap_0|sld_signaltap_impl:sld_signaltap_body|sld_signaltap_implb:sld_signaltap_body|serial_crc_16:\tdo_crc_gen:tdo_crc_calc                                                                                                                                                                                        ; serial_crc_16                     ; work         ;
;             |sld_buffer_manager:sld_buffer_manager_inst|                                                                                ; 90 (90)     ; 54 (54)                   ; 0 (0)         ; 0           ; 0    ; 0            ; 0       ; 0         ; 0    ; 0            ; 33 (33)      ; 12 (12)           ; 45 (45)          ; |robot_motor_top|sld_signaltap:auto_signaltap_0|sld_signaltap_impl:sld_signaltap_body|sld_signaltap_implb:sld_signaltap_body|sld_buffer_manager:sld_buffer_manager_inst                                                                                                                                                                                     ; sld_buffer_manager                ; work         ;
;             |sld_ela_control:ela_control|                                                                                               ; 287 (5)     ; 271 (5)                   ; 0 (0)         ; 0           ; 0    ; 0            ; 0       ; 0         ; 0    ; 0            ; 16 (0)       ; 168 (3)           ; 103 (2)          ; |robot_motor_top|sld_signaltap:auto_signaltap_0|sld_signaltap_impl:sld_signaltap_body|sld_signaltap_implb:sld_signaltap_body|sld_ela_control:ela_control                                                                                                                                                                                                    ; sld_ela_control                   ; work         ;
;                |lpm_shiftreg:\storage_on_enable_bit:trigger_condition_deserialize|                                                      ; 1 (1)       ; 1 (1)                     ; 0 (0)         ; 0           ; 0    ; 0            ; 0       ; 0         ; 0    ; 0            ; 0 (0)        ; 1 (1)             ; 0 (0)            ; |robot_motor_top|sld_signaltap:auto_signaltap_0|sld_signaltap_impl:sld_signaltap_body|sld_signaltap_implb:sld_signaltap_body|sld_ela_control:ela_control|lpm_shiftreg:\storage_on_enable_bit:trigger_condition_deserialize                                                                                                                                  ; lpm_shiftreg                      ; work         ;
;                |lpm_shiftreg:trigger_config_deserialize|                                                                                ; 4 (4)       ; 4 (4)                     ; 0 (0)         ; 0           ; 0    ; 0            ; 0       ; 0         ; 0    ; 0            ; 0 (0)        ; 4 (4)             ; 0 (0)            ; |robot_motor_top|sld_signaltap:auto_signaltap_0|sld_signaltap_impl:sld_signaltap_body|sld_signaltap_implb:sld_signaltap_body|sld_ela_control:ela_control|lpm_shiftreg:trigger_config_deserialize                                                                                                                                                            ; lpm_shiftreg                      ; work         ;
;                |sld_ela_basic_multi_level_trigger:\basic_multi_level_mbpm_trigger_gen:multi_level_mbpm|                                 ; 250 (0)     ; 250 (0)                   ; 0 (0)         ; 0           ; 0    ; 0            ; 0       ; 0         ; 0    ; 0            ; 0 (0)        ; 150 (0)           ; 100 (0)          ; |robot_motor_top|sld_signaltap:auto_signaltap_0|sld_signaltap_impl:sld_signaltap_body|sld_signaltap_implb:sld_signaltap_body|sld_ela_control:ela_control|sld_ela_basic_multi_level_trigger:\basic_multi_level_mbpm_trigger_gen:multi_level_mbpm                                                                                                             ; sld_ela_basic_multi_level_trigger ; work         ;
;                   |lpm_shiftreg:trigger_condition_deserialize|                                                                          ; 150 (150)   ; 150 (150)                 ; 0 (0)         ; 0           ; 0    ; 0            ; 0       ; 0         ; 0    ; 0            ; 0 (0)        ; 146 (146)         ; 4 (4)            ; |robot_motor_top|sld_signaltap:auto_signaltap_0|sld_signaltap_impl:sld_signaltap_body|sld_signaltap_implb:sld_signaltap_body|sld_ela_control:ela_control|sld_ela_basic_multi_level_trigger:\basic_multi_level_mbpm_trigger_gen:multi_level_mbpm|lpm_shiftreg:trigger_condition_deserialize                                                                  ; lpm_shiftreg                      ; work         ;
;                   |sld_mbpmg:\trigger_modules_gen:0:trigger_match|                                                                      ; 104 (0)     ; 100 (0)                   ; 0 (0)         ; 0           ; 0    ; 0            ; 0       ; 0         ; 0    ; 0            ; 0 (0)        ; 4 (0)             ; 100 (0)          ; |robot_motor_top|sld_signaltap:auto_signaltap_0|sld_signaltap_impl:sld_signaltap_body|sld_signaltap_implb:sld_signaltap_body|sld_ela_control:ela_control|sld_ela_basic_multi_level_trigger:\basic_multi_level_mbpm_trigger_gen:multi_level_mbpm|sld_mbpmg:\trigger_modules_gen:0:trigger_match                                                              ; sld_mbpmg                         ; work         ;
;                      |sld_sbpmg:\gen_sbpmg_pipeline_less_than_two:sm0:0:sm1|                                                            ; 2 (2)       ; 2 (2)                     ; 0 (0)         ; 0           ; 0    ; 0            ; 0       ; 0         ; 0    ; 0            ; 0 (0)        ; 0 (0)             ; 2 (2)            ; |robot_motor_top|sld_signaltap:auto_signaltap_0|sld_signaltap_impl:sld_signaltap_body|sld_signaltap_implb:sld_signaltap_body|sld_ela_control:ela_control|sld_ela_basic_multi_level_trigger:\basic_multi_level_mbpm_trigger_gen:multi_level_mbpm|sld_mbpmg:\trigger_modules_gen:0:trigger_match|sld_sbpmg:\gen_sbpmg_pipeline_less_than_two:sm0:0:sm1        ; sld_sbpmg                         ; work         ;
;                      |sld_sbpmg:\gen_sbpmg_pipeline_less_than_two:sm0:10:sm1|                                                           ; 2 (2)       ; 2 (2)                     ; 0 (0)         ; 0           ; 0    ; 0            ; 0       ; 0         ; 0    ; 0            ; 0 (0)        ; 0 (0)             ; 2 (2)            ; |robot_motor_top|sld_signaltap:auto_signaltap_0|sld_signaltap_impl:sld_signaltap_body|sld_signaltap_implb:sld_signaltap_body|sld_ela_control:ela_control|sld_ela_basic_multi_level_trigger:\basic_multi_level_mbpm_trigger_gen:multi_level_mbpm|sld_mbpmg:\trigger_modules_gen:0:trigger_match|sld_sbpmg:\gen_sbpmg_pipeline_less_than_two:sm0:10:sm1       ; sld_sbpmg                         ; work         ;
;                      |sld_sbpmg:\gen_sbpmg_pipeline_less_than_two:sm0:11:sm1|                                                           ; 2 (2)       ; 2 (2)                     ; 0 (0)         ; 0           ; 0    ; 0            ; 0       ; 0         ; 0    ; 0            ; 0 (0)        ; 0 (0)             ; 2 (2)            ; |robot_motor_top|sld_signaltap:auto_signaltap_0|sld_signaltap_impl:sld_signaltap_body|sld_signaltap_implb:sld_signaltap_body|sld_ela_control:ela_control|sld_ela_basic_multi_level_trigger:\basic_multi_level_mbpm_trigger_gen:multi_level_mbpm|sld_mbpmg:\trigger_modules_gen:0:trigger_match|sld_sbpmg:\gen_sbpmg_pipeline_less_than_two:sm0:11:sm1       ; sld_sbpmg                         ; work         ;
;                      |sld_sbpmg:\gen_sbpmg_pipeline_less_than_two:sm0:12:sm1|                                                           ; 3 (3)       ; 2 (2)                     ; 0 (0)         ; 0           ; 0    ; 0            ; 0       ; 0         ; 0    ; 0            ; 0 (0)        ; 1 (1)             ; 2 (2)            ; |robot_motor_top|sld_signaltap:auto_signaltap_0|sld_signaltap_impl:sld_signaltap_body|sld_signaltap_implb:sld_signaltap_body|sld_ela_control:ela_control|sld_ela_basic_multi_level_trigger:\basic_multi_level_mbpm_trigger_gen:multi_level_mbpm|sld_mbpmg:\trigger_modules_gen:0:trigger_match|sld_sbpmg:\gen_sbpmg_pipeline_less_than_two:sm0:12:sm1       ; sld_sbpmg                         ; work         ;
;                      |sld_sbpmg:\gen_sbpmg_pipeline_less_than_two:sm0:13:sm1|                                                           ; 2 (2)       ; 2 (2)                     ; 0 (0)         ; 0           ; 0    ; 0            ; 0       ; 0         ; 0    ; 0            ; 0 (0)        ; 0 (0)             ; 2 (2)            ; |robot_motor_top|sld_signaltap:auto_signaltap_0|sld_signaltap_impl:sld_signaltap_body|sld_signaltap_implb:sld_signaltap_body|sld_ela_control:ela_control|sld_ela_basic_multi_level_trigger:\basic_multi_level_mbpm_trigger_gen:multi_level_mbpm|sld_mbpmg:\trigger_modules_gen:0:trigger_match|sld_sbpmg:\gen_sbpmg_pipeline_less_than_two:sm0:13:sm1       ; sld_sbpmg                         ; work         ;
;                      |sld_sbpmg:\gen_sbpmg_pipeline_less_than_two:sm0:14:sm1|                                                           ; 2 (2)       ; 2 (2)                     ; 0 (0)         ; 0           ; 0    ; 0            ; 0       ; 0         ; 0    ; 0            ; 0 (0)        ; 0 (0)             ; 2 (2)            ; |robot_motor_top|sld_signaltap:auto_signaltap_0|sld_signaltap_impl:sld_signaltap_body|sld_signaltap_implb:sld_signaltap_body|sld_ela_control:ela_control|sld_ela_basic_multi_level_trigger:\basic_multi_level_mbpm_trigger_gen:multi_level_mbpm|sld_mbpmg:\trigger_modules_gen:0:trigger_match|sld_sbpmg:\gen_sbpmg_pipeline_less_than_two:sm0:14:sm1       ; sld_sbpmg                         ; work         ;
;                      |sld_sbpmg:\gen_sbpmg_pipeline_less_than_two:sm0:15:sm1|                                                           ; 2 (2)       ; 2 (2)                     ; 0 (0)         ; 0           ; 0    ; 0            ; 0       ; 0         ; 0    ; 0            ; 0 (0)        ; 0 (0)             ; 2 (2)            ; |robot_motor_top|sld_signaltap:auto_signaltap_0|sld_signaltap_impl:sld_signaltap_body|sld_signaltap_implb:sld_signaltap_body|sld_ela_control:ela_control|sld_ela_basic_multi_level_trigger:\basic_multi_level_mbpm_trigger_gen:multi_level_mbpm|sld_mbpmg:\trigger_modules_gen:0:trigger_match|sld_sbpmg:\gen_sbpmg_pipeline_less_than_two:sm0:15:sm1       ; sld_sbpmg                         ; work         ;
;                      |sld_sbpmg:\gen_sbpmg_pipeline_less_than_two:sm0:16:sm1|                                                           ; 2 (2)       ; 2 (2)                     ; 0 (0)         ; 0           ; 0    ; 0            ; 0       ; 0         ; 0    ; 0            ; 0 (0)        ; 0 (0)             ; 2 (2)            ; |robot_motor_top|sld_signaltap:auto_signaltap_0|sld_signaltap_impl:sld_signaltap_body|sld_signaltap_implb:sld_signaltap_body|sld_ela_control:ela_control|sld_ela_basic_multi_level_trigger:\basic_multi_level_mbpm_trigger_gen:multi_level_mbpm|sld_mbpmg:\trigger_modules_gen:0:trigger_match|sld_sbpmg:\gen_sbpmg_pipeline_less_than_two:sm0:16:sm1       ; sld_sbpmg                         ; work         ;
;                      |sld_sbpmg:\gen_sbpmg_pipeline_less_than_two:sm0:17:sm1|                                                           ; 2 (2)       ; 2 (2)                     ; 0 (0)         ; 0           ; 0    ; 0            ; 0       ; 0         ; 0    ; 0            ; 0 (0)        ; 0 (0)             ; 2 (2)            ; |robot_motor_top|sld_signaltap:auto_signaltap_0|sld_signaltap_impl:sld_signaltap_body|sld_signaltap_implb:sld_signaltap_body|sld_ela_control:ela_control|sld_ela_basic_multi_level_trigger:\basic_multi_level_mbpm_trigger_gen:multi_level_mbpm|sld_mbpmg:\trigger_modules_gen:0:trigger_match|sld_sbpmg:\gen_sbpmg_pipeline_less_than_two:sm0:17:sm1       ; sld_sbpmg                         ; work         ;
;                      |sld_sbpmg:\gen_sbpmg_pipeline_less_than_two:sm0:18:sm1|                                                           ; 2 (2)       ; 2 (2)                     ; 0 (0)         ; 0           ; 0    ; 0            ; 0       ; 0         ; 0    ; 0            ; 0 (0)        ; 0 (0)             ; 2 (2)            ; |robot_motor_top|sld_signaltap:auto_signaltap_0|sld_signaltap_impl:sld_signaltap_body|sld_signaltap_implb:sld_signaltap_body|sld_ela_control:ela_control|sld_ela_basic_multi_level_trigger:\basic_multi_level_mbpm_trigger_gen:multi_level_mbpm|sld_mbpmg:\trigger_modules_gen:0:trigger_match|sld_sbpmg:\gen_sbpmg_pipeline_less_than_two:sm0:18:sm1       ; sld_sbpmg                         ; work         ;
;                      |sld_sbpmg:\gen_sbpmg_pipeline_less_than_two:sm0:19:sm1|                                                           ; 2 (2)       ; 2 (2)                     ; 0 (0)         ; 0           ; 0    ; 0            ; 0       ; 0         ; 0    ; 0            ; 0 (0)        ; 0 (0)             ; 2 (2)            ; |robot_motor_top|sld_signaltap:auto_signaltap_0|sld_signaltap_impl:sld_signaltap_body|sld_signaltap_implb:sld_signaltap_body|sld_ela_control:ela_control|sld_ela_basic_multi_level_trigger:\basic_multi_level_mbpm_trigger_gen:multi_level_mbpm|sld_mbpmg:\trigger_modules_gen:0:trigger_match|sld_sbpmg:\gen_sbpmg_pipeline_less_than_two:sm0:19:sm1       ; sld_sbpmg                         ; work         ;
;                      |sld_sbpmg:\gen_sbpmg_pipeline_less_than_two:sm0:1:sm1|                                                            ; 2 (2)       ; 2 (2)                     ; 0 (0)         ; 0           ; 0    ; 0            ; 0       ; 0         ; 0    ; 0            ; 0 (0)        ; 0 (0)             ; 2 (2)            ; |robot_motor_top|sld_signaltap:auto_signaltap_0|sld_signaltap_impl:sld_signaltap_body|sld_signaltap_implb:sld_signaltap_body|sld_ela_control:ela_control|sld_ela_basic_multi_level_trigger:\basic_multi_level_mbpm_trigger_gen:multi_level_mbpm|sld_mbpmg:\trigger_modules_gen:0:trigger_match|sld_sbpmg:\gen_sbpmg_pipeline_less_than_two:sm0:1:sm1        ; sld_sbpmg                         ; work         ;
;                      |sld_sbpmg:\gen_sbpmg_pipeline_less_than_two:sm0:20:sm1|                                                           ; 2 (2)       ; 2 (2)                     ; 0 (0)         ; 0           ; 0    ; 0            ; 0       ; 0         ; 0    ; 0            ; 0 (0)        ; 0 (0)             ; 2 (2)            ; |robot_motor_top|sld_signaltap:auto_signaltap_0|sld_signaltap_impl:sld_signaltap_body|sld_signaltap_implb:sld_signaltap_body|sld_ela_control:ela_control|sld_ela_basic_multi_level_trigger:\basic_multi_level_mbpm_trigger_gen:multi_level_mbpm|sld_mbpmg:\trigger_modules_gen:0:trigger_match|sld_sbpmg:\gen_sbpmg_pipeline_less_than_two:sm0:20:sm1       ; sld_sbpmg                         ; work         ;
;                      |sld_sbpmg:\gen_sbpmg_pipeline_less_than_two:sm0:21:sm1|                                                           ; 2 (2)       ; 2 (2)                     ; 0 (0)         ; 0           ; 0    ; 0            ; 0       ; 0         ; 0    ; 0            ; 0 (0)        ; 0 (0)             ; 2 (2)            ; |robot_motor_top|sld_signaltap:auto_signaltap_0|sld_signaltap_impl:sld_signaltap_body|sld_signaltap_implb:sld_signaltap_body|sld_ela_control:ela_control|sld_ela_basic_multi_level_trigger:\basic_multi_level_mbpm_trigger_gen:multi_level_mbpm|sld_mbpmg:\trigger_modules_gen:0:trigger_match|sld_sbpmg:\gen_sbpmg_pipeline_less_than_two:sm0:21:sm1       ; sld_sbpmg                         ; work         ;
;                      |sld_sbpmg:\gen_sbpmg_pipeline_less_than_two:sm0:22:sm1|                                                           ; 2 (2)       ; 2 (2)                     ; 0 (0)         ; 0           ; 0    ; 0            ; 0       ; 0         ; 0    ; 0            ; 0 (0)        ; 0 (0)             ; 2 (2)            ; |robot_motor_top|sld_signaltap:auto_signaltap_0|sld_signaltap_impl:sld_signaltap_body|sld_signaltap_implb:sld_signaltap_body|sld_ela_control:ela_control|sld_ela_basic_multi_level_trigger:\basic_multi_level_mbpm_trigger_gen:multi_level_mbpm|sld_mbpmg:\trigger_modules_gen:0:trigger_match|sld_sbpmg:\gen_sbpmg_pipeline_less_than_two:sm0:22:sm1       ; sld_sbpmg                         ; work         ;
;                      |sld_sbpmg:\gen_sbpmg_pipeline_less_than_two:sm0:23:sm1|                                                           ; 2 (2)       ; 2 (2)                     ; 0 (0)         ; 0           ; 0    ; 0            ; 0       ; 0         ; 0    ; 0            ; 0 (0)        ; 0 (0)             ; 2 (2)            ; |robot_motor_top|sld_signaltap:auto_signaltap_0|sld_signaltap_impl:sld_signaltap_body|sld_signaltap_implb:sld_signaltap_body|sld_ela_control:ela_control|sld_ela_basic_multi_level_trigger:\basic_multi_level_mbpm_trigger_gen:multi_level_mbpm|sld_mbpmg:\trigger_modules_gen:0:trigger_match|sld_sbpmg:\gen_sbpmg_pipeline_less_than_two:sm0:23:sm1       ; sld_sbpmg                         ; work         ;
;                      |sld_sbpmg:\gen_sbpmg_pipeline_less_than_two:sm0:24:sm1|                                                           ; 2 (2)       ; 2 (2)                     ; 0 (0)         ; 0           ; 0    ; 0            ; 0       ; 0         ; 0    ; 0            ; 0 (0)        ; 0 (0)             ; 2 (2)            ; |robot_motor_top|sld_signaltap:auto_signaltap_0|sld_signaltap_impl:sld_signaltap_body|sld_signaltap_implb:sld_signaltap_body|sld_ela_control:ela_control|sld_ela_basic_multi_level_trigger:\basic_multi_level_mbpm_trigger_gen:multi_level_mbpm|sld_mbpmg:\trigger_modules_gen:0:trigger_match|sld_sbpmg:\gen_sbpmg_pipeline_less_than_two:sm0:24:sm1       ; sld_sbpmg                         ; work         ;
;                      |sld_sbpmg:\gen_sbpmg_pipeline_less_than_two:sm0:25:sm1|                                                           ; 2 (2)       ; 2 (2)                     ; 0 (0)         ; 0           ; 0    ; 0            ; 0       ; 0         ; 0    ; 0            ; 0 (0)        ; 0 (0)             ; 2 (2)            ; |robot_motor_top|sld_signaltap:auto_signaltap_0|sld_signaltap_impl:sld_signaltap_body|sld_signaltap_implb:sld_signaltap_body|sld_ela_control:ela_control|sld_ela_basic_multi_level_trigger:\basic_multi_level_mbpm_trigger_gen:multi_level_mbpm|sld_mbpmg:\trigger_modules_gen:0:trigger_match|sld_sbpmg:\gen_sbpmg_pipeline_less_than_two:sm0:25:sm1       ; sld_sbpmg                         ; work         ;
;                      |sld_sbpmg:\gen_sbpmg_pipeline_less_than_two:sm0:26:sm1|                                                           ; 3 (3)       ; 2 (2)                     ; 0 (0)         ; 0           ; 0    ; 0            ; 0       ; 0         ; 0    ; 0            ; 0 (0)        ; 1 (1)             ; 2 (2)            ; |robot_motor_top|sld_signaltap:auto_signaltap_0|sld_signaltap_impl:sld_signaltap_body|sld_signaltap_implb:sld_signaltap_body|sld_ela_control:ela_control|sld_ela_basic_multi_level_trigger:\basic_multi_level_mbpm_trigger_gen:multi_level_mbpm|sld_mbpmg:\trigger_modules_gen:0:trigger_match|sld_sbpmg:\gen_sbpmg_pipeline_less_than_two:sm0:26:sm1       ; sld_sbpmg                         ; work         ;
;                      |sld_sbpmg:\gen_sbpmg_pipeline_less_than_two:sm0:27:sm1|                                                           ; 2 (2)       ; 2 (2)                     ; 0 (0)         ; 0           ; 0    ; 0            ; 0       ; 0         ; 0    ; 0            ; 0 (0)        ; 0 (0)             ; 2 (2)            ; |robot_motor_top|sld_signaltap:auto_signaltap_0|sld_signaltap_impl:sld_signaltap_body|sld_signaltap_implb:sld_signaltap_body|sld_ela_control:ela_control|sld_ela_basic_multi_level_trigger:\basic_multi_level_mbpm_trigger_gen:multi_level_mbpm|sld_mbpmg:\trigger_modules_gen:0:trigger_match|sld_sbpmg:\gen_sbpmg_pipeline_less_than_two:sm0:27:sm1       ; sld_sbpmg                         ; work         ;
;                      |sld_sbpmg:\gen_sbpmg_pipeline_less_than_two:sm0:28:sm1|                                                           ; 2 (2)       ; 2 (2)                     ; 0 (0)         ; 0           ; 0    ; 0            ; 0       ; 0         ; 0    ; 0            ; 0 (0)        ; 0 (0)             ; 2 (2)            ; |robot_motor_top|sld_signaltap:auto_signaltap_0|sld_signaltap_impl:sld_signaltap_body|sld_signaltap_implb:sld_signaltap_body|sld_ela_control:ela_control|sld_ela_basic_multi_level_trigger:\basic_multi_level_mbpm_trigger_gen:multi_level_mbpm|sld_mbpmg:\trigger_modules_gen:0:trigger_match|sld_sbpmg:\gen_sbpmg_pipeline_less_than_two:sm0:28:sm1       ; sld_sbpmg                         ; work         ;
;                      |sld_sbpmg:\gen_sbpmg_pipeline_less_than_two:sm0:29:sm1|                                                           ; 2 (2)       ; 2 (2)                     ; 0 (0)         ; 0           ; 0    ; 0            ; 0       ; 0         ; 0    ; 0            ; 0 (0)        ; 0 (0)             ; 2 (2)            ; |robot_motor_top|sld_signaltap:auto_signaltap_0|sld_signaltap_impl:sld_signaltap_body|sld_signaltap_implb:sld_signaltap_body|sld_ela_control:ela_control|sld_ela_basic_multi_level_trigger:\basic_multi_level_mbpm_trigger_gen:multi_level_mbpm|sld_mbpmg:\trigger_modules_gen:0:trigger_match|sld_sbpmg:\gen_sbpmg_pipeline_less_than_two:sm0:29:sm1       ; sld_sbpmg                         ; work         ;
;                      |sld_sbpmg:\gen_sbpmg_pipeline_less_than_two:sm0:2:sm1|                                                            ; 2 (2)       ; 2 (2)                     ; 0 (0)         ; 0           ; 0    ; 0            ; 0       ; 0         ; 0    ; 0            ; 0 (0)        ; 0 (0)             ; 2 (2)            ; |robot_motor_top|sld_signaltap:auto_signaltap_0|sld_signaltap_impl:sld_signaltap_body|sld_signaltap_implb:sld_signaltap_body|sld_ela_control:ela_control|sld_ela_basic_multi_level_trigger:\basic_multi_level_mbpm_trigger_gen:multi_level_mbpm|sld_mbpmg:\trigger_modules_gen:0:trigger_match|sld_sbpmg:\gen_sbpmg_pipeline_less_than_two:sm0:2:sm1        ; sld_sbpmg                         ; work         ;
;                      |sld_sbpmg:\gen_sbpmg_pipeline_less_than_two:sm0:30:sm1|                                                           ; 2 (2)       ; 2 (2)                     ; 0 (0)         ; 0           ; 0    ; 0            ; 0       ; 0         ; 0    ; 0            ; 0 (0)        ; 0 (0)             ; 2 (2)            ; |robot_motor_top|sld_signaltap:auto_signaltap_0|sld_signaltap_impl:sld_signaltap_body|sld_signaltap_implb:sld_signaltap_body|sld_ela_control:ela_control|sld_ela_basic_multi_level_trigger:\basic_multi_level_mbpm_trigger_gen:multi_level_mbpm|sld_mbpmg:\trigger_modules_gen:0:trigger_match|sld_sbpmg:\gen_sbpmg_pipeline_less_than_two:sm0:30:sm1       ; sld_sbpmg                         ; work         ;
;                      |sld_sbpmg:\gen_sbpmg_pipeline_less_than_two:sm0:31:sm1|                                                           ; 2 (2)       ; 2 (2)                     ; 0 (0)         ; 0           ; 0    ; 0            ; 0       ; 0         ; 0    ; 0            ; 0 (0)        ; 0 (0)             ; 2 (2)            ; |robot_motor_top|sld_signaltap:auto_signaltap_0|sld_signaltap_impl:sld_signaltap_body|sld_signaltap_implb:sld_signaltap_body|sld_ela_control:ela_control|sld_ela_basic_multi_level_trigger:\basic_multi_level_mbpm_trigger_gen:multi_level_mbpm|sld_mbpmg:\trigger_modules_gen:0:trigger_match|sld_sbpmg:\gen_sbpmg_pipeline_less_than_two:sm0:31:sm1       ; sld_sbpmg                         ; work         ;
;                      |sld_sbpmg:\gen_sbpmg_pipeline_less_than_two:sm0:32:sm1|                                                           ; 2 (2)       ; 2 (2)                     ; 0 (0)         ; 0           ; 0    ; 0            ; 0       ; 0         ; 0    ; 0            ; 0 (0)        ; 0 (0)             ; 2 (2)            ; |robot_motor_top|sld_signaltap:auto_signaltap_0|sld_signaltap_impl:sld_signaltap_body|sld_signaltap_implb:sld_signaltap_body|sld_ela_control:ela_control|sld_ela_basic_multi_level_trigger:\basic_multi_level_mbpm_trigger_gen:multi_level_mbpm|sld_mbpmg:\trigger_modules_gen:0:trigger_match|sld_sbpmg:\gen_sbpmg_pipeline_less_than_two:sm0:32:sm1       ; sld_sbpmg                         ; work         ;
;                      |sld_sbpmg:\gen_sbpmg_pipeline_less_than_two:sm0:33:sm1|                                                           ; 2 (2)       ; 2 (2)                     ; 0 (0)         ; 0           ; 0    ; 0            ; 0       ; 0         ; 0    ; 0            ; 0 (0)        ; 0 (0)             ; 2 (2)            ; |robot_motor_top|sld_signaltap:auto_signaltap_0|sld_signaltap_impl:sld_signaltap_body|sld_signaltap_implb:sld_signaltap_body|sld_ela_control:ela_control|sld_ela_basic_multi_level_trigger:\basic_multi_level_mbpm_trigger_gen:multi_level_mbpm|sld_mbpmg:\trigger_modules_gen:0:trigger_match|sld_sbpmg:\gen_sbpmg_pipeline_less_than_two:sm0:33:sm1       ; sld_sbpmg                         ; work         ;
;                      |sld_sbpmg:\gen_sbpmg_pipeline_less_than_two:sm0:34:sm1|                                                           ; 2 (2)       ; 2 (2)                     ; 0 (0)         ; 0           ; 0    ; 0            ; 0       ; 0         ; 0    ; 0            ; 0 (0)        ; 0 (0)             ; 2 (2)            ; |robot_motor_top|sld_signaltap:auto_signaltap_0|sld_signaltap_impl:sld_signaltap_body|sld_signaltap_implb:sld_signaltap_body|sld_ela_control:ela_control|sld_ela_basic_multi_level_trigger:\basic_multi_level_mbpm_trigger_gen:multi_level_mbpm|sld_mbpmg:\trigger_modules_gen:0:trigger_match|sld_sbpmg:\gen_sbpmg_pipeline_less_than_two:sm0:34:sm1       ; sld_sbpmg                         ; work         ;
;                      |sld_sbpmg:\gen_sbpmg_pipeline_less_than_two:sm0:35:sm1|                                                           ; 3 (3)       ; 2 (2)                     ; 0 (0)         ; 0           ; 0    ; 0            ; 0       ; 0         ; 0    ; 0            ; 0 (0)        ; 1 (1)             ; 2 (2)            ; |robot_motor_top|sld_signaltap:auto_signaltap_0|sld_signaltap_impl:sld_signaltap_body|sld_signaltap_implb:sld_signaltap_body|sld_ela_control:ela_control|sld_ela_basic_multi_level_trigger:\basic_multi_level_mbpm_trigger_gen:multi_level_mbpm|sld_mbpmg:\trigger_modules_gen:0:trigger_match|sld_sbpmg:\gen_sbpmg_pipeline_less_than_two:sm0:35:sm1       ; sld_sbpmg                         ; work         ;
;                      |sld_sbpmg:\gen_sbpmg_pipeline_less_than_two:sm0:36:sm1|                                                           ; 2 (2)       ; 2 (2)                     ; 0 (0)         ; 0           ; 0    ; 0            ; 0       ; 0         ; 0    ; 0            ; 0 (0)        ; 0 (0)             ; 2 (2)            ; |robot_motor_top|sld_signaltap:auto_signaltap_0|sld_signaltap_impl:sld_signaltap_body|sld_signaltap_implb:sld_signaltap_body|sld_ela_control:ela_control|sld_ela_basic_multi_level_trigger:\basic_multi_level_mbpm_trigger_gen:multi_level_mbpm|sld_mbpmg:\trigger_modules_gen:0:trigger_match|sld_sbpmg:\gen_sbpmg_pipeline_less_than_two:sm0:36:sm1       ; sld_sbpmg                         ; work         ;
;                      |sld_sbpmg:\gen_sbpmg_pipeline_less_than_two:sm0:37:sm1|                                                           ; 2 (2)       ; 2 (2)                     ; 0 (0)         ; 0           ; 0    ; 0            ; 0       ; 0         ; 0    ; 0            ; 0 (0)        ; 0 (0)             ; 2 (2)            ; |robot_motor_top|sld_signaltap:auto_signaltap_0|sld_signaltap_impl:sld_signaltap_body|sld_signaltap_implb:sld_signaltap_body|sld_ela_control:ela_control|sld_ela_basic_multi_level_trigger:\basic_multi_level_mbpm_trigger_gen:multi_level_mbpm|sld_mbpmg:\trigger_modules_gen:0:trigger_match|sld_sbpmg:\gen_sbpmg_pipeline_less_than_two:sm0:37:sm1       ; sld_sbpmg                         ; work         ;
;                      |sld_sbpmg:\gen_sbpmg_pipeline_less_than_two:sm0:38:sm1|                                                           ; 2 (2)       ; 2 (2)                     ; 0 (0)         ; 0           ; 0    ; 0            ; 0       ; 0         ; 0    ; 0            ; 0 (0)        ; 0 (0)             ; 2 (2)            ; |robot_motor_top|sld_signaltap:auto_signaltap_0|sld_signaltap_impl:sld_signaltap_body|sld_signaltap_implb:sld_signaltap_body|sld_ela_control:ela_control|sld_ela_basic_multi_level_trigger:\basic_multi_level_mbpm_trigger_gen:multi_level_mbpm|sld_mbpmg:\trigger_modules_gen:0:trigger_match|sld_sbpmg:\gen_sbpmg_pipeline_less_than_two:sm0:38:sm1       ; sld_sbpmg                         ; work         ;
;                      |sld_sbpmg:\gen_sbpmg_pipeline_less_than_two:sm0:39:sm1|                                                           ; 2 (2)       ; 2 (2)                     ; 0 (0)         ; 0           ; 0    ; 0            ; 0       ; 0         ; 0    ; 0            ; 0 (0)        ; 0 (0)             ; 2 (2)            ; |robot_motor_top|sld_signaltap:auto_signaltap_0|sld_signaltap_impl:sld_signaltap_body|sld_signaltap_implb:sld_signaltap_body|sld_ela_control:ela_control|sld_ela_basic_multi_level_trigger:\basic_multi_level_mbpm_trigger_gen:multi_level_mbpm|sld_mbpmg:\trigger_modules_gen:0:trigger_match|sld_sbpmg:\gen_sbpmg_pipeline_less_than_two:sm0:39:sm1       ; sld_sbpmg                         ; work         ;
;                      |sld_sbpmg:\gen_sbpmg_pipeline_less_than_two:sm0:3:sm1|                                                            ; 2 (2)       ; 2 (2)                     ; 0 (0)         ; 0           ; 0    ; 0            ; 0       ; 0         ; 0    ; 0            ; 0 (0)        ; 0 (0)             ; 2 (2)            ; |robot_motor_top|sld_signaltap:auto_signaltap_0|sld_signaltap_impl:sld_signaltap_body|sld_signaltap_implb:sld_signaltap_body|sld_ela_control:ela_control|sld_ela_basic_multi_level_trigger:\basic_multi_level_mbpm_trigger_gen:multi_level_mbpm|sld_mbpmg:\trigger_modules_gen:0:trigger_match|sld_sbpmg:\gen_sbpmg_pipeline_less_than_two:sm0:3:sm1        ; sld_sbpmg                         ; work         ;
;                      |sld_sbpmg:\gen_sbpmg_pipeline_less_than_two:sm0:40:sm1|                                                           ; 2 (2)       ; 2 (2)                     ; 0 (0)         ; 0           ; 0    ; 0            ; 0       ; 0         ; 0    ; 0            ; 0 (0)        ; 0 (0)             ; 2 (2)            ; |robot_motor_top|sld_signaltap:auto_signaltap_0|sld_signaltap_impl:sld_signaltap_body|sld_signaltap_implb:sld_signaltap_body|sld_ela_control:ela_control|sld_ela_basic_multi_level_trigger:\basic_multi_level_mbpm_trigger_gen:multi_level_mbpm|sld_mbpmg:\trigger_modules_gen:0:trigger_match|sld_sbpmg:\gen_sbpmg_pipeline_less_than_two:sm0:40:sm1       ; sld_sbpmg                         ; work         ;
;                      |sld_sbpmg:\gen_sbpmg_pipeline_less_than_two:sm0:41:sm1|                                                           ; 2 (2)       ; 2 (2)                     ; 0 (0)         ; 0           ; 0    ; 0            ; 0       ; 0         ; 0    ; 0            ; 0 (0)        ; 0 (0)             ; 2 (2)            ; |robot_motor_top|sld_signaltap:auto_signaltap_0|sld_signaltap_impl:sld_signaltap_body|sld_signaltap_implb:sld_signaltap_body|sld_ela_control:ela_control|sld_ela_basic_multi_level_trigger:\basic_multi_level_mbpm_trigger_gen:multi_level_mbpm|sld_mbpmg:\trigger_modules_gen:0:trigger_match|sld_sbpmg:\gen_sbpmg_pipeline_less_than_two:sm0:41:sm1       ; sld_sbpmg                         ; work         ;
;                      |sld_sbpmg:\gen_sbpmg_pipeline_less_than_two:sm0:42:sm1|                                                           ; 2 (2)       ; 2 (2)                     ; 0 (0)         ; 0           ; 0    ; 0            ; 0       ; 0         ; 0    ; 0            ; 0 (0)        ; 0 (0)             ; 2 (2)            ; |robot_motor_top|sld_signaltap:auto_signaltap_0|sld_signaltap_impl:sld_signaltap_body|sld_signaltap_implb:sld_signaltap_body|sld_ela_control:ela_control|sld_ela_basic_multi_level_trigger:\basic_multi_level_mbpm_trigger_gen:multi_level_mbpm|sld_mbpmg:\trigger_modules_gen:0:trigger_match|sld_sbpmg:\gen_sbpmg_pipeline_less_than_two:sm0:42:sm1       ; sld_sbpmg                         ; work         ;
;                      |sld_sbpmg:\gen_sbpmg_pipeline_less_than_two:sm0:43:sm1|                                                           ; 2 (2)       ; 2 (2)                     ; 0 (0)         ; 0           ; 0    ; 0            ; 0       ; 0         ; 0    ; 0            ; 0 (0)        ; 0 (0)             ; 2 (2)            ; |robot_motor_top|sld_signaltap:auto_signaltap_0|sld_signaltap_impl:sld_signaltap_body|sld_signaltap_implb:sld_signaltap_body|sld_ela_control:ela_control|sld_ela_basic_multi_level_trigger:\basic_multi_level_mbpm_trigger_gen:multi_level_mbpm|sld_mbpmg:\trigger_modules_gen:0:trigger_match|sld_sbpmg:\gen_sbpmg_pipeline_less_than_two:sm0:43:sm1       ; sld_sbpmg                         ; work         ;
;                      |sld_sbpmg:\gen_sbpmg_pipeline_less_than_two:sm0:44:sm1|                                                           ; 2 (2)       ; 2 (2)                     ; 0 (0)         ; 0           ; 0    ; 0            ; 0       ; 0         ; 0    ; 0            ; 0 (0)        ; 0 (0)             ; 2 (2)            ; |robot_motor_top|sld_signaltap:auto_signaltap_0|sld_signaltap_impl:sld_signaltap_body|sld_signaltap_implb:sld_signaltap_body|sld_ela_control:ela_control|sld_ela_basic_multi_level_trigger:\basic_multi_level_mbpm_trigger_gen:multi_level_mbpm|sld_mbpmg:\trigger_modules_gen:0:trigger_match|sld_sbpmg:\gen_sbpmg_pipeline_less_than_two:sm0:44:sm1       ; sld_sbpmg                         ; work         ;
;                      |sld_sbpmg:\gen_sbpmg_pipeline_less_than_two:sm0:45:sm1|                                                           ; 2 (2)       ; 2 (2)                     ; 0 (0)         ; 0           ; 0    ; 0            ; 0       ; 0         ; 0    ; 0            ; 0 (0)        ; 0 (0)             ; 2 (2)            ; |robot_motor_top|sld_signaltap:auto_signaltap_0|sld_signaltap_impl:sld_signaltap_body|sld_signaltap_implb:sld_signaltap_body|sld_ela_control:ela_control|sld_ela_basic_multi_level_trigger:\basic_multi_level_mbpm_trigger_gen:multi_level_mbpm|sld_mbpmg:\trigger_modules_gen:0:trigger_match|sld_sbpmg:\gen_sbpmg_pipeline_less_than_two:sm0:45:sm1       ; sld_sbpmg                         ; work         ;
;                      |sld_sbpmg:\gen_sbpmg_pipeline_less_than_two:sm0:46:sm1|                                                           ; 2 (2)       ; 2 (2)                     ; 0 (0)         ; 0           ; 0    ; 0            ; 0       ; 0         ; 0    ; 0            ; 0 (0)        ; 0 (0)             ; 2 (2)            ; |robot_motor_top|sld_signaltap:auto_signaltap_0|sld_signaltap_impl:sld_signaltap_body|sld_signaltap_implb:sld_signaltap_body|sld_ela_control:ela_control|sld_ela_basic_multi_level_trigger:\basic_multi_level_mbpm_trigger_gen:multi_level_mbpm|sld_mbpmg:\trigger_modules_gen:0:trigger_match|sld_sbpmg:\gen_sbpmg_pipeline_less_than_two:sm0:46:sm1       ; sld_sbpmg                         ; work         ;
;                      |sld_sbpmg:\gen_sbpmg_pipeline_less_than_two:sm0:47:sm1|                                                           ; 2 (2)       ; 2 (2)                     ; 0 (0)         ; 0           ; 0    ; 0            ; 0       ; 0         ; 0    ; 0            ; 0 (0)        ; 0 (0)             ; 2 (2)            ; |robot_motor_top|sld_signaltap:auto_signaltap_0|sld_signaltap_impl:sld_signaltap_body|sld_signaltap_implb:sld_signaltap_body|sld_ela_control:ela_control|sld_ela_basic_multi_level_trigger:\basic_multi_level_mbpm_trigger_gen:multi_level_mbpm|sld_mbpmg:\trigger_modules_gen:0:trigger_match|sld_sbpmg:\gen_sbpmg_pipeline_less_than_two:sm0:47:sm1       ; sld_sbpmg                         ; work         ;
;                      |sld_sbpmg:\gen_sbpmg_pipeline_less_than_two:sm0:48:sm1|                                                           ; 2 (2)       ; 2 (2)                     ; 0 (0)         ; 0           ; 0    ; 0            ; 0       ; 0         ; 0    ; 0            ; 0 (0)        ; 0 (0)             ; 2 (2)            ; |robot_motor_top|sld_signaltap:auto_signaltap_0|sld_signaltap_impl:sld_signaltap_body|sld_signaltap_implb:sld_signaltap_body|sld_ela_control:ela_control|sld_ela_basic_multi_level_trigger:\basic_multi_level_mbpm_trigger_gen:multi_level_mbpm|sld_mbpmg:\trigger_modules_gen:0:trigger_match|sld_sbpmg:\gen_sbpmg_pipeline_less_than_two:sm0:48:sm1       ; sld_sbpmg                         ; work         ;
;                      |sld_sbpmg:\gen_sbpmg_pipeline_less_than_two:sm0:49:sm1|                                                           ; 2 (2)       ; 2 (2)                     ; 0 (0)         ; 0           ; 0    ; 0            ; 0       ; 0         ; 0    ; 0            ; 0 (0)        ; 0 (0)             ; 2 (2)            ; |robot_motor_top|sld_signaltap:auto_signaltap_0|sld_signaltap_impl:sld_signaltap_body|sld_signaltap_implb:sld_signaltap_body|sld_ela_control:ela_control|sld_ela_basic_multi_level_trigger:\basic_multi_level_mbpm_trigger_gen:multi_level_mbpm|sld_mbpmg:\trigger_modules_gen:0:trigger_match|sld_sbpmg:\gen_sbpmg_pipeline_less_than_two:sm0:49:sm1       ; sld_sbpmg                         ; work         ;
;                      |sld_sbpmg:\gen_sbpmg_pipeline_less_than_two:sm0:4:sm1|                                                            ; 2 (2)       ; 2 (2)                     ; 0 (0)         ; 0           ; 0    ; 0            ; 0       ; 0         ; 0    ; 0            ; 0 (0)        ; 0 (0)             ; 2 (2)            ; |robot_motor_top|sld_signaltap:auto_signaltap_0|sld_signaltap_impl:sld_signaltap_body|sld_signaltap_implb:sld_signaltap_body|sld_ela_control:ela_control|sld_ela_basic_multi_level_trigger:\basic_multi_level_mbpm_trigger_gen:multi_level_mbpm|sld_mbpmg:\trigger_modules_gen:0:trigger_match|sld_sbpmg:\gen_sbpmg_pipeline_less_than_two:sm0:4:sm1        ; sld_sbpmg                         ; work         ;
;                      |sld_sbpmg:\gen_sbpmg_pipeline_less_than_two:sm0:5:sm1|                                                            ; 2 (2)       ; 2 (2)                     ; 0 (0)         ; 0           ; 0    ; 0            ; 0       ; 0         ; 0    ; 0            ; 0 (0)        ; 0 (0)             ; 2 (2)            ; |robot_motor_top|sld_signaltap:auto_signaltap_0|sld_signaltap_impl:sld_signaltap_body|sld_signaltap_implb:sld_signaltap_body|sld_ela_control:ela_control|sld_ela_basic_multi_level_trigger:\basic_multi_level_mbpm_trigger_gen:multi_level_mbpm|sld_mbpmg:\trigger_modules_gen:0:trigger_match|sld_sbpmg:\gen_sbpmg_pipeline_less_than_two:sm0:5:sm1        ; sld_sbpmg                         ; work         ;
;                      |sld_sbpmg:\gen_sbpmg_pipeline_less_than_two:sm0:6:sm1|                                                            ; 2 (2)       ; 2 (2)                     ; 0 (0)         ; 0           ; 0    ; 0            ; 0       ; 0         ; 0    ; 0            ; 0 (0)        ; 0 (0)             ; 2 (2)            ; |robot_motor_top|sld_signaltap:auto_signaltap_0|sld_signaltap_impl:sld_signaltap_body|sld_signaltap_implb:sld_signaltap_body|sld_ela_control:ela_control|sld_ela_basic_multi_level_trigger:\basic_multi_level_mbpm_trigger_gen:multi_level_mbpm|sld_mbpmg:\trigger_modules_gen:0:trigger_match|sld_sbpmg:\gen_sbpmg_pipeline_less_than_two:sm0:6:sm1        ; sld_sbpmg                         ; work         ;
;                      |sld_sbpmg:\gen_sbpmg_pipeline_less_than_two:sm0:7:sm1|                                                            ; 3 (3)       ; 2 (2)                     ; 0 (0)         ; 0           ; 0    ; 0            ; 0       ; 0         ; 0    ; 0            ; 0 (0)        ; 1 (1)             ; 2 (2)            ; |robot_motor_top|sld_signaltap:auto_signaltap_0|sld_signaltap_impl:sld_signaltap_body|sld_signaltap_implb:sld_signaltap_body|sld_ela_control:ela_control|sld_ela_basic_multi_level_trigger:\basic_multi_level_mbpm_trigger_gen:multi_level_mbpm|sld_mbpmg:\trigger_modules_gen:0:trigger_match|sld_sbpmg:\gen_sbpmg_pipeline_less_than_two:sm0:7:sm1        ; sld_sbpmg                         ; work         ;
;                      |sld_sbpmg:\gen_sbpmg_pipeline_less_than_two:sm0:8:sm1|                                                            ; 2 (2)       ; 2 (2)                     ; 0 (0)         ; 0           ; 0    ; 0            ; 0       ; 0         ; 0    ; 0            ; 0 (0)        ; 0 (0)             ; 2 (2)            ; |robot_motor_top|sld_signaltap:auto_signaltap_0|sld_signaltap_impl:sld_signaltap_body|sld_signaltap_implb:sld_signaltap_body|sld_ela_control:ela_control|sld_ela_basic_multi_level_trigger:\basic_multi_level_mbpm_trigger_gen:multi_level_mbpm|sld_mbpmg:\trigger_modules_gen:0:trigger_match|sld_sbpmg:\gen_sbpmg_pipeline_less_than_two:sm0:8:sm1        ; sld_sbpmg                         ; work         ;
;                      |sld_sbpmg:\gen_sbpmg_pipeline_less_than_two:sm0:9:sm1|                                                            ; 2 (2)       ; 2 (2)                     ; 0 (0)         ; 0           ; 0    ; 0            ; 0       ; 0         ; 0    ; 0            ; 0 (0)        ; 0 (0)             ; 2 (2)            ; |robot_motor_top|sld_signaltap:auto_signaltap_0|sld_signaltap_impl:sld_signaltap_body|sld_signaltap_implb:sld_signaltap_body|sld_ela_control:ela_control|sld_ela_basic_multi_level_trigger:\basic_multi_level_mbpm_trigger_gen:multi_level_mbpm|sld_mbpmg:\trigger_modules_gen:0:trigger_match|sld_sbpmg:\gen_sbpmg_pipeline_less_than_two:sm0:9:sm1        ; sld_sbpmg                         ; work         ;
;                |sld_ela_trigger_flow_mgr:\builtin:ela_trigger_flow_mgr_entity|                                                          ; 27 (17)     ; 11 (1)                    ; 0 (0)         ; 0           ; 0    ; 0            ; 0       ; 0         ; 0    ; 0            ; 16 (16)      ; 10 (0)            ; 1 (1)            ; |robot_motor_top|sld_signaltap:auto_signaltap_0|sld_signaltap_impl:sld_signaltap_body|sld_signaltap_implb:sld_signaltap_body|sld_ela_control:ela_control|sld_ela_trigger_flow_mgr:\builtin:ela_trigger_flow_mgr_entity                                                                                                                                      ; sld_ela_trigger_flow_mgr          ; work         ;
;                   |lpm_shiftreg:trigger_config_deserialize|                                                                             ; 10 (10)     ; 10 (10)                   ; 0 (0)         ; 0           ; 0    ; 0            ; 0       ; 0         ; 0    ; 0            ; 0 (0)        ; 10 (10)           ; 0 (0)            ; |robot_motor_top|sld_signaltap:auto_signaltap_0|sld_signaltap_impl:sld_signaltap_body|sld_signaltap_implb:sld_signaltap_body|sld_ela_control:ela_control|sld_ela_trigger_flow_mgr:\builtin:ela_trigger_flow_mgr_entity|lpm_shiftreg:trigger_config_deserialize                                                                                              ; lpm_shiftreg                      ; work         ;
;             |sld_gap_detector:\stp_non_zero_ram_gen:gap_detect_on:gap_detector|                                                         ; 2 (2)       ; 2 (2)                     ; 0 (0)         ; 0           ; 0    ; 0            ; 0       ; 0         ; 0    ; 0            ; 0 (0)        ; 1 (1)             ; 1 (1)            ; |robot_motor_top|sld_signaltap:auto_signaltap_0|sld_signaltap_impl:sld_signaltap_body|sld_signaltap_implb:sld_signaltap_body|sld_gap_detector:\stp_non_zero_ram_gen:gap_detect_on:gap_detector                                                                                                                                                              ; sld_gap_detector                  ; work         ;
;             |sld_offload_buffer_mgr:\stp_non_zero_depth_offload_gen:stp_offload_buff_mgr_inst|                                          ; 128 (10)    ; 110 (0)                   ; 0 (0)         ; 0           ; 0    ; 0            ; 0       ; 0         ; 0    ; 0            ; 17 (10)      ; 0 (0)             ; 111 (0)          ; |robot_motor_top|sld_signaltap:auto_signaltap_0|sld_signaltap_impl:sld_signaltap_body|sld_signaltap_implb:sld_signaltap_body|sld_offload_buffer_mgr:\stp_non_zero_depth_offload_gen:stp_offload_buff_mgr_inst                                                                                                                                               ; sld_offload_buffer_mgr            ; work         ;
;                |lpm_counter:\adv_point_3_and_more:advance_pointer_counter|                                                              ; 8 (0)       ; 6 (0)                     ; 0 (0)         ; 0           ; 0    ; 0            ; 0       ; 0         ; 0    ; 0            ; 2 (0)        ; 0 (0)             ; 6 (0)            ; |robot_motor_top|sld_signaltap:auto_signaltap_0|sld_signaltap_impl:sld_signaltap_body|sld_signaltap_implb:sld_signaltap_body|sld_offload_buffer_mgr:\stp_non_zero_depth_offload_gen:stp_offload_buff_mgr_inst|lpm_counter:\adv_point_3_and_more:advance_pointer_counter                                                                                     ; lpm_counter                       ; work         ;
;                   |cntr_ggi:auto_generated|                                                                                             ; 8 (8)       ; 6 (6)                     ; 0 (0)         ; 0           ; 0    ; 0            ; 0       ; 0         ; 0    ; 0            ; 2 (2)        ; 0 (0)             ; 6 (6)            ; |robot_motor_top|sld_signaltap:auto_signaltap_0|sld_signaltap_impl:sld_signaltap_body|sld_signaltap_implb:sld_signaltap_body|sld_offload_buffer_mgr:\stp_non_zero_depth_offload_gen:stp_offload_buff_mgr_inst|lpm_counter:\adv_point_3_and_more:advance_pointer_counter|cntr_ggi:auto_generated                                                             ; cntr_ggi                          ; work         ;
;                |lpm_counter:read_pointer_counter|                                                                                       ; 9 (0)       ; 9 (0)                     ; 0 (0)         ; 0           ; 0    ; 0            ; 0       ; 0         ; 0    ; 0            ; 0 (0)        ; 0 (0)             ; 9 (0)            ; |robot_motor_top|sld_signaltap:auto_signaltap_0|sld_signaltap_impl:sld_signaltap_body|sld_signaltap_implb:sld_signaltap_body|sld_offload_buffer_mgr:\stp_non_zero_depth_offload_gen:stp_offload_buff_mgr_inst|lpm_counter:read_pointer_counter                                                                                                              ; lpm_counter                       ; work         ;
;                   |cntr_h6j:auto_generated|                                                                                             ; 9 (9)       ; 9 (9)                     ; 0 (0)         ; 0           ; 0    ; 0            ; 0       ; 0         ; 0    ; 0            ; 0 (0)        ; 0 (0)             ; 9 (9)            ; |robot_motor_top|sld_signaltap:auto_signaltap_0|sld_signaltap_impl:sld_signaltap_body|sld_signaltap_implb:sld_signaltap_body|sld_offload_buffer_mgr:\stp_non_zero_depth_offload_gen:stp_offload_buff_mgr_inst|lpm_counter:read_pointer_counter|cntr_h6j:auto_generated                                                                                      ; cntr_h6j                          ; work         ;
;                |lpm_counter:status_advance_pointer_counter|                                                                             ; 7 (0)       ; 5 (0)                     ; 0 (0)         ; 0           ; 0    ; 0            ; 0       ; 0         ; 0    ; 0            ; 2 (0)        ; 0 (0)             ; 5 (0)            ; |robot_motor_top|sld_signaltap:auto_signaltap_0|sld_signaltap_impl:sld_signaltap_body|sld_signaltap_implb:sld_signaltap_body|sld_offload_buffer_mgr:\stp_non_zero_depth_offload_gen:stp_offload_buff_mgr_inst|lpm_counter:status_advance_pointer_counter                                                                                                    ; lpm_counter                       ; work         ;
;                   |cntr_8hi:auto_generated|                                                                                             ; 7 (7)       ; 5 (5)                     ; 0 (0)         ; 0           ; 0    ; 0            ; 0       ; 0         ; 0    ; 0            ; 2 (2)        ; 0 (0)             ; 5 (5)            ; |robot_motor_top|sld_signaltap:auto_signaltap_0|sld_signaltap_impl:sld_signaltap_body|sld_signaltap_implb:sld_signaltap_body|sld_offload_buffer_mgr:\stp_non_zero_depth_offload_gen:stp_offload_buff_mgr_inst|lpm_counter:status_advance_pointer_counter|cntr_8hi:auto_generated                                                                            ; cntr_8hi                          ; work         ;
;                |lpm_counter:status_read_pointer_counter|                                                                                ; 3 (0)       ; 1 (0)                     ; 0 (0)         ; 0           ; 0    ; 0            ; 0       ; 0         ; 0    ; 0            ; 2 (0)        ; 0 (0)             ; 1 (0)            ; |robot_motor_top|sld_signaltap:auto_signaltap_0|sld_signaltap_impl:sld_signaltap_body|sld_signaltap_implb:sld_signaltap_body|sld_offload_buffer_mgr:\stp_non_zero_depth_offload_gen:stp_offload_buff_mgr_inst|lpm_counter:status_read_pointer_counter                                                                                                       ; lpm_counter                       ; work         ;
;                   |cntr_23j:auto_generated|                                                                                             ; 3 (3)       ; 1 (1)                     ; 0 (0)         ; 0           ; 0    ; 0            ; 0       ; 0         ; 0    ; 0            ; 2 (2)        ; 0 (0)             ; 1 (1)            ; |robot_motor_top|sld_signaltap:auto_signaltap_0|sld_signaltap_impl:sld_signaltap_body|sld_signaltap_implb:sld_signaltap_body|sld_offload_buffer_mgr:\stp_non_zero_depth_offload_gen:stp_offload_buff_mgr_inst|lpm_counter:status_read_pointer_counter|cntr_23j:auto_generated                                                                               ; cntr_23j                          ; work         ;
;                |lpm_shiftreg:info_data_shift_out|                                                                                       ; 20 (20)     ; 19 (19)                   ; 0 (0)         ; 0           ; 0    ; 0            ; 0       ; 0         ; 0    ; 0            ; 1 (1)        ; 0 (0)             ; 19 (19)          ; |robot_motor_top|sld_signaltap:auto_signaltap_0|sld_signaltap_impl:sld_signaltap_body|sld_signaltap_implb:sld_signaltap_body|sld_offload_buffer_mgr:\stp_non_zero_depth_offload_gen:stp_offload_buff_mgr_inst|lpm_shiftreg:info_data_shift_out                                                                                                              ; lpm_shiftreg                      ; work         ;
;                |lpm_shiftreg:ram_data_shift_out|                                                                                        ; 51 (51)     ; 51 (51)                   ; 0 (0)         ; 0           ; 0    ; 0            ; 0       ; 0         ; 0    ; 0            ; 0 (0)        ; 0 (0)             ; 51 (51)          ; |robot_motor_top|sld_signaltap:auto_signaltap_0|sld_signaltap_impl:sld_signaltap_body|sld_signaltap_implb:sld_signaltap_body|sld_offload_buffer_mgr:\stp_non_zero_depth_offload_gen:stp_offload_buff_mgr_inst|lpm_shiftreg:ram_data_shift_out                                                                                                               ; lpm_shiftreg                      ; work         ;
;                |lpm_shiftreg:status_data_shift_out|                                                                                     ; 20 (20)     ; 19 (19)                   ; 0 (0)         ; 0           ; 0    ; 0            ; 0       ; 0         ; 0    ; 0            ; 0 (0)        ; 0 (0)             ; 20 (20)          ; |robot_motor_top|sld_signaltap:auto_signaltap_0|sld_signaltap_impl:sld_signaltap_body|sld_signaltap_implb:sld_signaltap_body|sld_offload_buffer_mgr:\stp_non_zero_depth_offload_gen:stp_offload_buff_mgr_inst|lpm_shiftreg:status_data_shift_out                                                                                                            ; lpm_shiftreg                      ; work         ;
;             |sld_rom_sr:crc_rom_sr|                                                                                                     ; 30 (30)     ; 8 (8)                     ; 0 (0)         ; 0           ; 0    ; 0            ; 0       ; 0         ; 0    ; 0            ; 22 (22)      ; 0 (0)             ; 8 (8)            ; |robot_motor_top|sld_signaltap:auto_signaltap_0|sld_signaltap_impl:sld_signaltap_body|sld_signaltap_implb:sld_signaltap_body|sld_rom_sr:crc_rom_sr                                                                                                                                                                                                          ; sld_rom_sr                        ; work         ;
;    |t2a_dht:u_dht|                                                                                                                      ; 204 (204)   ; 139 (139)                 ; 0 (0)         ; 0           ; 0    ; 0            ; 0       ; 0         ; 0    ; 0            ; 65 (65)      ; 42 (42)           ; 97 (97)          ; |robot_motor_top|t2a_dht:u_dht                                                                                                                                                                                                                                                                                                                              ; t2a_dht                           ; work         ;
;    |uart_cmd_parser:u_uart_cmd|                                                                                                         ; 4 (4)       ; 1 (1)                     ; 0 (0)         ; 0           ; 0    ; 0            ; 0       ; 0         ; 0    ; 0            ; 0 (0)        ; 0 (0)             ; 4 (4)            ; |robot_motor_top|uart_cmd_parser:u_uart_cmd                                                                                                                                                                                                                                                                                                                 ; uart_cmd_parser                   ; work         ;
;    |uart_rx:u_uart_rx|                                                                                                                  ; 72 (72)     ; 35 (35)                   ; 0 (0)         ; 0           ; 0    ; 0            ; 0       ; 0         ; 0    ; 0            ; 37 (37)      ; 6 (6)             ; 29 (29)          ; |robot_motor_top|uart_rx:u_uart_rx                                                                                                                                                                                                                                                                                                                          ; uart_rx                           ; work         ;
;    |uart_tx:uart|                                                                                                                       ; 36 (36)     ; 21 (21)                   ; 0 (0)         ; 0           ; 0    ; 0            ; 0       ; 0         ; 0    ; 0            ; 15 (15)      ; 3 (3)             ; 18 (18)          ; |robot_motor_top|uart_tx:uart                                                                                                                                                                                                                                                                                                                               ; uart_tx                           ; work         ;
+-----------------------------------------------------------------------------------------------------------------------------------------+-------------+---------------------------+---------------+-------------+------+--------------+---------+-----------+------+--------------+--------------+-------------------+------------------+-------------------------------------------------------------------------------------------------------------------------------------------------------------------------------------------------------------------------------------------------------------------------------------------------------------------------------------------------------------+-----------------------------------+--------------+
Note: For table entries with two numbers listed, the numbers in parentheses indicate the number of resources of the given type used by the specific entity alone. The numbers listed outside of parentheses indicate the total resources of the given type used by the specific entity and all of its sub-entities in the hierarchy.


+-------------------------------------------------------------------------------------------+
; Delay Chain Summary                                                                       ;
+-----------+----------+---------------+---------------+-----------------------+-----+------+
; Name      ; Pin Type ; Pad to Core 0 ; Pad to Core 1 ; Pad to Input Register ; TCO ; TCOE ;
+-----------+----------+---------------+---------------+-----------------------+-----+------+
; EN1_A     ; Input    ; --            ; --            ; --                    ; --  ; --   ;
; EN2_A     ; Input    ; --            ; --            ; --                    ; --  ; --   ;
; EN1_B     ; Input    ; --            ; --            ; --                    ; --  ; --   ;
; EN2_B     ; Input    ; --            ; --            ; --                    ; --  ; --   ;
; tx        ; Output   ; --            ; --            ; --                    ; --  ; --   ;
; dout      ; Input    ; --            ; --            ; --                    ; --  ; --   ;
; adc_cs_n  ; Output   ; --            ; --            ; --                    ; --  ; --   ;
; din       ; Output   ; --            ; --            ; --                    ; --  ; --   ;
; adc_sck   ; Output   ; --            ; --            ; --                    ; --  ; --   ;
; trig_l    ; Output   ; --            ; --            ; --                    ; --  ; --   ;
; trig_f    ; Output   ; --            ; --            ; --                    ; --  ; --   ;
; trig_r    ; Output   ; --            ; --            ; --                    ; --  ; --   ;
; SERVO_1   ; Output   ; --            ; --            ; --                    ; --  ; --   ;
; SERVO_2   ; Output   ; --            ; --            ; --                    ; --  ; --   ;
; ENA       ; Output   ; --            ; --            ; --                    ; --  ; --   ;
; ENB       ; Output   ; --            ; --            ; --                    ; --  ; --   ;
; IN1       ; Output   ; --            ; --            ; --                    ; --  ; --   ;
; IN2       ; Output   ; --            ; --            ; --                    ; --  ; --   ;
; IN3       ; Output   ; --            ; --            ; --                    ; --  ; --   ;
; IN4       ; Output   ; --            ; --            ; --                    ; --  ; --   ;
; dht_inout ; Bidir    ; (6) 1314 ps   ; --            ; --                    ; --  ; --   ;
; reset     ; Input    ; (6) 1314 ps   ; --            ; --                    ; --  ; --   ;
; clk       ; Input    ; (0) 0 ps      ; --            ; --                    ; --  ; --   ;
; ec_l      ; Input    ; (6) 1314 ps   ; --            ; --                    ; --  ; --   ;
; ec_f      ; Input    ; --            ; (6) 1314 ps   ; --                    ; --  ; --   ;
; ec_r      ; Input    ; (6) 1314 ps   ; --            ; --                    ; --  ; --   ;
; ir_l      ; Input    ; (6) 1314 ps   ; --            ; --                    ; --  ; --   ;
; ir_f      ; Input    ; (6) 1314 ps   ; --            ; --                    ; --  ; --   ;
; ir_r      ; Input    ; (6) 1314 ps   ; --            ; --                    ; --  ; --   ;
; rx        ; Input    ; (6) 1314 ps   ; --            ; --                    ; --  ; --   ;
+-----------+----------+---------------+---------------+-----------------------+-----+------+


+--------------------------------------------------------------------------------------------------------------------------+
; Pad To Core Delay Chain Fanout                                                                                           ;
+--------------------------------------------------------------------------------------------+-------------------+---------+
; Source Pin / Fanout                                                                        ; Pad To Core Index ; Setting ;
+--------------------------------------------------------------------------------------------+-------------------+---------+
; EN1_A                                                                                      ;                   ;         ;
; EN2_A                                                                                      ;                   ;         ;
; EN1_B                                                                                      ;                   ;         ;
; EN2_B                                                                                      ;                   ;         ;
; dout                                                                                       ;                   ;         ;
; dht_inout                                                                                  ;                   ;         ;
;      - t2a_dht:u_dht|s1~feeder                                                             ; 0                 ; 6       ;
; reset                                                                                      ;                   ;         ;
;      - clk3125:u_clk_div|clk_3125k                                                         ; 0                 ; 6       ;
;      - motor_controller:motor_ctrl|End                                                     ; 0                 ; 6       ;
;      - ir_and_us:path_ctrl|us_sensor:us_l|trig                                             ; 0                 ; 6       ;
;      - ir_and_us:path_ctrl|us_sensor:us_r|trig                                             ; 0                 ; 6       ;
;      - ir_and_us:path_ctrl|us_sensor:us_f|trig                                             ; 0                 ; 6       ;
;      - uart_tx:uart|bit_idx[0]                                                             ; 0                 ; 6       ;
;      - uart_tx:uart|bit_idx[1]                                                             ; 0                 ; 6       ;
;      - uart_tx:uart|bit_idx[2]                                                             ; 0                 ; 6       ;
;      - uart_tx:uart|data_shift[0]                                                          ; 0                 ; 6       ;
;      - uart_tx:uart|data_shift[1]                                                          ; 0                 ; 6       ;
;      - uart_tx:uart|data_shift[2]                                                          ; 0                 ; 6       ;
;      - uart_tx:uart|data_shift[3]                                                          ; 0                 ; 6       ;
;      - uart_tx:uart|data_shift[4]                                                          ; 0                 ; 6       ;
;      - uart_tx:uart|data_shift[5]                                                          ; 0                 ; 6       ;
;      - uart_tx:uart|data_shift[6]                                                          ; 0                 ; 6       ;
;      - motor_controller:motor_ctrl|IN1                                                     ; 0                 ; 6       ;
;      - motor_controller:motor_ctrl|IN2                                                     ; 0                 ; 6       ;
;      - motor_controller:motor_ctrl|IN3                                                     ; 0                 ; 6       ;
;      - motor_controller:motor_ctrl|IN4                                                     ; 0                 ; 6       ;
;      - msg_sender:msg_fsm|tx_start                                                         ; 0                 ; 6       ;
;      - motor_controller:motor_ctrl|duty_A[1]                                               ; 0                 ; 6       ;
;      - motor_controller:motor_ctrl|duty_A[0]                                               ; 0                 ; 6       ;
;      - motor_controller:motor_ctrl|duty_B[1]                                               ; 0                 ; 6       ;
;      - msg_sender:msg_fsm|gap                                                              ; 0                 ; 6       ;
;      - motor_controller:motor_ctrl|error[1]                                                ; 0                 ; 6       ;
;      - motor_controller:motor_ctrl|error[4]                                                ; 0                 ; 6       ;
;      - uart_rx:u_uart_rx|state.STOP                                                        ; 0                 ; 6       ;
;      - uart_tx:uart|state.IDLE                                                             ; 0                 ; 6       ;
;      - uart_tx:uart|state.DATA                                                             ; 0                 ; 6       ;
;      - uart_tx:uart|state.STOP                                                             ; 0                 ; 6       ;
;      - motor_controller:motor_ctrl|state.LEFT                                              ; 0                 ; 6       ;
;      - motor_controller:motor_ctrl|state.STOP                                              ; 0                 ; 6       ;
;      - motor_controller:motor_ctrl|state.UTURN                                             ; 0                 ; 6       ;
;      - motor_controller:motor_ctrl|mpi_count[3]                                            ; 0                 ; 6       ;
;      - motor_controller:motor_ctrl|mpi_count[2]                                            ; 0                 ; 6       ;
;      - motor_controller:motor_ctrl|mpi_count[1]                                            ; 0                 ; 6       ;
;      - motor_controller:motor_ctrl|state.RIGHT                                             ; 0                 ; 6       ;
;      - ir_and_us:path_ctrl|us_sensor:us_l|counter[1]                                       ; 0                 ; 6       ;
;      - ir_and_us:path_ctrl|us_sensor:us_l|counter[2]                                       ; 0                 ; 6       ;
;      - ir_and_us:path_ctrl|us_sensor:us_l|counter[3]                                       ; 0                 ; 6       ;
;      - ir_and_us:path_ctrl|us_sensor:us_l|counter[4]                                       ; 0                 ; 6       ;
;      - ir_and_us:path_ctrl|us_sensor:us_l|counter[5]                                       ; 0                 ; 6       ;
;      - ir_and_us:path_ctrl|us_sensor:us_l|counter[6]                                       ; 0                 ; 6       ;
;      - ir_and_us:path_ctrl|us_sensor:us_l|counter[7]                                       ; 0                 ; 6       ;
;      - ir_and_us:path_ctrl|us_sensor:us_l|counter[8]                                       ; 0                 ; 6       ;
;      - ir_and_us:path_ctrl|us_sensor:us_l|counter[9]                                       ; 0                 ; 6       ;
;      - ir_and_us:path_ctrl|us_sensor:us_l|counter[10]                                      ; 0                 ; 6       ;
;      - ir_and_us:path_ctrl|us_sensor:us_l|counter[11]                                      ; 0                 ; 6       ;
;      - ir_and_us:path_ctrl|us_sensor:us_l|counter[12]                                      ; 0                 ; 6       ;
;      - ir_and_us:path_ctrl|us_sensor:us_l|counter[13]                                      ; 0                 ; 6       ;
;      - ir_and_us:path_ctrl|us_sensor:us_l|counter[14]                                      ; 0                 ; 6       ;
;      - ir_and_us:path_ctrl|us_sensor:us_l|counter[15]                                      ; 0                 ; 6       ;
;      - ir_and_us:path_ctrl|us_sensor:us_l|counter[16]                                      ; 0                 ; 6       ;
;      - ir_and_us:path_ctrl|us_sensor:us_l|counter[17]                                      ; 0                 ; 6       ;
;      - ir_and_us:path_ctrl|us_sensor:us_l|counter[18]                                      ; 0                 ; 6       ;
;      - ir_and_us:path_ctrl|us_sensor:us_l|counter[19]                                      ; 0                 ; 6       ;
;      - ir_and_us:path_ctrl|us_sensor:us_l|counter[20]                                      ; 0                 ; 6       ;
;      - ir_and_us:path_ctrl|us_sensor:us_l|counter[21]                                      ; 0                 ; 6       ;
;      - ir_and_us:path_ctrl|us_sensor:us_l|counter[22]                                      ; 0                 ; 6       ;
;      - ir_and_us:path_ctrl|us_sensor:us_l|counter[23]                                      ; 0                 ; 6       ;
;      - ir_and_us:path_ctrl|us_sensor:us_l|counter[24]                                      ; 0                 ; 6       ;
;      - ir_and_us:path_ctrl|us_sensor:us_l|counter[25]                                      ; 0                 ; 6       ;
;      - ir_and_us:path_ctrl|us_sensor:us_l|counter[26]                                      ; 0                 ; 6       ;
;      - ir_and_us:path_ctrl|us_sensor:us_l|counter[27]                                      ; 0                 ; 6       ;
;      - ir_and_us:path_ctrl|us_sensor:us_l|counter[28]                                      ; 0                 ; 6       ;
;      - ir_and_us:path_ctrl|us_sensor:us_l|counter[29]                                      ; 0                 ; 6       ;
;      - ir_and_us:path_ctrl|us_sensor:us_l|counter[30]                                      ; 0                 ; 6       ;
;      - ir_and_us:path_ctrl|us_sensor:us_l|counter[31]                                      ; 0                 ; 6       ;
;      - ir_and_us:path_ctrl|us_sensor:us_f|counter[1]                                       ; 0                 ; 6       ;
;      - ir_and_us:path_ctrl|us_sensor:us_f|counter[2]                                       ; 0                 ; 6       ;
;      - ir_and_us:path_ctrl|us_sensor:us_f|counter[3]                                       ; 0                 ; 6       ;
;      - ir_and_us:path_ctrl|us_sensor:us_f|counter[4]                                       ; 0                 ; 6       ;
;      - ir_and_us:path_ctrl|us_sensor:us_f|counter[5]                                       ; 0                 ; 6       ;
;      - ir_and_us:path_ctrl|us_sensor:us_f|counter[6]                                       ; 0                 ; 6       ;
;      - ir_and_us:path_ctrl|us_sensor:us_f|counter[7]                                       ; 0                 ; 6       ;
;      - ir_and_us:path_ctrl|us_sensor:us_f|counter[8]                                       ; 0                 ; 6       ;
;      - ir_and_us:path_ctrl|us_sensor:us_f|counter[9]                                       ; 0                 ; 6       ;
;      - ir_and_us:path_ctrl|us_sensor:us_f|counter[10]                                      ; 0                 ; 6       ;
;      - ir_and_us:path_ctrl|us_sensor:us_f|counter[11]                                      ; 0                 ; 6       ;
;      - ir_and_us:path_ctrl|us_sensor:us_f|counter[12]                                      ; 0                 ; 6       ;
;      - ir_and_us:path_ctrl|us_sensor:us_f|counter[13]                                      ; 0                 ; 6       ;
;      - ir_and_us:path_ctrl|us_sensor:us_f|counter[14]                                      ; 0                 ; 6       ;
;      - ir_and_us:path_ctrl|us_sensor:us_f|counter[15]                                      ; 0                 ; 6       ;
;      - ir_and_us:path_ctrl|us_sensor:us_f|counter[16]                                      ; 0                 ; 6       ;
;      - ir_and_us:path_ctrl|us_sensor:us_f|counter[17]                                      ; 0                 ; 6       ;
;      - ir_and_us:path_ctrl|us_sensor:us_f|counter[18]                                      ; 0                 ; 6       ;
;      - ir_and_us:path_ctrl|us_sensor:us_f|counter[19]                                      ; 0                 ; 6       ;
;      - ir_and_us:path_ctrl|us_sensor:us_f|counter[20]                                      ; 0                 ; 6       ;
;      - ir_and_us:path_ctrl|us_sensor:us_f|counter[21]                                      ; 0                 ; 6       ;
;      - ir_and_us:path_ctrl|us_sensor:us_f|counter[22]                                      ; 0                 ; 6       ;
;      - ir_and_us:path_ctrl|us_sensor:us_f|counter[23]                                      ; 0                 ; 6       ;
;      - ir_and_us:path_ctrl|us_sensor:us_f|counter[24]                                      ; 0                 ; 6       ;
;      - ir_and_us:path_ctrl|us_sensor:us_f|counter[25]                                      ; 0                 ; 6       ;
;      - ir_and_us:path_ctrl|us_sensor:us_f|counter[26]                                      ; 0                 ; 6       ;
;      - ir_and_us:path_ctrl|us_sensor:us_f|counter[27]                                      ; 0                 ; 6       ;
;      - ir_and_us:path_ctrl|us_sensor:us_f|counter[28]                                      ; 0                 ; 6       ;
;      - ir_and_us:path_ctrl|us_sensor:us_f|counter[29]                                      ; 0                 ; 6       ;
;      - ir_and_us:path_ctrl|us_sensor:us_f|counter[30]                                      ; 0                 ; 6       ;
;      - ir_and_us:path_ctrl|us_sensor:us_f|counter[31]                                      ; 0                 ; 6       ;
;      - ir_and_us:path_ctrl|us_sensor:us_r|counter[1]                                       ; 0                 ; 6       ;
;      - ir_and_us:path_ctrl|us_sensor:us_r|counter[2]                                       ; 0                 ; 6       ;
;      - ir_and_us:path_ctrl|us_sensor:us_r|counter[3]                                       ; 0                 ; 6       ;
;      - ir_and_us:path_ctrl|us_sensor:us_r|counter[4]                                       ; 0                 ; 6       ;
;      - ir_and_us:path_ctrl|us_sensor:us_r|counter[5]                                       ; 0                 ; 6       ;
;      - ir_and_us:path_ctrl|us_sensor:us_r|counter[6]                                       ; 0                 ; 6       ;
;      - ir_and_us:path_ctrl|us_sensor:us_r|counter[7]                                       ; 0                 ; 6       ;
;      - ir_and_us:path_ctrl|us_sensor:us_r|counter[8]                                       ; 0                 ; 6       ;
;      - ir_and_us:path_ctrl|us_sensor:us_r|counter[9]                                       ; 0                 ; 6       ;
;      - ir_and_us:path_ctrl|us_sensor:us_r|counter[10]                                      ; 0                 ; 6       ;
;      - ir_and_us:path_ctrl|us_sensor:us_r|counter[11]                                      ; 0                 ; 6       ;
;      - ir_and_us:path_ctrl|us_sensor:us_r|counter[12]                                      ; 0                 ; 6       ;
;      - ir_and_us:path_ctrl|us_sensor:us_r|counter[13]                                      ; 0                 ; 6       ;
;      - ir_and_us:path_ctrl|us_sensor:us_r|counter[14]                                      ; 0                 ; 6       ;
;      - ir_and_us:path_ctrl|us_sensor:us_r|counter[15]                                      ; 0                 ; 6       ;
;      - ir_and_us:path_ctrl|us_sensor:us_r|counter[16]                                      ; 0                 ; 6       ;
;      - ir_and_us:path_ctrl|us_sensor:us_r|counter[17]                                      ; 0                 ; 6       ;
;      - ir_and_us:path_ctrl|us_sensor:us_r|counter[18]                                      ; 0                 ; 6       ;
;      - ir_and_us:path_ctrl|us_sensor:us_r|counter[19]                                      ; 0                 ; 6       ;
;      - ir_and_us:path_ctrl|us_sensor:us_r|counter[20]                                      ; 0                 ; 6       ;
;      - ir_and_us:path_ctrl|us_sensor:us_r|counter[21]                                      ; 0                 ; 6       ;
;      - ir_and_us:path_ctrl|us_sensor:us_r|counter[22]                                      ; 0                 ; 6       ;
;      - ir_and_us:path_ctrl|us_sensor:us_r|counter[23]                                      ; 0                 ; 6       ;
;      - ir_and_us:path_ctrl|us_sensor:us_r|counter[24]                                      ; 0                 ; 6       ;
;      - ir_and_us:path_ctrl|us_sensor:us_r|counter[25]                                      ; 0                 ; 6       ;
;      - ir_and_us:path_ctrl|us_sensor:us_r|counter[26]                                      ; 0                 ; 6       ;
;      - ir_and_us:path_ctrl|us_sensor:us_r|counter[27]                                      ; 0                 ; 6       ;
;      - ir_and_us:path_ctrl|us_sensor:us_r|counter[28]                                      ; 0                 ; 6       ;
;      - ir_and_us:path_ctrl|us_sensor:us_r|counter[29]                                      ; 0                 ; 6       ;
;      - ir_and_us:path_ctrl|us_sensor:us_r|counter[30]                                      ; 0                 ; 6       ;
;      - ir_and_us:path_ctrl|us_sensor:us_r|counter[31]                                      ; 0                 ; 6       ;
;      - motor_controller:motor_ctrl|delay_counter[7]                                        ; 0                 ; 6       ;
;      - motor_controller:motor_ctrl|delay_counter[8]                                        ; 0                 ; 6       ;
;      - motor_controller:motor_ctrl|delay_counter[9]                                        ; 0                 ; 6       ;
;      - motor_controller:motor_ctrl|delay_counter[10]                                       ; 0                 ; 6       ;
;      - motor_controller:motor_ctrl|delay_counter[11]                                       ; 0                 ; 6       ;
;      - motor_controller:motor_ctrl|delay_counter[12]                                       ; 0                 ; 6       ;
;      - motor_controller:motor_ctrl|delay_counter[13]                                       ; 0                 ; 6       ;
;      - motor_controller:motor_ctrl|delay_counter[14]                                       ; 0                 ; 6       ;
;      - motor_controller:motor_ctrl|delay_counter[15]                                       ; 0                 ; 6       ;
;      - motor_controller:motor_ctrl|delay_counter[16]                                       ; 0                 ; 6       ;
;      - motor_controller:motor_ctrl|delay_counter[17]                                       ; 0                 ; 6       ;
;      - motor_controller:motor_ctrl|delay_counter[18]                                       ; 0                 ; 6       ;
;      - motor_controller:motor_ctrl|delay_counter[19]                                       ; 0                 ; 6       ;
;      - motor_controller:motor_ctrl|delay_counter[20]                                       ; 0                 ; 6       ;
;      - motor_controller:motor_ctrl|delay_counter[21]                                       ; 0                 ; 6       ;
;      - motor_controller:motor_ctrl|delay_counter[22]                                       ; 0                 ; 6       ;
;      - motor_controller:motor_ctrl|delay_counter[23]                                       ; 0                 ; 6       ;
;      - motor_controller:motor_ctrl|delay_counter[24]                                       ; 0                 ; 6       ;
;      - motor_controller:motor_ctrl|delay_counter[25]                                       ; 0                 ; 6       ;
;      - motor_controller:motor_ctrl|delay_counter[26]                                       ; 0                 ; 6       ;
;      - motor_controller:motor_ctrl|delay_counter[27]                                       ; 0                 ; 6       ;
;      - motor_controller:motor_ctrl|delay_counter[28]                                       ; 0                 ; 6       ;
;      - motor_controller:motor_ctrl|delay_counter[29]                                       ; 0                 ; 6       ;
;      - motor_controller:motor_ctrl|delay_counter[30]                                       ; 0                 ; 6       ;
;      - motor_controller:motor_ctrl|delay_counter[31]                                       ; 0                 ; 6       ;
;      - ir_and_us:path_ctrl|us_sensor:us_l|counter[0]                                       ; 0                 ; 6       ;
;      - ir_and_us:path_ctrl|us_sensor:us_l|delay_counter[6]                                 ; 0                 ; 6       ;
;      - ir_and_us:path_ctrl|us_sensor:us_l|delay_counter[7]                                 ; 0                 ; 6       ;
;      - ir_and_us:path_ctrl|us_sensor:us_l|delay_counter[8]                                 ; 0                 ; 6       ;
;      - ir_and_us:path_ctrl|us_sensor:us_l|delay_counter[9]                                 ; 0                 ; 6       ;
;      - ir_and_us:path_ctrl|us_sensor:us_l|delay_counter[10]                                ; 0                 ; 6       ;
;      - ir_and_us:path_ctrl|us_sensor:us_l|delay_counter[11]                                ; 0                 ; 6       ;
;      - ir_and_us:path_ctrl|us_sensor:us_l|delay_counter[12]                                ; 0                 ; 6       ;
;      - ir_and_us:path_ctrl|us_sensor:us_l|delay_counter[13]                                ; 0                 ; 6       ;
;      - ir_and_us:path_ctrl|us_sensor:us_l|delay_counter[14]                                ; 0                 ; 6       ;
;      - ir_and_us:path_ctrl|us_sensor:us_l|delay_counter[15]                                ; 0                 ; 6       ;
;      - ir_and_us:path_ctrl|us_sensor:us_l|delay_counter[16]                                ; 0                 ; 6       ;
;      - ir_and_us:path_ctrl|us_sensor:us_l|delay_counter[17]                                ; 0                 ; 6       ;
;      - ir_and_us:path_ctrl|us_sensor:us_l|delay_counter[18]                                ; 0                 ; 6       ;
;      - ir_and_us:path_ctrl|us_sensor:us_l|delay_counter[19]                                ; 0                 ; 6       ;
;      - ir_and_us:path_ctrl|us_sensor:us_l|delay_counter[20]                                ; 0                 ; 6       ;
;      - ir_and_us:path_ctrl|us_sensor:us_l|delay_counter[21]                                ; 0                 ; 6       ;
;      - ir_and_us:path_ctrl|us_sensor:us_l|delay_counter[22]                                ; 0                 ; 6       ;
;      - ir_and_us:path_ctrl|us_sensor:us_l|delay_counter[23]                                ; 0                 ; 6       ;
;      - ir_and_us:path_ctrl|us_sensor:us_l|delay_counter[24]                                ; 0                 ; 6       ;
;      - ir_and_us:path_ctrl|us_sensor:us_l|delay_counter[25]                                ; 0                 ; 6       ;
;      - ir_and_us:path_ctrl|us_sensor:us_l|delay_counter[26]                                ; 0                 ; 6       ;
;      - ir_and_us:path_ctrl|us_sensor:us_l|delay_counter[27]                                ; 0                 ; 6       ;
;      - ir_and_us:path_ctrl|us_sensor:us_l|delay_counter[28]                                ; 0                 ; 6       ;
;      - ir_and_us:path_ctrl|us_sensor:us_l|delay_counter[29]                                ; 0                 ; 6       ;
;      - ir_and_us:path_ctrl|us_sensor:us_l|delay_counter[30]                                ; 0                 ; 6       ;
;      - ir_and_us:path_ctrl|us_sensor:us_l|delay_counter[31]                                ; 0                 ; 6       ;
;      - ir_and_us:path_ctrl|us_sensor:us_f|counter[0]                                       ; 0                 ; 6       ;
;      - ir_and_us:path_ctrl|us_sensor:us_f|delay_counter[6]                                 ; 0                 ; 6       ;
;      - ir_and_us:path_ctrl|us_sensor:us_f|delay_counter[7]                                 ; 0                 ; 6       ;
;      - ir_and_us:path_ctrl|us_sensor:us_f|delay_counter[8]                                 ; 0                 ; 6       ;
;      - ir_and_us:path_ctrl|us_sensor:us_f|delay_counter[9]                                 ; 0                 ; 6       ;
;      - ir_and_us:path_ctrl|us_sensor:us_f|delay_counter[10]                                ; 0                 ; 6       ;
;      - ir_and_us:path_ctrl|us_sensor:us_f|delay_counter[11]                                ; 0                 ; 6       ;
;      - ir_and_us:path_ctrl|us_sensor:us_f|delay_counter[12]                                ; 0                 ; 6       ;
;      - ir_and_us:path_ctrl|us_sensor:us_f|delay_counter[13]                                ; 0                 ; 6       ;
;      - ir_and_us:path_ctrl|us_sensor:us_f|delay_counter[14]                                ; 0                 ; 6       ;
;      - ir_and_us:path_ctrl|us_sensor:us_f|delay_counter[15]                                ; 0                 ; 6       ;
;      - ir_and_us:path_ctrl|us_sensor:us_f|delay_counter[16]                                ; 0                 ; 6       ;
;      - ir_and_us:path_ctrl|us_sensor:us_f|delay_counter[17]                                ; 0                 ; 6       ;
;      - ir_and_us:path_ctrl|us_sensor:us_f|delay_counter[18]                                ; 0                 ; 6       ;
;      - ir_and_us:path_ctrl|us_sensor:us_f|delay_counter[19]                                ; 0                 ; 6       ;
;      - ir_and_us:path_ctrl|us_sensor:us_f|delay_counter[20]                                ; 0                 ; 6       ;
;      - ir_and_us:path_ctrl|us_sensor:us_f|delay_counter[21]                                ; 0                 ; 6       ;
;      - ir_and_us:path_ctrl|us_sensor:us_f|delay_counter[22]                                ; 0                 ; 6       ;
;      - ir_and_us:path_ctrl|us_sensor:us_f|delay_counter[23]                                ; 0                 ; 6       ;
;      - ir_and_us:path_ctrl|us_sensor:us_f|delay_counter[24]                                ; 0                 ; 6       ;
;      - ir_and_us:path_ctrl|us_sensor:us_f|delay_counter[25]                                ; 0                 ; 6       ;
;      - ir_and_us:path_ctrl|us_sensor:us_f|delay_counter[26]                                ; 0                 ; 6       ;
;      - ir_and_us:path_ctrl|us_sensor:us_f|delay_counter[27]                                ; 0                 ; 6       ;
;      - ir_and_us:path_ctrl|us_sensor:us_f|delay_counter[28]                                ; 0                 ; 6       ;
;      - ir_and_us:path_ctrl|us_sensor:us_f|delay_counter[29]                                ; 0                 ; 6       ;
;      - ir_and_us:path_ctrl|us_sensor:us_f|delay_counter[30]                                ; 0                 ; 6       ;
;      - ir_and_us:path_ctrl|us_sensor:us_f|delay_counter[31]                                ; 0                 ; 6       ;
;      - ir_and_us:path_ctrl|us_sensor:us_r|counter[0]                                       ; 0                 ; 6       ;
;      - ir_and_us:path_ctrl|us_sensor:us_r|delay_counter[6]                                 ; 0                 ; 6       ;
;      - ir_and_us:path_ctrl|us_sensor:us_r|delay_counter[7]                                 ; 0                 ; 6       ;
;      - ir_and_us:path_ctrl|us_sensor:us_r|delay_counter[8]                                 ; 0                 ; 6       ;
;      - ir_and_us:path_ctrl|us_sensor:us_r|delay_counter[9]                                 ; 0                 ; 6       ;
;      - ir_and_us:path_ctrl|us_sensor:us_r|delay_counter[10]                                ; 0                 ; 6       ;
;      - ir_and_us:path_ctrl|us_sensor:us_r|delay_counter[11]                                ; 0                 ; 6       ;
;      - ir_and_us:path_ctrl|us_sensor:us_r|delay_counter[12]                                ; 0                 ; 6       ;
;      - ir_and_us:path_ctrl|us_sensor:us_r|delay_counter[13]                                ; 0                 ; 6       ;
;      - ir_and_us:path_ctrl|us_sensor:us_r|delay_counter[14]                                ; 0                 ; 6       ;
;      - ir_and_us:path_ctrl|us_sensor:us_r|delay_counter[15]                                ; 0                 ; 6       ;
;      - ir_and_us:path_ctrl|us_sensor:us_r|delay_counter[16]                                ; 0                 ; 6       ;
;      - ir_and_us:path_ctrl|us_sensor:us_r|delay_counter[17]                                ; 0                 ; 6       ;
;      - ir_and_us:path_ctrl|us_sensor:us_r|delay_counter[18]                                ; 0                 ; 6       ;
;      - ir_and_us:path_ctrl|us_sensor:us_r|delay_counter[19]                                ; 0                 ; 6       ;
;      - ir_and_us:path_ctrl|us_sensor:us_r|delay_counter[20]                                ; 0                 ; 6       ;
;      - ir_and_us:path_ctrl|us_sensor:us_r|delay_counter[21]                                ; 0                 ; 6       ;
;      - ir_and_us:path_ctrl|us_sensor:us_r|delay_counter[22]                                ; 0                 ; 6       ;
;      - ir_and_us:path_ctrl|us_sensor:us_r|delay_counter[23]                                ; 0                 ; 6       ;
;      - ir_and_us:path_ctrl|us_sensor:us_r|delay_counter[24]                                ; 0                 ; 6       ;
;      - ir_and_us:path_ctrl|us_sensor:us_r|delay_counter[25]                                ; 0                 ; 6       ;
;      - ir_and_us:path_ctrl|us_sensor:us_r|delay_counter[26]                                ; 0                 ; 6       ;
;      - ir_and_us:path_ctrl|us_sensor:us_r|delay_counter[27]                                ; 0                 ; 6       ;
;      - ir_and_us:path_ctrl|us_sensor:us_r|delay_counter[28]                                ; 0                 ; 6       ;
;      - ir_and_us:path_ctrl|us_sensor:us_r|delay_counter[29]                                ; 0                 ; 6       ;
;      - ir_and_us:path_ctrl|us_sensor:us_r|delay_counter[30]                                ; 0                 ; 6       ;
;      - ir_and_us:path_ctrl|us_sensor:us_r|delay_counter[31]                                ; 0                 ; 6       ;
;      - motor_controller:motor_ctrl|delay_counter[6]                                        ; 0                 ; 6       ;
;      - ir_and_us:path_ctrl|us_sensor:us_l|delay_counter[5]                                 ; 0                 ; 6       ;
;      - ir_and_us:path_ctrl|us_sensor:us_f|delay_counter[5]                                 ; 0                 ; 6       ;
;      - ir_and_us:path_ctrl|us_sensor:us_r|delay_counter[5]                                 ; 0                 ; 6       ;
;      - motor_controller:motor_ctrl|delay_counter[5]                                        ; 0                 ; 6       ;
;      - t2a_dht:u_dht|counter[0]                                                            ; 0                 ; 6       ;
;      - t2a_dht:u_dht|counter[1]                                                            ; 0                 ; 6       ;
;      - t2a_dht:u_dht|counter[2]                                                            ; 0                 ; 6       ;
;      - t2a_dht:u_dht|counter[3]                                                            ; 0                 ; 6       ;
;      - t2a_dht:u_dht|counter[4]                                                            ; 0                 ; 6       ;
;      - t2a_dht:u_dht|counter[5]                                                            ; 0                 ; 6       ;
;      - t2a_dht:u_dht|counter[6]                                                            ; 0                 ; 6       ;
;      - t2a_dht:u_dht|counter[7]                                                            ; 0                 ; 6       ;
;      - t2a_dht:u_dht|counter[8]                                                            ; 0                 ; 6       ;
;      - t2a_dht:u_dht|counter[9]                                                            ; 0                 ; 6       ;
;      - t2a_dht:u_dht|counter[10]                                                           ; 0                 ; 6       ;
;      - t2a_dht:u_dht|counter[11]                                                           ; 0                 ; 6       ;
;      - t2a_dht:u_dht|counter[12]                                                           ; 0                 ; 6       ;
;      - t2a_dht:u_dht|counter[13]                                                           ; 0                 ; 6       ;
;      - t2a_dht:u_dht|counter[14]                                                           ; 0                 ; 6       ;
;      - t2a_dht:u_dht|counter[15]                                                           ; 0                 ; 6       ;
;      - t2a_dht:u_dht|counter[16]                                                           ; 0                 ; 6       ;
;      - t2a_dht:u_dht|counter[17]                                                           ; 0                 ; 6       ;
;      - t2a_dht:u_dht|counter[18]                                                           ; 0                 ; 6       ;
;      - t2a_dht:u_dht|counter[19]                                                           ; 0                 ; 6       ;
;      - t2a_dht:u_dht|counter[20]                                                           ; 0                 ; 6       ;
;      - t2a_dht:u_dht|counter[21]                                                           ; 0                 ; 6       ;
;      - t2a_dht:u_dht|counter[22]                                                           ; 0                 ; 6       ;
;      - t2a_dht:u_dht|counter[23]                                                           ; 0                 ; 6       ;
;      - t2a_dht:u_dht|counter[24]                                                           ; 0                 ; 6       ;
;      - t2a_dht:u_dht|counter[25]                                                           ; 0                 ; 6       ;
;      - t2a_dht:u_dht|counter[26]                                                           ; 0                 ; 6       ;
;      - t2a_dht:u_dht|counter[27]                                                           ; 0                 ; 6       ;
;      - t2a_dht:u_dht|counter[28]                                                           ; 0                 ; 6       ;
;      - t2a_dht:u_dht|counter[29]                                                           ; 0                 ; 6       ;
;      - t2a_dht:u_dht|counter[30]                                                           ; 0                 ; 6       ;
;      - t2a_dht:u_dht|counter[31]                                                           ; 0                 ; 6       ;
;      - ir_and_us:path_ctrl|us_sensor:us_l|delay_counter[4]                                 ; 0                 ; 6       ;
;      - ir_and_us:path_ctrl|us_sensor:us_f|delay_counter[4]                                 ; 0                 ; 6       ;
;      - ir_and_us:path_ctrl|us_sensor:us_r|delay_counter[4]                                 ; 0                 ; 6       ;
;      - motor_controller:motor_ctrl|delay_counter[4]                                        ; 0                 ; 6       ;
;      - t2a_dht:u_dht|bit_count[0]                                                          ; 0                 ; 6       ;
;      - t2a_dht:u_dht|bit_count[1]                                                          ; 0                 ; 6       ;
;      - t2a_dht:u_dht|bit_count[2]                                                          ; 0                 ; 6       ;
;      - t2a_dht:u_dht|bit_count[3]                                                          ; 0                 ; 6       ;
;      - t2a_dht:u_dht|bit_count[4]                                                          ; 0                 ; 6       ;
;      - t2a_dht:u_dht|bit_count[5]                                                          ; 0                 ; 6       ;
;      - t2a_dht:u_dht|timeout_counter[4]                                                    ; 0                 ; 6       ;
;      - t2a_dht:u_dht|timeout_counter[5]                                                    ; 0                 ; 6       ;
;      - t2a_dht:u_dht|timeout_counter[6]                                                    ; 0                 ; 6       ;
;      - t2a_dht:u_dht|timeout_counter[7]                                                    ; 0                 ; 6       ;
;      - t2a_dht:u_dht|timeout_counter[8]                                                    ; 0                 ; 6       ;
;      - t2a_dht:u_dht|timeout_counter[9]                                                    ; 0                 ; 6       ;
;      - t2a_dht:u_dht|timeout_counter[10]                                                   ; 0                 ; 6       ;
;      - t2a_dht:u_dht|timeout_counter[11]                                                   ; 0                 ; 6       ;
;      - t2a_dht:u_dht|timeout_counter[12]                                                   ; 0                 ; 6       ;
;      - t2a_dht:u_dht|timeout_counter[13]                                                   ; 0                 ; 6       ;
;      - t2a_dht:u_dht|timeout_counter[14]                                                   ; 0                 ; 6       ;
;      - t2a_dht:u_dht|timeout_counter[15]                                                   ; 0                 ; 6       ;
;      - t2a_dht:u_dht|timeout_counter[16]                                                   ; 0                 ; 6       ;
;      - t2a_dht:u_dht|timeout_counter[17]                                                   ; 0                 ; 6       ;
;      - t2a_dht:u_dht|timeout_counter[18]                                                   ; 0                 ; 6       ;
;      - t2a_dht:u_dht|timeout_counter[19]                                                   ; 0                 ; 6       ;
;      - t2a_dht:u_dht|timeout_counter[20]                                                   ; 0                 ; 6       ;
;      - t2a_dht:u_dht|timeout_counter[21]                                                   ; 0                 ; 6       ;
;      - t2a_dht:u_dht|timeout_counter[22]                                                   ; 0                 ; 6       ;
;      - t2a_dht:u_dht|timeout_counter[23]                                                   ; 0                 ; 6       ;
;      - t2a_dht:u_dht|timeout_counter[24]                                                   ; 0                 ; 6       ;
;      - t2a_dht:u_dht|timeout_counter[25]                                                   ; 0                 ; 6       ;
;      - t2a_dht:u_dht|timeout_counter[26]                                                   ; 0                 ; 6       ;
;      - t2a_dht:u_dht|timeout_counter[27]                                                   ; 0                 ; 6       ;
;      - t2a_dht:u_dht|timeout_counter[28]                                                   ; 0                 ; 6       ;
;      - t2a_dht:u_dht|timeout_counter[29]                                                   ; 0                 ; 6       ;
;      - t2a_dht:u_dht|timeout_counter[30]                                                   ; 0                 ; 6       ;
;      - t2a_dht:u_dht|timeout_counter[31]                                                   ; 0                 ; 6       ;
;      - ir_and_us:path_ctrl|us_sensor:us_l|delay_counter[3]                                 ; 0                 ; 6       ;
;      - ir_and_us:path_ctrl|us_sensor:us_f|delay_counter[3]                                 ; 0                 ; 6       ;
;      - ir_and_us:path_ctrl|us_sensor:us_r|delay_counter[3]                                 ; 0                 ; 6       ;
;      - motor_controller:motor_ctrl|delay_counter[3]                                        ; 0                 ; 6       ;
;      - t2a_dht:u_dht|timeout_counter[3]                                                    ; 0                 ; 6       ;
;      - ir_and_us:path_ctrl|us_sensor:us_l|delay_counter[2]                                 ; 0                 ; 6       ;
;      - ir_and_us:path_ctrl|us_sensor:us_f|delay_counter[2]                                 ; 0                 ; 6       ;
;      - ir_and_us:path_ctrl|us_sensor:us_r|delay_counter[2]                                 ; 0                 ; 6       ;
;      - motor_controller:motor_ctrl|delay_counter[2]                                        ; 0                 ; 6       ;
;      - t2a_dht:u_dht|timeout_counter[2]                                                    ; 0                 ; 6       ;
;      - ir_and_us:path_ctrl|us_sensor:us_l|delay_counter[1]                                 ; 0                 ; 6       ;
;      - ir_and_us:path_ctrl|us_sensor:us_f|delay_counter[1]                                 ; 0                 ; 6       ;
;      - ir_and_us:path_ctrl|us_sensor:us_r|delay_counter[1]                                 ; 0                 ; 6       ;
;      - motor_controller:motor_ctrl|delay_counter[1]                                        ; 0                 ; 6       ;
;      - t2a_dht:u_dht|timeout_counter[1]                                                    ; 0                 ; 6       ;
;      - ir_and_us:path_ctrl|us_sensor:us_l|delay_counter[0]                                 ; 0                 ; 6       ;
;      - ir_and_us:path_ctrl|us_sensor:us_f|delay_counter[0]                                 ; 0                 ; 6       ;
;      - ir_and_us:path_ctrl|us_sensor:us_r|delay_counter[0]                                 ; 0                 ; 6       ;
;      - motor_controller:motor_ctrl|delay_counter[0]                                        ; 0                 ; 6       ;
;      - t2a_dht:u_dht|timeout_counter[0]                                                    ; 0                 ; 6       ;
;      - ir_and_us:path_ctrl|us_sensor:us_f|distance_out[0]                                  ; 0                 ; 6       ;
;      - ir_and_us:path_ctrl|us_sensor:us_f|distance_out[10]                                 ; 0                 ; 6       ;
;      - ir_and_us:path_ctrl|us_sensor:us_f|distance_out[11]                                 ; 0                 ; 6       ;
;      - ir_and_us:path_ctrl|us_sensor:us_f|distance_out[1]                                  ; 0                 ; 6       ;
;      - ir_and_us:path_ctrl|us_sensor:us_f|distance_out[2]                                  ; 0                 ; 6       ;
;      - ir_and_us:path_ctrl|us_sensor:us_f|distance_out[3]                                  ; 0                 ; 6       ;
;      - ir_and_us:path_ctrl|us_sensor:us_f|distance_out[4]                                  ; 0                 ; 6       ;
;      - ir_and_us:path_ctrl|us_sensor:us_f|distance_out[5]                                  ; 0                 ; 6       ;
;      - ir_and_us:path_ctrl|us_sensor:us_f|distance_out[6]                                  ; 0                 ; 6       ;
;      - ir_and_us:path_ctrl|us_sensor:us_f|distance_out[7]                                  ; 0                 ; 6       ;
;      - ir_and_us:path_ctrl|us_sensor:us_f|distance_out[8]                                  ; 0                 ; 6       ;
;      - ir_and_us:path_ctrl|us_sensor:us_f|distance_out[9]                                  ; 0                 ; 6       ;
;      - ir_and_us:path_ctrl|us_sensor:us_l|distance_out[0]                                  ; 0                 ; 6       ;
;      - ir_and_us:path_ctrl|us_sensor:us_l|distance_out[10]                                 ; 0                 ; 6       ;
;      - ir_and_us:path_ctrl|us_sensor:us_l|distance_out[11]                                 ; 0                 ; 6       ;
;      - ir_and_us:path_ctrl|us_sensor:us_l|distance_out[1]                                  ; 0                 ; 6       ;
;      - ir_and_us:path_ctrl|us_sensor:us_l|distance_out[2]                                  ; 0                 ; 6       ;
;      - ir_and_us:path_ctrl|us_sensor:us_l|distance_out[3]                                  ; 0                 ; 6       ;
;      - ir_and_us:path_ctrl|us_sensor:us_l|distance_out[4]                                  ; 0                 ; 6       ;
;      - ir_and_us:path_ctrl|us_sensor:us_l|distance_out[5]                                  ; 0                 ; 6       ;
;      - ir_and_us:path_ctrl|us_sensor:us_l|distance_out[6]                                  ; 0                 ; 6       ;
;      - ir_and_us:path_ctrl|us_sensor:us_l|distance_out[7]                                  ; 0                 ; 6       ;
;      - ir_and_us:path_ctrl|us_sensor:us_l|distance_out[8]                                  ; 0                 ; 6       ;
;      - ir_and_us:path_ctrl|us_sensor:us_l|distance_out[9]                                  ; 0                 ; 6       ;
;      - ir_and_us:path_ctrl|us_sensor:us_r|distance_out[0]                                  ; 0                 ; 6       ;
;      - ir_and_us:path_ctrl|us_sensor:us_r|distance_out[10]                                 ; 0                 ; 6       ;
;      - ir_and_us:path_ctrl|us_sensor:us_r|distance_out[11]                                 ; 0                 ; 6       ;
;      - ir_and_us:path_ctrl|us_sensor:us_r|distance_out[1]                                  ; 0                 ; 6       ;
;      - ir_and_us:path_ctrl|us_sensor:us_r|distance_out[2]                                  ; 0                 ; 6       ;
;      - ir_and_us:path_ctrl|us_sensor:us_r|distance_out[3]                                  ; 0                 ; 6       ;
;      - ir_and_us:path_ctrl|us_sensor:us_r|distance_out[4]                                  ; 0                 ; 6       ;
;      - ir_and_us:path_ctrl|us_sensor:us_r|distance_out[5]                                  ; 0                 ; 6       ;
;      - ir_and_us:path_ctrl|us_sensor:us_r|distance_out[6]                                  ; 0                 ; 6       ;
;      - ir_and_us:path_ctrl|us_sensor:us_r|distance_out[7]                                  ; 0                 ; 6       ;
;      - ir_and_us:path_ctrl|us_sensor:us_r|distance_out[8]                                  ; 0                 ; 6       ;
;      - ir_and_us:path_ctrl|us_sensor:us_r|distance_out[9]                                  ; 0                 ; 6       ;
;      - uart_tx:uart|tx                                                                     ; 0                 ; 6       ;
;      - ir_and_us:path_ctrl|us_sensor:us_l|state.s1                                         ; 0                 ; 6       ;
;      - ir_and_us:path_ctrl|us_sensor:us_l|state.s2                                         ; 0                 ; 6       ;
;      - ir_and_us:path_ctrl|us_sensor:us_l|state.s3                                         ; 0                 ; 6       ;
;      - ir_and_us:path_ctrl|us_sensor:us_f|state.s1                                         ; 0                 ; 6       ;
;      - ir_and_us:path_ctrl|us_sensor:us_f|state.s2                                         ; 0                 ; 6       ;
;      - ir_and_us:path_ctrl|us_sensor:us_f|state.s3                                         ; 0                 ; 6       ;
;      - ir_and_us:path_ctrl|us_sensor:us_r|state.s1                                         ; 0                 ; 6       ;
;      - ir_and_us:path_ctrl|us_sensor:us_r|state.s2                                         ; 0                 ; 6       ;
;      - ir_and_us:path_ctrl|us_sensor:us_r|state.s3                                         ; 0                 ; 6       ;
;      - motor_controller:motor_ctrl|duty_A[5]                                               ; 0                 ; 6       ;
;      - motor_controller:motor_ctrl|duty_A[4]                                               ; 0                 ; 6       ;
;      - motor_controller:motor_ctrl|duty_A[3]                                               ; 0                 ; 6       ;
;      - motor_controller:motor_ctrl|duty_A[2]                                               ; 0                 ; 6       ;
;      - motor_controller:motor_ctrl|duty_B[5]                                               ; 0                 ; 6       ;
;      - motor_controller:motor_ctrl|duty_B[4]                                               ; 0                 ; 6       ;
;      - motor_controller:motor_ctrl|duty_B[3]                                               ; 0                 ; 6       ;
;      - motor_controller:motor_ctrl|duty_B[2]                                               ; 0                 ; 6       ;
;      - ir_and_us:path_ctrl|ir_sensor:irr_l|obstacle                                        ; 0                 ; 6       ;
;      - ir_and_us:path_ctrl|ir_sensor:irr_f|obstacle                                        ; 0                 ; 6       ;
;      - motor_controller:motor_ctrl|state.SERVO                                             ; 0                 ; 6       ;
;      - uart_cmd_parser:u_uart_cmd|bot_start_reg                                            ; 0                 ; 6       ;
;      - ir_and_us:path_ctrl|ir_sensor:irr_r|obstacle                                        ; 0                 ; 6       ;
;      - servo:u_servo|servo_stop                                                            ; 0                 ; 6       ;
;      - motor_controller:motor_ctrl|mpi_count[0]                                            ; 0                 ; 6       ;
;      - ir_and_us:path_ctrl|us_sensor:us_f|echo_counter[31]~_Duplicate_1                    ; 0                 ; 6       ;
;      - ir_and_us:path_ctrl|us_sensor:us_f|echo_counter[30]~_Duplicate_1                    ; 0                 ; 6       ;
;      - ir_and_us:path_ctrl|us_sensor:us_f|echo_counter[29]~_Duplicate_1                    ; 0                 ; 6       ;
;      - ir_and_us:path_ctrl|us_sensor:us_f|echo_counter[28]~_Duplicate_1                    ; 0                 ; 6       ;
;      - ir_and_us:path_ctrl|us_sensor:us_f|echo_counter[27]~_Duplicate_1                    ; 0                 ; 6       ;
;      - ir_and_us:path_ctrl|us_sensor:us_f|echo_counter[26]~_Duplicate_1                    ; 0                 ; 6       ;
;      - ir_and_us:path_ctrl|us_sensor:us_f|echo_counter[25]~_Duplicate_1                    ; 0                 ; 6       ;
;      - ir_and_us:path_ctrl|us_sensor:us_f|echo_counter[14]~_Duplicate_1                    ; 0                 ; 6       ;
;      - ir_and_us:path_ctrl|us_sensor:us_f|echo_counter[13]~_Duplicate_1                    ; 0                 ; 6       ;
;      - ir_and_us:path_ctrl|us_sensor:us_f|echo_counter[12]~_Duplicate_1                    ; 0                 ; 6       ;
;      - ir_and_us:path_ctrl|us_sensor:us_f|echo_counter[11]~_Duplicate_1                    ; 0                 ; 6       ;
;      - ir_and_us:path_ctrl|us_sensor:us_f|echo_counter[10]~_Duplicate_1                    ; 0                 ; 6       ;
;      - ir_and_us:path_ctrl|us_sensor:us_f|echo_counter[9]~_Duplicate_1                     ; 0                 ; 6       ;
;      - ir_and_us:path_ctrl|us_sensor:us_f|echo_counter[8]~_Duplicate_1                     ; 0                 ; 6       ;
;      - ir_and_us:path_ctrl|us_sensor:us_f|echo_counter[7]~_Duplicate_1                     ; 0                 ; 6       ;
;      - ir_and_us:path_ctrl|us_sensor:us_f|echo_counter[6]~_Duplicate_1                     ; 0                 ; 6       ;
;      - ir_and_us:path_ctrl|us_sensor:us_f|echo_counter[15]~_Duplicate_1                    ; 0                 ; 6       ;
;      - ir_and_us:path_ctrl|us_sensor:us_f|echo_counter[16]~_Duplicate_1                    ; 0                 ; 6       ;
;      - ir_and_us:path_ctrl|us_sensor:us_f|echo_counter[17]~_Duplicate_1                    ; 0                 ; 6       ;
;      - ir_and_us:path_ctrl|us_sensor:us_f|echo_counter[22]~_Duplicate_1                    ; 0                 ; 6       ;
;      - ir_and_us:path_ctrl|us_sensor:us_f|echo_counter[21]~_Duplicate_1                    ; 0                 ; 6       ;
;      - ir_and_us:path_ctrl|us_sensor:us_f|echo_counter[20]~_Duplicate_1                    ; 0                 ; 6       ;
;      - ir_and_us:path_ctrl|us_sensor:us_f|echo_counter[19]~_Duplicate_1                    ; 0                 ; 6       ;
;      - ir_and_us:path_ctrl|us_sensor:us_f|echo_counter[18]~_Duplicate_1                    ; 0                 ; 6       ;
;      - ir_and_us:path_ctrl|us_sensor:us_f|echo_counter[23]~_Duplicate_1                    ; 0                 ; 6       ;
;      - ir_and_us:path_ctrl|us_sensor:us_f|echo_counter[24]~_Duplicate_1                    ; 0                 ; 6       ;
;      - ir_and_us:path_ctrl|us_sensor:us_l|echo_counter[31]~_Duplicate_1                    ; 0                 ; 6       ;
;      - ir_and_us:path_ctrl|us_sensor:us_l|echo_counter[30]~_Duplicate_1                    ; 0                 ; 6       ;
;      - ir_and_us:path_ctrl|us_sensor:us_l|echo_counter[29]~_Duplicate_1                    ; 0                 ; 6       ;
;      - ir_and_us:path_ctrl|us_sensor:us_l|echo_counter[28]~_Duplicate_1                    ; 0                 ; 6       ;
;      - ir_and_us:path_ctrl|us_sensor:us_l|echo_counter[27]~_Duplicate_1                    ; 0                 ; 6       ;
;      - ir_and_us:path_ctrl|us_sensor:us_l|echo_counter[26]~_Duplicate_1                    ; 0                 ; 6       ;
;      - ir_and_us:path_ctrl|us_sensor:us_l|echo_counter[25]~_Duplicate_1                    ; 0                 ; 6       ;
;      - ir_and_us:path_ctrl|us_sensor:us_l|echo_counter[14]~_Duplicate_1                    ; 0                 ; 6       ;
;      - ir_and_us:path_ctrl|us_sensor:us_l|echo_counter[13]~_Duplicate_1                    ; 0                 ; 6       ;
;      - ir_and_us:path_ctrl|us_sensor:us_l|echo_counter[12]~_Duplicate_1                    ; 0                 ; 6       ;
;      - ir_and_us:path_ctrl|us_sensor:us_l|echo_counter[11]~_Duplicate_1                    ; 0                 ; 6       ;
;      - ir_and_us:path_ctrl|us_sensor:us_l|echo_counter[10]~_Duplicate_1                    ; 0                 ; 6       ;
;      - ir_and_us:path_ctrl|us_sensor:us_l|echo_counter[9]~_Duplicate_1                     ; 0                 ; 6       ;
;      - ir_and_us:path_ctrl|us_sensor:us_l|echo_counter[8]~_Duplicate_1                     ; 0                 ; 6       ;
;      - ir_and_us:path_ctrl|us_sensor:us_l|echo_counter[7]~_Duplicate_1                     ; 0                 ; 6       ;
;      - ir_and_us:path_ctrl|us_sensor:us_l|echo_counter[6]~_Duplicate_1                     ; 0                 ; 6       ;
;      - ir_and_us:path_ctrl|us_sensor:us_l|echo_counter[15]~_Duplicate_1                    ; 0                 ; 6       ;
;      - ir_and_us:path_ctrl|us_sensor:us_l|echo_counter[16]~_Duplicate_1                    ; 0                 ; 6       ;
;      - ir_and_us:path_ctrl|us_sensor:us_l|echo_counter[17]~_Duplicate_1                    ; 0                 ; 6       ;
;      - ir_and_us:path_ctrl|us_sensor:us_l|echo_counter[22]~_Duplicate_1                    ; 0                 ; 6       ;
;      - ir_and_us:path_ctrl|us_sensor:us_l|echo_counter[21]~_Duplicate_1                    ; 0                 ; 6       ;
;      - ir_and_us:path_ctrl|us_sensor:us_l|echo_counter[20]~_Duplicate_1                    ; 0                 ; 6       ;
;      - ir_and_us:path_ctrl|us_sensor:us_l|echo_counter[19]~_Duplicate_1                    ; 0                 ; 6       ;
;      - ir_and_us:path_ctrl|us_sensor:us_l|echo_counter[18]~_Duplicate_1                    ; 0                 ; 6       ;
;      - ir_and_us:path_ctrl|us_sensor:us_l|echo_counter[23]~_Duplicate_1                    ; 0                 ; 6       ;
;      - ir_and_us:path_ctrl|us_sensor:us_l|echo_counter[24]~_Duplicate_1                    ; 0                 ; 6       ;
;      - ir_and_us:path_ctrl|us_sensor:us_r|echo_counter[31]~_Duplicate_1                    ; 0                 ; 6       ;
;      - ir_and_us:path_ctrl|us_sensor:us_r|echo_counter[30]~_Duplicate_1                    ; 0                 ; 6       ;
;      - ir_and_us:path_ctrl|us_sensor:us_r|echo_counter[29]~_Duplicate_1                    ; 0                 ; 6       ;
;      - ir_and_us:path_ctrl|us_sensor:us_r|echo_counter[28]~_Duplicate_1                    ; 0                 ; 6       ;
;      - ir_and_us:path_ctrl|us_sensor:us_r|echo_counter[27]~_Duplicate_1                    ; 0                 ; 6       ;
;      - ir_and_us:path_ctrl|us_sensor:us_r|echo_counter[26]~_Duplicate_1                    ; 0                 ; 6       ;
;      - ir_and_us:path_ctrl|us_sensor:us_r|echo_counter[25]~_Duplicate_1                    ; 0                 ; 6       ;
;      - ir_and_us:path_ctrl|us_sensor:us_r|echo_counter[14]~_Duplicate_1                    ; 0                 ; 6       ;
;      - ir_and_us:path_ctrl|us_sensor:us_r|echo_counter[13]~_Duplicate_1                    ; 0                 ; 6       ;
;      - ir_and_us:path_ctrl|us_sensor:us_r|echo_counter[12]~_Duplicate_1                    ; 0                 ; 6       ;
;      - ir_and_us:path_ctrl|us_sensor:us_r|echo_counter[11]~_Duplicate_1                    ; 0                 ; 6       ;
;      - ir_and_us:path_ctrl|us_sensor:us_r|echo_counter[10]~_Duplicate_1                    ; 0                 ; 6       ;
;      - ir_and_us:path_ctrl|us_sensor:us_r|echo_counter[9]~_Duplicate_1                     ; 0                 ; 6       ;
;      - ir_and_us:path_ctrl|us_sensor:us_r|echo_counter[8]~_Duplicate_1                     ; 0                 ; 6       ;
;      - ir_and_us:path_ctrl|us_sensor:us_r|echo_counter[7]~_Duplicate_1                     ; 0                 ; 6       ;
;      - ir_and_us:path_ctrl|us_sensor:us_r|echo_counter[6]~_Duplicate_1                     ; 0                 ; 6       ;
;      - ir_and_us:path_ctrl|us_sensor:us_r|echo_counter[15]~_Duplicate_1                    ; 0                 ; 6       ;
;      - ir_and_us:path_ctrl|us_sensor:us_r|echo_counter[16]~_Duplicate_1                    ; 0                 ; 6       ;
;      - ir_and_us:path_ctrl|us_sensor:us_r|echo_counter[17]~_Duplicate_1                    ; 0                 ; 6       ;
;      - ir_and_us:path_ctrl|us_sensor:us_r|echo_counter[22]~_Duplicate_1                    ; 0                 ; 6       ;
;      - ir_and_us:path_ctrl|us_sensor:us_r|echo_counter[21]~_Duplicate_1                    ; 0                 ; 6       ;
;      - ir_and_us:path_ctrl|us_sensor:us_r|echo_counter[20]~_Duplicate_1                    ; 0                 ; 6       ;
;      - ir_and_us:path_ctrl|us_sensor:us_r|echo_counter[19]~_Duplicate_1                    ; 0                 ; 6       ;
;      - ir_and_us:path_ctrl|us_sensor:us_r|echo_counter[18]~_Duplicate_1                    ; 0                 ; 6       ;
;      - ir_and_us:path_ctrl|us_sensor:us_r|echo_counter[23]~_Duplicate_1                    ; 0                 ; 6       ;
;      - ir_and_us:path_ctrl|us_sensor:us_r|echo_counter[24]~_Duplicate_1                    ; 0                 ; 6       ;
;      - uart_rx:u_uart_rx|bit_idx[2]                                                        ; 0                 ; 6       ;
;      - uart_rx:u_uart_rx|bit_idx[1]                                                        ; 0                 ; 6       ;
;      - uart_rx:u_uart_rx|bit_idx[0]                                                        ; 0                 ; 6       ;
;      - uart_rx:u_uart_rx|baud_cnt[8]                                                       ; 0                 ; 6       ;
;      - uart_rx:u_uart_rx|baud_cnt[7]                                                       ; 0                 ; 6       ;
;      - uart_rx:u_uart_rx|baud_cnt[6]                                                       ; 0                 ; 6       ;
;      - uart_rx:u_uart_rx|baud_cnt[5]                                                       ; 0                 ; 6       ;
;      - uart_rx:u_uart_rx|baud_cnt[4]                                                       ; 0                 ; 6       ;
;      - uart_rx:u_uart_rx|baud_cnt[3]                                                       ; 0                 ; 6       ;
;      - uart_rx:u_uart_rx|baud_cnt[2]                                                       ; 0                 ; 6       ;
;      - uart_rx:u_uart_rx|baud_cnt[1]                                                       ; 0                 ; 6       ;
;      - uart_rx:u_uart_rx|state.DATA                                                        ; 0                 ; 6       ;
;      - uart_rx:u_uart_rx|baud_cnt[0]                                                       ; 0                 ; 6       ;
;      - uart_tx:uart|per_bit_clk[1]                                                         ; 0                 ; 6       ;
;      - uart_tx:uart|per_bit_clk[4]                                                         ; 0                 ; 6       ;
;      - uart_tx:uart|per_bit_clk[3]                                                         ; 0                 ; 6       ;
;      - uart_tx:uart|per_bit_clk[0]                                                         ; 0                 ; 6       ;
;      - uart_tx:uart|per_bit_clk[2]                                                         ; 0                 ; 6       ;
;      - uart_tx:uart|state.START                                                            ; 0                 ; 6       ;
;      - msg_sender:msg_fsm|tx_data[6]                                                       ; 0                 ; 6       ;
;      - msg_sender:msg_fsm|tx_data[5]                                                       ; 0                 ; 6       ;
;      - msg_sender:msg_fsm|tx_data[4]                                                       ; 0                 ; 6       ;
;      - msg_sender:msg_fsm|tx_data[2]                                                       ; 0                 ; 6       ;
;      - msg_sender:msg_fsm|tx_data[1]                                                       ; 0                 ; 6       ;
;      - msg_sender:msg_fsm|tx_data[0]                                                       ; 0                 ; 6       ;
;      - msg_sender:msg_fsm|tx_data[3]                                                       ; 0                 ; 6       ;
;      - clk3125:u_clk_div|cnt[2]                                                            ; 0                 ; 6       ;
;      - clk3125:u_clk_div|cnt[1]                                                            ; 0                 ; 6       ;
;      - clk3125:u_clk_div|cnt[0]                                                            ; 0                 ; 6       ;
;      - ir_and_us:path_ctrl|us_sensor:us_l|echo_ff2                                         ; 0                 ; 6       ;
;      - ir_and_us:path_ctrl|us_sensor:us_l|state.s0                                         ; 0                 ; 6       ;
;      - ir_and_us:path_ctrl|us_sensor:us_f|echo_ff2                                         ; 0                 ; 6       ;
;      - ir_and_us:path_ctrl|us_sensor:us_f|state.s0                                         ; 0                 ; 6       ;
;      - ir_and_us:path_ctrl|us_sensor:us_r|echo_ff2                                         ; 0                 ; 6       ;
;      - ir_and_us:path_ctrl|us_sensor:us_r|state.s0                                         ; 0                 ; 6       ;
;      - motor_controller:motor_ctrl|servo_req                                               ; 0                 ; 6       ;
;      - servo:u_servo|pw1~0                                                                 ; 0                 ; 6       ;
;      - servo:u_servo|state~14                                                              ; 0                 ; 6       ;
;      - motor_controller:motor_ctrl|state.FORWARD                                           ; 0                 ; 6       ;
;      - motor_controller:motor_ctrl|prev_error[2]                                           ; 0                 ; 6       ;
;      - motor_controller:motor_ctrl|prev_error[1]                                           ; 0                 ; 6       ;
;      - ir_and_us:path_ctrl|ir_sensor:irr_l|ir_sync2                                        ; 0                 ; 6       ;
;      - ir_and_us:path_ctrl|ir_sensor:irr_f|ir_sync2                                        ; 0                 ; 6       ;
;      - uart_rx:u_uart_rx|rx_data[4]                                                        ; 0                 ; 6       ;
;      - uart_rx:u_uart_rx|rx_data[1]                                                        ; 0                 ; 6       ;
;      - uart_rx:u_uart_rx|rx_data[0]                                                        ; 0                 ; 6       ;
;      - uart_rx:u_uart_rx|rx_data[2]                                                        ; 0                 ; 6       ;
;      - uart_rx:u_uart_rx|rx_data[6]                                                        ; 0                 ; 6       ;
;      - uart_rx:u_uart_rx|rx_data[7]                                                        ; 0                 ; 6       ;
;      - uart_rx:u_uart_rx|rx_data[5]                                                        ; 0                 ; 6       ;
;      - uart_rx:u_uart_rx|rx_data[3]                                                        ; 0                 ; 6       ;
;      - ir_and_us:path_ctrl|ir_sensor:irr_r|ir_sync2                                        ; 0                 ; 6       ;
;      - uart_rx:u_uart_rx|rx_ff2                                                            ; 0                 ; 6       ;
;      - uart_rx:u_uart_rx|state.START                                                       ; 0                 ; 6       ;
;      - uart_rx:u_uart_rx|state.IDLE                                                        ; 0                 ; 6       ;
;      - t2a_dht:u_dht|sensor_out                                                            ; 0                 ; 6       ;
;      - t2a_dht:u_dht|sensor_out_enable                                                     ; 0                 ; 6       ;
;      - msg_sender:msg_fsm|idx[4]                                                           ; 0                 ; 6       ;
;      - msg_sender:msg_fsm|state.SEND_MM                                                    ; 0                 ; 6       ;
;      - msg_sender:msg_fsm|idx[0]                                                           ; 0                 ; 6       ;
;      - msg_sender:msg_fsm|idx[2]                                                           ; 0                 ; 6       ;
;      - msg_sender:msg_fsm|idx[1]                                                           ; 0                 ; 6       ;
;      - msg_sender:msg_fsm|state.SEND_MPI                                                   ; 0                 ; 6       ;
;      - msg_sender:msg_fsm|state.SEND_TH                                                    ; 0                 ; 6       ;
;      - msg_sender:msg_fsm|idx[3]                                                           ; 0                 ; 6       ;
;      - msg_sender:msg_fsm|state.SEND_END                                                   ; 0                 ; 6       ;
;      - msg_sender:msg_fsm|state.IDLE                                                       ; 0                 ; 6       ;
;      - uart_tx:uart|tx_done                                                                ; 0                 ; 6       ;
;      - msg_sender:msg_fsm|fired                                                            ; 0                 ; 6       ;
;      - msg_sender:msg_fsm|gm2[2]                                                           ; 0                 ; 6       ;
;      - msg_sender:msg_fsm|gm2[1]                                                           ; 0                 ; 6       ;
;      - msg_sender:msg_fsm|gm2[3]                                                           ; 0                 ; 6       ;
;      - msg_sender:msg_fsm|gm2[0]                                                           ; 0                 ; 6       ;
;      - ir_and_us:path_ctrl|us_sensor:us_l|echo_ff1                                         ; 0                 ; 6       ;
;      - ir_and_us:path_ctrl|us_sensor:us_f|echo_ff1                                         ; 0                 ; 6       ;
;      - ir_and_us:path_ctrl|us_sensor:us_r|echo_ff1                                         ; 0                 ; 6       ;
;      - servo:u_servo|state~17                                                              ; 0                 ; 6       ;
;      - servo:u_servo|state~18                                                              ; 0                 ; 6       ;
;      - servo:u_servo|state~19                                                              ; 0                 ; 6       ;
;      - ir_and_us:path_ctrl|ir_sensor:irr_l|ir_sync1                                        ; 0                 ; 6       ;
;      - ir_and_us:path_ctrl|ir_sensor:irr_f|ir_sync1                                        ; 0                 ; 6       ;
;      - uart_rx:u_uart_rx|shift_reg[4]                                                      ; 0                 ; 6       ;
;      - uart_rx:u_uart_rx|shift_reg[1]                                                      ; 0                 ; 6       ;
;      - uart_rx:u_uart_rx|shift_reg[0]                                                      ; 0                 ; 6       ;
;      - uart_rx:u_uart_rx|shift_reg[2]                                                      ; 0                 ; 6       ;
;      - uart_rx:u_uart_rx|shift_reg[6]                                                      ; 0                 ; 6       ;
;      - uart_rx:u_uart_rx|shift_reg[7]                                                      ; 0                 ; 6       ;
;      - uart_rx:u_uart_rx|shift_reg[5]                                                      ; 0                 ; 6       ;
;      - uart_rx:u_uart_rx|shift_reg[3]                                                      ; 0                 ; 6       ;
;      - ir_and_us:path_ctrl|ir_sensor:irr_r|ir_sync1                                        ; 0                 ; 6       ;
;      - uart_rx:u_uart_rx|rx_ff3                                                            ; 0                 ; 6       ;
;      - t2a_dht:u_dht|state.REL_40US                                                        ; 0                 ; 6       ;
;      - t2a_dht:u_dht|state.LOW_19MS                                                        ; 0                 ; 6       ;
;      - t2a_dht:u_dht|state.IDLE                                                            ; 0                 ; 6       ;
;      - t2a_dht:u_dht|state.DATA                                                            ; 0                 ; 6       ;
;      - t2a_dht:u_dht|state.WF_HIGH80                                                       ; 0                 ; 6       ;
;      - t2a_dht:u_dht|state.WF_LOW80                                                        ; 0                 ; 6       ;
;      - t2a_dht:u_dht|state.WF_AG_LOW                                                       ; 0                 ; 6       ;
;      - msg_sender:msg_fsm|end_sync_prev                                                    ; 0                 ; 6       ;
;      - msg_sender:msg_fsm|mpi_sync_prev                                                    ; 0                 ; 6       ;
;      - msg_sender:msg_fsm|mpi_ff2                                                          ; 0                 ; 6       ;
;      - msg_sender:msg_fsm|end_ff2                                                          ; 0                 ; 6       ;
;      - msg_sender:msg_fsm|gm1[2]                                                           ; 0                 ; 6       ;
;      - msg_sender:msg_fsm|gm1[1]                                                           ; 0                 ; 6       ;
;      - msg_sender:msg_fsm|gm1[3]                                                           ; 0                 ; 6       ;
;      - t2a_dht:u_dht|data_shift[39]                                                        ; 0                 ; 6       ;
;      - t2a_dht:u_dht|state.CHECK_SUM                                                       ; 0                 ; 6       ;
;      - t2a_dht:u_dht|T_integral[7]~0                                                       ; 0                 ; 6       ;
;      - t2a_dht:u_dht|data_shift[38]                                                        ; 0                 ; 6       ;
;      - t2a_dht:u_dht|data_shift[37]                                                        ; 0                 ; 6       ;
;      - t2a_dht:u_dht|data_shift[36]                                                        ; 0                 ; 6       ;
;      - t2a_dht:u_dht|data_shift[35]                                                        ; 0                 ; 6       ;
;      - t2a_dht:u_dht|data_shift[34]                                                        ; 0                 ; 6       ;
;      - t2a_dht:u_dht|data_shift[33]                                                        ; 0                 ; 6       ;
;      - t2a_dht:u_dht|data_shift[32]                                                        ; 0                 ; 6       ;
;      - t2a_dht:u_dht|data_shift[20]                                                        ; 0                 ; 6       ;
;      - t2a_dht:u_dht|data_shift[23]                                                        ; 0                 ; 6       ;
;      - t2a_dht:u_dht|data_shift[22]                                                        ; 0                 ; 6       ;
;      - t2a_dht:u_dht|data_shift[21]                                                        ; 0                 ; 6       ;
;      - t2a_dht:u_dht|data_shift[19]                                                        ; 0                 ; 6       ;
;      - t2a_dht:u_dht|data_shift[18]                                                        ; 0                 ; 6       ;
;      - t2a_dht:u_dht|data_shift[17]                                                        ; 0                 ; 6       ;
;      - t2a_dht:u_dht|data_shift[16]                                                        ; 0                 ; 6       ;
;      - msg_sender:msg_fsm|gm1[0]                                                           ; 0                 ; 6       ;
;      - servo:u_servo|state~20                                                              ; 0                 ; 6       ;
;      - servo:u_servo|timer[14]~79                                                          ; 0                 ; 6       ;
;      - servo:u_servo|state~22                                                              ; 0                 ; 6       ;
;      - uart_rx:u_uart_rx|rx_ff1                                                            ; 0                 ; 6       ;
;      - msg_sender:msg_fsm|mpi_ff1                                                          ; 0                 ; 6       ;
;      - msg_sender:msg_fsm|end_ff1                                                          ; 0                 ; 6       ;
;      - t2a_dht:u_dht|data_shift[31]                                                        ; 0                 ; 6       ;
;      - t2a_dht:u_dht|data_shift[15]                                                        ; 0                 ; 6       ;
;      - servo:u_servo|send                                                                  ; 0                 ; 6       ;
;      - t2a_dht:u_dht|data_shift[30]                                                        ; 0                 ; 6       ;
;      - t2a_dht:u_dht|data_shift[14]                                                        ; 0                 ; 6       ;
;      - t2a_dht:u_dht|data_shift[29]                                                        ; 0                 ; 6       ;
;      - t2a_dht:u_dht|data_shift[13]                                                        ; 0                 ; 6       ;
;      - t2a_dht:u_dht|data_shift[28]                                                        ; 0                 ; 6       ;
;      - t2a_dht:u_dht|data_shift[12]                                                        ; 0                 ; 6       ;
;      - t2a_dht:u_dht|data_shift[27]                                                        ; 0                 ; 6       ;
;      - t2a_dht:u_dht|data_shift[11]                                                        ; 0                 ; 6       ;
;      - t2a_dht:u_dht|data_shift[26]                                                        ; 0                 ; 6       ;
;      - t2a_dht:u_dht|data_shift[10]                                                        ; 0                 ; 6       ;
;      - t2a_dht:u_dht|data_shift[25]                                                        ; 0                 ; 6       ;
;      - t2a_dht:u_dht|data_shift[9]                                                         ; 0                 ; 6       ;
;      - t2a_dht:u_dht|data_shift[24]                                                        ; 0                 ; 6       ;
;      - t2a_dht:u_dht|data_shift[8]                                                         ; 0                 ; 6       ;
;      - t2a_dht:u_dht|data_shift[7]                                                         ; 0                 ; 6       ;
;      - t2a_dht:u_dht|data_shift[6]                                                         ; 0                 ; 6       ;
;      - t2a_dht:u_dht|data_shift[5]                                                         ; 0                 ; 6       ;
;      - t2a_dht:u_dht|data_shift[4]                                                         ; 0                 ; 6       ;
;      - t2a_dht:u_dht|data_shift[3]                                                         ; 0                 ; 6       ;
;      - t2a_dht:u_dht|data_shift[2]                                                         ; 0                 ; 6       ;
;      - t2a_dht:u_dht|data_shift[1]                                                         ; 0                 ; 6       ;
;      - t2a_dht:u_dht|data_shift[0]                                                         ; 0                 ; 6       ;
;      - ir_and_us:path_ctrl|us_sensor:us_f|lpm_mult:Mult0|mult_ngt:auto_generated|mac_mult1 ; 0                 ; 6       ;
;      - ir_and_us:path_ctrl|us_sensor:us_l|lpm_mult:Mult0|mult_ngt:auto_generated|mac_mult1 ; 0                 ; 6       ;
;      - ir_and_us:path_ctrl|us_sensor:us_r|lpm_mult:Mult0|mult_ngt:auto_generated|mac_mult1 ; 0                 ; 6       ;
;      - ir_and_us:path_ctrl|us_sensor:us_f|lpm_mult:Mult0|mult_ngt:auto_generated|mac_mult3 ; 0                 ; 6       ;
;      - ir_and_us:path_ctrl|us_sensor:us_l|lpm_mult:Mult0|mult_ngt:auto_generated|mac_mult3 ; 0                 ; 6       ;
;      - ir_and_us:path_ctrl|us_sensor:us_r|lpm_mult:Mult0|mult_ngt:auto_generated|mac_mult3 ; 0                 ; 6       ;
; clk                                                                                        ;                   ;         ;
; ec_l                                                                                       ;                   ;         ;
;      - ir_and_us:path_ctrl|us_sensor:us_l|echo_ff1                                         ; 0                 ; 6       ;
; ec_f                                                                                       ;                   ;         ;
;      - ir_and_us:path_ctrl|us_sensor:us_f|echo_ff1~feeder                                  ; 1                 ; 6       ;
; ec_r                                                                                       ;                   ;         ;
;      - ir_and_us:path_ctrl|us_sensor:us_r|echo_ff1~feeder                                  ; 0                 ; 6       ;
; ir_l                                                                                       ;                   ;         ;
;      - ir_and_us:path_ctrl|ir_sensor:irr_l|ir_sync1~feeder                                 ; 0                 ; 6       ;
; ir_f                                                                                       ;                   ;         ;
;      - ir_and_us:path_ctrl|ir_sensor:irr_f|ir_sync1~feeder                                 ; 0                 ; 6       ;
; ir_r                                                                                       ;                   ;         ;
;      - ir_and_us:path_ctrl|ir_sensor:irr_r|ir_sync1~feeder                                 ; 0                 ; 6       ;
; rx                                                                                         ;                   ;         ;
;      - uart_rx:u_uart_rx|rx_ff1~0                                                          ; 0                 ; 6       ;
+--------------------------------------------------------------------------------------------+-------------------+---------+


+--------------------------------------------------------------------------------------------------------------------------------------------------------------------------------------------------------------------------------------------------------------------------------------------------------------------------------------------------------------------------------------------------------------------------------------------------------------------------------------------------------+
; Control Signals                                                                                                                                                                                                                                                                                                                                                                                                                                                                                        ;
+-------------------------------------------------------------------------------------------------------------------------------------------------------------------------------------------------------------------------------------------------------------------------------------------------------------------------------------------------------------+--------------------+---------+----------------------------+--------+----------------------+------------------+---------------------------+
; Name                                                                                                                                                                                                                                                                                                                                                        ; Location           ; Fan-Out ; Usage                      ; Global ; Global Resource Used ; Global Line Name ; Enable Signal Source Name ;
+-------------------------------------------------------------------------------------------------------------------------------------------------------------------------------------------------------------------------------------------------------------------------------------------------------------------------------------------------------------+--------------------+---------+----------------------------+--------+----------------------+------------------+---------------------------+
; altera_internal_jtag~TCKUTAP                                                                                                                                                                                                                                                                                                                                ; JTAG_X1_Y17_N0     ; 485     ; Clock                      ; yes    ; Global Clock         ; GCLK2            ; --                        ;
; altera_internal_jtag~TMSUTAP                                                                                                                                                                                                                                                                                                                                ; JTAG_X1_Y17_N0     ; 23      ; Sync. clear                ; no     ; --                   ; --               ; --                        ;
; clk                                                                                                                                                                                                                                                                                                                                                         ; PIN_R8             ; 1180    ; Clock                      ; yes    ; Global Clock         ; GCLK18           ; --                        ;
; clk3125:u_clk_div|clk_3125k                                                                                                                                                                                                                                                                                                                                 ; FF_X36_Y27_N17     ; 55      ; Clock                      ; yes    ; Global Clock         ; GCLK11           ; --                        ;
; ir_and_us:path_ctrl|us_sensor:us_f|counter[19]~47                                                                                                                                                                                                                                                                                                           ; LCCOMB_X18_Y19_N26 ; 32      ; Sync. clear                ; no     ; --                   ; --               ; --                        ;
; ir_and_us:path_ctrl|us_sensor:us_f|counter[19]~49                                                                                                                                                                                                                                                                                                           ; LCCOMB_X17_Y19_N30 ; 32      ; Clock enable               ; no     ; --                   ; --               ; --                        ;
; ir_and_us:path_ctrl|us_sensor:us_f|delay_counter[3]~84                                                                                                                                                                                                                                                                                                      ; LCCOMB_X18_Y19_N30 ; 32      ; Sync. clear                ; no     ; --                   ; --               ; --                        ;
; ir_and_us:path_ctrl|us_sensor:us_f|distance_out[0]~20                                                                                                                                                                                                                                                                                                       ; LCCOMB_X15_Y18_N22 ; 12      ; Clock enable               ; no     ; --                   ; --               ; --                        ;
; ir_and_us:path_ctrl|us_sensor:us_f|echo_counter[24]~1                                                                                                                                                                                                                                                                                                       ; LCCOMB_X17_Y19_N24 ; 33      ; Clock enable               ; no     ; --                   ; --               ; --                        ;
; ir_and_us:path_ctrl|us_sensor:us_f|echo_counter[24]~2                                                                                                                                                                                                                                                                                                       ; LCCOMB_X15_Y19_N18 ; 28      ; Clock enable               ; no     ; --                   ; --               ; --                        ;
; ir_and_us:path_ctrl|us_sensor:us_l|counter[2]~47                                                                                                                                                                                                                                                                                                            ; LCCOMB_X18_Y15_N14 ; 32      ; Sync. clear                ; no     ; --                   ; --               ; --                        ;
; ir_and_us:path_ctrl|us_sensor:us_l|counter[2]~49                                                                                                                                                                                                                                                                                                            ; LCCOMB_X18_Y15_N26 ; 32      ; Clock enable               ; no     ; --                   ; --               ; --                        ;
; ir_and_us:path_ctrl|us_sensor:us_l|delay_counter[29]~84                                                                                                                                                                                                                                                                                                     ; LCCOMB_X18_Y15_N30 ; 32      ; Sync. clear                ; no     ; --                   ; --               ; --                        ;
; ir_and_us:path_ctrl|us_sensor:us_l|distance_out[0]~20                                                                                                                                                                                                                                                                                                       ; LCCOMB_X17_Y12_N12 ; 12      ; Clock enable               ; no     ; --                   ; --               ; --                        ;
; ir_and_us:path_ctrl|us_sensor:us_l|echo_counter[8]~1                                                                                                                                                                                                                                                                                                        ; LCCOMB_X19_Y14_N30 ; 33      ; Clock enable               ; no     ; --                   ; --               ; --                        ;
; ir_and_us:path_ctrl|us_sensor:us_l|echo_counter[8]~2                                                                                                                                                                                                                                                                                                        ; LCCOMB_X18_Y15_N20 ; 28      ; Clock enable               ; no     ; --                   ; --               ; --                        ;
; ir_and_us:path_ctrl|us_sensor:us_r|counter[27]~47                                                                                                                                                                                                                                                                                                           ; LCCOMB_X16_Y26_N4  ; 32      ; Sync. clear                ; no     ; --                   ; --               ; --                        ;
; ir_and_us:path_ctrl|us_sensor:us_r|counter[27]~49                                                                                                                                                                                                                                                                                                           ; LCCOMB_X16_Y26_N20 ; 32      ; Clock enable               ; no     ; --                   ; --               ; --                        ;
; ir_and_us:path_ctrl|us_sensor:us_r|delay_counter[19]~84                                                                                                                                                                                                                                                                                                     ; LCCOMB_X16_Y26_N16 ; 32      ; Sync. clear                ; no     ; --                   ; --               ; --                        ;
; ir_and_us:path_ctrl|us_sensor:us_r|distance_out[0]~20                                                                                                                                                                                                                                                                                                       ; LCCOMB_X12_Y26_N6  ; 12      ; Clock enable               ; no     ; --                   ; --               ; --                        ;
; ir_and_us:path_ctrl|us_sensor:us_r|echo_counter[22]~1                                                                                                                                                                                                                                                                                                       ; LCCOMB_X14_Y26_N16 ; 33      ; Clock enable               ; no     ; --                   ; --               ; --                        ;
; ir_and_us:path_ctrl|us_sensor:us_r|echo_counter[22]~2                                                                                                                                                                                                                                                                                                       ; LCCOMB_X14_Y26_N2  ; 28      ; Clock enable               ; no     ; --                   ; --               ; --                        ;
; moisture_sensor:ms|counter[3]                                                                                                                                                                                                                                                                                                                               ; FF_X39_Y19_N1      ; 5       ; Clock                      ; yes    ; Global Clock         ; GCLK6            ; --                        ;
; motor_controller:motor_ctrl|IN1~6                                                                                                                                                                                                                                                                                                                           ; LCCOMB_X34_Y22_N8  ; 5       ; Clock enable               ; no     ; --                   ; --               ; --                        ;
; motor_controller:motor_ctrl|delay_counter[12]~86                                                                                                                                                                                                                                                                                                            ; LCCOMB_X34_Y21_N14 ; 32      ; Sync. clear                ; no     ; --                   ; --               ; --                        ;
; motor_controller:motor_ctrl|delay_counter[12]~87                                                                                                                                                                                                                                                                                                            ; LCCOMB_X38_Y20_N20 ; 32      ; Clock enable               ; no     ; --                   ; --               ; --                        ;
; motor_controller:motor_ctrl|duty_A[5]~4                                                                                                                                                                                                                                                                                                                     ; LCCOMB_X34_Y21_N0  ; 4       ; Clock enable               ; no     ; --                   ; --               ; --                        ;
; motor_controller:motor_ctrl|duty_B[4]~5                                                                                                                                                                                                                                                                                                                     ; LCCOMB_X34_Y22_N26 ; 4       ; Clock enable               ; no     ; --                   ; --               ; --                        ;
; motor_controller:motor_ctrl|error~2                                                                                                                                                                                                                                                                                                                         ; LCCOMB_X36_Y22_N10 ; 2       ; Clock enable               ; no     ; --                   ; --               ; --                        ;
; motor_controller:motor_ctrl|mpi_count[0]~4                                                                                                                                                                                                                                                                                                                  ; LCCOMB_X35_Y22_N18 ; 4       ; Clock enable               ; no     ; --                   ; --               ; --                        ;
; motor_controller:motor_ctrl|state.FORWARD                                                                                                                                                                                                                                                                                                                   ; FF_X34_Y22_N5      ; 16      ; Sync. clear                ; no     ; --                   ; --               ; --                        ;
; motor_controller:motor_ctrl|state.STOP                                                                                                                                                                                                                                                                                                                      ; FF_X36_Y21_N1      ; 8       ; Sync. load                 ; no     ; --                   ; --               ; --                        ;
; motor_controller:motor_ctrl|state.UTURN                                                                                                                                                                                                                                                                                                                     ; FF_X35_Y21_N25     ; 9       ; Sync. load                 ; no     ; --                   ; --               ; --                        ;
; motor_controller:motor_ctrl|state~25                                                                                                                                                                                                                                                                                                                        ; LCCOMB_X34_Y21_N10 ; 2       ; Clock enable               ; no     ; --                   ; --               ; --                        ;
; msg_sender:msg_fsm|idx[4]~4                                                                                                                                                                                                                                                                                                                                 ; LCCOMB_X45_Y19_N8  ; 6       ; Clock enable               ; no     ; --                   ; --               ; --                        ;
; msg_sender:msg_fsm|state.IDLE                                                                                                                                                                                                                                                                                                                               ; FF_X45_Y19_N5      ; 18      ; Sync. clear, Sync. load    ; no     ; --                   ; --               ; --                        ;
; msg_sender:msg_fsm|tx_data[5]~2                                                                                                                                                                                                                                                                                                                             ; LCCOMB_X46_Y18_N8  ; 2       ; Clock enable               ; no     ; --                   ; --               ; --                        ;
; reset                                                                                                                                                                                                                                                                                                                                                       ; PIN_J15            ; 631     ; Async. clear               ; no     ; --                   ; --               ; --                        ;
; servo:u_servo|state~18                                                                                                                                                                                                                                                                                                                                      ; LCCOMB_X37_Y19_N20 ; 3       ; Clock enable               ; no     ; --                   ; --               ; --                        ;
; servo:u_servo|timer[14]~79                                                                                                                                                                                                                                                                                                                                  ; LCCOMB_X37_Y19_N30 ; 26      ; Sync. clear                ; no     ; --                   ; --               ; --                        ;
; sld_hub:auto_hub|alt_sld_fab_with_jtag_input:\instrumentation_fabric_with_node_gen:fabric_gen_new_way:with_jtag_input_gen:instrumentation_fabric|alt_sld_fab:instrumentation_fabric|alt_sld_fab_alt_sld_fab:alt_sld_fab|alt_sld_fab_alt_sld_fab_sldfabric:sldfabric|sld_jtag_hub:\jtag_hub_gen:real_sld_jtag_hub|clr_reg                                    ; FF_X28_Y25_N15     ; 26      ; Async. clear               ; no     ; --                   ; --               ; --                        ;
; sld_hub:auto_hub|alt_sld_fab_with_jtag_input:\instrumentation_fabric_with_node_gen:fabric_gen_new_way:with_jtag_input_gen:instrumentation_fabric|alt_sld_fab:instrumentation_fabric|alt_sld_fab_alt_sld_fab:alt_sld_fab|alt_sld_fab_alt_sld_fab_sldfabric:sldfabric|sld_jtag_hub:\jtag_hub_gen:real_sld_jtag_hub|design_hash_proc~0                         ; LCCOMB_X27_Y27_N26 ; 4       ; Sync. load                 ; no     ; --                   ; --               ; --                        ;
; sld_hub:auto_hub|alt_sld_fab_with_jtag_input:\instrumentation_fabric_with_node_gen:fabric_gen_new_way:with_jtag_input_gen:instrumentation_fabric|alt_sld_fab:instrumentation_fabric|alt_sld_fab_alt_sld_fab:alt_sld_fab|alt_sld_fab_alt_sld_fab_sldfabric:sldfabric|sld_jtag_hub:\jtag_hub_gen:real_sld_jtag_hub|hub_info_reg_ena                           ; LCCOMB_X27_Y27_N16 ; 4       ; Clock enable               ; no     ; --                   ; --               ; --                        ;
; sld_hub:auto_hub|alt_sld_fab_with_jtag_input:\instrumentation_fabric_with_node_gen:fabric_gen_new_way:with_jtag_input_gen:instrumentation_fabric|alt_sld_fab:instrumentation_fabric|alt_sld_fab_alt_sld_fab:alt_sld_fab|alt_sld_fab_alt_sld_fab_sldfabric:sldfabric|sld_jtag_hub:\jtag_hub_gen:real_sld_jtag_hub|hub_info_reg_ena~0                         ; LCCOMB_X26_Y26_N18 ; 5       ; Clock enable               ; no     ; --                   ; --               ; --                        ;
; sld_hub:auto_hub|alt_sld_fab_with_jtag_input:\instrumentation_fabric_with_node_gen:fabric_gen_new_way:with_jtag_input_gen:instrumentation_fabric|alt_sld_fab:instrumentation_fabric|alt_sld_fab_alt_sld_fab:alt_sld_fab|alt_sld_fab_alt_sld_fab_sldfabric:sldfabric|sld_jtag_hub:\jtag_hub_gen:real_sld_jtag_hub|identity_contrib_shift_reg[0]~1            ; LCCOMB_X29_Y27_N2  ; 4       ; Clock enable               ; no     ; --                   ; --               ; --                        ;
; sld_hub:auto_hub|alt_sld_fab_with_jtag_input:\instrumentation_fabric_with_node_gen:fabric_gen_new_way:with_jtag_input_gen:instrumentation_fabric|alt_sld_fab:instrumentation_fabric|alt_sld_fab_alt_sld_fab:alt_sld_fab|alt_sld_fab_alt_sld_fab_sldfabric:sldfabric|sld_jtag_hub:\jtag_hub_gen:real_sld_jtag_hub|irf_reg[1][0]~0                            ; LCCOMB_X29_Y22_N16 ; 10      ; Clock enable               ; no     ; --                   ; --               ; --                        ;
; sld_hub:auto_hub|alt_sld_fab_with_jtag_input:\instrumentation_fabric_with_node_gen:fabric_gen_new_way:with_jtag_input_gen:instrumentation_fabric|alt_sld_fab:instrumentation_fabric|alt_sld_fab_alt_sld_fab:alt_sld_fab|alt_sld_fab_alt_sld_fab_sldfabric:sldfabric|sld_jtag_hub:\jtag_hub_gen:real_sld_jtag_hub|irf_reg[1][4]                              ; FF_X29_Y22_N29     ; 8       ; Clock enable               ; no     ; --                   ; --               ; --                        ;
; sld_hub:auto_hub|alt_sld_fab_with_jtag_input:\instrumentation_fabric_with_node_gen:fabric_gen_new_way:with_jtag_input_gen:instrumentation_fabric|alt_sld_fab:instrumentation_fabric|alt_sld_fab_alt_sld_fab:alt_sld_fab|alt_sld_fab_alt_sld_fab_sldfabric:sldfabric|sld_jtag_hub:\jtag_hub_gen:real_sld_jtag_hub|irf_reg[1][7]                              ; FF_X29_Y22_N31     ; 25      ; Clock enable               ; no     ; --                   ; --               ; --                        ;
; sld_hub:auto_hub|alt_sld_fab_with_jtag_input:\instrumentation_fabric_with_node_gen:fabric_gen_new_way:with_jtag_input_gen:instrumentation_fabric|alt_sld_fab:instrumentation_fabric|alt_sld_fab_alt_sld_fab:alt_sld_fab|alt_sld_fab_alt_sld_fab_sldfabric:sldfabric|sld_jtag_hub:\jtag_hub_gen:real_sld_jtag_hub|irsr_reg[2]~2                              ; LCCOMB_X29_Y22_N24 ; 9       ; Clock enable               ; no     ; --                   ; --               ; --                        ;
; sld_hub:auto_hub|alt_sld_fab_with_jtag_input:\instrumentation_fabric_with_node_gen:fabric_gen_new_way:with_jtag_input_gen:instrumentation_fabric|alt_sld_fab:instrumentation_fabric|alt_sld_fab_alt_sld_fab:alt_sld_fab|alt_sld_fab_alt_sld_fab_sldfabric:sldfabric|sld_jtag_hub:\jtag_hub_gen:real_sld_jtag_hub|mixer_addr_reg_internal[4]~7               ; LCCOMB_X26_Y27_N6  ; 5       ; Sync. load                 ; no     ; --                   ; --               ; --                        ;
; sld_hub:auto_hub|alt_sld_fab_with_jtag_input:\instrumentation_fabric_with_node_gen:fabric_gen_new_way:with_jtag_input_gen:instrumentation_fabric|alt_sld_fab:instrumentation_fabric|alt_sld_fab_alt_sld_fab:alt_sld_fab|alt_sld_fab_alt_sld_fab_sldfabric:sldfabric|sld_jtag_hub:\jtag_hub_gen:real_sld_jtag_hub|mixer_addr_reg_internal[4]~8               ; LCCOMB_X27_Y27_N24 ; 5       ; Clock enable               ; no     ; --                   ; --               ; --                        ;
; sld_hub:auto_hub|alt_sld_fab_with_jtag_input:\instrumentation_fabric_with_node_gen:fabric_gen_new_way:with_jtag_input_gen:instrumentation_fabric|alt_sld_fab:instrumentation_fabric|alt_sld_fab_alt_sld_fab:alt_sld_fab|alt_sld_fab_alt_sld_fab_sldfabric:sldfabric|sld_jtag_hub:\jtag_hub_gen:real_sld_jtag_hub|sld_rom_sr:hub_info_reg|WORD_SR[0]~17      ; LCCOMB_X27_Y27_N6  ; 4       ; Clock enable               ; no     ; --                   ; --               ; --                        ;
; sld_hub:auto_hub|alt_sld_fab_with_jtag_input:\instrumentation_fabric_with_node_gen:fabric_gen_new_way:with_jtag_input_gen:instrumentation_fabric|alt_sld_fab:instrumentation_fabric|alt_sld_fab_alt_sld_fab:alt_sld_fab|alt_sld_fab_alt_sld_fab_sldfabric:sldfabric|sld_jtag_hub:\jtag_hub_gen:real_sld_jtag_hub|sld_rom_sr:hub_info_reg|word_counter[0]~13 ; LCCOMB_X28_Y27_N26 ; 5       ; Sync. clear                ; no     ; --                   ; --               ; --                        ;
; sld_hub:auto_hub|alt_sld_fab_with_jtag_input:\instrumentation_fabric_with_node_gen:fabric_gen_new_way:with_jtag_input_gen:instrumentation_fabric|alt_sld_fab:instrumentation_fabric|alt_sld_fab_alt_sld_fab:alt_sld_fab|alt_sld_fab_alt_sld_fab_sldfabric:sldfabric|sld_jtag_hub:\jtag_hub_gen:real_sld_jtag_hub|sld_rom_sr:hub_info_reg|word_counter[0]~20 ; LCCOMB_X27_Y27_N18 ; 5       ; Clock enable               ; no     ; --                   ; --               ; --                        ;
; sld_hub:auto_hub|alt_sld_fab_with_jtag_input:\instrumentation_fabric_with_node_gen:fabric_gen_new_way:with_jtag_input_gen:instrumentation_fabric|alt_sld_fab:instrumentation_fabric|alt_sld_fab_alt_sld_fab:alt_sld_fab|alt_sld_fab_alt_sld_fab_sldfabric:sldfabric|sld_jtag_hub:\jtag_hub_gen:real_sld_jtag_hub|sld_shadow_jsm:shadow_jsm|state[0]         ; FF_X28_Y26_N15     ; 15      ; Async. clear               ; no     ; --                   ; --               ; --                        ;
; sld_hub:auto_hub|alt_sld_fab_with_jtag_input:\instrumentation_fabric_with_node_gen:fabric_gen_new_way:with_jtag_input_gen:instrumentation_fabric|alt_sld_fab:instrumentation_fabric|alt_sld_fab_alt_sld_fab:alt_sld_fab|alt_sld_fab_alt_sld_fab_sldfabric:sldfabric|sld_jtag_hub:\jtag_hub_gen:real_sld_jtag_hub|sld_shadow_jsm:shadow_jsm|state[11]        ; FF_X26_Y26_N17     ; 12      ; Clock enable               ; no     ; --                   ; --               ; --                        ;
; sld_hub:auto_hub|alt_sld_fab_with_jtag_input:\instrumentation_fabric_with_node_gen:fabric_gen_new_way:with_jtag_input_gen:instrumentation_fabric|alt_sld_fab:instrumentation_fabric|alt_sld_fab_alt_sld_fab:alt_sld_fab|alt_sld_fab_alt_sld_fab_sldfabric:sldfabric|sld_jtag_hub:\jtag_hub_gen:real_sld_jtag_hub|sld_shadow_jsm:shadow_jsm|state[3]         ; FF_X28_Y25_N19     ; 36      ; Sync. load                 ; no     ; --                   ; --               ; --                        ;
; sld_hub:auto_hub|alt_sld_fab_with_jtag_input:\instrumentation_fabric_with_node_gen:fabric_gen_new_way:with_jtag_input_gen:instrumentation_fabric|alt_sld_fab:instrumentation_fabric|alt_sld_fab_alt_sld_fab:alt_sld_fab|alt_sld_fab_alt_sld_fab_sldfabric:sldfabric|sld_jtag_hub:\jtag_hub_gen:real_sld_jtag_hub|sld_shadow_jsm:shadow_jsm|state[4]         ; FF_X28_Y25_N11     ; 32      ; Sync. load                 ; no     ; --                   ; --               ; --                        ;
; sld_hub:auto_hub|alt_sld_fab_with_jtag_input:\instrumentation_fabric_with_node_gen:fabric_gen_new_way:with_jtag_input_gen:instrumentation_fabric|alt_sld_fab:instrumentation_fabric|alt_sld_fab_alt_sld_fab:alt_sld_fab|alt_sld_fab_alt_sld_fab_sldfabric:sldfabric|sld_jtag_hub:\jtag_hub_gen:real_sld_jtag_hub|virtual_ir_dr_scan_proc~0                  ; LCCOMB_X26_Y26_N14 ; 3       ; Clock enable               ; no     ; --                   ; --               ; --                        ;
; sld_hub:auto_hub|alt_sld_fab_with_jtag_input:\instrumentation_fabric_with_node_gen:fabric_gen_new_way:with_jtag_input_gen:instrumentation_fabric|alt_sld_fab:instrumentation_fabric|alt_sld_fab_alt_sld_fab:alt_sld_fab|alt_sld_fab_alt_sld_fab_sldfabric:sldfabric|sld_jtag_hub:\jtag_hub_gen:real_sld_jtag_hub|virtual_ir_scan_reg                        ; FF_X26_Y24_N25     ; 31      ; Async. clear, Clock enable ; no     ; --                   ; --               ; --                        ;
; sld_hub:auto_hub|alt_sld_fab_with_jtag_input:\instrumentation_fabric_with_node_gen:fabric_gen_new_way:with_jtag_input_gen:instrumentation_fabric|alt_sld_fab:instrumentation_fabric|alt_sld_fab_alt_sld_fab:alt_sld_fab|sldfabric_ident_writedata[0]~0                                                                                                      ; LCCOMB_X29_Y27_N12 ; 4       ; Clock enable               ; no     ; --                   ; --               ; --                        ;
; sld_signaltap:auto_signaltap_0|sld_signaltap_impl:sld_signaltap_body|sld_signaltap_implb:sld_signaltap_body|altdpram:\stp_non_zero_ram_gen:attribute_mem_gen:attribute_mem|lpm_decode:wdecoder|decode_dvf:auto_generated|eq_node[0]~1                                                                                                                       ; LCCOMB_X26_Y20_N14 ; 19      ; Clock enable               ; no     ; --                   ; --               ; --                        ;
; sld_signaltap:auto_signaltap_0|sld_signaltap_impl:sld_signaltap_body|sld_signaltap_implb:sld_signaltap_body|altdpram:\stp_non_zero_ram_gen:attribute_mem_gen:attribute_mem|lpm_decode:wdecoder|decode_dvf:auto_generated|eq_node[1]~0                                                                                                                       ; LCCOMB_X26_Y20_N20 ; 19      ; Clock enable               ; no     ; --                   ; --               ; --                        ;
; sld_signaltap:auto_signaltap_0|sld_signaltap_impl:sld_signaltap_body|sld_signaltap_implb:sld_signaltap_body|buffer_write_enable_delayed                                                                                                                                                                                                                     ; FF_X26_Y20_N1      ; 6       ; Clock enable, Write enable ; no     ; --                   ; --               ; --                        ;
; sld_signaltap:auto_signaltap_0|sld_signaltap_impl:sld_signaltap_body|sld_signaltap_implb:sld_signaltap_body|collect_data                                                                                                                                                                                                                                    ; LCCOMB_X27_Y19_N18 ; 2       ; Clock enable               ; no     ; --                   ; --               ; --                        ;
; sld_signaltap:auto_signaltap_0|sld_signaltap_impl:sld_signaltap_body|sld_signaltap_implb:sld_signaltap_body|process_0~0                                                                                                                                                                                                                                     ; LCCOMB_X28_Y22_N4  ; 32      ; Sync. clear                ; no     ; --                   ; --               ; --                        ;
; sld_signaltap:auto_signaltap_0|sld_signaltap_impl:sld_signaltap_body|sld_signaltap_implb:sld_signaltap_body|process_0~1                                                                                                                                                                                                                                     ; LCCOMB_X28_Y22_N14 ; 32      ; Sync. load                 ; no     ; --                   ; --               ; --                        ;
; sld_signaltap:auto_signaltap_0|sld_signaltap_impl:sld_signaltap_body|sld_signaltap_implb:sld_signaltap_body|reset_all                                                                                                                                                                                                                                       ; FF_X31_Y22_N9      ; 311     ; Async. clear               ; yes    ; Global Clock         ; GCLK14           ; --                        ;
; sld_signaltap:auto_signaltap_0|sld_signaltap_impl:sld_signaltap_body|sld_signaltap_implb:sld_signaltap_body|serial_crc_16:\tdo_crc_gen:tdo_crc_calc|lfsr[10]~1                                                                                                                                                                                              ; LCCOMB_X35_Y23_N2  ; 13      ; Clock enable               ; no     ; --                   ; --               ; --                        ;
; sld_signaltap:auto_signaltap_0|sld_signaltap_impl:sld_signaltap_body|sld_signaltap_implb:sld_signaltap_body|sld_buffer_manager:sld_buffer_manager_inst|last_buffer_write_address_sig[0]~0                                                                                                                                                                   ; LCCOMB_X27_Y19_N0  ; 9       ; Clock enable               ; no     ; --                   ; --               ; --                        ;
; sld_signaltap:auto_signaltap_0|sld_signaltap_impl:sld_signaltap_body|sld_signaltap_implb:sld_signaltap_body|sld_buffer_manager:sld_buffer_manager_inst|modified_post_count[9]~2                                                                                                                                                                             ; LCCOMB_X27_Y17_N20 ; 19      ; Clock enable               ; no     ; --                   ; --               ; --                        ;
; sld_signaltap:auto_signaltap_0|sld_signaltap_impl:sld_signaltap_body|sld_signaltap_implb:sld_signaltap_body|sld_buffer_manager:sld_buffer_manager_inst|process_1~0                                                                                                                                                                                          ; LCCOMB_X27_Y19_N12 ; 26      ; Clock enable               ; no     ; --                   ; --               ; --                        ;
; sld_signaltap:auto_signaltap_0|sld_signaltap_impl:sld_signaltap_body|sld_signaltap_implb:sld_signaltap_body|sld_offload_buffer_mgr:\stp_non_zero_depth_offload_gen:stp_offload_buff_mgr_inst|Equal2~1                                                                                                                                                       ; LCCOMB_X27_Y23_N0  ; 1       ; Clock enable               ; no     ; --                   ; --               ; --                        ;
; sld_signaltap:auto_signaltap_0|sld_signaltap_impl:sld_signaltap_body|sld_signaltap_implb:sld_signaltap_body|sld_offload_buffer_mgr:\stp_non_zero_depth_offload_gen:stp_offload_buff_mgr_inst|acq_buf_read_reset                                                                                                                                             ; LCCOMB_X35_Y18_N12 ; 10      ; Sync. load                 ; no     ; --                   ; --               ; --                        ;
; sld_signaltap:auto_signaltap_0|sld_signaltap_impl:sld_signaltap_body|sld_signaltap_implb:sld_signaltap_body|sld_offload_buffer_mgr:\stp_non_zero_depth_offload_gen:stp_offload_buff_mgr_inst|lpm_counter:\adv_point_3_and_more:advance_pointer_counter|cntr_ggi:auto_generated|counter_reg_bit[5]~0                                                         ; LCCOMB_X35_Y18_N10 ; 6       ; Sync. load                 ; no     ; --                   ; --               ; --                        ;
; sld_signaltap:auto_signaltap_0|sld_signaltap_impl:sld_signaltap_body|sld_signaltap_implb:sld_signaltap_body|sld_offload_buffer_mgr:\stp_non_zero_depth_offload_gen:stp_offload_buff_mgr_inst|lpm_counter:status_advance_pointer_counter|cntr_8hi:auto_generated|counter_reg_bit[4]~0                                                                        ; LCCOMB_X27_Y23_N28 ; 5       ; Sync. load                 ; no     ; --                   ; --               ; --                        ;
; sld_signaltap:auto_signaltap_0|sld_signaltap_impl:sld_signaltap_body|sld_signaltap_implb:sld_signaltap_body|sld_offload_buffer_mgr:\stp_non_zero_depth_offload_gen:stp_offload_buff_mgr_inst|lpm_counter:status_read_pointer_counter|cntr_23j:auto_generated|counter_reg_bit[0]~0                                                                           ; LCCOMB_X30_Y21_N2  ; 1       ; Sync. load                 ; no     ; --                   ; --               ; --                        ;
; sld_signaltap:auto_signaltap_0|sld_signaltap_impl:sld_signaltap_body|sld_signaltap_implb:sld_signaltap_body|sld_offload_buffer_mgr:\stp_non_zero_depth_offload_gen:stp_offload_buff_mgr_inst|read_pointer_counter_clk_ena                                                                                                                                   ; LCCOMB_X35_Y18_N30 ; 9       ; Clock enable               ; no     ; --                   ; --               ; --                        ;
; sld_signaltap:auto_signaltap_0|sld_signaltap_impl:sld_signaltap_body|sld_signaltap_implb:sld_signaltap_body|sld_rom_sr:crc_rom_sr|WORD_SR[2]~8                                                                                                                                                                                                              ; LCCOMB_X30_Y23_N22 ; 4       ; Sync. clear                ; no     ; --                   ; --               ; --                        ;
; sld_signaltap:auto_signaltap_0|sld_signaltap_impl:sld_signaltap_body|sld_signaltap_implb:sld_signaltap_body|sld_rom_sr:crc_rom_sr|WORD_SR[2]~9                                                                                                                                                                                                              ; LCCOMB_X30_Y23_N18 ; 4       ; Clock enable               ; no     ; --                   ; --               ; --                        ;
; sld_signaltap:auto_signaltap_0|sld_signaltap_impl:sld_signaltap_body|sld_signaltap_implb:sld_signaltap_body|sld_rom_sr:crc_rom_sr|word_counter[0]~5                                                                                                                                                                                                         ; LCCOMB_X30_Y23_N20 ; 4       ; Clock enable               ; no     ; --                   ; --               ; --                        ;
; sld_signaltap:auto_signaltap_0|sld_signaltap_impl:sld_signaltap_body|sld_signaltap_implb:sld_signaltap_body|status_shift_enable~1                                                                                                                                                                                                                           ; LCCOMB_X27_Y21_N0  ; 17      ; Clock enable               ; no     ; --                   ; --               ; --                        ;
; sld_signaltap:auto_signaltap_0|sld_signaltap_impl:sld_signaltap_body|sld_signaltap_implb:sld_signaltap_body|tdo_crc_len_reg[0]~34                                                                                                                                                                                                                           ; LCCOMB_X35_Y23_N0  ; 32      ; Clock enable               ; no     ; --                   ; --               ; --                        ;
; sld_signaltap:auto_signaltap_0|sld_signaltap_impl:sld_signaltap_body|sld_signaltap_implb:sld_signaltap_body|tdo_crc_val_shift_reg[0]~1                                                                                                                                                                                                                      ; LCCOMB_X29_Y24_N2  ; 16      ; Clock enable               ; no     ; --                   ; --               ; --                        ;
; sld_signaltap:auto_signaltap_0|sld_signaltap_impl:sld_signaltap_body|sld_signaltap_implb:sld_signaltap_body|trigger_setup_ena                                                                                                                                                                                                                               ; LCCOMB_X28_Y22_N18 ; 174     ; Clock enable               ; no     ; --                   ; --               ; --                        ;
; t2a_dht:u_dht|T_integral[7]~0                                                                                                                                                                                                                                                                                                                               ; LCCOMB_X32_Y24_N22 ; 16      ; Clock enable               ; no     ; --                   ; --               ; --                        ;
; t2a_dht:u_dht|bit_count[3]~17                                                                                                                                                                                                                                                                                                                               ; LCCOMB_X20_Y26_N2  ; 6       ; Clock enable               ; no     ; --                   ; --               ; --                        ;
; t2a_dht:u_dht|counter[3]~91                                                                                                                                                                                                                                                                                                                                 ; LCCOMB_X19_Y25_N28 ; 32      ; Sync. clear                ; no     ; --                   ; --               ; --                        ;
; t2a_dht:u_dht|counter[3]~93                                                                                                                                                                                                                                                                                                                                 ; LCCOMB_X19_Y26_N2  ; 32      ; Clock enable               ; no     ; --                   ; --               ; --                        ;
; t2a_dht:u_dht|data_shift[23]~0                                                                                                                                                                                                                                                                                                                              ; LCCOMB_X20_Y26_N20 ; 40      ; Clock enable               ; no     ; --                   ; --               ; --                        ;
; t2a_dht:u_dht|sensor_out_enable                                                                                                                                                                                                                                                                                                                             ; FF_X19_Y25_N19     ; 2       ; Output enable              ; no     ; --                   ; --               ; --                        ;
; t2a_dht:u_dht|state.DATA                                                                                                                                                                                                                                                                                                                                    ; FF_X19_Y26_N9      ; 14      ; Sync. clear                ; no     ; --                   ; --               ; --                        ;
; t2a_dht:u_dht|timeout_counter[4]~65                                                                                                                                                                                                                                                                                                                         ; LCCOMB_X20_Y26_N28 ; 32      ; Sync. clear                ; no     ; --                   ; --               ; --                        ;
; t2a_dht:u_dht|timeout_counter[4]~67                                                                                                                                                                                                                                                                                                                         ; LCCOMB_X20_Y26_N6  ; 32      ; Clock enable               ; no     ; --                   ; --               ; --                        ;
; uart_cmd_parser:u_uart_cmd|bot_start_reg                                                                                                                                                                                                                                                                                                                    ; FF_X36_Y19_N5      ; 42      ; Sync. clear                ; no     ; --                   ; --               ; --                        ;
; uart_rx:u_uart_rx|Selector9~2                                                                                                                                                                                                                                                                                                                               ; LCCOMB_X35_Y20_N20 ; 2       ; Clock enable               ; no     ; --                   ; --               ; --                        ;
; uart_rx:u_uart_rx|rx_data[0]~0                                                                                                                                                                                                                                                                                                                              ; LCCOMB_X35_Y19_N4  ; 8       ; Clock enable               ; no     ; --                   ; --               ; --                        ;
; uart_tx:uart|data_shift[7]~0                                                                                                                                                                                                                                                                                                                                ; LCCOMB_X43_Y19_N24 ; 8       ; Clock enable               ; no     ; --                   ; --               ; --                        ;
+-------------------------------------------------------------------------------------------------------------------------------------------------------------------------------------------------------------------------------------------------------------------------------------------------------------------------------------------------------------+--------------------+---------+----------------------------+--------+----------------------+------------------+---------------------------+


+---------------------------------------------------------------------------------------------------------------------------------------------------------------------------------------------------------------------------------------------------------------+
; Global & Other Fast Signals                                                                                                                                                                                                                                   ;
+-----------------------------------------------------------------------------------------------------------------------+----------------+---------+--------------------------------------+----------------------+------------------+---------------------------+
; Name                                                                                                                  ; Location       ; Fan-Out ; Fan-Out Using Intentional Clock Skew ; Global Resource Used ; Global Line Name ; Enable Signal Source Name ;
+-----------------------------------------------------------------------------------------------------------------------+----------------+---------+--------------------------------------+----------------------+------------------+---------------------------+
; altera_internal_jtag~TCKUTAP                                                                                          ; JTAG_X1_Y17_N0 ; 485     ; 0                                    ; Global Clock         ; GCLK2            ; --                        ;
; clk                                                                                                                   ; PIN_R8         ; 1180    ; 0                                    ; Global Clock         ; GCLK18           ; --                        ;
; clk3125:u_clk_div|clk_3125k                                                                                           ; FF_X36_Y27_N17 ; 55      ; 0                                    ; Global Clock         ; GCLK11           ; --                        ;
; moisture_sensor:ms|counter[3]                                                                                         ; FF_X39_Y19_N1  ; 5       ; 0                                    ; Global Clock         ; GCLK6            ; --                        ;
; sld_signaltap:auto_signaltap_0|sld_signaltap_impl:sld_signaltap_body|sld_signaltap_implb:sld_signaltap_body|reset_all ; FF_X31_Y22_N9  ; 311     ; 0                                    ; Global Clock         ; GCLK14           ; --                        ;
+-----------------------------------------------------------------------------------------------------------------------+----------------+---------+--------------------------------------+----------------------+------------------+---------------------------+


+---------------------------------+
; Non-Global High Fan-Out Signals ;
+-------------+-------------------+
; Name        ; Fan-Out           ;
+-------------+-------------------+
; reset~input ; 631               ;
+-------------+-------------------+


+-------------------------------------------------------------------------------------------------------------------------------------------------------------------------------------------------------------------------------------------------------------------------------------------------------------------------------------------------------------------------------------------------------------------------------------------------------------------------------------------------------------------------------------------------------------------------------------------------------------------------------------------------------------------------------------------------------------------------------------------------------------------+
; Fitter RAM Summary                                                                                                                                                                                                                                                                                                                                                                                                                                                                                                                                                                                                                                                                                                                                                ;
+-------------------------------------------------------------------------------------------------------------------------------------------------------------------------------------------------------+------+------------------+-------------+--------------+--------------+--------------+--------------+------------------------+-------------------------+------------------------+-------------------------+-------+-----------------------------+-----------------------------+-----------------------------+-----------------------------+---------------------+------+------+------------------------------------------------+----------------------+------------------------+------------------------+----------+------------------------+---------------+
; Name                                                                                                                                                                                                  ; Type ; Mode             ; Clock Mode  ; Port A Depth ; Port A Width ; Port B Depth ; Port B Width ; Port A Input Registers ; Port A Output Registers ; Port B Input Registers ; Port B Output Registers ; Size  ; Implementation Port A Depth ; Implementation Port A Width ; Implementation Port B Depth ; Implementation Port B Width ; Implementation Bits ; M9Ks ; MIF  ; Location                                       ; Mixed Width RDW Mode ; Port A RDW Mode        ; Port B RDW Mode        ; ECC Mode ; ECC Pipeline Registers ; Fits in MLABs ;
+-------------------------------------------------------------------------------------------------------------------------------------------------------------------------------------------------------+------+------------------+-------------+--------------+--------------+--------------+--------------+------------------------+-------------------------+------------------------+-------------------------+-------+-----------------------------+-----------------------------+-----------------------------+-----------------------------+---------------------+------+------+------------------------------------------------+----------------------+------------------------+------------------------+----------+------------------------+---------------+
; sld_signaltap:auto_signaltap_0|sld_signaltap_impl:sld_signaltap_body|sld_signaltap_implb:sld_signaltap_body|altsyncram:\stp_non_zero_ram_gen:stp_buffer_ram|altsyncram_1524:auto_generated|ALTSYNCRAM ; AUTO ; Simple Dual Port ; Dual Clocks ; 512          ; 51           ; 512          ; 51           ; yes                    ; no                      ; yes                    ; no                      ; 26112 ; 512                         ; 51                          ; 512                         ; 51                          ; 26112               ; 3    ; None ; M9K_X33_Y20_N0, M9K_X33_Y19_N0, M9K_X33_Y18_N0 ; Don't care           ; New data with NBE Read ; New data with NBE Read ; Off      ; No                     ; No - Unknown  ;
+-------------------------------------------------------------------------------------------------------------------------------------------------------------------------------------------------------+------+------------------+-------------+--------------+--------------+--------------+--------------+------------------------+-------------------------+------------------------+-------------------------+-------+-----------------------------+-----------------------------+-----------------------------+-----------------------------+---------------------+------+------+------------------------------------------------+----------------------+------------------------+------------------------+----------+------------------------+---------------+
Note: Fitter may spread logical memories into multiple blocks to improve timing. The actual required RAM blocks can be found in the Fitter Resource Usage section.


+-----------------------------------------------------------------------------------------------+
; Fitter DSP Block Usage Summary                                                                ;
+---------------------------------------+-------------+---------------------+-------------------+
; Statistic                             ; Number Used ; Available per Block ; Maximum Available ;
+---------------------------------------+-------------+---------------------+-------------------+
; Simple Multipliers (9-bit)            ; 0           ; 2                   ; 132               ;
; Simple Multipliers (18-bit)           ; 6           ; 1                   ; 66                ;
; Embedded Multiplier Blocks            ; 6           ; --                  ; 66                ;
; Embedded Multiplier 9-bit elements    ; 12          ; 2                   ; 132               ;
; Signed Embedded Multipliers           ; 0           ; --                  ; --                ;
; Unsigned Embedded Multipliers         ; 6           ; --                  ; --                ;
; Mixed Sign Embedded Multipliers       ; 0           ; --                  ; --                ;
; Variable Sign Embedded Multipliers    ; 0           ; --                  ; --                ;
; Dedicated Input Shift Register Chains ; 0           ; --                  ; --                ;
+---------------------------------------+-------------+---------------------+-------------------+


+---------------------------------------------------------------------------------------------------------------------------------------------------------------------------------------------------------------------------------------------------------------------------------------+
; DSP Block Details                                                                                                                                                                                                                                                                     ;
+----------------------------------------------------------------------------------------+----------------------------+--------------------+---------------------+--------------------------------+-----------------------+-----------------------+-------------------+-----------------+
; Name                                                                                   ; Mode                       ; Location           ; Sign Representation ; Has Input Shift Register Chain ; Data A Input Register ; Data B Input Register ; Pipeline Register ; Output Register ;
+----------------------------------------------------------------------------------------+----------------------------+--------------------+---------------------+--------------------------------+-----------------------+-----------------------+-------------------+-----------------+
; ir_and_us:path_ctrl|us_sensor:us_f|lpm_mult:Mult0|mult_ngt:auto_generated|mac_out4     ; Simple Multiplier (18-bit) ; DSPOUT_X13_Y18_N2  ;                     ; No                             ;                       ;                       ;                   ; no              ;
;    ir_and_us:path_ctrl|us_sensor:us_f|lpm_mult:Mult0|mult_ngt:auto_generated|mac_mult3 ;                            ; DSPMULT_X13_Y18_N0 ; Unsigned            ;                                ; yes                   ; no                    ; no                ;                 ;
; ir_and_us:path_ctrl|us_sensor:us_f|lpm_mult:Mult0|mult_ngt:auto_generated|w217w[0]     ; Simple Multiplier (18-bit) ; DSPOUT_X13_Y19_N2  ;                     ; No                             ;                       ;                       ;                   ; no              ;
;    ir_and_us:path_ctrl|us_sensor:us_f|lpm_mult:Mult0|mult_ngt:auto_generated|mac_mult1 ;                            ; DSPMULT_X13_Y19_N0 ; Unsigned            ;                                ; yes                   ; no                    ; no                ;                 ;
; ir_and_us:path_ctrl|us_sensor:us_l|lpm_mult:Mult0|mult_ngt:auto_generated|mac_out4     ; Simple Multiplier (18-bit) ; DSPOUT_X13_Y12_N2  ;                     ; No                             ;                       ;                       ;                   ; no              ;
;    ir_and_us:path_ctrl|us_sensor:us_l|lpm_mult:Mult0|mult_ngt:auto_generated|mac_mult3 ;                            ; DSPMULT_X13_Y12_N0 ; Unsigned            ;                                ; yes                   ; no                    ; no                ;                 ;
; ir_and_us:path_ctrl|us_sensor:us_l|lpm_mult:Mult0|mult_ngt:auto_generated|w217w[0]     ; Simple Multiplier (18-bit) ; DSPOUT_X13_Y14_N2  ;                     ; No                             ;                       ;                       ;                   ; no              ;
;    ir_and_us:path_ctrl|us_sensor:us_l|lpm_mult:Mult0|mult_ngt:auto_generated|mac_mult1 ;                            ; DSPMULT_X13_Y14_N0 ; Unsigned            ;                                ; yes                   ; no                    ; no                ;                 ;
; ir_and_us:path_ctrl|us_sensor:us_r|lpm_mult:Mult0|mult_ngt:auto_generated|mac_out4     ; Simple Multiplier (18-bit) ; DSPOUT_X13_Y22_N2  ;                     ; No                             ;                       ;                       ;                   ; no              ;
;    ir_and_us:path_ctrl|us_sensor:us_r|lpm_mult:Mult0|mult_ngt:auto_generated|mac_mult3 ;                            ; DSPMULT_X13_Y22_N0 ; Unsigned            ;                                ; yes                   ; no                    ; no                ;                 ;
; ir_and_us:path_ctrl|us_sensor:us_r|lpm_mult:Mult0|mult_ngt:auto_generated|w217w[0]     ; Simple Multiplier (18-bit) ; DSPOUT_X13_Y24_N2  ;                     ; No                             ;                       ;                       ;                   ; no              ;
;    ir_and_us:path_ctrl|us_sensor:us_r|lpm_mult:Mult0|mult_ngt:auto_generated|mac_mult1 ;                            ; DSPMULT_X13_Y24_N0 ; Unsigned            ;                                ; yes                   ; no                    ; no                ;                 ;
+----------------------------------------------------------------------------------------+----------------------------+--------------------+---------------------+--------------------------------+-----------------------+-----------------------+-------------------+-----------------+


+------------------------------------------------+
; Routing Usage Summary                          ;
+-----------------------+------------------------+
; Routing Resource Type ; Usage                  ;
+-----------------------+------------------------+
; Block interconnects   ; 2,415 / 71,559 ( 3 % ) ;
; C16 interconnects     ; 26 / 2,597 ( 1 % )     ;
; C4 interconnects      ; 968 / 46,848 ( 2 % )   ;
; Direct links          ; 622 / 71,559 ( < 1 % ) ;
; Global clocks         ; 5 / 20 ( 25 % )        ;
; Local interconnects   ; 1,814 / 24,624 ( 7 % ) ;
; R24 interconnects     ; 24 / 2,496 ( < 1 % )   ;
; R4 interconnects      ; 1,288 / 62,424 ( 2 % ) ;
+-----------------------+------------------------+


+-----------------------------------------------------------------------------+
; LAB Logic Elements                                                          ;
+---------------------------------------------+-------------------------------+
; Number of Logic Elements  (Average = 12.11) ; Number of LABs  (Total = 219) ;
+---------------------------------------------+-------------------------------+
; 1                                           ; 19                            ;
; 2                                           ; 6                             ;
; 3                                           ; 8                             ;
; 4                                           ; 2                             ;
; 5                                           ; 3                             ;
; 6                                           ; 5                             ;
; 7                                           ; 2                             ;
; 8                                           ; 4                             ;
; 9                                           ; 4                             ;
; 10                                          ; 7                             ;
; 11                                          ; 7                             ;
; 12                                          ; 7                             ;
; 13                                          ; 11                            ;
; 14                                          ; 17                            ;
; 15                                          ; 22                            ;
; 16                                          ; 95                            ;
+---------------------------------------------+-------------------------------+


+--------------------------------------------------------------------+
; LAB-wide Signals                                                   ;
+------------------------------------+-------------------------------+
; LAB-wide Signals  (Average = 1.98) ; Number of LABs  (Total = 219) ;
+------------------------------------+-------------------------------+
; 1 Async. clear                     ; 119                           ;
; 1 Clock                            ; 158                           ;
; 1 Clock enable                     ; 83                            ;
; 1 Sync. clear                      ; 29                            ;
; 1 Sync. load                       ; 6                             ;
; 2 Clock enables                    ; 11                            ;
; 2 Clocks                           ; 28                            ;
+------------------------------------+-------------------------------+


+------------------------------------------------------------------------------+
; LAB Signals Sourced                                                          ;
+----------------------------------------------+-------------------------------+
; Number of Signals Sourced  (Average = 18.99) ; Number of LABs  (Total = 219) ;
+----------------------------------------------+-------------------------------+
; 0                                            ; 0                             ;
; 1                                            ; 7                             ;
; 2                                            ; 15                            ;
; 3                                            ; 5                             ;
; 4                                            ; 2                             ;
; 5                                            ; 2                             ;
; 6                                            ; 7                             ;
; 7                                            ; 1                             ;
; 8                                            ; 1                             ;
; 9                                            ; 3                             ;
; 10                                           ; 4                             ;
; 11                                           ; 2                             ;
; 12                                           ; 3                             ;
; 13                                           ; 3                             ;
; 14                                           ; 5                             ;
; 15                                           ; 9                             ;
; 16                                           ; 8                             ;
; 17                                           ; 9                             ;
; 18                                           ; 8                             ;
; 19                                           ; 8                             ;
; 20                                           ; 7                             ;
; 21                                           ; 9                             ;
; 22                                           ; 9                             ;
; 23                                           ; 9                             ;
; 24                                           ; 14                            ;
; 25                                           ; 11                            ;
; 26                                           ; 9                             ;
; 27                                           ; 6                             ;
; 28                                           ; 2                             ;
; 29                                           ; 4                             ;
; 30                                           ; 3                             ;
; 31                                           ; 6                             ;
; 32                                           ; 28                            ;
+----------------------------------------------+-------------------------------+


+---------------------------------------------------------------------------------+
; LAB Signals Sourced Out                                                         ;
+-------------------------------------------------+-------------------------------+
; Number of Signals Sourced Out  (Average = 6.05) ; Number of LABs  (Total = 219) ;
+-------------------------------------------------+-------------------------------+
; 0                                               ; 0                             ;
; 1                                               ; 36                            ;
; 2                                               ; 32                            ;
; 3                                               ; 27                            ;
; 4                                               ; 14                            ;
; 5                                               ; 18                            ;
; 6                                               ; 9                             ;
; 7                                               ; 12                            ;
; 8                                               ; 6                             ;
; 9                                               ; 10                            ;
; 10                                              ; 10                            ;
; 11                                              ; 7                             ;
; 12                                              ; 11                            ;
; 13                                              ; 6                             ;
; 14                                              ; 1                             ;
; 15                                              ; 1                             ;
; 16                                              ; 18                            ;
; 17                                              ; 0                             ;
; 18                                              ; 0                             ;
; 19                                              ; 1                             ;
+-------------------------------------------------+-------------------------------+


+-----------------------------------------------------------------------------+
; LAB Distinct Inputs                                                         ;
+---------------------------------------------+-------------------------------+
; Number of Distinct Inputs  (Average = 9.65) ; Number of LABs  (Total = 219) ;
+---------------------------------------------+-------------------------------+
; 0                                           ; 0                             ;
; 1                                           ; 1                             ;
; 2                                           ; 17                            ;
; 3                                           ; 17                            ;
; 4                                           ; 24                            ;
; 5                                           ; 18                            ;
; 6                                           ; 13                            ;
; 7                                           ; 9                             ;
; 8                                           ; 8                             ;
; 9                                           ; 22                            ;
; 10                                          ; 11                            ;
; 11                                          ; 9                             ;
; 12                                          ; 7                             ;
; 13                                          ; 3                             ;
; 14                                          ; 8                             ;
; 15                                          ; 7                             ;
; 16                                          ; 6                             ;
; 17                                          ; 10                            ;
; 18                                          ; 2                             ;
; 19                                          ; 4                             ;
; 20                                          ; 3                             ;
; 21                                          ; 2                             ;
; 22                                          ; 7                             ;
; 23                                          ; 2                             ;
; 24                                          ; 4                             ;
; 25                                          ; 0                             ;
; 26                                          ; 0                             ;
; 27                                          ; 1                             ;
; 28                                          ; 0                             ;
; 29                                          ; 3                             ;
+---------------------------------------------+-------------------------------+


+------------------------------------------+
; I/O Rules Summary                        ;
+----------------------------------+-------+
; I/O Rules Statistic              ; Total ;
+----------------------------------+-------+
; Total I/O Rules                  ; 30    ;
; Number of I/O Rules Passed       ; 12    ;
; Number of I/O Rules Failed       ; 0     ;
; Number of I/O Rules Unchecked    ; 0     ;
; Number of I/O Rules Inapplicable ; 18    ;
+----------------------------------+-------+


+-----------------------------------------------------------------------------------------------------------------------------------------------------------------------------------------------------------------------------------------------------------------------------------------------------+
; I/O Rules Details                                                                                                                                                                                                                                                                                   ;
+--------------+-----------+-----------------------------------+------------------------------------------------------------------------------------------------------+----------+--------------------------------------------------------------------------+---------------------+-------------------+
; Status       ; ID        ; Category                          ; Rule Description                                                                                     ; Severity ; Information                                                              ; Area                ; Extra Information ;
+--------------+-----------+-----------------------------------+------------------------------------------------------------------------------------------------------+----------+--------------------------------------------------------------------------+---------------------+-------------------+
; Pass         ; IO_000001 ; Capacity Checks                   ; Number of pins in an I/O bank should not exceed the number of locations available.                   ; Critical ; 0 such failures found.                                                   ; I/O                 ;                   ;
; Inapplicable ; IO_000002 ; Capacity Checks                   ; Number of clocks in an I/O bank should not exceed the number of clocks available.                    ; Critical ; No Global Signal assignments found.                                      ; I/O                 ;                   ;
; Pass         ; IO_000003 ; Capacity Checks                   ; Number of pins in a Vrefgroup should not exceed the number of locations available.                   ; Critical ; 0 such failures found.                                                   ; I/O                 ;                   ;
; Inapplicable ; IO_000004 ; Voltage Compatibility Checks      ; The I/O bank should support the requested VCCIO.                                                     ; Critical ; No IOBANK_VCCIO assignments found.                                       ; I/O                 ;                   ;
; Inapplicable ; IO_000005 ; Voltage Compatibility Checks      ; The I/O bank should not have competing VREF values.                                                  ; Critical ; No VREF I/O Standard assignments found.                                  ; I/O                 ;                   ;
; Pass         ; IO_000006 ; Voltage Compatibility Checks      ; The I/O bank should not have competing VCCIO values.                                                 ; Critical ; 0 such failures found.                                                   ; I/O                 ;                   ;
; Pass         ; IO_000007 ; Valid Location Checks             ; Checks for unavailable locations.                                                                    ; Critical ; 0 such failures found.                                                   ; I/O                 ;                   ;
; Inapplicable ; IO_000008 ; Valid Location Checks             ; Checks for reserved locations.                                                                       ; Critical ; No reserved LogicLock region found.                                      ; I/O                 ;                   ;
; Pass         ; IO_000009 ; I/O Properties Checks for One I/O ; The location should support the requested I/O standard.                                              ; Critical ; 0 such failures found.                                                   ; I/O                 ;                   ;
; Pass         ; IO_000010 ; I/O Properties Checks for One I/O ; The location should support the requested I/O direction.                                             ; Critical ; 0 such failures found.                                                   ; I/O                 ;                   ;
; Inapplicable ; IO_000011 ; I/O Properties Checks for One I/O ; The location should support the requested Current Strength.                                          ; Critical ; No Current Strength assignments found.                                   ; I/O                 ;                   ;
; Pass         ; IO_000012 ; I/O Properties Checks for One I/O ; The location should support the requested On Chip Termination value.                                 ; Critical ; 0 such failures found.                                                   ; I/O                 ;                   ;
; Inapplicable ; IO_000013 ; I/O Properties Checks for One I/O ; The location should support the requested Bus Hold value.                                            ; Critical ; No Enable Bus-Hold Circuitry assignments found.                          ; I/O                 ;                   ;
; Inapplicable ; IO_000014 ; I/O Properties Checks for One I/O ; The location should support the requested Weak Pull Up value.                                        ; Critical ; No Weak Pull-Up Resistor assignments found.                              ; I/O                 ;                   ;
; Pass         ; IO_000015 ; I/O Properties Checks for One I/O ; The location should support the requested PCI Clamp Diode.                                           ; Critical ; 0 such failures found.                                                   ; I/O                 ;                   ;
; Inapplicable ; IO_000018 ; I/O Properties Checks for One I/O ; The I/O standard should support the requested Current Strength.                                      ; Critical ; No Current Strength assignments found.                                   ; I/O                 ;                   ;
; Pass         ; IO_000019 ; I/O Properties Checks for One I/O ; The I/O standard should support the requested On Chip Termination value.                             ; Critical ; 0 such failures found.                                                   ; I/O                 ;                   ;
; Pass         ; IO_000020 ; I/O Properties Checks for One I/O ; The I/O standard should support the requested PCI Clamp Diode.                                       ; Critical ; 0 such failures found.                                                   ; I/O                 ;                   ;
; Inapplicable ; IO_000021 ; I/O Properties Checks for One I/O ; The I/O standard should support the requested Weak Pull Up value.                                    ; Critical ; No Weak Pull-Up Resistor assignments found.                              ; I/O                 ;                   ;
; Inapplicable ; IO_000022 ; I/O Properties Checks for One I/O ; The I/O standard should support the requested Bus Hold value.                                        ; Critical ; No Enable Bus-Hold Circuitry assignments found.                          ; I/O                 ;                   ;
; Inapplicable ; IO_000023 ; I/O Properties Checks for One I/O ; The I/O standard should support the Open Drain value.                                                ; Critical ; No open drain assignments found.                                         ; I/O                 ;                   ;
; Pass         ; IO_000024 ; I/O Properties Checks for One I/O ; The I/O direction should support the On Chip Termination value.                                      ; Critical ; 0 such failures found.                                                   ; I/O                 ;                   ;
; Inapplicable ; IO_000026 ; I/O Properties Checks for One I/O ; On Chip Termination and Current Strength should not be used at the same time.                        ; Critical ; No Current Strength assignments found.                                   ; I/O                 ;                   ;
; Inapplicable ; IO_000027 ; I/O Properties Checks for One I/O ; Weak Pull Up and Bus Hold should not be used at the same time.                                       ; Critical ; No Enable Bus-Hold Circuitry or Weak Pull-Up Resistor assignments found. ; I/O                 ;                   ;
; Inapplicable ; IO_000045 ; I/O Properties Checks for One I/O ; The I/O standard should support the requested Slew Rate value.                                       ; Critical ; No Slew Rate assignments found.                                          ; I/O                 ;                   ;
; Inapplicable ; IO_000046 ; I/O Properties Checks for One I/O ; The location should support the requested Slew Rate value.                                           ; Critical ; No Slew Rate assignments found.                                          ; I/O                 ;                   ;
; Inapplicable ; IO_000047 ; I/O Properties Checks for One I/O ; On Chip Termination and Slew Rate should not be used at the same time.                               ; Critical ; No Slew Rate assignments found.                                          ; I/O                 ;                   ;
; Pass         ; IO_000033 ; Electromigration Checks           ; Current density for consecutive I/Os should not exceed 240mA for row I/Os and 240mA for column I/Os. ; Critical ; 0 such failures found.                                                   ; I/O                 ;                   ;
; Inapplicable ; IO_000034 ; SI Related Distance Checks        ; Single-ended outputs should be 5 LAB row(s) away from a differential I/O.                            ; High     ; No Differential I/O Standard assignments found.                          ; I/O                 ;                   ;
; Inapplicable ; IO_000042 ; SI Related SSO Limit Checks       ; No more than 20 outputs are allowed in a VREF group when VREF is being read from.                    ; High     ; No VREF I/O Standard assignments found.                                  ; I/O                 ;                   ;
; ----         ; ----      ; Disclaimer                        ; OCT rules are checked but not reported.                                                              ; None     ; ----                                                                     ; On Chip Termination ;                   ;
+--------------+-----------+-----------------------------------+------------------------------------------------------------------------------------------------------+----------+--------------------------------------------------------------------------+---------------------+-------------------+


+---------------------------------------------------------------------------------------------------------------------------------------------------------------------------------------------------------------------------------------------------------------------------------------------------------------------------------------------------------------------------------------------------------------------------------------------------------------------------+
; I/O Rules Matrix                                                                                                                                                                                                                                                                                                                                                                                                                                                          ;
+---------------------+--------------+--------------+--------------+--------------+--------------+-----------+--------------+--------------+-----------+-----------+--------------+--------------+--------------+--------------+--------------+--------------+--------------+--------------+--------------+--------------+--------------+--------------+--------------+--------------+--------------+--------------+--------------+-----------+--------------+--------------+
; Pin/Rules           ; IO_000001    ; IO_000002    ; IO_000003    ; IO_000004    ; IO_000005    ; IO_000006 ; IO_000007    ; IO_000008    ; IO_000009 ; IO_000010 ; IO_000011    ; IO_000012    ; IO_000013    ; IO_000014    ; IO_000015    ; IO_000018    ; IO_000019    ; IO_000020    ; IO_000021    ; IO_000022    ; IO_000023    ; IO_000024    ; IO_000026    ; IO_000027    ; IO_000045    ; IO_000046    ; IO_000047    ; IO_000033 ; IO_000034    ; IO_000042    ;
+---------------------+--------------+--------------+--------------+--------------+--------------+-----------+--------------+--------------+-----------+-----------+--------------+--------------+--------------+--------------+--------------+--------------+--------------+--------------+--------------+--------------+--------------+--------------+--------------+--------------+--------------+--------------+--------------+-----------+--------------+--------------+
; Total Pass          ; 30           ; 0            ; 30           ; 0            ; 0            ; 34        ; 30           ; 0            ; 34        ; 34        ; 0            ; 16           ; 0            ; 0            ; 15           ; 0            ; 16           ; 15           ; 0            ; 0            ; 0            ; 16           ; 0            ; 0            ; 0            ; 0            ; 0            ; 34        ; 0            ; 0            ;
; Total Unchecked     ; 0            ; 0            ; 0            ; 0            ; 0            ; 0         ; 0            ; 0            ; 0         ; 0         ; 0            ; 0            ; 0            ; 0            ; 0            ; 0            ; 0            ; 0            ; 0            ; 0            ; 0            ; 0            ; 0            ; 0            ; 0            ; 0            ; 0            ; 0         ; 0            ; 0            ;
; Total Inapplicable  ; 4            ; 34           ; 4            ; 34           ; 34           ; 0         ; 4            ; 34           ; 0         ; 0         ; 34           ; 18           ; 34           ; 34           ; 19           ; 34           ; 18           ; 19           ; 34           ; 34           ; 34           ; 18           ; 34           ; 34           ; 34           ; 34           ; 34           ; 0         ; 34           ; 34           ;
; Total Fail          ; 0            ; 0            ; 0            ; 0            ; 0            ; 0         ; 0            ; 0            ; 0         ; 0         ; 0            ; 0            ; 0            ; 0            ; 0            ; 0            ; 0            ; 0            ; 0            ; 0            ; 0            ; 0            ; 0            ; 0            ; 0            ; 0            ; 0            ; 0         ; 0            ; 0            ;
; EN1_A               ; Pass         ; Inapplicable ; Pass         ; Inapplicable ; Inapplicable ; Pass      ; Pass         ; Inapplicable ; Pass      ; Pass      ; Inapplicable ; Inapplicable ; Inapplicable ; Inapplicable ; Pass         ; Inapplicable ; Inapplicable ; Pass         ; Inapplicable ; Inapplicable ; Inapplicable ; Inapplicable ; Inapplicable ; Inapplicable ; Inapplicable ; Inapplicable ; Inapplicable ; Pass      ; Inapplicable ; Inapplicable ;
; EN2_A               ; Pass         ; Inapplicable ; Pass         ; Inapplicable ; Inapplicable ; Pass      ; Pass         ; Inapplicable ; Pass      ; Pass      ; Inapplicable ; Inapplicable ; Inapplicable ; Inapplicable ; Pass         ; Inapplicable ; Inapplicable ; Pass         ; Inapplicable ; Inapplicable ; Inapplicable ; Inapplicable ; Inapplicable ; Inapplicable ; Inapplicable ; Inapplicable ; Inapplicable ; Pass      ; Inapplicable ; Inapplicable ;
; EN1_B               ; Pass         ; Inapplicable ; Pass         ; Inapplicable ; Inapplicable ; Pass      ; Pass         ; Inapplicable ; Pass      ; Pass      ; Inapplicable ; Inapplicable ; Inapplicable ; Inapplicable ; Pass         ; Inapplicable ; Inapplicable ; Pass         ; Inapplicable ; Inapplicable ; Inapplicable ; Inapplicable ; Inapplicable ; Inapplicable ; Inapplicable ; Inapplicable ; Inapplicable ; Pass      ; Inapplicable ; Inapplicable ;
; EN2_B               ; Pass         ; Inapplicable ; Pass         ; Inapplicable ; Inapplicable ; Pass      ; Pass         ; Inapplicable ; Pass      ; Pass      ; Inapplicable ; Inapplicable ; Inapplicable ; Inapplicable ; Pass         ; Inapplicable ; Inapplicable ; Pass         ; Inapplicable ; Inapplicable ; Inapplicable ; Inapplicable ; Inapplicable ; Inapplicable ; Inapplicable ; Inapplicable ; Inapplicable ; Pass      ; Inapplicable ; Inapplicable ;
; tx                  ; Pass         ; Inapplicable ; Pass         ; Inapplicable ; Inapplicable ; Pass      ; Pass         ; Inapplicable ; Pass      ; Pass      ; Inapplicable ; Pass         ; Inapplicable ; Inapplicable ; Inapplicable ; Inapplicable ; Pass         ; Inapplicable ; Inapplicable ; Inapplicable ; Inapplicable ; Pass         ; Inapplicable ; Inapplicable ; Inapplicable ; Inapplicable ; Inapplicable ; Pass      ; Inapplicable ; Inapplicable ;
; dout                ; Pass         ; Inapplicable ; Pass         ; Inapplicable ; Inapplicable ; Pass      ; Pass         ; Inapplicable ; Pass      ; Pass      ; Inapplicable ; Inapplicable ; Inapplicable ; Inapplicable ; Pass         ; Inapplicable ; Inapplicable ; Pass         ; Inapplicable ; Inapplicable ; Inapplicable ; Inapplicable ; Inapplicable ; Inapplicable ; Inapplicable ; Inapplicable ; Inapplicable ; Pass      ; Inapplicable ; Inapplicable ;
; adc_cs_n            ; Pass         ; Inapplicable ; Pass         ; Inapplicable ; Inapplicable ; Pass      ; Pass         ; Inapplicable ; Pass      ; Pass      ; Inapplicable ; Pass         ; Inapplicable ; Inapplicable ; Inapplicable ; Inapplicable ; Pass         ; Inapplicable ; Inapplicable ; Inapplicable ; Inapplicable ; Pass         ; Inapplicable ; Inapplicable ; Inapplicable ; Inapplicable ; Inapplicable ; Pass      ; Inapplicable ; Inapplicable ;
; din                 ; Pass         ; Inapplicable ; Pass         ; Inapplicable ; Inapplicable ; Pass      ; Pass         ; Inapplicable ; Pass      ; Pass      ; Inapplicable ; Pass         ; Inapplicable ; Inapplicable ; Inapplicable ; Inapplicable ; Pass         ; Inapplicable ; Inapplicable ; Inapplicable ; Inapplicable ; Pass         ; Inapplicable ; Inapplicable ; Inapplicable ; Inapplicable ; Inapplicable ; Pass      ; Inapplicable ; Inapplicable ;
; adc_sck             ; Pass         ; Inapplicable ; Pass         ; Inapplicable ; Inapplicable ; Pass      ; Pass         ; Inapplicable ; Pass      ; Pass      ; Inapplicable ; Pass         ; Inapplicable ; Inapplicable ; Inapplicable ; Inapplicable ; Pass         ; Inapplicable ; Inapplicable ; Inapplicable ; Inapplicable ; Pass         ; Inapplicable ; Inapplicable ; Inapplicable ; Inapplicable ; Inapplicable ; Pass      ; Inapplicable ; Inapplicable ;
; trig_l              ; Pass         ; Inapplicable ; Pass         ; Inapplicable ; Inapplicable ; Pass      ; Pass         ; Inapplicable ; Pass      ; Pass      ; Inapplicable ; Pass         ; Inapplicable ; Inapplicable ; Inapplicable ; Inapplicable ; Pass         ; Inapplicable ; Inapplicable ; Inapplicable ; Inapplicable ; Pass         ; Inapplicable ; Inapplicable ; Inapplicable ; Inapplicable ; Inapplicable ; Pass      ; Inapplicable ; Inapplicable ;
; trig_f              ; Pass         ; Inapplicable ; Pass         ; Inapplicable ; Inapplicable ; Pass      ; Pass         ; Inapplicable ; Pass      ; Pass      ; Inapplicable ; Pass         ; Inapplicable ; Inapplicable ; Inapplicable ; Inapplicable ; Pass         ; Inapplicable ; Inapplicable ; Inapplicable ; Inapplicable ; Pass         ; Inapplicable ; Inapplicable ; Inapplicable ; Inapplicable ; Inapplicable ; Pass      ; Inapplicable ; Inapplicable ;
; trig_r              ; Pass         ; Inapplicable ; Pass         ; Inapplicable ; Inapplicable ; Pass      ; Pass         ; Inapplicable ; Pass      ; Pass      ; Inapplicable ; Pass         ; Inapplicable ; Inapplicable ; Inapplicable ; Inapplicable ; Pass         ; Inapplicable ; Inapplicable ; Inapplicable ; Inapplicable ; Pass         ; Inapplicable ; Inapplicable ; Inapplicable ; Inapplicable ; Inapplicable ; Pass      ; Inapplicable ; Inapplicable ;
; SERVO_1             ; Pass         ; Inapplicable ; Pass         ; Inapplicable ; Inapplicable ; Pass      ; Pass         ; Inapplicable ; Pass      ; Pass      ; Inapplicable ; Pass         ; Inapplicable ; Inapplicable ; Inapplicable ; Inapplicable ; Pass         ; Inapplicable ; Inapplicable ; Inapplicable ; Inapplicable ; Pass         ; Inapplicable ; Inapplicable ; Inapplicable ; Inapplicable ; Inapplicable ; Pass      ; Inapplicable ; Inapplicable ;
; SERVO_2             ; Pass         ; Inapplicable ; Pass         ; Inapplicable ; Inapplicable ; Pass      ; Pass         ; Inapplicable ; Pass      ; Pass      ; Inapplicable ; Pass         ; Inapplicable ; Inapplicable ; Inapplicable ; Inapplicable ; Pass         ; Inapplicable ; Inapplicable ; Inapplicable ; Inapplicable ; Pass         ; Inapplicable ; Inapplicable ; Inapplicable ; Inapplicable ; Inapplicable ; Pass      ; Inapplicable ; Inapplicable ;
; ENA                 ; Pass         ; Inapplicable ; Pass         ; Inapplicable ; Inapplicable ; Pass      ; Pass         ; Inapplicable ; Pass      ; Pass      ; Inapplicable ; Pass         ; Inapplicable ; Inapplicable ; Inapplicable ; Inapplicable ; Pass         ; Inapplicable ; Inapplicable ; Inapplicable ; Inapplicable ; Pass         ; Inapplicable ; Inapplicable ; Inapplicable ; Inapplicable ; Inapplicable ; Pass      ; Inapplicable ; Inapplicable ;
; ENB                 ; Pass         ; Inapplicable ; Pass         ; Inapplicable ; Inapplicable ; Pass      ; Pass         ; Inapplicable ; Pass      ; Pass      ; Inapplicable ; Pass         ; Inapplicable ; Inapplicable ; Inapplicable ; Inapplicable ; Pass         ; Inapplicable ; Inapplicable ; Inapplicable ; Inapplicable ; Pass         ; Inapplicable ; Inapplicable ; Inapplicable ; Inapplicable ; Inapplicable ; Pass      ; Inapplicable ; Inapplicable ;
; IN1                 ; Pass         ; Inapplicable ; Pass         ; Inapplicable ; Inapplicable ; Pass      ; Pass         ; Inapplicable ; Pass      ; Pass      ; Inapplicable ; Pass         ; Inapplicable ; Inapplicable ; Inapplicable ; Inapplicable ; Pass         ; Inapplicable ; Inapplicable ; Inapplicable ; Inapplicable ; Pass         ; Inapplicable ; Inapplicable ; Inapplicable ; Inapplicable ; Inapplicable ; Pass      ; Inapplicable ; Inapplicable ;
; IN2                 ; Pass         ; Inapplicable ; Pass         ; Inapplicable ; Inapplicable ; Pass      ; Pass         ; Inapplicable ; Pass      ; Pass      ; Inapplicable ; Pass         ; Inapplicable ; Inapplicable ; Inapplicable ; Inapplicable ; Pass         ; Inapplicable ; Inapplicable ; Inapplicable ; Inapplicable ; Pass         ; Inapplicable ; Inapplicable ; Inapplicable ; Inapplicable ; Inapplicable ; Pass      ; Inapplicable ; Inapplicable ;
; IN3                 ; Pass         ; Inapplicable ; Pass         ; Inapplicable ; Inapplicable ; Pass      ; Pass         ; Inapplicable ; Pass      ; Pass      ; Inapplicable ; Pass         ; Inapplicable ; Inapplicable ; Inapplicable ; Inapplicable ; Pass         ; Inapplicable ; Inapplicable ; Inapplicable ; Inapplicable ; Pass         ; Inapplicable ; Inapplicable ; Inapplicable ; Inapplicable ; Inapplicable ; Pass      ; Inapplicable ; Inapplicable ;
; IN4                 ; Pass         ; Inapplicable ; Pass         ; Inapplicable ; Inapplicable ; Pass      ; Pass         ; Inapplicable ; Pass      ; Pass      ; Inapplicable ; Pass         ; Inapplicable ; Inapplicable ; Inapplicable ; Inapplicable ; Pass         ; Inapplicable ; Inapplicable ; Inapplicable ; Inapplicable ; Pass         ; Inapplicable ; Inapplicable ; Inapplicable ; Inapplicable ; Inapplicable ; Pass      ; Inapplicable ; Inapplicable ;
; dht_inout           ; Pass         ; Inapplicable ; Pass         ; Inapplicable ; Inapplicable ; Pass      ; Pass         ; Inapplicable ; Pass      ; Pass      ; Inapplicable ; Pass         ; Inapplicable ; Inapplicable ; Pass         ; Inapplicable ; Pass         ; Pass         ; Inapplicable ; Inapplicable ; Inapplicable ; Pass         ; Inapplicable ; Inapplicable ; Inapplicable ; Inapplicable ; Inapplicable ; Pass      ; Inapplicable ; Inapplicable ;
; reset               ; Pass         ; Inapplicable ; Pass         ; Inapplicable ; Inapplicable ; Pass      ; Pass         ; Inapplicable ; Pass      ; Pass      ; Inapplicable ; Inapplicable ; Inapplicable ; Inapplicable ; Pass         ; Inapplicable ; Inapplicable ; Pass         ; Inapplicable ; Inapplicable ; Inapplicable ; Inapplicable ; Inapplicable ; Inapplicable ; Inapplicable ; Inapplicable ; Inapplicable ; Pass      ; Inapplicable ; Inapplicable ;
; clk                 ; Pass         ; Inapplicable ; Pass         ; Inapplicable ; Inapplicable ; Pass      ; Pass         ; Inapplicable ; Pass      ; Pass      ; Inapplicable ; Inapplicable ; Inapplicable ; Inapplicable ; Pass         ; Inapplicable ; Inapplicable ; Pass         ; Inapplicable ; Inapplicable ; Inapplicable ; Inapplicable ; Inapplicable ; Inapplicable ; Inapplicable ; Inapplicable ; Inapplicable ; Pass      ; Inapplicable ; Inapplicable ;
; ec_l                ; Pass         ; Inapplicable ; Pass         ; Inapplicable ; Inapplicable ; Pass      ; Pass         ; Inapplicable ; Pass      ; Pass      ; Inapplicable ; Inapplicable ; Inapplicable ; Inapplicable ; Pass         ; Inapplicable ; Inapplicable ; Pass         ; Inapplicable ; Inapplicable ; Inapplicable ; Inapplicable ; Inapplicable ; Inapplicable ; Inapplicable ; Inapplicable ; Inapplicable ; Pass      ; Inapplicable ; Inapplicable ;
; ec_f                ; Pass         ; Inapplicable ; Pass         ; Inapplicable ; Inapplicable ; Pass      ; Pass         ; Inapplicable ; Pass      ; Pass      ; Inapplicable ; Inapplicable ; Inapplicable ; Inapplicable ; Pass         ; Inapplicable ; Inapplicable ; Pass         ; Inapplicable ; Inapplicable ; Inapplicable ; Inapplicable ; Inapplicable ; Inapplicable ; Inapplicable ; Inapplicable ; Inapplicable ; Pass      ; Inapplicable ; Inapplicable ;
; ec_r                ; Pass         ; Inapplicable ; Pass         ; Inapplicable ; Inapplicable ; Pass      ; Pass         ; Inapplicable ; Pass      ; Pass      ; Inapplicable ; Inapplicable ; Inapplicable ; Inapplicable ; Pass         ; Inapplicable ; Inapplicable ; Pass         ; Inapplicable ; Inapplicable ; Inapplicable ; Inapplicable ; Inapplicable ; Inapplicable ; Inapplicable ; Inapplicable ; Inapplicable ; Pass      ; Inapplicable ; Inapplicable ;
; ir_l                ; Pass         ; Inapplicable ; Pass         ; Inapplicable ; Inapplicable ; Pass      ; Pass         ; Inapplicable ; Pass      ; Pass      ; Inapplicable ; Inapplicable ; Inapplicable ; Inapplicable ; Pass         ; Inapplicable ; Inapplicable ; Pass         ; Inapplicable ; Inapplicable ; Inapplicable ; Inapplicable ; Inapplicable ; Inapplicable ; Inapplicable ; Inapplicable ; Inapplicable ; Pass      ; Inapplicable ; Inapplicable ;
; ir_f                ; Pass         ; Inapplicable ; Pass         ; Inapplicable ; Inapplicable ; Pass      ; Pass         ; Inapplicable ; Pass      ; Pass      ; Inapplicable ; Inapplicable ; Inapplicable ; Inapplicable ; Pass         ; Inapplicable ; Inapplicable ; Pass         ; Inapplicable ; Inapplicable ; Inapplicable ; Inapplicable ; Inapplicable ; Inapplicable ; Inapplicable ; Inapplicable ; Inapplicable ; Pass      ; Inapplicable ; Inapplicable ;
; ir_r                ; Pass         ; Inapplicable ; Pass         ; Inapplicable ; Inapplicable ; Pass      ; Pass         ; Inapplicable ; Pass      ; Pass      ; Inapplicable ; Inapplicable ; Inapplicable ; Inapplicable ; Pass         ; Inapplicable ; Inapplicable ; Pass         ; Inapplicable ; Inapplicable ; Inapplicable ; Inapplicable ; Inapplicable ; Inapplicable ; Inapplicable ; Inapplicable ; Inapplicable ; Pass      ; Inapplicable ; Inapplicable ;
; rx                  ; Pass         ; Inapplicable ; Pass         ; Inapplicable ; Inapplicable ; Pass      ; Pass         ; Inapplicable ; Pass      ; Pass      ; Inapplicable ; Inapplicable ; Inapplicable ; Inapplicable ; Pass         ; Inapplicable ; Inapplicable ; Pass         ; Inapplicable ; Inapplicable ; Inapplicable ; Inapplicable ; Inapplicable ; Inapplicable ; Inapplicable ; Inapplicable ; Inapplicable ; Pass      ; Inapplicable ; Inapplicable ;
; altera_reserved_tms ; Inapplicable ; Inapplicable ; Inapplicable ; Inapplicable ; Inapplicable ; Pass      ; Inapplicable ; Inapplicable ; Pass      ; Pass      ; Inapplicable ; Inapplicable ; Inapplicable ; Inapplicable ; Inapplicable ; Inapplicable ; Inapplicable ; Inapplicable ; Inapplicable ; Inapplicable ; Inapplicable ; Inapplicable ; Inapplicable ; Inapplicable ; Inapplicable ; Inapplicable ; Inapplicable ; Pass      ; Inapplicable ; Inapplicable ;
; altera_reserved_tck ; Inapplicable ; Inapplicable ; Inapplicable ; Inapplicable ; Inapplicable ; Pass      ; Inapplicable ; Inapplicable ; Pass      ; Pass      ; Inapplicable ; Inapplicable ; Inapplicable ; Inapplicable ; Inapplicable ; Inapplicable ; Inapplicable ; Inapplicable ; Inapplicable ; Inapplicable ; Inapplicable ; Inapplicable ; Inapplicable ; Inapplicable ; Inapplicable ; Inapplicable ; Inapplicable ; Pass      ; Inapplicable ; Inapplicable ;
; altera_reserved_tdi ; Inapplicable ; Inapplicable ; Inapplicable ; Inapplicable ; Inapplicable ; Pass      ; Inapplicable ; Inapplicable ; Pass      ; Pass      ; Inapplicable ; Inapplicable ; Inapplicable ; Inapplicable ; Inapplicable ; Inapplicable ; Inapplicable ; Inapplicable ; Inapplicable ; Inapplicable ; Inapplicable ; Inapplicable ; Inapplicable ; Inapplicable ; Inapplicable ; Inapplicable ; Inapplicable ; Pass      ; Inapplicable ; Inapplicable ;
; altera_reserved_tdo ; Inapplicable ; Inapplicable ; Inapplicable ; Inapplicable ; Inapplicable ; Pass      ; Inapplicable ; Inapplicable ; Pass      ; Pass      ; Inapplicable ; Inapplicable ; Inapplicable ; Inapplicable ; Inapplicable ; Inapplicable ; Inapplicable ; Inapplicable ; Inapplicable ; Inapplicable ; Inapplicable ; Inapplicable ; Inapplicable ; Inapplicable ; Inapplicable ; Inapplicable ; Inapplicable ; Pass      ; Inapplicable ; Inapplicable ;
+---------------------+--------------+--------------+--------------+--------------+--------------+-----------+--------------+--------------+-----------+-----------+--------------+--------------+--------------+--------------+--------------+--------------+--------------+--------------+--------------+--------------+--------------+--------------+--------------+--------------+--------------+--------------+--------------+-----------+--------------+--------------+


+---------------------------------------------------------------------------------------------+
; Fitter Device Options                                                                       ;
+------------------------------------------------------------------+--------------------------+
; Option                                                           ; Setting                  ;
+------------------------------------------------------------------+--------------------------+
; Enable user-supplied start-up clock (CLKUSR)                     ; Off                      ;
; Enable device-wide reset (DEV_CLRn)                              ; Off                      ;
; Enable device-wide output enable (DEV_OE)                        ; Off                      ;
; Enable INIT_DONE output                                          ; Off                      ;
; Configuration scheme                                             ; Active Serial            ;
; Error detection CRC                                              ; Off                      ;
; Enable open drain on CRC_ERROR pin                               ; Off                      ;
; Enable input tri-state on active configuration pins in user mode ; Off                      ;
; Configuration Voltage Level                                      ; Auto                     ;
; Force Configuration Voltage Level                                ; Off                      ;
; nCEO                                                             ; As output driving ground ;
; Data[0]                                                          ; As input tri-stated      ;
; Data[1]/ASDO                                                     ; As input tri-stated      ;
; Data[7..2]                                                       ; Unreserved               ;
; FLASH_nCE/nCSO                                                   ; As input tri-stated      ;
; Other Active Parallel pins                                       ; Unreserved               ;
; DCLK                                                             ; As output driving ground ;
+------------------------------------------------------------------+--------------------------+


+------------------------------------+
; Operating Settings and Conditions  ;
+---------------------------+--------+
; Setting                   ; Value  ;
+---------------------------+--------+
; Nominal Core Voltage      ; 1.20 V ;
; Low Junction Temperature  ; 0 °C   ;
; High Junction Temperature ; 85 °C  ;
+---------------------------+--------+


+------------------------------------------------------------+
; Estimated Delay Added for Hold Timing Summary              ;
+-----------------+----------------------+-------------------+
; Source Clock(s) ; Destination Clock(s) ; Delay Added in ns ;
+-----------------+----------------------+-------------------+
Note: For more information on problematic transfers, consider running the Fitter again with the Optimize hold timing option (Settings Menu) turned off.
This will disable optimization of problematic paths and expose them for further analysis using the Timing Analyzer.


+----------------------------------------------------------------------------------------------------------------------------------------------------------------------------------------------------------------------------------------------------------------------------------------------------------------------------------------------------------------------------------------------------------------------------------------------------------------------------------------------------------------------------+
; Estimated Delay Added for Hold Timing Details                                                                                                                                                                                                                                                                                                                                                                                                                                                                              ;
+--------------------------------------------------------------------------------------------------------------------------------------------------------------------------------------------------------------------------------------------------------------------------+-----------------------------------------------------------------------------------------------------------------------------------------------------------------------------------------------------------------------------+-------------------+
; Source Register                                                                                                                                                                                                                                                          ; Destination Register                                                                                                                                                                                                        ; Delay Added in ns ;
+--------------------------------------------------------------------------------------------------------------------------------------------------------------------------------------------------------------------------------------------------------------------------+-----------------------------------------------------------------------------------------------------------------------------------------------------------------------------------------------------------------------------+-------------------+
; sld_signaltap:auto_signaltap_0|sld_signaltap_impl:sld_signaltap_body|sld_signaltap_implb:sld_signaltap_body|sld_offload_buffer_mgr:\stp_non_zero_depth_offload_gen:stp_offload_buff_mgr_inst|lpm_counter:read_pointer_counter|cntr_h6j:auto_generated|counter_reg_bit[3] ; sld_signaltap:auto_signaltap_0|sld_signaltap_impl:sld_signaltap_body|sld_signaltap_implb:sld_signaltap_body|altsyncram:\stp_non_zero_ram_gen:stp_buffer_ram|altsyncram_1524:auto_generated|ram_block1a36~portb_address_reg0 ; 0.088             ;
; sld_signaltap:auto_signaltap_0|sld_signaltap_impl:sld_signaltap_body|sld_signaltap_implb:sld_signaltap_body|sld_offload_buffer_mgr:\stp_non_zero_depth_offload_gen:stp_offload_buff_mgr_inst|lpm_counter:read_pointer_counter|cntr_h6j:auto_generated|counter_reg_bit[2] ; sld_signaltap:auto_signaltap_0|sld_signaltap_impl:sld_signaltap_body|sld_signaltap_implb:sld_signaltap_body|altsyncram:\stp_non_zero_ram_gen:stp_buffer_ram|altsyncram_1524:auto_generated|ram_block1a36~portb_address_reg0 ; 0.088             ;
; sld_signaltap:auto_signaltap_0|sld_signaltap_impl:sld_signaltap_body|sld_signaltap_implb:sld_signaltap_body|sld_offload_buffer_mgr:\stp_non_zero_depth_offload_gen:stp_offload_buff_mgr_inst|lpm_counter:read_pointer_counter|cntr_h6j:auto_generated|counter_reg_bit[7] ; sld_signaltap:auto_signaltap_0|sld_signaltap_impl:sld_signaltap_body|sld_signaltap_implb:sld_signaltap_body|altsyncram:\stp_non_zero_ram_gen:stp_buffer_ram|altsyncram_1524:auto_generated|ram_block1a36~portb_address_reg0 ; 0.087             ;
; sld_signaltap:auto_signaltap_0|sld_signaltap_impl:sld_signaltap_body|sld_signaltap_implb:sld_signaltap_body|sld_offload_buffer_mgr:\stp_non_zero_depth_offload_gen:stp_offload_buff_mgr_inst|lpm_counter:read_pointer_counter|cntr_h6j:auto_generated|counter_reg_bit[6] ; sld_signaltap:auto_signaltap_0|sld_signaltap_impl:sld_signaltap_body|sld_signaltap_implb:sld_signaltap_body|altsyncram:\stp_non_zero_ram_gen:stp_buffer_ram|altsyncram_1524:auto_generated|ram_block1a36~portb_address_reg0 ; 0.087             ;
; sld_signaltap:auto_signaltap_0|sld_signaltap_impl:sld_signaltap_body|sld_signaltap_implb:sld_signaltap_body|sld_offload_buffer_mgr:\stp_non_zero_depth_offload_gen:stp_offload_buff_mgr_inst|lpm_counter:read_pointer_counter|cntr_h6j:auto_generated|counter_reg_bit[5] ; sld_signaltap:auto_signaltap_0|sld_signaltap_impl:sld_signaltap_body|sld_signaltap_implb:sld_signaltap_body|altsyncram:\stp_non_zero_ram_gen:stp_buffer_ram|altsyncram_1524:auto_generated|ram_block1a36~portb_address_reg0 ; 0.087             ;
; sld_signaltap:auto_signaltap_0|sld_signaltap_impl:sld_signaltap_body|sld_signaltap_implb:sld_signaltap_body|sld_offload_buffer_mgr:\stp_non_zero_depth_offload_gen:stp_offload_buff_mgr_inst|lpm_counter:read_pointer_counter|cntr_h6j:auto_generated|counter_reg_bit[4] ; sld_signaltap:auto_signaltap_0|sld_signaltap_impl:sld_signaltap_body|sld_signaltap_implb:sld_signaltap_body|altsyncram:\stp_non_zero_ram_gen:stp_buffer_ram|altsyncram_1524:auto_generated|ram_block1a36~portb_address_reg0 ; 0.087             ;
; sld_signaltap:auto_signaltap_0|sld_signaltap_impl:sld_signaltap_body|sld_signaltap_implb:sld_signaltap_body|sld_offload_buffer_mgr:\stp_non_zero_depth_offload_gen:stp_offload_buff_mgr_inst|lpm_counter:read_pointer_counter|cntr_h6j:auto_generated|counter_reg_bit[1] ; sld_signaltap:auto_signaltap_0|sld_signaltap_impl:sld_signaltap_body|sld_signaltap_implb:sld_signaltap_body|altsyncram:\stp_non_zero_ram_gen:stp_buffer_ram|altsyncram_1524:auto_generated|ram_block1a36~portb_address_reg0 ; 0.087             ;
; sld_signaltap:auto_signaltap_0|sld_signaltap_impl:sld_signaltap_body|sld_signaltap_implb:sld_signaltap_body|sld_offload_buffer_mgr:\stp_non_zero_depth_offload_gen:stp_offload_buff_mgr_inst|lpm_counter:read_pointer_counter|cntr_h6j:auto_generated|counter_reg_bit[8] ; sld_signaltap:auto_signaltap_0|sld_signaltap_impl:sld_signaltap_body|sld_signaltap_implb:sld_signaltap_body|altsyncram:\stp_non_zero_ram_gen:stp_buffer_ram|altsyncram_1524:auto_generated|ram_block1a36~portb_address_reg0 ; 0.087             ;
+--------------------------------------------------------------------------------------------------------------------------------------------------------------------------------------------------------------------------------------------------------------------------+-----------------------------------------------------------------------------------------------------------------------------------------------------------------------------------------------------------------------------+-------------------+
Note: This table only shows the top 8 path(s) that have the largest delay added for hold.


+-----------------+
; Fitter Messages ;
+-----------------+
Warning (18236): Number of processors has not been specified which may cause overloading on shared machines.  Set the global assignment NUM_PARALLEL_PROCESSORS in your QSF to an appropriate value for best performance.
Info (20030): Parallel compilation is enabled and will use 10 of the 10 processors detected
Info (119006): Selected device EP4CE22F17C6 for design "robot_motor_top"
Info (21077): Low junction temperature is 0 degrees C
Info (21077): High junction temperature is 85 degrees C
Info (171003): Fitter is performing an Auto Fit compilation, which may decrease Fitter effort to reduce compilation time
Warning (292013): Feature LogicLock is only available with a valid subscription license. You can purchase a software subscription to gain full access to this feature.
Info (176444): Device migration not selected. If you intend to use device migration later, you may need to change the pin assignments as they may be incompatible with other devices
    Info (176445): Device EP4CE10F17C6 is compatible
    Info (176445): Device EP4CE6F17C6 is compatible
    Info (176445): Device EP4CE15F17C6 is compatible
Info (169124): Fitter converted 5 user pins into dedicated programming pins
    Info (169125): Pin ~ALTERA_ASDO_DATA1~ is reserved at location C1
    Info (169125): Pin ~ALTERA_FLASH_nCE_nCSO~ is reserved at location D2
    Info (169125): Pin ~ALTERA_DCLK~ is reserved at location H1
    Info (169125): Pin ~ALTERA_DATA0~ is reserved at location H2
    Info (169125): Pin ~ALTERA_nCEO~ is reserved at location F16
Warning (15714): Some pins have incomplete I/O assignments. Refer to the I/O Assignment Warnings report for details
Info (176045): Design uses memory blocks. Violating setup or hold times of memory block address registers for either read or write operations could cause memory contents to be corrupted. Make sure that all memory block address registers meet the setup and hold time requirements.
Info (332164): Evaluating HDL-embedded SDC commands
    Info (332165): Entity sld_hub
        Info (332166): create_clock -name altera_reserved_tck [get_ports {altera_reserved_tck}] -period 10MHz   
        Info (332166): set_clock_groups -asynchronous -group {altera_reserved_tck}
Critical Warning (332012): Synopsys Design Constraints File file not found: 'robot_motor_top.sdc'. A Synopsys Design Constraints File is required by the Timing Analyzer to get proper timing constraints. Without it, the Compiler will not properly optimize the design.
Warning (332060): Node: clk was determined to be a clock but was found without an associated clock assignment.
    Info (13166): Register motor_controller:motor_ctrl|IN1 is being clocked by clk
Warning (332060): Node: clk3125:u_clk_div|clk_3125k was determined to be a clock but was found without an associated clock assignment.
    Info (13166): Register msg_sender:msg_fsm|tx_start is being clocked by clk3125:u_clk_div|clk_3125k
Warning (332060): Node: moisture_sensor:ms|counter[3] was determined to be a clock but was found without an associated clock assignment.
    Info (13166): Register moisture_sensor:ms|adc_controller:adc_inst|adc_cs is being clocked by moisture_sensor:ms|counter[3]
Critical Warning (332168): The following clock transfers have no clock uncertainty assignment. For more accurate results, apply clock uncertainty assignments or use the derive_clock_uncertainty command.
    Critical Warning (332169): From altera_reserved_tck (Rise) to altera_reserved_tck (Rise) (setup and hold)
    Critical Warning (332169): From altera_reserved_tck (Rise) to altera_reserved_tck (Fall) (setup and hold)
Info (332129): Detected timing requirements -- optimizing circuit to achieve only the specified requirements
Info (332111): Found 1 clocks
    Info (332111):   Period   Clock Name
    Info (332111): ======== ============
    Info (332111):  100.000 altera_reserved_tck
Info (176353): Automatically promoted node clk~input (placed in PIN R8 (CLK15, DIFFCLK_6p)) File: E:/mb_4975_task5b/ALL_IN_ONE/robot_motor_top.v Line: 3
    Info (176355): Automatically promoted destinations to use location or clock signal Global Clock CLKCTRL_G18
Info (176353): Automatically promoted node altera_internal_jtag~TCKUTAP 
    Info (176355): Automatically promoted destinations to use location or clock signal Global Clock
Info (176353): Automatically promoted node clk3125:u_clk_div|clk_3125k  File: E:/mb_4975_task5b/ALL_IN_ONE/clk3125.v Line: 5
    Info (176355): Automatically promoted destinations to use location or clock signal Global Clock
    Info (176356): Following destination nodes may be non-global or may not use global or regional clocks
        Info (176357): Destination node clk3125:u_clk_div|clk_3125k~0 File: E:/mb_4975_task5b/ALL_IN_ONE/clk3125.v Line: 5
Info (176353): Automatically promoted node moisture_sensor:ms|counter[3]  File: E:/mb_4975_task5b/ALL_IN_ONE/soil_moisture.v Line: 11
    Info (176355): Automatically promoted destinations to use location or clock signal Global Clock
    Info (176356): Following destination nodes may be non-global or may not use global or regional clocks
        Info (176357): Destination node moisture_sensor:ms|counter[3]~0 File: E:/mb_4975_task5b/ALL_IN_ONE/soil_moisture.v Line: 11
        Info (176357): Destination node adc_sck~output File: E:/mb_4975_task5b/ALL_IN_ONE/robot_motor_top.v Line: 24
Info (176353): Automatically promoted node sld_signaltap:auto_signaltap_0|sld_signaltap_impl:sld_signaltap_body|sld_signaltap_implb:sld_signaltap_body|reset_all  File: c:/intelfpga_lite/20.1/quartus/libraries/megafunctions/sld_signaltap_impl.vhd Line: 882
    Info (176355): Automatically promoted destinations to use location or clock signal Global Clock
    Info (176356): Following destination nodes may be non-global or may not use global or regional clocks
        Info (176357): Destination node sld_signaltap:auto_signaltap_0|sld_signaltap_impl:sld_signaltap_body|sld_signaltap_implb:sld_signaltap_body|sld_buffer_manager:sld_buffer_manager_inst|last_buffer_write_address_sig[0]~0 File: c:/intelfpga_lite/20.1/quartus/libraries/megafunctions/sld_buffer_manager.vhd Line: 145
        Info (176357): Destination node sld_signaltap:auto_signaltap_0|sld_signaltap_impl:sld_signaltap_body|sld_signaltap_implb:sld_signaltap_body|sld_offload_buffer_mgr:\stp_non_zero_depth_offload_gen:stp_offload_buff_mgr_inst|acq_buf_read_reset~0 File: c:/intelfpga_lite/20.1/quartus/libraries/megafunctions/sld_buffer_manager.vhd Line: 638
        Info (176357): Destination node sld_signaltap:auto_signaltap_0|sld_signaltap_impl:sld_signaltap_body|sld_signaltap_implb:sld_signaltap_body|sld_offload_buffer_mgr:\stp_non_zero_depth_offload_gen:stp_offload_buff_mgr_inst|acq_buf_read_reset File: c:/intelfpga_lite/20.1/quartus/libraries/megafunctions/sld_buffer_manager.vhd Line: 638
Info (176233): Starting register packing
Info (176235): Finished register packing
    Extra Info (176218): Packed 96 registers into blocks of type Embedded multiplier block
    Extra Info (176220): Created 78 register duplicates
Info (171121): Fitter preparation operations ending: elapsed time is 00:00:02
Info (14896): Fitter has disabled Advanced Physical Optimization because it is not supported for the current family.
Info (170189): Fitter placement preparation operations beginning
Info (170190): Fitter placement preparation operations ending: elapsed time is 00:00:00
Info (170191): Fitter placement operations beginning
Info (170137): Fitter placement was successful
Info (170192): Fitter placement operations ending: elapsed time is 00:00:00
Info (170193): Fitter routing operations beginning
Info (170195): Router estimated average interconnect usage is 1% of the available device resources
    Info (170196): Router estimated peak interconnect usage is 6% of the available device resources in the region that extends from location X21_Y11 to location X31_Y22
Info (170199): The Fitter performed an Auto Fit compilation.  Optimizations were skipped to reduce compilation time.
    Info (170201): Optimizations that may affect the design's routability were skipped
    Info (170200): Optimizations that may affect the design's timing were skipped
Info (170194): Fitter routing operations ending: elapsed time is 00:00:00
Info (11888): Total time spent on timing analysis during the Fitter is 0.28 seconds.
Info (334003): Started post-fitting delay annotation
Info (334004): Delay annotation completed successfully
Info (334003): Started post-fitting delay annotation
Info (334004): Delay annotation completed successfully
Info (11218): Fitter post-fit operations ending: elapsed time is 00:00:01
Info (144001): Generated suppressed messages file E:/mb_4975_task5b/ALL_IN_ONE/output_files/robot_motor_top.fit.smsg
Info: Quartus Prime Fitter was successful. 0 errors, 10 warnings
    Info: Peak virtual memory: 6039 megabytes
    Info: Processing ended: Thu Feb 12 01:48:11 2026
    Info: Elapsed time: 00:00:07
    Info: Total CPU time (on all processors): 00:00:08


+----------------------------+
; Fitter Suppressed Messages ;
+----------------------------+
The suppressed messages can be found in E:/mb_4975_task5b/ALL_IN_ONE/output_files/robot_motor_top.fit.smsg.


