Fitter report for robot_motor_top
Thu Jan 22 23:53:33 2026
Quartus Prime Version 20.1.1 Build 720 11/11/2020 SJ Lite Edition


---------------------
; Table of Contents ;
---------------------
  1. Legal Notice
  2. Fitter Summary
  3. Fitter Settings
  4. Parallel Compilation
  5. Fitter Netlist Optimizations
  6. Incremental Compilation Preservation Summary
  7. Incremental Compilation Partition Settings
  8. Incremental Compilation Placement Preservation
  9. Pin-Out File
 10. Fitter Resource Usage Summary
 11. Fitter Partition Statistics
 12. Input Pins
 13. Output Pins
 14. Dual Purpose and Dedicated Pins
 15. I/O Bank Usage
 16. All Package Pins
 17. I/O Assignment Warnings
 18. Fitter Resource Utilization by Entity
 19. Delay Chain Summary
 20. Pad To Core Delay Chain Fanout
 21. Control Signals
 22. Global & Other Fast Signals
 23. Fitter RAM Summary
 24. Fitter DSP Block Usage Summary
 25. DSP Block Details
 26. Routing Usage Summary
 27. LAB Logic Elements
 28. LAB-wide Signals
 29. LAB Signals Sourced
 30. LAB Signals Sourced Out
 31. LAB Distinct Inputs
 32. I/O Rules Summary
 33. I/O Rules Details
 34. I/O Rules Matrix
 35. Fitter Device Options
 36. Operating Settings and Conditions
 37. Fitter Messages
 38. Fitter Suppressed Messages



----------------
; Legal Notice ;
----------------
Copyright (C) 2020  Intel Corporation. All rights reserved.
Your use of Intel Corporation's design tools, logic functions 
and other software and tools, and any partner logic 
functions, and any output files from any of the foregoing 
(including device programming or simulation files), and any 
associated documentation or information are expressly subject 
to the terms and conditions of the Intel Program License 
Subscription Agreement, the Intel Quartus Prime License Agreement,
the Intel FPGA IP License Agreement, or other applicable license
agreement, including, without limitation, that your use is for
the sole purpose of programming logic devices manufactured by
Intel and sold by Intel or its authorized distributors.  Please
refer to the applicable agreement for further details, at
https://fpgasoftware.intel.com/eula.



+----------------------------------------------------------------------------------+
; Fitter Summary                                                                   ;
+------------------------------------+---------------------------------------------+
; Fitter Status                      ; Successful - Thu Jan 22 23:53:33 2026       ;
; Quartus Prime Version              ; 20.1.1 Build 720 11/11/2020 SJ Lite Edition ;
; Revision Name                      ; robot_motor_top                             ;
; Top-level Entity Name              ; robot_motor_top                             ;
; Family                             ; Cyclone IV E                                ;
; Device                             ; EP4CE22F17C6                                ;
; Timing Models                      ; Final                                       ;
; Total logic elements               ; 2,274 / 22,320 ( 10 % )                     ;
;     Total combinational functions  ; 1,404 / 22,320 ( 6 % )                      ;
;     Dedicated logic registers      ; 1,702 / 22,320 ( 8 % )                      ;
; Total registers                    ; 1702                                        ;
; Total pins                         ; 21 / 154 ( 14 % )                           ;
; Total virtual pins                 ; 0                                           ;
; Total memory bits                  ; 10,880 / 608,256 ( 2 % )                    ;
; Embedded Multiplier 9-bit elements ; 12 / 132 ( 9 % )                            ;
; Total PLLs                         ; 0 / 4 ( 0 % )                               ;
+------------------------------------+---------------------------------------------+


+----------------------------------------------------------------------------------------------------------------------------------------------------+
; Fitter Settings                                                                                                                                    ;
+--------------------------------------------------------------------+---------------------------------------+---------------------------------------+
; Option                                                             ; Setting                               ; Default Value                         ;
+--------------------------------------------------------------------+---------------------------------------+---------------------------------------+
; Device                                                             ; EP4CE22F17C6                          ;                                       ;
; Nominal Core Supply Voltage                                        ; 1.2V                                  ;                                       ;
; Minimum Core Junction Temperature                                  ; 0                                     ;                                       ;
; Maximum Core Junction Temperature                                  ; 85                                    ;                                       ;
; Fit Attempts to Skip                                               ; 0                                     ; 0.0                                   ;
; Device I/O Standard                                                ; 2.5 V                                 ;                                       ;
; Use smart compilation                                              ; Off                                   ; Off                                   ;
; Enable parallel Assembler and Timing Analyzer during compilation   ; On                                    ; On                                    ;
; Enable compact report table                                        ; Off                                   ; Off                                   ;
; Auto Merge PLLs                                                    ; On                                    ; On                                    ;
; Router Timing Optimization Level                                   ; Normal                                ; Normal                                ;
; Perform Clocking Topology Analysis During Routing                  ; Off                                   ; Off                                   ;
; Placement Effort Multiplier                                        ; 1.0                                   ; 1.0                                   ;
; Router Effort Multiplier                                           ; 1.0                                   ; 1.0                                   ;
; Optimize Hold Timing                                               ; All Paths                             ; All Paths                             ;
; Optimize Multi-Corner Timing                                       ; On                                    ; On                                    ;
; Power Optimization During Fitting                                  ; Normal compilation                    ; Normal compilation                    ;
; SSN Optimization                                                   ; Off                                   ; Off                                   ;
; Optimize Timing                                                    ; Normal compilation                    ; Normal compilation                    ;
; Optimize Timing for ECOs                                           ; Off                                   ; Off                                   ;
; Regenerate Full Fit Report During ECO Compiles                     ; Off                                   ; Off                                   ;
; Optimize IOC Register Placement for Timing                         ; Normal                                ; Normal                                ;
; Limit to One Fitting Attempt                                       ; Off                                   ; Off                                   ;
; Final Placement Optimizations                                      ; Automatically                         ; Automatically                         ;
; Fitter Aggressive Routability Optimizations                        ; Automatically                         ; Automatically                         ;
; Fitter Initial Placement Seed                                      ; 1                                     ; 1                                     ;
; Periphery to Core Placement and Routing Optimization               ; Off                                   ; Off                                   ;
; PCI I/O                                                            ; Off                                   ; Off                                   ;
; Weak Pull-Up Resistor                                              ; Off                                   ; Off                                   ;
; Enable Bus-Hold Circuitry                                          ; Off                                   ; Off                                   ;
; Auto Packed Registers                                              ; Auto                                  ; Auto                                  ;
; Auto Delay Chains                                                  ; On                                    ; On                                    ;
; Auto Delay Chains for High Fanout Input Pins                       ; Off                                   ; Off                                   ;
; Allow Single-ended Buffer for Differential-XSTL Input              ; Off                                   ; Off                                   ;
; Treat Bidirectional Pin as Output Pin                              ; Off                                   ; Off                                   ;
; Perform Physical Synthesis for Combinational Logic for Fitting     ; Off                                   ; Off                                   ;
; Perform Physical Synthesis for Combinational Logic for Performance ; Off                                   ; Off                                   ;
; Perform Register Duplication for Performance                       ; Off                                   ; Off                                   ;
; Perform Logic to Memory Mapping for Fitting                        ; Off                                   ; Off                                   ;
; Perform Register Retiming for Performance                          ; Off                                   ; Off                                   ;
; Perform Asynchronous Signal Pipelining                             ; Off                                   ; Off                                   ;
; Fitter Effort                                                      ; Auto Fit                              ; Auto Fit                              ;
; Physical Synthesis Effort Level                                    ; Normal                                ; Normal                                ;
; Logic Cell Insertion - Logic Duplication                           ; Auto                                  ; Auto                                  ;
; Auto Register Duplication                                          ; Auto                                  ; Auto                                  ;
; Auto Global Clock                                                  ; On                                    ; On                                    ;
; Auto Global Register Control Signals                               ; On                                    ; On                                    ;
; Reserve all unused pins                                            ; As input tri-stated with weak pull-up ; As input tri-stated with weak pull-up ;
; Synchronizer Identification                                        ; Auto                                  ; Auto                                  ;
; Enable Beneficial Skew Optimization                                ; On                                    ; On                                    ;
; Optimize Design for Metastability                                  ; On                                    ; On                                    ;
; Force Fitter to Avoid Periphery Placement Warnings                 ; Off                                   ; Off                                   ;
; Enable input tri-state on active configuration pins in user mode   ; Off                                   ; Off                                   ;
+--------------------------------------------------------------------+---------------------------------------+---------------------------------------+


+------------------------------------------+
; Parallel Compilation                     ;
+----------------------------+-------------+
; Processors                 ; Number      ;
+----------------------------+-------------+
; Number detected on machine ; 12          ;
; Maximum allowed            ; 10          ;
;                            ;             ;
; Average used               ; 1.21        ;
; Maximum used               ; 10          ;
;                            ;             ;
; Usage by Processor         ; % Time Used ;
;     Processor 1            ; 100.0%      ;
;     Processor 2            ;   2.7%      ;
;     Processor 3            ;   2.4%      ;
;     Processor 4            ;   2.3%      ;
;     Processor 5            ;   2.2%      ;
;     Processor 6            ;   2.2%      ;
;     Processors 7-10        ;   2.2%      ;
+----------------------------+-------------+


+------------------------------------------------------------------------------------------------------------------------------------------------------------------------------------------------------------------------------------------------------------------------------------------+
; Fitter Netlist Optimizations                                                                                                                                                                                                                                                             ;
+-----------------------------------------------------------+-----------------+------------------+---------------------+-----------+----------------+-------------------------------------------------------------------------------------------+------------------+-----------------------+
; Node                                                      ; Action          ; Operation        ; Reason              ; Node Port ; Node Port Name ; Destination Node                                                                          ; Destination Port ; Destination Port Name ;
+-----------------------------------------------------------+-----------------+------------------+---------------------+-----------+----------------+-------------------------------------------------------------------------------------------+------------------+-----------------------+
; path_controller:path_ctrl|us_sensor:us_f|echo_counter[0]  ; Packed Register ; Register Packing ; Timing optimization ; Q         ;                ; path_controller:path_ctrl|us_sensor:us_f|lpm_mult:Mult0|mult_ngt:auto_generated|mac_mult1 ; DATAA            ;                       ;
; path_controller:path_ctrl|us_sensor:us_f|echo_counter[1]  ; Packed Register ; Register Packing ; Timing optimization ; Q         ;                ; path_controller:path_ctrl|us_sensor:us_f|lpm_mult:Mult0|mult_ngt:auto_generated|mac_mult1 ; DATAA            ;                       ;
; path_controller:path_ctrl|us_sensor:us_f|echo_counter[2]  ; Packed Register ; Register Packing ; Timing optimization ; Q         ;                ; path_controller:path_ctrl|us_sensor:us_f|lpm_mult:Mult0|mult_ngt:auto_generated|mac_mult1 ; DATAA            ;                       ;
; path_controller:path_ctrl|us_sensor:us_f|echo_counter[3]  ; Packed Register ; Register Packing ; Timing optimization ; Q         ;                ; path_controller:path_ctrl|us_sensor:us_f|lpm_mult:Mult0|mult_ngt:auto_generated|mac_mult1 ; DATAA            ;                       ;
; path_controller:path_ctrl|us_sensor:us_f|echo_counter[4]  ; Packed Register ; Register Packing ; Timing optimization ; Q         ;                ; path_controller:path_ctrl|us_sensor:us_f|lpm_mult:Mult0|mult_ngt:auto_generated|mac_mult1 ; DATAA            ;                       ;
; path_controller:path_ctrl|us_sensor:us_f|echo_counter[5]  ; Packed Register ; Register Packing ; Timing optimization ; Q         ;                ; path_controller:path_ctrl|us_sensor:us_f|lpm_mult:Mult0|mult_ngt:auto_generated|mac_mult1 ; DATAA            ;                       ;
; path_controller:path_ctrl|us_sensor:us_f|echo_counter[6]  ; Packed Register ; Register Packing ; Timing optimization ; Q         ;                ; path_controller:path_ctrl|us_sensor:us_f|lpm_mult:Mult0|mult_ngt:auto_generated|mac_mult1 ; DATAA            ;                       ;
; path_controller:path_ctrl|us_sensor:us_f|echo_counter[7]  ; Packed Register ; Register Packing ; Timing optimization ; Q         ;                ; path_controller:path_ctrl|us_sensor:us_f|lpm_mult:Mult0|mult_ngt:auto_generated|mac_mult1 ; DATAA            ;                       ;
; path_controller:path_ctrl|us_sensor:us_f|echo_counter[8]  ; Packed Register ; Register Packing ; Timing optimization ; Q         ;                ; path_controller:path_ctrl|us_sensor:us_f|lpm_mult:Mult0|mult_ngt:auto_generated|mac_mult1 ; DATAA            ;                       ;
; path_controller:path_ctrl|us_sensor:us_f|echo_counter[9]  ; Packed Register ; Register Packing ; Timing optimization ; Q         ;                ; path_controller:path_ctrl|us_sensor:us_f|lpm_mult:Mult0|mult_ngt:auto_generated|mac_mult1 ; DATAA            ;                       ;
; path_controller:path_ctrl|us_sensor:us_f|echo_counter[10] ; Packed Register ; Register Packing ; Timing optimization ; Q         ;                ; path_controller:path_ctrl|us_sensor:us_f|lpm_mult:Mult0|mult_ngt:auto_generated|mac_mult1 ; DATAA            ;                       ;
; path_controller:path_ctrl|us_sensor:us_f|echo_counter[11] ; Packed Register ; Register Packing ; Timing optimization ; Q         ;                ; path_controller:path_ctrl|us_sensor:us_f|lpm_mult:Mult0|mult_ngt:auto_generated|mac_mult1 ; DATAA            ;                       ;
; path_controller:path_ctrl|us_sensor:us_f|echo_counter[12] ; Packed Register ; Register Packing ; Timing optimization ; Q         ;                ; path_controller:path_ctrl|us_sensor:us_f|lpm_mult:Mult0|mult_ngt:auto_generated|mac_mult1 ; DATAA            ;                       ;
; path_controller:path_ctrl|us_sensor:us_f|echo_counter[13] ; Packed Register ; Register Packing ; Timing optimization ; Q         ;                ; path_controller:path_ctrl|us_sensor:us_f|lpm_mult:Mult0|mult_ngt:auto_generated|mac_mult1 ; DATAA            ;                       ;
; path_controller:path_ctrl|us_sensor:us_f|echo_counter[14] ; Packed Register ; Register Packing ; Timing optimization ; Q         ;                ; path_controller:path_ctrl|us_sensor:us_f|lpm_mult:Mult0|mult_ngt:auto_generated|mac_mult1 ; DATAA            ;                       ;
; path_controller:path_ctrl|us_sensor:us_f|echo_counter[15] ; Packed Register ; Register Packing ; Timing optimization ; Q         ;                ; path_controller:path_ctrl|us_sensor:us_f|lpm_mult:Mult0|mult_ngt:auto_generated|mac_mult1 ; DATAA            ;                       ;
; path_controller:path_ctrl|us_sensor:us_f|echo_counter[16] ; Packed Register ; Register Packing ; Timing optimization ; Q         ;                ; path_controller:path_ctrl|us_sensor:us_f|lpm_mult:Mult0|mult_ngt:auto_generated|mac_mult1 ; DATAA            ;                       ;
; path_controller:path_ctrl|us_sensor:us_f|echo_counter[17] ; Packed Register ; Register Packing ; Timing optimization ; Q         ;                ; path_controller:path_ctrl|us_sensor:us_f|lpm_mult:Mult0|mult_ngt:auto_generated|mac_mult1 ; DATAA            ;                       ;
; path_controller:path_ctrl|us_sensor:us_f|echo_counter[18] ; Packed Register ; Register Packing ; Timing optimization ; Q         ;                ; path_controller:path_ctrl|us_sensor:us_f|lpm_mult:Mult0|mult_ngt:auto_generated|mac_mult3 ; DATAA            ;                       ;
; path_controller:path_ctrl|us_sensor:us_f|echo_counter[19] ; Packed Register ; Register Packing ; Timing optimization ; Q         ;                ; path_controller:path_ctrl|us_sensor:us_f|lpm_mult:Mult0|mult_ngt:auto_generated|mac_mult3 ; DATAA            ;                       ;
; path_controller:path_ctrl|us_sensor:us_f|echo_counter[20] ; Packed Register ; Register Packing ; Timing optimization ; Q         ;                ; path_controller:path_ctrl|us_sensor:us_f|lpm_mult:Mult0|mult_ngt:auto_generated|mac_mult3 ; DATAA            ;                       ;
; path_controller:path_ctrl|us_sensor:us_f|echo_counter[21] ; Packed Register ; Register Packing ; Timing optimization ; Q         ;                ; path_controller:path_ctrl|us_sensor:us_f|lpm_mult:Mult0|mult_ngt:auto_generated|mac_mult3 ; DATAA            ;                       ;
; path_controller:path_ctrl|us_sensor:us_f|echo_counter[22] ; Packed Register ; Register Packing ; Timing optimization ; Q         ;                ; path_controller:path_ctrl|us_sensor:us_f|lpm_mult:Mult0|mult_ngt:auto_generated|mac_mult3 ; DATAA            ;                       ;
; path_controller:path_ctrl|us_sensor:us_f|echo_counter[23] ; Packed Register ; Register Packing ; Timing optimization ; Q         ;                ; path_controller:path_ctrl|us_sensor:us_f|lpm_mult:Mult0|mult_ngt:auto_generated|mac_mult3 ; DATAA            ;                       ;
; path_controller:path_ctrl|us_sensor:us_f|echo_counter[24] ; Packed Register ; Register Packing ; Timing optimization ; Q         ;                ; path_controller:path_ctrl|us_sensor:us_f|lpm_mult:Mult0|mult_ngt:auto_generated|mac_mult3 ; DATAA            ;                       ;
; path_controller:path_ctrl|us_sensor:us_f|echo_counter[25] ; Packed Register ; Register Packing ; Timing optimization ; Q         ;                ; path_controller:path_ctrl|us_sensor:us_f|lpm_mult:Mult0|mult_ngt:auto_generated|mac_mult3 ; DATAA            ;                       ;
; path_controller:path_ctrl|us_sensor:us_f|echo_counter[26] ; Packed Register ; Register Packing ; Timing optimization ; Q         ;                ; path_controller:path_ctrl|us_sensor:us_f|lpm_mult:Mult0|mult_ngt:auto_generated|mac_mult3 ; DATAA            ;                       ;
; path_controller:path_ctrl|us_sensor:us_f|echo_counter[27] ; Packed Register ; Register Packing ; Timing optimization ; Q         ;                ; path_controller:path_ctrl|us_sensor:us_f|lpm_mult:Mult0|mult_ngt:auto_generated|mac_mult3 ; DATAA            ;                       ;
; path_controller:path_ctrl|us_sensor:us_f|echo_counter[28] ; Packed Register ; Register Packing ; Timing optimization ; Q         ;                ; path_controller:path_ctrl|us_sensor:us_f|lpm_mult:Mult0|mult_ngt:auto_generated|mac_mult3 ; DATAA            ;                       ;
; path_controller:path_ctrl|us_sensor:us_f|echo_counter[29] ; Packed Register ; Register Packing ; Timing optimization ; Q         ;                ; path_controller:path_ctrl|us_sensor:us_f|lpm_mult:Mult0|mult_ngt:auto_generated|mac_mult3 ; DATAA            ;                       ;
; path_controller:path_ctrl|us_sensor:us_f|echo_counter[30] ; Packed Register ; Register Packing ; Timing optimization ; Q         ;                ; path_controller:path_ctrl|us_sensor:us_f|lpm_mult:Mult0|mult_ngt:auto_generated|mac_mult3 ; DATAA            ;                       ;
; path_controller:path_ctrl|us_sensor:us_f|echo_counter[31] ; Packed Register ; Register Packing ; Timing optimization ; Q         ;                ; path_controller:path_ctrl|us_sensor:us_f|lpm_mult:Mult0|mult_ngt:auto_generated|mac_mult3 ; DATAA            ;                       ;
; path_controller:path_ctrl|us_sensor:us_l|echo_counter[0]  ; Packed Register ; Register Packing ; Timing optimization ; Q         ;                ; path_controller:path_ctrl|us_sensor:us_l|lpm_mult:Mult0|mult_ngt:auto_generated|mac_mult1 ; DATAA            ;                       ;
; path_controller:path_ctrl|us_sensor:us_l|echo_counter[1]  ; Packed Register ; Register Packing ; Timing optimization ; Q         ;                ; path_controller:path_ctrl|us_sensor:us_l|lpm_mult:Mult0|mult_ngt:auto_generated|mac_mult1 ; DATAA            ;                       ;
; path_controller:path_ctrl|us_sensor:us_l|echo_counter[2]  ; Packed Register ; Register Packing ; Timing optimization ; Q         ;                ; path_controller:path_ctrl|us_sensor:us_l|lpm_mult:Mult0|mult_ngt:auto_generated|mac_mult1 ; DATAA            ;                       ;
; path_controller:path_ctrl|us_sensor:us_l|echo_counter[3]  ; Packed Register ; Register Packing ; Timing optimization ; Q         ;                ; path_controller:path_ctrl|us_sensor:us_l|lpm_mult:Mult0|mult_ngt:auto_generated|mac_mult1 ; DATAA            ;                       ;
; path_controller:path_ctrl|us_sensor:us_l|echo_counter[4]  ; Packed Register ; Register Packing ; Timing optimization ; Q         ;                ; path_controller:path_ctrl|us_sensor:us_l|lpm_mult:Mult0|mult_ngt:auto_generated|mac_mult1 ; DATAA            ;                       ;
; path_controller:path_ctrl|us_sensor:us_l|echo_counter[5]  ; Packed Register ; Register Packing ; Timing optimization ; Q         ;                ; path_controller:path_ctrl|us_sensor:us_l|lpm_mult:Mult0|mult_ngt:auto_generated|mac_mult1 ; DATAA            ;                       ;
; path_controller:path_ctrl|us_sensor:us_l|echo_counter[6]  ; Packed Register ; Register Packing ; Timing optimization ; Q         ;                ; path_controller:path_ctrl|us_sensor:us_l|lpm_mult:Mult0|mult_ngt:auto_generated|mac_mult1 ; DATAA            ;                       ;
; path_controller:path_ctrl|us_sensor:us_l|echo_counter[7]  ; Packed Register ; Register Packing ; Timing optimization ; Q         ;                ; path_controller:path_ctrl|us_sensor:us_l|lpm_mult:Mult0|mult_ngt:auto_generated|mac_mult1 ; DATAA            ;                       ;
; path_controller:path_ctrl|us_sensor:us_l|echo_counter[8]  ; Packed Register ; Register Packing ; Timing optimization ; Q         ;                ; path_controller:path_ctrl|us_sensor:us_l|lpm_mult:Mult0|mult_ngt:auto_generated|mac_mult1 ; DATAA            ;                       ;
; path_controller:path_ctrl|us_sensor:us_l|echo_counter[9]  ; Packed Register ; Register Packing ; Timing optimization ; Q         ;                ; path_controller:path_ctrl|us_sensor:us_l|lpm_mult:Mult0|mult_ngt:auto_generated|mac_mult1 ; DATAA            ;                       ;
; path_controller:path_ctrl|us_sensor:us_l|echo_counter[10] ; Packed Register ; Register Packing ; Timing optimization ; Q         ;                ; path_controller:path_ctrl|us_sensor:us_l|lpm_mult:Mult0|mult_ngt:auto_generated|mac_mult1 ; DATAA            ;                       ;
; path_controller:path_ctrl|us_sensor:us_l|echo_counter[11] ; Packed Register ; Register Packing ; Timing optimization ; Q         ;                ; path_controller:path_ctrl|us_sensor:us_l|lpm_mult:Mult0|mult_ngt:auto_generated|mac_mult1 ; DATAA            ;                       ;
; path_controller:path_ctrl|us_sensor:us_l|echo_counter[12] ; Packed Register ; Register Packing ; Timing optimization ; Q         ;                ; path_controller:path_ctrl|us_sensor:us_l|lpm_mult:Mult0|mult_ngt:auto_generated|mac_mult1 ; DATAA            ;                       ;
; path_controller:path_ctrl|us_sensor:us_l|echo_counter[13] ; Packed Register ; Register Packing ; Timing optimization ; Q         ;                ; path_controller:path_ctrl|us_sensor:us_l|lpm_mult:Mult0|mult_ngt:auto_generated|mac_mult1 ; DATAA            ;                       ;
; path_controller:path_ctrl|us_sensor:us_l|echo_counter[14] ; Packed Register ; Register Packing ; Timing optimization ; Q         ;                ; path_controller:path_ctrl|us_sensor:us_l|lpm_mult:Mult0|mult_ngt:auto_generated|mac_mult1 ; DATAA            ;                       ;
; path_controller:path_ctrl|us_sensor:us_l|echo_counter[15] ; Packed Register ; Register Packing ; Timing optimization ; Q         ;                ; path_controller:path_ctrl|us_sensor:us_l|lpm_mult:Mult0|mult_ngt:auto_generated|mac_mult1 ; DATAA            ;                       ;
; path_controller:path_ctrl|us_sensor:us_l|echo_counter[16] ; Packed Register ; Register Packing ; Timing optimization ; Q         ;                ; path_controller:path_ctrl|us_sensor:us_l|lpm_mult:Mult0|mult_ngt:auto_generated|mac_mult1 ; DATAA            ;                       ;
; path_controller:path_ctrl|us_sensor:us_l|echo_counter[17] ; Packed Register ; Register Packing ; Timing optimization ; Q         ;                ; path_controller:path_ctrl|us_sensor:us_l|lpm_mult:Mult0|mult_ngt:auto_generated|mac_mult1 ; DATAA            ;                       ;
; path_controller:path_ctrl|us_sensor:us_l|echo_counter[18] ; Packed Register ; Register Packing ; Timing optimization ; Q         ;                ; path_controller:path_ctrl|us_sensor:us_l|lpm_mult:Mult0|mult_ngt:auto_generated|mac_mult3 ; DATAA            ;                       ;
; path_controller:path_ctrl|us_sensor:us_l|echo_counter[19] ; Packed Register ; Register Packing ; Timing optimization ; Q         ;                ; path_controller:path_ctrl|us_sensor:us_l|lpm_mult:Mult0|mult_ngt:auto_generated|mac_mult3 ; DATAA            ;                       ;
; path_controller:path_ctrl|us_sensor:us_l|echo_counter[20] ; Packed Register ; Register Packing ; Timing optimization ; Q         ;                ; path_controller:path_ctrl|us_sensor:us_l|lpm_mult:Mult0|mult_ngt:auto_generated|mac_mult3 ; DATAA            ;                       ;
; path_controller:path_ctrl|us_sensor:us_l|echo_counter[21] ; Packed Register ; Register Packing ; Timing optimization ; Q         ;                ; path_controller:path_ctrl|us_sensor:us_l|lpm_mult:Mult0|mult_ngt:auto_generated|mac_mult3 ; DATAA            ;                       ;
; path_controller:path_ctrl|us_sensor:us_l|echo_counter[22] ; Packed Register ; Register Packing ; Timing optimization ; Q         ;                ; path_controller:path_ctrl|us_sensor:us_l|lpm_mult:Mult0|mult_ngt:auto_generated|mac_mult3 ; DATAA            ;                       ;
; path_controller:path_ctrl|us_sensor:us_l|echo_counter[23] ; Packed Register ; Register Packing ; Timing optimization ; Q         ;                ; path_controller:path_ctrl|us_sensor:us_l|lpm_mult:Mult0|mult_ngt:auto_generated|mac_mult3 ; DATAA            ;                       ;
; path_controller:path_ctrl|us_sensor:us_l|echo_counter[24] ; Packed Register ; Register Packing ; Timing optimization ; Q         ;                ; path_controller:path_ctrl|us_sensor:us_l|lpm_mult:Mult0|mult_ngt:auto_generated|mac_mult3 ; DATAA            ;                       ;
; path_controller:path_ctrl|us_sensor:us_l|echo_counter[25] ; Packed Register ; Register Packing ; Timing optimization ; Q         ;                ; path_controller:path_ctrl|us_sensor:us_l|lpm_mult:Mult0|mult_ngt:auto_generated|mac_mult3 ; DATAA            ;                       ;
; path_controller:path_ctrl|us_sensor:us_l|echo_counter[26] ; Packed Register ; Register Packing ; Timing optimization ; Q         ;                ; path_controller:path_ctrl|us_sensor:us_l|lpm_mult:Mult0|mult_ngt:auto_generated|mac_mult3 ; DATAA            ;                       ;
; path_controller:path_ctrl|us_sensor:us_l|echo_counter[27] ; Packed Register ; Register Packing ; Timing optimization ; Q         ;                ; path_controller:path_ctrl|us_sensor:us_l|lpm_mult:Mult0|mult_ngt:auto_generated|mac_mult3 ; DATAA            ;                       ;
; path_controller:path_ctrl|us_sensor:us_l|echo_counter[28] ; Packed Register ; Register Packing ; Timing optimization ; Q         ;                ; path_controller:path_ctrl|us_sensor:us_l|lpm_mult:Mult0|mult_ngt:auto_generated|mac_mult3 ; DATAA            ;                       ;
; path_controller:path_ctrl|us_sensor:us_l|echo_counter[29] ; Packed Register ; Register Packing ; Timing optimization ; Q         ;                ; path_controller:path_ctrl|us_sensor:us_l|lpm_mult:Mult0|mult_ngt:auto_generated|mac_mult3 ; DATAA            ;                       ;
; path_controller:path_ctrl|us_sensor:us_l|echo_counter[30] ; Packed Register ; Register Packing ; Timing optimization ; Q         ;                ; path_controller:path_ctrl|us_sensor:us_l|lpm_mult:Mult0|mult_ngt:auto_generated|mac_mult3 ; DATAA            ;                       ;
; path_controller:path_ctrl|us_sensor:us_l|echo_counter[31] ; Packed Register ; Register Packing ; Timing optimization ; Q         ;                ; path_controller:path_ctrl|us_sensor:us_l|lpm_mult:Mult0|mult_ngt:auto_generated|mac_mult3 ; DATAA            ;                       ;
; path_controller:path_ctrl|us_sensor:us_r|echo_counter[0]  ; Packed Register ; Register Packing ; Timing optimization ; Q         ;                ; path_controller:path_ctrl|us_sensor:us_r|lpm_mult:Mult0|mult_ngt:auto_generated|mac_mult1 ; DATAA            ;                       ;
; path_controller:path_ctrl|us_sensor:us_r|echo_counter[1]  ; Packed Register ; Register Packing ; Timing optimization ; Q         ;                ; path_controller:path_ctrl|us_sensor:us_r|lpm_mult:Mult0|mult_ngt:auto_generated|mac_mult1 ; DATAA            ;                       ;
; path_controller:path_ctrl|us_sensor:us_r|echo_counter[2]  ; Packed Register ; Register Packing ; Timing optimization ; Q         ;                ; path_controller:path_ctrl|us_sensor:us_r|lpm_mult:Mult0|mult_ngt:auto_generated|mac_mult1 ; DATAA            ;                       ;
; path_controller:path_ctrl|us_sensor:us_r|echo_counter[3]  ; Packed Register ; Register Packing ; Timing optimization ; Q         ;                ; path_controller:path_ctrl|us_sensor:us_r|lpm_mult:Mult0|mult_ngt:auto_generated|mac_mult1 ; DATAA            ;                       ;
; path_controller:path_ctrl|us_sensor:us_r|echo_counter[4]  ; Packed Register ; Register Packing ; Timing optimization ; Q         ;                ; path_controller:path_ctrl|us_sensor:us_r|lpm_mult:Mult0|mult_ngt:auto_generated|mac_mult1 ; DATAA            ;                       ;
; path_controller:path_ctrl|us_sensor:us_r|echo_counter[5]  ; Packed Register ; Register Packing ; Timing optimization ; Q         ;                ; path_controller:path_ctrl|us_sensor:us_r|lpm_mult:Mult0|mult_ngt:auto_generated|mac_mult1 ; DATAA            ;                       ;
; path_controller:path_ctrl|us_sensor:us_r|echo_counter[6]  ; Packed Register ; Register Packing ; Timing optimization ; Q         ;                ; path_controller:path_ctrl|us_sensor:us_r|lpm_mult:Mult0|mult_ngt:auto_generated|mac_mult1 ; DATAA            ;                       ;
; path_controller:path_ctrl|us_sensor:us_r|echo_counter[7]  ; Packed Register ; Register Packing ; Timing optimization ; Q         ;                ; path_controller:path_ctrl|us_sensor:us_r|lpm_mult:Mult0|mult_ngt:auto_generated|mac_mult1 ; DATAA            ;                       ;
; path_controller:path_ctrl|us_sensor:us_r|echo_counter[8]  ; Packed Register ; Register Packing ; Timing optimization ; Q         ;                ; path_controller:path_ctrl|us_sensor:us_r|lpm_mult:Mult0|mult_ngt:auto_generated|mac_mult1 ; DATAA            ;                       ;
; path_controller:path_ctrl|us_sensor:us_r|echo_counter[9]  ; Packed Register ; Register Packing ; Timing optimization ; Q         ;                ; path_controller:path_ctrl|us_sensor:us_r|lpm_mult:Mult0|mult_ngt:auto_generated|mac_mult1 ; DATAA            ;                       ;
; path_controller:path_ctrl|us_sensor:us_r|echo_counter[10] ; Packed Register ; Register Packing ; Timing optimization ; Q         ;                ; path_controller:path_ctrl|us_sensor:us_r|lpm_mult:Mult0|mult_ngt:auto_generated|mac_mult1 ; DATAA            ;                       ;
; path_controller:path_ctrl|us_sensor:us_r|echo_counter[11] ; Packed Register ; Register Packing ; Timing optimization ; Q         ;                ; path_controller:path_ctrl|us_sensor:us_r|lpm_mult:Mult0|mult_ngt:auto_generated|mac_mult1 ; DATAA            ;                       ;
; path_controller:path_ctrl|us_sensor:us_r|echo_counter[12] ; Packed Register ; Register Packing ; Timing optimization ; Q         ;                ; path_controller:path_ctrl|us_sensor:us_r|lpm_mult:Mult0|mult_ngt:auto_generated|mac_mult1 ; DATAA            ;                       ;
; path_controller:path_ctrl|us_sensor:us_r|echo_counter[13] ; Packed Register ; Register Packing ; Timing optimization ; Q         ;                ; path_controller:path_ctrl|us_sensor:us_r|lpm_mult:Mult0|mult_ngt:auto_generated|mac_mult1 ; DATAA            ;                       ;
; path_controller:path_ctrl|us_sensor:us_r|echo_counter[14] ; Packed Register ; Register Packing ; Timing optimization ; Q         ;                ; path_controller:path_ctrl|us_sensor:us_r|lpm_mult:Mult0|mult_ngt:auto_generated|mac_mult1 ; DATAA            ;                       ;
; path_controller:path_ctrl|us_sensor:us_r|echo_counter[15] ; Packed Register ; Register Packing ; Timing optimization ; Q         ;                ; path_controller:path_ctrl|us_sensor:us_r|lpm_mult:Mult0|mult_ngt:auto_generated|mac_mult1 ; DATAA            ;                       ;
; path_controller:path_ctrl|us_sensor:us_r|echo_counter[16] ; Packed Register ; Register Packing ; Timing optimization ; Q         ;                ; path_controller:path_ctrl|us_sensor:us_r|lpm_mult:Mult0|mult_ngt:auto_generated|mac_mult1 ; DATAA            ;                       ;
; path_controller:path_ctrl|us_sensor:us_r|echo_counter[17] ; Packed Register ; Register Packing ; Timing optimization ; Q         ;                ; path_controller:path_ctrl|us_sensor:us_r|lpm_mult:Mult0|mult_ngt:auto_generated|mac_mult1 ; DATAA            ;                       ;
; path_controller:path_ctrl|us_sensor:us_r|echo_counter[18] ; Packed Register ; Register Packing ; Timing optimization ; Q         ;                ; path_controller:path_ctrl|us_sensor:us_r|lpm_mult:Mult0|mult_ngt:auto_generated|mac_mult3 ; DATAA            ;                       ;
; path_controller:path_ctrl|us_sensor:us_r|echo_counter[19] ; Packed Register ; Register Packing ; Timing optimization ; Q         ;                ; path_controller:path_ctrl|us_sensor:us_r|lpm_mult:Mult0|mult_ngt:auto_generated|mac_mult3 ; DATAA            ;                       ;
; path_controller:path_ctrl|us_sensor:us_r|echo_counter[20] ; Packed Register ; Register Packing ; Timing optimization ; Q         ;                ; path_controller:path_ctrl|us_sensor:us_r|lpm_mult:Mult0|mult_ngt:auto_generated|mac_mult3 ; DATAA            ;                       ;
; path_controller:path_ctrl|us_sensor:us_r|echo_counter[21] ; Packed Register ; Register Packing ; Timing optimization ; Q         ;                ; path_controller:path_ctrl|us_sensor:us_r|lpm_mult:Mult0|mult_ngt:auto_generated|mac_mult3 ; DATAA            ;                       ;
; path_controller:path_ctrl|us_sensor:us_r|echo_counter[22] ; Packed Register ; Register Packing ; Timing optimization ; Q         ;                ; path_controller:path_ctrl|us_sensor:us_r|lpm_mult:Mult0|mult_ngt:auto_generated|mac_mult3 ; DATAA            ;                       ;
; path_controller:path_ctrl|us_sensor:us_r|echo_counter[23] ; Packed Register ; Register Packing ; Timing optimization ; Q         ;                ; path_controller:path_ctrl|us_sensor:us_r|lpm_mult:Mult0|mult_ngt:auto_generated|mac_mult3 ; DATAA            ;                       ;
; path_controller:path_ctrl|us_sensor:us_r|echo_counter[24] ; Packed Register ; Register Packing ; Timing optimization ; Q         ;                ; path_controller:path_ctrl|us_sensor:us_r|lpm_mult:Mult0|mult_ngt:auto_generated|mac_mult3 ; DATAA            ;                       ;
; path_controller:path_ctrl|us_sensor:us_r|echo_counter[25] ; Packed Register ; Register Packing ; Timing optimization ; Q         ;                ; path_controller:path_ctrl|us_sensor:us_r|lpm_mult:Mult0|mult_ngt:auto_generated|mac_mult3 ; DATAA            ;                       ;
; path_controller:path_ctrl|us_sensor:us_r|echo_counter[26] ; Packed Register ; Register Packing ; Timing optimization ; Q         ;                ; path_controller:path_ctrl|us_sensor:us_r|lpm_mult:Mult0|mult_ngt:auto_generated|mac_mult3 ; DATAA            ;                       ;
; path_controller:path_ctrl|us_sensor:us_r|echo_counter[27] ; Packed Register ; Register Packing ; Timing optimization ; Q         ;                ; path_controller:path_ctrl|us_sensor:us_r|lpm_mult:Mult0|mult_ngt:auto_generated|mac_mult3 ; DATAA            ;                       ;
; path_controller:path_ctrl|us_sensor:us_r|echo_counter[28] ; Packed Register ; Register Packing ; Timing optimization ; Q         ;                ; path_controller:path_ctrl|us_sensor:us_r|lpm_mult:Mult0|mult_ngt:auto_generated|mac_mult3 ; DATAA            ;                       ;
; path_controller:path_ctrl|us_sensor:us_r|echo_counter[29] ; Packed Register ; Register Packing ; Timing optimization ; Q         ;                ; path_controller:path_ctrl|us_sensor:us_r|lpm_mult:Mult0|mult_ngt:auto_generated|mac_mult3 ; DATAA            ;                       ;
; path_controller:path_ctrl|us_sensor:us_r|echo_counter[30] ; Packed Register ; Register Packing ; Timing optimization ; Q         ;                ; path_controller:path_ctrl|us_sensor:us_r|lpm_mult:Mult0|mult_ngt:auto_generated|mac_mult3 ; DATAA            ;                       ;
; path_controller:path_ctrl|us_sensor:us_r|echo_counter[31] ; Packed Register ; Register Packing ; Timing optimization ; Q         ;                ; path_controller:path_ctrl|us_sensor:us_r|lpm_mult:Mult0|mult_ngt:auto_generated|mac_mult3 ; DATAA            ;                       ;
+-----------------------------------------------------------+-----------------+------------------+---------------------+-----------+----------------+-------------------------------------------------------------------------------------------+------------------+-----------------------+


+---------------------------------------------------------------------------------------------------+
; Incremental Compilation Preservation Summary                                                      ;
+---------------------+---------------------+----------------------------+--------------------------+
; Type                ; Total [A + B]       ; From Design Partitions [A] ; From Rapid Recompile [B] ;
+---------------------+---------------------+----------------------------+--------------------------+
; Placement (by node) ;                     ;                            ;                          ;
;     -- Requested    ; 0.00 % ( 0 / 3362 ) ; 0.00 % ( 0 / 3362 )        ; 0.00 % ( 0 / 3362 )      ;
;     -- Achieved     ; 0.00 % ( 0 / 3362 ) ; 0.00 % ( 0 / 3362 )        ; 0.00 % ( 0 / 3362 )      ;
;                     ;                     ;                            ;                          ;
; Routing (by net)    ;                     ;                            ;                          ;
;     -- Requested    ; 0.00 % ( 0 / 0 )    ; 0.00 % ( 0 / 0 )           ; 0.00 % ( 0 / 0 )         ;
;     -- Achieved     ; 0.00 % ( 0 / 0 )    ; 0.00 % ( 0 / 0 )           ; 0.00 % ( 0 / 0 )         ;
+---------------------+---------------------+----------------------------+--------------------------+


+----------------------------------------------------------------------------------------------------------------------------------------------------------------------------------------+
; Incremental Compilation Partition Settings                                                                                                                                             ;
+--------------------------------+----------------+-------------------+-------------------------+------------------------+------------------------------+--------------------------------+
; Partition Name                 ; Partition Type ; Netlist Type Used ; Preservation Level Used ; Netlist Type Requested ; Preservation Level Requested ; Contents                       ;
+--------------------------------+----------------+-------------------+-------------------------+------------------------+------------------------------+--------------------------------+
; Top                            ; User-created   ; Source File       ; N/A                     ; Source File            ; N/A                          ;                                ;
; sld_hub:auto_hub               ; Auto-generated ; Post-Synthesis    ; N/A                     ; Post-Synthesis         ; N/A                          ; sld_hub:auto_hub               ;
; sld_signaltap:auto_signaltap_0 ; Auto-generated ; Post-Synthesis    ; N/A                     ; Post-Synthesis         ; N/A                          ; sld_signaltap:auto_signaltap_0 ;
; hard_block:auto_generated_inst ; Auto-generated ; Source File       ; N/A                     ; Source File            ; N/A                          ; hard_block:auto_generated_inst ;
+--------------------------------+----------------+-------------------+-------------------------+------------------------+------------------------------+--------------------------------+


+------------------------------------------------------------------------------------------------------------------------------------+
; Incremental Compilation Placement Preservation                                                                                     ;
+--------------------------------+-----------------------+-------------------------+-------------------+---------------------+-------+
; Partition Name                 ; Preservation Achieved ; Preservation Level Used ; Netlist Type Used ; Preservation Method ; Notes ;
+--------------------------------+-----------------------+-------------------------+-------------------+---------------------+-------+
; Top                            ; 0.00 % ( 0 / 1182 )   ; N/A                     ; Source File       ; N/A                 ;       ;
; sld_hub:auto_hub               ; 0.00 % ( 0 / 215 )    ; N/A                     ; Post-Synthesis    ; N/A                 ;       ;
; sld_signaltap:auto_signaltap_0 ; 0.00 % ( 0 / 1955 )   ; N/A                     ; Post-Synthesis    ; N/A                 ;       ;
; hard_block:auto_generated_inst ; 0.00 % ( 0 / 10 )     ; N/A                     ; Source File       ; N/A                 ;       ;
+--------------------------------+-----------------------+-------------------------+-------------------+---------------------+-------+


+--------------+
; Pin-Out File ;
+--------------+
The pin-out file can be found in C:/Users/dutta/OneDrive/Desktop/motors/output_files/robot_motor_top.pin.


+------------------------------------------------------------------------+
; Fitter Resource Usage Summary                                          ;
+---------------------------------------------+--------------------------+
; Resource                                    ; Usage                    ;
+---------------------------------------------+--------------------------+
; Total logic elements                        ; 2,274 / 22,320 ( 10 % )  ;
;     -- Combinational with no register       ; 572                      ;
;     -- Register only                        ; 870                      ;
;     -- Combinational with a register        ; 832                      ;
;                                             ;                          ;
; Logic element usage by number of LUT inputs ;                          ;
;     -- 4 input functions                    ; 546                      ;
;     -- 3 input functions                    ; 320                      ;
;     -- <=2 input functions                  ; 538                      ;
;     -- Register only                        ; 870                      ;
;                                             ;                          ;
; Logic elements by mode                      ;                          ;
;     -- normal mode                          ; 1035                     ;
;     -- arithmetic mode                      ; 369                      ;
;                                             ;                          ;
; Total registers*                            ; 1,702 / 23,018 ( 7 % )   ;
;     -- Dedicated logic registers            ; 1,702 / 22,320 ( 8 % )   ;
;     -- I/O registers                        ; 0 / 698 ( 0 % )          ;
;                                             ;                          ;
; Total LABs:  partially or completely used   ; 182 / 1,395 ( 13 % )     ;
; Virtual pins                                ; 0                        ;
; I/O pins                                    ; 21 / 154 ( 14 % )        ;
;     -- Clock pins                           ; 1 / 7 ( 14 % )           ;
;     -- Dedicated input pins                 ; 3 / 9 ( 33 % )           ;
;                                             ;                          ;
; M9Ks                                        ; 3 / 66 ( 5 % )           ;
; Total block memory bits                     ; 10,880 / 608,256 ( 2 % ) ;
; Total block memory implementation bits      ; 27,648 / 608,256 ( 5 % ) ;
; Embedded Multiplier 9-bit elements          ; 12 / 132 ( 9 % )         ;
; PLLs                                        ; 0 / 4 ( 0 % )            ;
; Global signals                              ; 3                        ;
;     -- Global clocks                        ; 3 / 20 ( 15 % )          ;
; JTAGs                                       ; 1 / 1 ( 100 % )          ;
; CRC blocks                                  ; 0 / 1 ( 0 % )            ;
; ASMI blocks                                 ; 0 / 1 ( 0 % )            ;
; Oscillator blocks                           ; 0 / 1 ( 0 % )            ;
; Impedance control blocks                    ; 0 / 4 ( 0 % )            ;
; Average interconnect usage (total/H/V)      ; 1.5% / 1.5% / 1.6%       ;
; Peak interconnect usage (total/H/V)         ; 9.3% / 9.4% / 9.2%       ;
; Maximum fan-out                             ; 1109                     ;
; Highest non-global fan-out                  ; 320                      ;
; Total fan-out                               ; 10448                    ;
; Average fan-out                             ; 2.73                     ;
+---------------------------------------------+--------------------------+
*  Register count does not include registers inside RAM blocks or DSP blocks.



+-------------------------------------------------------------------------------------------------------------------------------------------------------------+
; Fitter Partition Statistics                                                                                                                                 ;
+---------------------------------------------+---------------------+-----------------------+--------------------------------+--------------------------------+
; Statistic                                   ; Top                 ; sld_hub:auto_hub      ; sld_signaltap:auto_signaltap_0 ; hard_block:auto_generated_inst ;
+---------------------------------------------+---------------------+-----------------------+--------------------------------+--------------------------------+
; Difficulty Clustering Region                ; Low                 ; Low                   ; Low                            ; Low                            ;
;                                             ;                     ;                       ;                                ;                                ;
; Total logic elements                        ; 705 / 22320 ( 3 % ) ; 149 / 22320 ( < 1 % ) ; 1420 / 22320 ( 6 % )           ; 0 / 22320 ( 0 % )              ;
;     -- Combinational with no register       ; 383                 ; 59                    ; 130                            ; 0                              ;
;     -- Register only                        ; 7                   ; 24                    ; 839                            ; 0                              ;
;     -- Combinational with a register        ; 315                 ; 66                    ; 451                            ; 0                              ;
;                                             ;                     ;                       ;                                ;                                ;
; Logic element usage by number of LUT inputs ;                     ;                       ;                                ;                                ;
;     -- 4 input functions                    ; 181                 ; 53                    ; 312                            ; 0                              ;
;     -- 3 input functions                    ; 120                 ; 35                    ; 165                            ; 0                              ;
;     -- <=2 input functions                  ; 397                 ; 37                    ; 104                            ; 0                              ;
;     -- Register only                        ; 7                   ; 24                    ; 839                            ; 0                              ;
;                                             ;                     ;                       ;                                ;                                ;
; Logic elements by mode                      ;                     ;                       ;                                ;                                ;
;     -- normal mode                          ; 399                 ; 117                   ; 519                            ; 0                              ;
;     -- arithmetic mode                      ; 299                 ; 8                     ; 62                             ; 0                              ;
;                                             ;                     ;                       ;                                ;                                ;
; Total registers                             ; 322                 ; 90                    ; 1290                           ; 0                              ;
;     -- Dedicated logic registers            ; 322 / 22320 ( 1 % ) ; 90 / 22320 ( < 1 % )  ; 1290 / 22320 ( 6 % )           ; 0 / 22320 ( 0 % )              ;
;     -- I/O registers                        ; 0                   ; 0                     ; 0                              ; 0                              ;
;                                             ;                     ;                       ;                                ;                                ;
; Total LABs:  partially or completely used   ; 53 / 1395 ( 4 % )   ; 12 / 1395 ( < 1 % )   ; 127 / 1395 ( 9 % )             ; 0 / 1395 ( 0 % )               ;
;                                             ;                     ;                       ;                                ;                                ;
; Virtual pins                                ; 0                   ; 0                     ; 0                              ; 0                              ;
; I/O pins                                    ; 21                  ; 0                     ; 0                              ; 0                              ;
; Embedded Multiplier 9-bit elements          ; 12 / 132 ( 9 % )    ; 0 / 132 ( 0 % )       ; 0 / 132 ( 0 % )                ; 0 / 132 ( 0 % )                ;
; Total memory bits                           ; 0                   ; 0                     ; 10880                          ; 0                              ;
; Total RAM block bits                        ; 0                   ; 0                     ; 27648                          ; 0                              ;
; JTAG                                        ; 1 / 1 ( 100 % )     ; 0 / 1 ( 0 % )         ; 0 / 1 ( 0 % )                  ; 0 / 1 ( 0 % )                  ;
; M9K                                         ; 0 / 66 ( 0 % )      ; 0 / 66 ( 0 % )        ; 3 / 66 ( 4 % )                 ; 0 / 66 ( 0 % )                 ;
; Clock control block                         ; 2 / 24 ( 8 % )      ; 0 / 24 ( 0 % )        ; 1 / 24 ( 4 % )                 ; 0 / 24 ( 0 % )                 ;
;                                             ;                     ;                       ;                                ;                                ;
; Connections                                 ;                     ;                       ;                                ;                                ;
;     -- Input Connections                    ; 1                   ; 133                   ; 1638                           ; 0                              ;
;     -- Registered Input Connections         ; 0                   ; 99                    ; 1371                           ; 0                              ;
;     -- Output Connections                   ; 1592                ; 146                   ; 34                             ; 0                              ;
;     -- Registered Output Connections        ; 115                 ; 146                   ; 0                              ; 0                              ;
;                                             ;                     ;                       ;                                ;                                ;
; Internal Connections                        ;                     ;                       ;                                ;                                ;
;     -- Total Connections                    ; 5252                ; 841                   ; 6304                           ; 5                              ;
;     -- Registered Connections               ; 1093                ; 596                   ; 3485                           ; 0                              ;
;                                             ;                     ;                       ;                                ;                                ;
; External Connections                        ;                     ;                       ;                                ;                                ;
;     -- Top                                  ; 0                   ; 122                   ; 1471                           ; 0                              ;
;     -- sld_hub:auto_hub                     ; 122                 ; 20                    ; 137                            ; 0                              ;
;     -- sld_signaltap:auto_signaltap_0       ; 1471                ; 137                   ; 64                             ; 0                              ;
;     -- hard_block:auto_generated_inst       ; 0                   ; 0                     ; 0                              ; 0                              ;
;                                             ;                     ;                       ;                                ;                                ;
; Partition Interface                         ;                     ;                       ;                                ;                                ;
;     -- Input Ports                          ; 15                  ; 45                    ; 321                            ; 0                              ;
;     -- Output Ports                         ; 86                  ; 62                    ; 183                            ; 0                              ;
;     -- Bidir Ports                          ; 0                   ; 0                     ; 0                              ; 0                              ;
;                                             ;                     ;                       ;                                ;                                ;
; Registered Ports                            ;                     ;                       ;                                ;                                ;
;     -- Registered Input Ports               ; 0                   ; 4                     ; 63                             ; 0                              ;
;     -- Registered Output Ports              ; 0                   ; 29                    ; 169                            ; 0                              ;
;                                             ;                     ;                       ;                                ;                                ;
; Port Connectivity                           ;                     ;                       ;                                ;                                ;
;     -- Input Ports driven by GND            ; 0                   ; 0                     ; 42                             ; 0                              ;
;     -- Output Ports driven by GND           ; 0                   ; 28                    ; 2                              ; 0                              ;
;     -- Input Ports driven by VCC            ; 0                   ; 0                     ; 24                             ; 0                              ;
;     -- Output Ports driven by VCC           ; 0                   ; 0                     ; 1                              ; 0                              ;
;     -- Input Ports with no Source           ; 0                   ; 25                    ; 87                             ; 0                              ;
;     -- Output Ports with no Source          ; 0                   ; 0                     ; 0                              ; 0                              ;
;     -- Input Ports with no Fanout           ; 0                   ; 30                    ; 101                            ; 0                              ;
;     -- Output Ports with no Fanout          ; 0                   ; 29                    ; 171                            ; 0                              ;
+---------------------------------------------+---------------------+-----------------------+--------------------------------+--------------------------------+


+----------------------------------------------------------------------------------------------------------------------------------------------------------------------------------------------------------------------------------------------------------------------------------------+
; Input Pins                                                                                                                                                                                                                                                                             ;
+-------+-------+----------+--------------+--------------+--------------+-----------------------+--------------------+--------+----------------+---------------+-----------------+----------+--------------+--------------+---------------------------+----------------------+-----------+
; Name  ; Pin # ; I/O Bank ; X coordinate ; Y coordinate ; Z coordinate ; Combinational Fan-Out ; Registered Fan-Out ; Global ; Input Register ; Power Up High ; PCI I/O Enabled ; Bus Hold ; Weak Pull Up ; I/O Standard ; Termination Control Block ; Location assigned by ; Slew Rate ;
+-------+-------+----------+--------------+--------------+--------------+-----------------------+--------------------+--------+----------------+---------------+-----------------+----------+--------------+--------------+---------------------------+----------------------+-----------+
; EN1_A ; J16   ; 5        ; 53           ; 14           ; 7            ; 0                     ; 0                  ; no     ; no             ; no            ; yes             ; no       ; Off          ; 2.5 V        ; --                        ; User                 ; no        ;
; EN1_B ; M10   ; 4        ; 43           ; 0            ; 21           ; 0                     ; 0                  ; no     ; no             ; no            ; yes             ; no       ; Off          ; 2.5 V        ; --                        ; User                 ; no        ;
; EN2_A ; L14   ; 5        ; 53           ; 9            ; 7            ; 0                     ; 0                  ; no     ; no             ; no            ; yes             ; no       ; Off          ; 2.5 V        ; --                        ; User                 ; no        ;
; EN2_B ; N15   ; 5        ; 53           ; 9            ; 14           ; 0                     ; 0                  ; no     ; no             ; no            ; yes             ; no       ; Off          ; 2.5 V        ; --                        ; User                 ; no        ;
; clk   ; R8    ; 3        ; 27           ; 0            ; 21           ; 1109                  ; 0                  ; yes    ; no             ; no            ; yes             ; no       ; Off          ; 2.5 V        ; --                        ; User                 ; no        ;
; ec_f  ; E10   ; 7        ; 45           ; 34           ; 14           ; 3                     ; 0                  ; no     ; no             ; no            ; yes             ; no       ; Off          ; 2.5 V        ; --                        ; User                 ; no        ;
; ec_l  ; D11   ; 7        ; 51           ; 34           ; 14           ; 3                     ; 0                  ; no     ; no             ; no            ; yes             ; no       ; Off          ; 2.5 V        ; --                        ; User                 ; no        ;
; ec_r  ; F8    ; 8        ; 20           ; 34           ; 14           ; 3                     ; 0                  ; no     ; no             ; no            ; yes             ; no       ; Off          ; 2.5 V        ; --                        ; User                 ; no        ;
; ir_f  ; C6    ; 8        ; 18           ; 34           ; 21           ; 1                     ; 0                  ; no     ; no             ; no            ; yes             ; no       ; Off          ; 2.5 V        ; --                        ; User                 ; no        ;
; ir_l  ; D6    ; 8        ; 9            ; 34           ; 7            ; 1                     ; 0                  ; no     ; no             ; no            ; yes             ; no       ; Off          ; 2.5 V        ; --                        ; User                 ; no        ;
; ir_r  ; D12   ; 7        ; 51           ; 34           ; 21           ; 1                     ; 0                  ; no     ; no             ; no            ; yes             ; no       ; Off          ; 2.5 V        ; --                        ; User                 ; no        ;
; reset ; J15   ; 5        ; 53           ; 14           ; 0            ; 320                   ; 0                  ; no     ; no             ; no            ; yes             ; no       ; Off          ; 2.5 V        ; --                        ; User                 ; no        ;
+-------+-------+----------+--------------+--------------+--------------+-----------------------+--------------------+--------+----------------+---------------+-----------------+----------+--------------+--------------+---------------------------+----------------------+-----------+


+---------------------------------------------------------------------------------------------------------------------------------------------------------------------------------------------------------------------------------------------------------------------------------------------------------------------------------------------------------------------------------------------------------------------------------------------------------+
; Output Pins                                                                                                                                                                                                                                                                                                                                                                                                                                             ;
+--------+-------+----------+--------------+--------------+--------------+-----------------+------------------------+---------------+-----------+-----------------+------------+---------------+----------+--------------+--------------+------------------+-----------------------------------+---------------------------+----------------------------+-----------------------------+----------------------+----------------------+---------------------+
; Name   ; Pin # ; I/O Bank ; X coordinate ; Y coordinate ; Z coordinate ; Output Register ; Output Enable Register ; Power Up High ; Slew Rate ; PCI I/O Enabled ; Open Drain ; TRI Primitive ; Bus Hold ; Weak Pull Up ; I/O Standard ; Current Strength ; Termination                       ; Termination Control Block ; Output Buffer Pre-emphasis ; Voltage Output Differential ; Location assigned by ; Output Enable Source ; Output Enable Group ;
+--------+-------+----------+--------------+--------------+--------------+-----------------+------------------------+---------------+-----------+-----------------+------------+---------------+----------+--------------+--------------+------------------+-----------------------------------+---------------------------+----------------------------+-----------------------------+----------------------+----------------------+---------------------+
; ENA    ; T15   ; 4        ; 45           ; 0            ; 14           ; no              ; no                     ; no            ; 2         ; no              ; no         ; no            ; no       ; Off          ; 2.5 V        ; Default          ; Series 50 Ohm without Calibration ; --                        ; no                         ; no                          ; User                 ; -                    ; -                   ;
; ENB    ; F13   ; 6        ; 53           ; 21           ; 21           ; no              ; no                     ; no            ; 2         ; no              ; no         ; no            ; no       ; Off          ; 2.5 V        ; Default          ; Series 50 Ohm without Calibration ; --                        ; no                         ; no                          ; User                 ; -                    ; -                   ;
; IN1    ; R11   ; 4        ; 34           ; 0            ; 0            ; no              ; no                     ; no            ; 2         ; no              ; no         ; no            ; no       ; Off          ; 2.5 V        ; Default          ; Series 50 Ohm without Calibration ; --                        ; no                         ; no                          ; User                 ; -                    ; -                   ;
; IN2    ; T11   ; 4        ; 36           ; 0            ; 21           ; no              ; no                     ; no            ; 2         ; no              ; no         ; no            ; no       ; Off          ; 2.5 V        ; Default          ; Series 50 Ohm without Calibration ; --                        ; no                         ; no                          ; User                 ; -                    ; -                   ;
; IN3    ; T12   ; 4        ; 36           ; 0            ; 7            ; no              ; no                     ; no            ; 2         ; no              ; no         ; no            ; no       ; Off          ; 2.5 V        ; Default          ; Series 50 Ohm without Calibration ; --                        ; no                         ; no                          ; User                 ; -                    ; -                   ;
; IN4    ; T13   ; 4        ; 40           ; 0            ; 14           ; no              ; no                     ; no            ; 2         ; no              ; no         ; no            ; no       ; Off          ; 2.5 V        ; Default          ; Series 50 Ohm without Calibration ; --                        ; no                         ; no                          ; User                 ; -                    ; -                   ;
; trig_f ; B11   ; 7        ; 40           ; 34           ; 7            ; no              ; no                     ; no            ; 2         ; no              ; no         ; no            ; no       ; Off          ; 2.5 V        ; Default          ; Series 50 Ohm without Calibration ; --                        ; no                         ; no                          ; User                 ; -                    ; -                   ;
; trig_l ; B12   ; 7        ; 43           ; 34           ; 21           ; no              ; no                     ; no            ; 2         ; no              ; no         ; no            ; no       ; Off          ; 2.5 V        ; Default          ; Series 50 Ohm without Calibration ; --                        ; no                         ; no                          ; User                 ; -                    ; -                   ;
; trig_r ; E9    ; 7        ; 29           ; 34           ; 14           ; no              ; no                     ; no            ; 2         ; no              ; no         ; no            ; no       ; Off          ; 2.5 V        ; Default          ; Series 50 Ohm without Calibration ; --                        ; no                         ; no                          ; User                 ; -                    ; -                   ;
+--------+-------+----------+--------------+--------------+--------------+-----------------+------------------------+---------------+-----------+-----------------+------------+---------------+----------+--------------+--------------+------------------+-----------------------------------+---------------------------+----------------------------+-----------------------------+----------------------+----------------------+---------------------+


+------------------------------------------------------------------------------------------------------------------------------------+
; Dual Purpose and Dedicated Pins                                                                                                    ;
+----------+----------------------------------------+--------------------------+-------------------------+---------------------------+
; Location ; Pin Name                               ; Reserved As              ; User Signal Name        ; Pin Type                  ;
+----------+----------------------------------------+--------------------------+-------------------------+---------------------------+
; C1       ; DIFFIO_L3n, DATA1, ASDO                ; As input tri-stated      ; ~ALTERA_ASDO_DATA1~     ; Dual Purpose Pin          ;
; D2       ; DIFFIO_L4p, FLASH_nCE, nCSO            ; As input tri-stated      ; ~ALTERA_FLASH_nCE_nCSO~ ; Dual Purpose Pin          ;
; F4       ; nSTATUS                                ; -                        ; -                       ; Dedicated Programming Pin ;
; H1       ; DCLK                                   ; As output driving ground ; ~ALTERA_DCLK~           ; Dual Purpose Pin          ;
; H2       ; DATA0                                  ; As input tri-stated      ; ~ALTERA_DATA0~          ; Dual Purpose Pin          ;
; H5       ; nCONFIG                                ; -                        ; -                       ; Dedicated Programming Pin ;
; H4       ; TDI                                    ; -                        ; altera_reserved_tdi     ; JTAG Pin                  ;
; H3       ; TCK                                    ; -                        ; altera_reserved_tck     ; JTAG Pin                  ;
; J5       ; TMS                                    ; -                        ; altera_reserved_tms     ; JTAG Pin                  ;
; J4       ; TDO                                    ; -                        ; altera_reserved_tdo     ; JTAG Pin                  ;
; J3       ; nCE                                    ; -                        ; -                       ; Dedicated Programming Pin ;
; J16      ; DIFFIO_R9n, DEV_OE                     ; Use as regular IO        ; EN1_A                   ; Dual Purpose Pin          ;
; J15      ; DIFFIO_R9p, DEV_CLRn                   ; Use as regular IO        ; reset                   ; Dual Purpose Pin          ;
; H14      ; CONF_DONE                              ; -                        ; -                       ; Dedicated Programming Pin ;
; H13      ; MSEL0                                  ; -                        ; -                       ; Dedicated Programming Pin ;
; H12      ; MSEL1                                  ; -                        ; -                       ; Dedicated Programming Pin ;
; G12      ; MSEL2                                  ; -                        ; -                       ; Dedicated Programming Pin ;
; G12      ; MSEL3                                  ; -                        ; -                       ; Dedicated Programming Pin ;
; F16      ; DIFFIO_R4n, nCEO                       ; Use as programming pin   ; ~ALTERA_nCEO~           ; Dual Purpose Pin          ;
; B11      ; DIFFIO_T20p, PADD0                     ; Use as regular IO        ; trig_f                  ; Dual Purpose Pin          ;
; E9       ; DIFFIO_T13p, PADD12, DQS4T/CQ5T,DPCLK9 ; Use as regular IO        ; trig_r                  ; Dual Purpose Pin          ;
; F8       ; DIFFIO_T10p, DATA3                     ; Use as regular IO        ; ec_r                    ; Dual Purpose Pin          ;
; D6       ; DIFFIO_T4n, DATA9                      ; Use as regular IO        ; ir_l                    ; Dual Purpose Pin          ;
+----------+----------------------------------------+--------------------------+-------------------------+---------------------------+


+-----------------------------------------------------------+
; I/O Bank Usage                                            ;
+----------+-----------------+---------------+--------------+
; I/O Bank ; Usage           ; VCCIO Voltage ; VREF Voltage ;
+----------+-----------------+---------------+--------------+
; 1        ; 4 / 14 ( 29 % ) ; 2.5V          ; --           ;
; 2        ; 0 / 16 ( 0 % )  ; 2.5V          ; --           ;
; 3        ; 1 / 25 ( 4 % )  ; 2.5V          ; --           ;
; 4        ; 6 / 20 ( 30 % ) ; 2.5V          ; --           ;
; 5        ; 4 / 18 ( 22 % ) ; 2.5V          ; --           ;
; 6        ; 2 / 13 ( 15 % ) ; 2.5V          ; --           ;
; 7        ; 6 / 24 ( 25 % ) ; 2.5V          ; --           ;
; 8        ; 3 / 24 ( 13 % ) ; 2.5V          ; --           ;
+----------+-----------------+---------------+--------------+


+-----------------------------------------------------------------------------------------------------------------------------------------------------------------------------------------+
; All Package Pins                                                                                                                                                                        ;
+----------+------------+----------+-----------------------------------------------------------+--------+--------------+---------+------------+-----------------+----------+--------------+
; Location ; Pad Number ; I/O Bank ; Pin Name/Usage                                            ; Dir.   ; I/O Standard ; Voltage ; I/O Type   ; User Assignment ; Bus Hold ; Weak Pull Up ;
+----------+------------+----------+-----------------------------------------------------------+--------+--------------+---------+------------+-----------------+----------+--------------+
; A1       ;            ; 8        ; VCCIO8                                                    ; power  ;              ; 2.5V    ; --         ;                 ; --       ; --           ;
; A2       ; 238        ; 8        ; RESERVED_INPUT_WITH_WEAK_PULLUP                           ;        ;              ;         ; Column I/O ;                 ; no       ; On           ;
; A3       ; 239        ; 8        ; RESERVED_INPUT_WITH_WEAK_PULLUP                           ;        ;              ;         ; Column I/O ;                 ; no       ; On           ;
; A4       ; 236        ; 8        ; RESERVED_INPUT_WITH_WEAK_PULLUP                           ;        ;              ;         ; Column I/O ;                 ; no       ; On           ;
; A5       ; 232        ; 8        ; RESERVED_INPUT_WITH_WEAK_PULLUP                           ;        ;              ;         ; Column I/O ;                 ; no       ; On           ;
; A6       ; 225        ; 8        ; RESERVED_INPUT_WITH_WEAK_PULLUP                           ;        ;              ;         ; Column I/O ;                 ; no       ; On           ;
; A7       ; 220        ; 8        ; RESERVED_INPUT_WITH_WEAK_PULLUP                           ;        ;              ;         ; Column I/O ;                 ; no       ; On           ;
; A8       ; 211        ; 8        ; GND+                                                      ;        ;              ;         ; Column I/O ;                 ; --       ; --           ;
; A9       ; 209        ; 7        ; GND+                                                      ;        ;              ;         ; Column I/O ;                 ; --       ; --           ;
; A10      ; 198        ; 7        ; RESERVED_INPUT_WITH_WEAK_PULLUP                           ;        ;              ;         ; Column I/O ;                 ; no       ; On           ;
; A11      ; 188        ; 7        ; RESERVED_INPUT_WITH_WEAK_PULLUP                           ;        ;              ;         ; Column I/O ;                 ; no       ; On           ;
; A12      ; 186        ; 7        ; RESERVED_INPUT_WITH_WEAK_PULLUP                           ;        ;              ;         ; Column I/O ;                 ; no       ; On           ;
; A13      ; 179        ; 7        ; RESERVED_INPUT_WITH_WEAK_PULLUP                           ;        ;              ;         ; Column I/O ;                 ; no       ; On           ;
; A14      ; 181        ; 7        ; RESERVED_INPUT_WITH_WEAK_PULLUP                           ;        ;              ;         ; Column I/O ;                 ; no       ; On           ;
; A15      ; 191        ; 7        ; RESERVED_INPUT_WITH_WEAK_PULLUP                           ;        ;              ;         ; Column I/O ;                 ; no       ; On           ;
; A16      ;            ; 7        ; VCCIO7                                                    ; power  ;              ; 2.5V    ; --         ;                 ; --       ; --           ;
; B1       ; 5          ; 1        ; RESERVED_INPUT_WITH_WEAK_PULLUP                           ;        ;              ;         ; Row I/O    ;                 ; no       ; On           ;
; B2       ;            ;          ; GND                                                       ; gnd    ;              ;         ; --         ;                 ; --       ; --           ;
; B3       ; 242        ; 8        ; RESERVED_INPUT_WITH_WEAK_PULLUP                           ;        ;              ;         ; Column I/O ;                 ; no       ; On           ;
; B4       ; 237        ; 8        ; RESERVED_INPUT_WITH_WEAK_PULLUP                           ;        ;              ;         ; Column I/O ;                 ; no       ; On           ;
; B5       ; 233        ; 8        ; RESERVED_INPUT_WITH_WEAK_PULLUP                           ;        ;              ;         ; Column I/O ;                 ; no       ; On           ;
; B6       ; 226        ; 8        ; RESERVED_INPUT_WITH_WEAK_PULLUP                           ;        ;              ;         ; Column I/O ;                 ; no       ; On           ;
; B7       ; 221        ; 8        ; RESERVED_INPUT_WITH_WEAK_PULLUP                           ;        ;              ;         ; Column I/O ;                 ; no       ; On           ;
; B8       ; 212        ; 8        ; GND+                                                      ;        ;              ;         ; Column I/O ;                 ; --       ; --           ;
; B9       ; 210        ; 7        ; GND+                                                      ;        ;              ;         ; Column I/O ;                 ; --       ; --           ;
; B10      ; 199        ; 7        ; RESERVED_INPUT_WITH_WEAK_PULLUP                           ;        ;              ;         ; Column I/O ;                 ; no       ; On           ;
; B11      ; 189        ; 7        ; trig_f                                                    ; output ; 2.5 V        ;         ; Column I/O ; Y               ; no       ; Off          ;
; B12      ; 187        ; 7        ; trig_l                                                    ; output ; 2.5 V        ;         ; Column I/O ; Y               ; no       ; Off          ;
; B13      ; 180        ; 7        ; RESERVED_INPUT_WITH_WEAK_PULLUP                           ;        ;              ;         ; Column I/O ;                 ; no       ; On           ;
; B14      ; 182        ; 7        ; RESERVED_INPUT_WITH_WEAK_PULLUP                           ;        ;              ;         ; Column I/O ;                 ; no       ; On           ;
; B15      ;            ;          ; GND                                                       ; gnd    ;              ;         ; --         ;                 ; --       ; --           ;
; B16      ; 164        ; 6        ; RESERVED_INPUT_WITH_WEAK_PULLUP                           ;        ;              ;         ; Row I/O    ;                 ; no       ; On           ;
; C1       ; 7          ; 1        ; ~ALTERA_ASDO_DATA1~ / RESERVED_INPUT_WITH_WEAK_PULLUP     ; input  ; 2.5 V        ;         ; Row I/O    ; N               ; no       ; On           ;
; C2       ; 6          ; 1        ; RESERVED_INPUT_WITH_WEAK_PULLUP                           ;        ;              ;         ; Row I/O    ;                 ; no       ; On           ;
; C3       ; 245        ; 8        ; RESERVED_INPUT_WITH_WEAK_PULLUP                           ;        ;              ;         ; Column I/O ;                 ; no       ; On           ;
; C4       ;            ; 8        ; VCCIO8                                                    ; power  ;              ; 2.5V    ; --         ;                 ; --       ; --           ;
; C5       ;            ;          ; GND                                                       ; gnd    ;              ;         ; --         ;                 ; --       ; --           ;
; C6       ; 224        ; 8        ; ir_f                                                      ; input  ; 2.5 V        ;         ; Column I/O ; Y               ; no       ; Off          ;
; C7       ;            ; 8        ; VCCIO8                                                    ; power  ;              ; 2.5V    ; --         ;                 ; --       ; --           ;
; C8       ; 215        ; 8        ; RESERVED_INPUT_WITH_WEAK_PULLUP                           ;        ;              ;         ; Column I/O ;                 ; no       ; On           ;
; C9       ; 200        ; 7        ; RESERVED_INPUT_WITH_WEAK_PULLUP                           ;        ;              ;         ; Column I/O ;                 ; no       ; On           ;
; C10      ;            ; 7        ; VCCIO7                                                    ; power  ;              ; 2.5V    ; --         ;                 ; --       ; --           ;
; C11      ; 190        ; 7        ; RESERVED_INPUT_WITH_WEAK_PULLUP                           ;        ;              ;         ; Column I/O ;                 ; --       ; --           ;
; C12      ;            ;          ; GND                                                       ; gnd    ;              ;         ; --         ;                 ; --       ; --           ;
; C13      ;            ; 7        ; VCCIO7                                                    ; power  ;              ; 2.5V    ; --         ;                 ; --       ; --           ;
; C14      ; 175        ; 7        ; RESERVED_INPUT_WITH_WEAK_PULLUP                           ;        ;              ;         ; Column I/O ;                 ; no       ; On           ;
; C15      ; 174        ; 6        ; RESERVED_INPUT_WITH_WEAK_PULLUP                           ;        ;              ;         ; Row I/O    ;                 ; no       ; On           ;
; C16      ; 173        ; 6        ; RESERVED_INPUT_WITH_WEAK_PULLUP                           ;        ;              ;         ; Row I/O    ;                 ; no       ; On           ;
; D1       ; 10         ; 1        ; RESERVED_INPUT_WITH_WEAK_PULLUP                           ;        ;              ;         ; Row I/O    ;                 ; no       ; On           ;
; D2       ; 9          ; 1        ; ~ALTERA_FLASH_nCE_nCSO~ / RESERVED_INPUT_WITH_WEAK_PULLUP ; input  ; 2.5 V        ;         ; Row I/O    ; N               ; no       ; On           ;
; D3       ; 246        ; 8        ; RESERVED_INPUT_WITH_WEAK_PULLUP                           ;        ;              ;         ; Column I/O ;                 ; no       ; On           ;
; D4       ;            ;          ; VCCD_PLL3                                                 ; power  ;              ; 1.2V    ; --         ;                 ; --       ; --           ;
; D5       ; 241        ; 8        ; RESERVED_INPUT_WITH_WEAK_PULLUP                           ;        ;              ;         ; Column I/O ;                 ; no       ; On           ;
; D6       ; 234        ; 8        ; ir_l                                                      ; input  ; 2.5 V        ;         ; Column I/O ; Y               ; no       ; Off          ;
; D7       ;            ;          ; GND                                                       ; gnd    ;              ;         ; --         ;                 ; --       ; --           ;
; D8       ; 216        ; 8        ; RESERVED_INPUT_WITH_WEAK_PULLUP                           ;        ;              ;         ; Column I/O ;                 ; no       ; On           ;
; D9       ; 201        ; 7        ; RESERVED_INPUT_WITH_WEAK_PULLUP                           ;        ;              ;         ; Column I/O ;                 ; no       ; On           ;
; D10      ;            ;          ; GND                                                       ; gnd    ;              ;         ; --         ;                 ; --       ; --           ;
; D11      ; 177        ; 7        ; ec_l                                                      ; input  ; 2.5 V        ;         ; Column I/O ; Y               ; no       ; Off          ;
; D12      ; 178        ; 7        ; ir_r                                                      ; input  ; 2.5 V        ;         ; Column I/O ; Y               ; no       ; Off          ;
; D13      ;            ;          ; VCCD_PLL2                                                 ; power  ;              ; 1.2V    ; --         ;                 ; --       ; --           ;
; D14      ; 176        ; 7        ; RESERVED_INPUT_WITH_WEAK_PULLUP                           ;        ;              ;         ; Column I/O ;                 ; no       ; On           ;
; D15      ; 170        ; 6        ; RESERVED_INPUT_WITH_WEAK_PULLUP                           ;        ;              ;         ; Row I/O    ;                 ; no       ; On           ;
; D16      ; 169        ; 6        ; RESERVED_INPUT_WITH_WEAK_PULLUP                           ;        ;              ;         ; Row I/O    ;                 ; no       ; On           ;
; E1       ; 26         ; 1        ; GND+                                                      ;        ;              ;         ; Row I/O    ;                 ; --       ; --           ;
; E2       ;            ;          ; GND                                                       ; gnd    ;              ;         ; --         ;                 ; --       ; --           ;
; E3       ;            ; 1        ; VCCIO1                                                    ; power  ;              ; 2.5V    ; --         ;                 ; --       ; --           ;
; E4       ;            ;          ; GND                                                       ; gnd    ;              ;         ; --         ;                 ; --       ; --           ;
; E5       ;            ;          ; GNDA3                                                     ; gnd    ;              ;         ; --         ;                 ; --       ; --           ;
; E6       ; 231        ; 8        ; RESERVED_INPUT_WITH_WEAK_PULLUP                           ;        ;              ;         ; Column I/O ;                 ; no       ; On           ;
; E7       ; 227        ; 8        ; RESERVED_INPUT_WITH_WEAK_PULLUP                           ;        ;              ;         ; Column I/O ;                 ; no       ; On           ;
; E8       ; 218        ; 8        ; RESERVED_INPUT_WITH_WEAK_PULLUP                           ;        ;              ;         ; Column I/O ;                 ; no       ; On           ;
; E9       ; 205        ; 7        ; trig_r                                                    ; output ; 2.5 V        ;         ; Column I/O ; Y               ; no       ; Off          ;
; E10      ; 184        ; 7        ; ec_f                                                      ; input  ; 2.5 V        ;         ; Column I/O ; Y               ; no       ; Off          ;
; E11      ; 183        ; 7        ; RESERVED_INPUT_WITH_WEAK_PULLUP                           ;        ;              ;         ; Column I/O ;                 ; no       ; On           ;
; E12      ;            ;          ; GNDA2                                                     ; gnd    ;              ;         ; --         ;                 ; --       ; --           ;
; E13      ;            ;          ; GND                                                       ; gnd    ;              ;         ; --         ;                 ; --       ; --           ;
; E14      ;            ; 6        ; VCCIO6                                                    ; power  ;              ; 2.5V    ; --         ;                 ; --       ; --           ;
; E15      ; 151        ; 6        ; GND+                                                      ;        ;              ;         ; Row I/O    ;                 ; --       ; --           ;
; E16      ; 150        ; 6        ; GND+                                                      ;        ;              ;         ; Row I/O    ;                 ; --       ; --           ;
; F1       ; 14         ; 1        ; RESERVED_INPUT_WITH_WEAK_PULLUP                           ;        ;              ;         ; Row I/O    ;                 ; no       ; On           ;
; F2       ; 13         ; 1        ; RESERVED_INPUT_WITH_WEAK_PULLUP                           ;        ;              ;         ; Row I/O    ;                 ; no       ; On           ;
; F3       ; 8          ; 1        ; RESERVED_INPUT_WITH_WEAK_PULLUP                           ;        ;              ;         ; Row I/O    ;                 ; --       ; --           ;
; F4       ; 11         ; 1        ; ^nSTATUS                                                  ;        ;              ;         ; --         ;                 ; --       ; --           ;
; F5       ;            ; --       ; VCCA3                                                     ; power  ;              ; 2.5V    ; --         ;                 ; --       ; --           ;
; F6       ;            ;          ; GND                                                       ; gnd    ;              ;         ; --         ;                 ; --       ; --           ;
; F7       ;            ;          ; VCCINT                                                    ; power  ;              ; 1.2V    ; --         ;                 ; --       ; --           ;
; F8       ; 219        ; 8        ; ec_r                                                      ; input  ; 2.5 V        ;         ; Column I/O ; Y               ; no       ; Off          ;
; F9       ; 197        ; 7        ; RESERVED_INPUT_WITH_WEAK_PULLUP                           ;        ;              ;         ; Column I/O ;                 ; no       ; On           ;
; F10      ;            ;          ; GND                                                       ; gnd    ;              ;         ; --         ;                 ; --       ; --           ;
; F11      ;            ;          ; VCCINT                                                    ; power  ;              ; 1.2V    ; --         ;                 ; --       ; --           ;
; F12      ;            ; --       ; VCCA2                                                     ; power  ;              ; 2.5V    ; --         ;                 ; --       ; --           ;
; F13      ; 161        ; 6        ; ENB                                                       ; output ; 2.5 V        ;         ; Row I/O    ; Y               ; no       ; Off          ;
; F14      ; 167        ; 6        ; RESERVED_INPUT_WITH_WEAK_PULLUP                           ;        ;              ;         ; Row I/O    ;                 ; --       ; --           ;
; F15      ; 163        ; 6        ; RESERVED_INPUT_WITH_WEAK_PULLUP                           ;        ;              ;         ; Row I/O    ;                 ; no       ; On           ;
; F16      ; 162        ; 6        ; ~ALTERA_nCEO~ / RESERVED_OUTPUT_OPEN_DRAIN                ; output ; 2.5 V        ;         ; Row I/O    ; N               ; no       ; Off          ;
; G1       ; 16         ; 1        ; RESERVED_INPUT_WITH_WEAK_PULLUP                           ;        ;              ;         ; Row I/O    ;                 ; no       ; On           ;
; G2       ; 15         ; 1        ; RESERVED_INPUT_WITH_WEAK_PULLUP                           ;        ;              ;         ; Row I/O    ;                 ; no       ; On           ;
; G3       ;            ; 1        ; VCCIO1                                                    ; power  ;              ; 2.5V    ; --         ;                 ; --       ; --           ;
; G4       ;            ;          ; GND                                                       ; gnd    ;              ;         ; --         ;                 ; --       ; --           ;
; G5       ; 12         ; 1        ; RESERVED_INPUT_WITH_WEAK_PULLUP                           ;        ;              ;         ; Row I/O    ;                 ; no       ; On           ;
; G6       ;            ;          ; VCCINT                                                    ; power  ;              ; 1.2V    ; --         ;                 ; --       ; --           ;
; G7       ;            ;          ; VCCINT                                                    ; power  ;              ; 1.2V    ; --         ;                 ; --       ; --           ;
; G8       ;            ;          ; VCCINT                                                    ; power  ;              ; 1.2V    ; --         ;                 ; --       ; --           ;
; G9       ;            ;          ; VCCINT                                                    ; power  ;              ; 1.2V    ; --         ;                 ; --       ; --           ;
; G10      ;            ;          ; VCCINT                                                    ; power  ;              ; 1.2V    ; --         ;                 ; --       ; --           ;
; G11      ;            ;          ; GND                                                       ; gnd    ;              ;         ; --         ;                 ; --       ; --           ;
; G12      ; 155        ; 6        ; ^MSEL2                                                    ;        ;              ;         ; --         ;                 ; --       ; --           ;
; G12      ; 156        ; 6        ; ^MSEL3                                                    ;        ;              ;         ; --         ;                 ; --       ; --           ;
; G13      ;            ;          ; GND                                                       ; gnd    ;              ;         ; --         ;                 ; --       ; --           ;
; G14      ;            ; 6        ; VCCIO6                                                    ; power  ;              ; 2.5V    ; --         ;                 ; --       ; --           ;
; G15      ; 160        ; 6        ; RESERVED_INPUT_WITH_WEAK_PULLUP                           ;        ;              ;         ; Row I/O    ;                 ; no       ; On           ;
; G16      ; 159        ; 6        ; RESERVED_INPUT_WITH_WEAK_PULLUP                           ;        ;              ;         ; Row I/O    ;                 ; no       ; On           ;
; H1       ; 17         ; 1        ; ~ALTERA_DCLK~                                             ; output ; 2.5 V        ;         ; Row I/O    ; N               ; no       ; On           ;
; H2       ; 18         ; 1        ; ~ALTERA_DATA0~ / RESERVED_INPUT_WITH_WEAK_PULLUP          ; input  ; 2.5 V        ;         ; Row I/O    ; N               ; no       ; On           ;
; H3       ; 21         ; 1        ; altera_reserved_tck                                       ; input  ; 2.5 V        ;         ; --         ; N               ; no       ; Off          ;
; H4       ; 20         ; 1        ; altera_reserved_tdi                                       ; input  ; 2.5 V        ;         ; --         ; N               ; no       ; Off          ;
; H5       ; 19         ; 1        ; ^nCONFIG                                                  ;        ;              ;         ; --         ;                 ; --       ; --           ;
; H6       ;            ;          ; VCCINT                                                    ; power  ;              ; 1.2V    ; --         ;                 ; --       ; --           ;
; H7       ;            ;          ; GND                                                       ; gnd    ;              ;         ; --         ;                 ; --       ; --           ;
; H8       ;            ;          ; GND                                                       ; gnd    ;              ;         ; --         ;                 ; --       ; --           ;
; H9       ;            ;          ; GND                                                       ; gnd    ;              ;         ; --         ;                 ; --       ; --           ;
; H10      ;            ;          ; GND                                                       ; gnd    ;              ;         ; --         ;                 ; --       ; --           ;
; H11      ;            ;          ; VCCINT                                                    ; power  ;              ; 1.2V    ; --         ;                 ; --       ; --           ;
; H12      ; 154        ; 6        ; ^MSEL1                                                    ;        ;              ;         ; --         ;                 ; --       ; --           ;
; H13      ; 153        ; 6        ; ^MSEL0                                                    ;        ;              ;         ; --         ;                 ; --       ; --           ;
; H14      ; 152        ; 6        ; ^CONF_DONE                                                ;        ;              ;         ; --         ;                 ; --       ; --           ;
; H15      ;            ;          ; GND                                                       ; gnd    ;              ;         ; --         ;                 ; --       ; --           ;
; H16      ;            ;          ; GND                                                       ; gnd    ;              ;         ; --         ;                 ; --       ; --           ;
; J1       ; 30         ; 2        ; RESERVED_INPUT_WITH_WEAK_PULLUP                           ;        ;              ;         ; Row I/O    ;                 ; no       ; On           ;
; J2       ; 29         ; 2        ; RESERVED_INPUT_WITH_WEAK_PULLUP                           ;        ;              ;         ; Row I/O    ;                 ; no       ; On           ;
; J3       ; 24         ; 1        ; ^nCE                                                      ;        ;              ;         ; --         ;                 ; --       ; --           ;
; J4       ; 23         ; 1        ; altera_reserved_tdo                                       ; output ; 2.5 V        ;         ; --         ; N               ; no       ; Off          ;
; J5       ; 22         ; 1        ; altera_reserved_tms                                       ; input  ; 2.5 V        ;         ; --         ; N               ; no       ; Off          ;
; J6       ;            ;          ; VCCINT                                                    ; power  ;              ; 1.2V    ; --         ;                 ; --       ; --           ;
; J7       ;            ;          ; GND                                                       ; gnd    ;              ;         ; --         ;                 ; --       ; --           ;
; J8       ;            ;          ; GND                                                       ; gnd    ;              ;         ; --         ;                 ; --       ; --           ;
; J9       ;            ;          ; GND                                                       ; gnd    ;              ;         ; --         ;                 ; --       ; --           ;
; J10      ;            ;          ; GND                                                       ; gnd    ;              ;         ; --         ;                 ; --       ; --           ;
; J11      ;            ;          ; GND                                                       ; gnd    ;              ;         ; --         ;                 ; --       ; --           ;
; J12      ;            ;          ; VCCINT                                                    ; power  ;              ; 1.2V    ; --         ;                 ; --       ; --           ;
; J13      ; 146        ; 5        ; RESERVED_INPUT_WITH_WEAK_PULLUP                           ;        ;              ;         ; Row I/O    ;                 ; no       ; On           ;
; J14      ; 144        ; 5        ; RESERVED_INPUT_WITH_WEAK_PULLUP                           ;        ;              ;         ; Row I/O    ;                 ; no       ; On           ;
; J15      ; 143        ; 5        ; reset                                                     ; input  ; 2.5 V        ;         ; Row I/O    ; Y               ; no       ; Off          ;
; J16      ; 142        ; 5        ; EN1_A                                                     ; input  ; 2.5 V        ;         ; Row I/O    ; Y               ; no       ; Off          ;
; K1       ; 37         ; 2        ; RESERVED_INPUT_WITH_WEAK_PULLUP                           ;        ;              ;         ; Row I/O    ;                 ; no       ; On           ;
; K2       ; 36         ; 2        ; RESERVED_INPUT_WITH_WEAK_PULLUP                           ;        ;              ;         ; Row I/O    ;                 ; no       ; On           ;
; K3       ;            ; 2        ; VCCIO2                                                    ; power  ;              ; 2.5V    ; --         ;                 ; --       ; --           ;
; K4       ;            ;          ; GND                                                       ; gnd    ;              ;         ; --         ;                 ; --       ; --           ;
; K5       ; 45         ; 2        ; RESERVED_INPUT_WITH_WEAK_PULLUP                           ;        ;              ;         ; Row I/O    ;                 ; no       ; On           ;
; K6       ;            ;          ; GND                                                       ; gnd    ;              ;         ; --         ;                 ; --       ; --           ;
; K7       ;            ;          ; VCCINT                                                    ; power  ;              ; 1.2V    ; --         ;                 ; --       ; --           ;
; K8       ;            ;          ; GND                                                       ; gnd    ;              ;         ; --         ;                 ; --       ; --           ;
; K9       ;            ;          ; VCCINT                                                    ; power  ;              ; 1.2V    ; --         ;                 ; --       ; --           ;
; K10      ;            ;          ; VCCINT                                                    ; power  ;              ; 1.2V    ; --         ;                 ; --       ; --           ;
; K11      ;            ;          ; VCCINT                                                    ; power  ;              ; 1.2V    ; --         ;                 ; --       ; --           ;
; K12      ;            ;          ; GND                                                       ; gnd    ;              ;         ; --         ;                 ; --       ; --           ;
; K13      ;            ;          ; GND                                                       ; gnd    ;              ;         ; --         ;                 ; --       ; --           ;
; K14      ;            ; 5        ; VCCIO5                                                    ; power  ;              ; 2.5V    ; --         ;                 ; --       ; --           ;
; K15      ; 141        ; 5        ; RESERVED_INPUT_WITH_WEAK_PULLUP                           ;        ;              ;         ; Row I/O    ;                 ; no       ; On           ;
; K16      ; 140        ; 5        ; RESERVED_INPUT_WITH_WEAK_PULLUP                           ;        ;              ;         ; Row I/O    ;                 ; no       ; On           ;
; L1       ; 39         ; 2        ; RESERVED_INPUT_WITH_WEAK_PULLUP                           ;        ;              ;         ; Row I/O    ;                 ; no       ; On           ;
; L2       ; 38         ; 2        ; RESERVED_INPUT_WITH_WEAK_PULLUP                           ;        ;              ;         ; Row I/O    ;                 ; no       ; On           ;
; L3       ; 40         ; 2        ; RESERVED_INPUT_WITH_WEAK_PULLUP                           ;        ;              ;         ; Row I/O    ;                 ; --       ; --           ;
; L4       ; 46         ; 2        ; RESERVED_INPUT_WITH_WEAK_PULLUP                           ;        ;              ;         ; Row I/O    ;                 ; no       ; On           ;
; L5       ;            ; --       ; VCCA1                                                     ; power  ;              ; 2.5V    ; --         ;                 ; --       ; --           ;
; L6       ;            ;          ; VCCINT                                                    ; power  ;              ; 1.2V    ; --         ;                 ; --       ; --           ;
; L7       ; 75         ; 3        ; RESERVED_INPUT_WITH_WEAK_PULLUP                           ;        ;              ;         ; Column I/O ;                 ; no       ; On           ;
; L8       ; 79         ; 3        ; RESERVED_INPUT_WITH_WEAK_PULLUP                           ;        ;              ;         ; Column I/O ;                 ; no       ; On           ;
; L9       ;            ;          ; GND                                                       ; gnd    ;              ;         ; --         ;                 ; --       ; --           ;
; L10      ;            ;          ; GND                                                       ; gnd    ;              ;         ; --         ;                 ; --       ; --           ;
; L11      ;            ;          ; GND                                                       ; gnd    ;              ;         ; --         ;                 ; --       ; --           ;
; L12      ;            ; --       ; VCCA4                                                     ; power  ;              ; 2.5V    ; --         ;                 ; --       ; --           ;
; L13      ; 136        ; 5        ; RESERVED_INPUT_WITH_WEAK_PULLUP                           ;        ;              ;         ; Row I/O    ;                 ; no       ; On           ;
; L14      ; 134        ; 5        ; EN2_A                                                     ; input  ; 2.5 V        ;         ; Row I/O    ; Y               ; no       ; Off          ;
; L15      ; 138        ; 5        ; RESERVED_INPUT_WITH_WEAK_PULLUP                           ;        ;              ;         ; Row I/O    ;                 ; no       ; On           ;
; L16      ; 137        ; 5        ; RESERVED_INPUT_WITH_WEAK_PULLUP                           ;        ;              ;         ; Row I/O    ;                 ; no       ; On           ;
; M1       ; 28         ; 2        ; GND+                                                      ;        ;              ;         ; Row I/O    ;                 ; --       ; --           ;
; M2       ; 27         ; 2        ; GND+                                                      ;        ;              ;         ; Row I/O    ;                 ; --       ; --           ;
; M3       ;            ; 2        ; VCCIO2                                                    ; power  ;              ; 2.5V    ; --         ;                 ; --       ; --           ;
; M4       ;            ;          ; GND                                                       ; gnd    ;              ;         ; --         ;                 ; --       ; --           ;
; M5       ;            ;          ; GNDA1                                                     ; gnd    ;              ;         ; --         ;                 ; --       ; --           ;
; M6       ; 64         ; 3        ; RESERVED_INPUT_WITH_WEAK_PULLUP                           ;        ;              ;         ; Column I/O ;                 ; no       ; On           ;
; M7       ; 68         ; 3        ; RESERVED_INPUT_WITH_WEAK_PULLUP                           ;        ;              ;         ; Column I/O ;                 ; no       ; On           ;
; M8       ; 81         ; 3        ; RESERVED_INPUT_WITH_WEAK_PULLUP                           ;        ;              ;         ; Column I/O ;                 ; no       ; On           ;
; M9       ;            ;          ; VCCINT                                                    ; power  ;              ; 1.2V    ; --         ;                 ; --       ; --           ;
; M10      ; 111        ; 4        ; EN1_B                                                     ; input  ; 2.5 V        ;         ; Column I/O ; Y               ; no       ; Off          ;
; M11      ;            ;          ; VCCINT                                                    ; power  ;              ; 1.2V    ; --         ;                 ; --       ; --           ;
; M12      ;            ;          ; GNDA4                                                     ; gnd    ;              ;         ; --         ;                 ; --       ; --           ;
; M13      ;            ;          ; GND                                                       ; gnd    ;              ;         ; --         ;                 ; --       ; --           ;
; M14      ;            ; 5        ; VCCIO5                                                    ; power  ;              ; 2.5V    ; --         ;                 ; --       ; --           ;
; M15      ; 149        ; 5        ; GND+                                                      ;        ;              ;         ; Row I/O    ;                 ; --       ; --           ;
; M16      ; 148        ; 5        ; GND+                                                      ;        ;              ;         ; Row I/O    ;                 ; --       ; --           ;
; N1       ; 44         ; 2        ; RESERVED_INPUT_WITH_WEAK_PULLUP                           ;        ;              ;         ; Row I/O    ;                 ; no       ; On           ;
; N2       ; 43         ; 2        ; RESERVED_INPUT_WITH_WEAK_PULLUP                           ;        ;              ;         ; Row I/O    ;                 ; no       ; On           ;
; N3       ; 52         ; 3        ; RESERVED_INPUT_WITH_WEAK_PULLUP                           ;        ;              ;         ; Column I/O ;                 ; no       ; On           ;
; N4       ;            ;          ; VCCD_PLL1                                                 ; power  ;              ; 1.2V    ; --         ;                 ; --       ; --           ;
; N5       ; 62         ; 3        ; RESERVED_INPUT_WITH_WEAK_PULLUP                           ;        ;              ;         ; Column I/O ;                 ; no       ; On           ;
; N6       ; 63         ; 3        ; RESERVED_INPUT_WITH_WEAK_PULLUP                           ;        ;              ;         ; Column I/O ;                 ; no       ; On           ;
; N7       ;            ;          ; GND                                                       ; gnd    ;              ;         ; --         ;                 ; --       ; --           ;
; N8       ; 82         ; 3        ; RESERVED_INPUT_WITH_WEAK_PULLUP                           ;        ;              ;         ; Column I/O ;                 ; no       ; On           ;
; N9       ; 93         ; 4        ; RESERVED_INPUT_WITH_WEAK_PULLUP                           ;        ;              ;         ; Column I/O ;                 ; no       ; On           ;
; N10      ;            ;          ; GND                                                       ; gnd    ;              ;         ; --         ;                 ; --       ; --           ;
; N11      ; 112        ; 4        ; RESERVED_INPUT_WITH_WEAK_PULLUP                           ;        ;              ;         ; Column I/O ;                 ; no       ; On           ;
; N12      ; 117        ; 4        ; RESERVED_INPUT_WITH_WEAK_PULLUP                           ;        ;              ;         ; Column I/O ;                 ; no       ; On           ;
; N13      ;            ;          ; VCCD_PLL4                                                 ; power  ;              ; 1.2V    ; --         ;                 ; --       ; --           ;
; N14      ; 126        ; 5        ; RESERVED_INPUT_WITH_WEAK_PULLUP                           ;        ;              ;         ; Row I/O    ;                 ; no       ; On           ;
; N15      ; 133        ; 5        ; EN2_B                                                     ; input  ; 2.5 V        ;         ; Row I/O    ; Y               ; no       ; Off          ;
; N16      ; 132        ; 5        ; RESERVED_INPUT_WITH_WEAK_PULLUP                           ;        ;              ;         ; Row I/O    ;                 ; no       ; On           ;
; P1       ; 51         ; 2        ; RESERVED_INPUT_WITH_WEAK_PULLUP                           ;        ;              ;         ; Row I/O    ;                 ; no       ; On           ;
; P2       ; 50         ; 2        ; RESERVED_INPUT_WITH_WEAK_PULLUP                           ;        ;              ;         ; Row I/O    ;                 ; no       ; On           ;
; P3       ; 53         ; 3        ; RESERVED_INPUT_WITH_WEAK_PULLUP                           ;        ;              ;         ; Column I/O ;                 ; no       ; On           ;
; P4       ;            ; 3        ; VCCIO3                                                    ; power  ;              ; 2.5V    ; --         ;                 ; --       ; --           ;
; P5       ;            ;          ; GND                                                       ; gnd    ;              ;         ; --         ;                 ; --       ; --           ;
; P6       ; 67         ; 3        ; RESERVED_INPUT_WITH_WEAK_PULLUP                           ;        ;              ;         ; Column I/O ;                 ; --       ; --           ;
; P7       ;            ; 3        ; VCCIO3                                                    ; power  ;              ; 2.5V    ; --         ;                 ; --       ; --           ;
; P8       ; 85         ; 3        ; RESERVED_INPUT_WITH_WEAK_PULLUP                           ;        ;              ;         ; Column I/O ;                 ; no       ; On           ;
; P9       ; 105        ; 4        ; RESERVED_INPUT_WITH_WEAK_PULLUP                           ;        ;              ;         ; Column I/O ;                 ; no       ; On           ;
; P10      ;            ; 4        ; VCCIO4                                                    ; power  ;              ; 2.5V    ; --         ;                 ; --       ; --           ;
; P11      ; 106        ; 4        ; RESERVED_INPUT_WITH_WEAK_PULLUP                           ;        ;              ;         ; Column I/O ;                 ; --       ; --           ;
; P12      ;            ;          ; GND                                                       ; gnd    ;              ;         ; --         ;                 ; --       ; --           ;
; P13      ;            ; 4        ; VCCIO4                                                    ; power  ;              ; 2.5V    ; --         ;                 ; --       ; --           ;
; P14      ; 119        ; 4        ; RESERVED_INPUT_WITH_WEAK_PULLUP                           ;        ;              ;         ; Column I/O ;                 ; no       ; On           ;
; P15      ; 127        ; 5        ; RESERVED_INPUT_WITH_WEAK_PULLUP                           ;        ;              ;         ; Row I/O    ;                 ; no       ; On           ;
; P16      ; 128        ; 5        ; RESERVED_INPUT_WITH_WEAK_PULLUP                           ;        ;              ;         ; Row I/O    ;                 ; no       ; On           ;
; R1       ; 49         ; 2        ; RESERVED_INPUT_WITH_WEAK_PULLUP                           ;        ;              ;         ; Row I/O    ;                 ; no       ; On           ;
; R2       ;            ;          ; GND                                                       ; gnd    ;              ;         ; --         ;                 ; --       ; --           ;
; R3       ; 54         ; 3        ; RESERVED_INPUT_WITH_WEAK_PULLUP                           ;        ;              ;         ; Column I/O ;                 ; no       ; On           ;
; R4       ; 60         ; 3        ; RESERVED_INPUT_WITH_WEAK_PULLUP                           ;        ;              ;         ; Column I/O ;                 ; no       ; On           ;
; R5       ; 71         ; 3        ; RESERVED_INPUT_WITH_WEAK_PULLUP                           ;        ;              ;         ; Column I/O ;                 ; no       ; On           ;
; R6       ; 73         ; 3        ; RESERVED_INPUT_WITH_WEAK_PULLUP                           ;        ;              ;         ; Column I/O ;                 ; no       ; On           ;
; R7       ; 76         ; 3        ; RESERVED_INPUT_WITH_WEAK_PULLUP                           ;        ;              ;         ; Column I/O ;                 ; no       ; On           ;
; R8       ; 86         ; 3        ; clk                                                       ; input  ; 2.5 V        ;         ; Column I/O ; Y               ; no       ; Off          ;
; R9       ; 88         ; 4        ; GND+                                                      ;        ;              ;         ; Column I/O ;                 ; --       ; --           ;
; R10      ; 96         ; 4        ; RESERVED_INPUT_WITH_WEAK_PULLUP                           ;        ;              ;         ; Column I/O ;                 ; no       ; On           ;
; R11      ; 98         ; 4        ; IN1                                                       ; output ; 2.5 V        ;         ; Column I/O ; Y               ; no       ; Off          ;
; R12      ; 100        ; 4        ; RESERVED_INPUT_WITH_WEAK_PULLUP                           ;        ;              ;         ; Column I/O ;                 ; no       ; On           ;
; R13      ; 107        ; 4        ; RESERVED_INPUT_WITH_WEAK_PULLUP                           ;        ;              ;         ; Column I/O ;                 ; no       ; On           ;
; R14      ; 120        ; 4        ; RESERVED_INPUT_WITH_WEAK_PULLUP                           ;        ;              ;         ; Column I/O ;                 ; no       ; On           ;
; R15      ;            ;          ; GND                                                       ; gnd    ;              ;         ; --         ;                 ; --       ; --           ;
; R16      ; 129        ; 5        ; RESERVED_INPUT_WITH_WEAK_PULLUP                           ;        ;              ;         ; Row I/O    ;                 ; no       ; On           ;
; T1       ;            ; 3        ; VCCIO3                                                    ; power  ;              ; 2.5V    ; --         ;                 ; --       ; --           ;
; T2       ; 59         ; 3        ; RESERVED_INPUT_WITH_WEAK_PULLUP                           ;        ;              ;         ; Column I/O ;                 ; no       ; On           ;
; T3       ; 55         ; 3        ; RESERVED_INPUT_WITH_WEAK_PULLUP                           ;        ;              ;         ; Column I/O ;                 ; no       ; On           ;
; T4       ; 61         ; 3        ; RESERVED_INPUT_WITH_WEAK_PULLUP                           ;        ;              ;         ; Column I/O ;                 ; no       ; On           ;
; T5       ; 72         ; 3        ; RESERVED_INPUT_WITH_WEAK_PULLUP                           ;        ;              ;         ; Column I/O ;                 ; no       ; On           ;
; T6       ; 74         ; 3        ; RESERVED_INPUT_WITH_WEAK_PULLUP                           ;        ;              ;         ; Column I/O ;                 ; no       ; On           ;
; T7       ; 77         ; 3        ; RESERVED_INPUT_WITH_WEAK_PULLUP                           ;        ;              ;         ; Column I/O ;                 ; no       ; On           ;
; T8       ; 87         ; 3        ; GND+                                                      ;        ;              ;         ; Column I/O ;                 ; --       ; --           ;
; T9       ; 89         ; 4        ; GND+                                                      ;        ;              ;         ; Column I/O ;                 ; --       ; --           ;
; T10      ; 97         ; 4        ; RESERVED_INPUT_WITH_WEAK_PULLUP                           ;        ;              ;         ; Column I/O ;                 ; no       ; On           ;
; T11      ; 99         ; 4        ; IN2                                                       ; output ; 2.5 V        ;         ; Column I/O ; Y               ; no       ; Off          ;
; T12      ; 101        ; 4        ; IN3                                                       ; output ; 2.5 V        ;         ; Column I/O ; Y               ; no       ; Off          ;
; T13      ; 108        ; 4        ; IN4                                                       ; output ; 2.5 V        ;         ; Column I/O ; Y               ; no       ; Off          ;
; T14      ; 115        ; 4        ; RESERVED_INPUT_WITH_WEAK_PULLUP                           ;        ;              ;         ; Column I/O ;                 ; no       ; On           ;
; T15      ; 116        ; 4        ; ENA                                                       ; output ; 2.5 V        ;         ; Column I/O ; Y               ; no       ; Off          ;
; T16      ;            ; 4        ; VCCIO4                                                    ; power  ;              ; 2.5V    ; --         ;                 ; --       ; --           ;
+----------+------------+----------+-----------------------------------------------------------+--------+--------------+---------+------------+-----------------+----------+--------------+
Note: Pin directions (input, output or bidir) are based on device operating in user mode.


+-------------------------------------------------+
; I/O Assignment Warnings                         ;
+----------+--------------------------------------+
; Pin Name ; Reason                               ;
+----------+--------------------------------------+
; trig_l   ; Missing drive strength and slew rate ;
; trig_f   ; Missing drive strength and slew rate ;
; trig_r   ; Missing drive strength and slew rate ;
; ENA      ; Missing drive strength and slew rate ;
; ENB      ; Missing drive strength and slew rate ;
; IN1      ; Missing drive strength and slew rate ;
; IN2      ; Missing drive strength and slew rate ;
; IN3      ; Missing drive strength and slew rate ;
; IN4      ; Missing drive strength and slew rate ;
+----------+--------------------------------------+


+----------------------------------------------------------------------------------------------------------------------------------------------------------------------------------------------------------------------------------------------------------------------------------------------------------------------------------------------------------------------------------------------------------------------------------------------------------------------------------------------------------------------------------------------------------------------------------------------------------------------------------------------------------------------------------------------------------------------------------------------------------+
; Fitter Resource Utilization by Entity                                                                                                                                                                                                                                                                                                                                                                                                                                                                                                                                                                                                                                                                                                                    ;
+-----------------------------------------------------------------------------------------------------------------------------------------+-------------+---------------------------+---------------+-------------+------+--------------+---------+-----------+------+--------------+--------------+-------------------+------------------+-------------------------------------------------------------------------------------------------------------------------------------------------------------------------------------------------------------------------------------------------------------------------------------------------------------------------------------------------------------+-----------------------------------+--------------+
; Compilation Hierarchy Node                                                                                                              ; Logic Cells ; Dedicated Logic Registers ; I/O Registers ; Memory Bits ; M9Ks ; DSP Elements ; DSP 9x9 ; DSP 18x18 ; Pins ; Virtual Pins ; LUT-Only LCs ; Register-Only LCs ; LUT/Register LCs ; Full Hierarchy Name                                                                                                                                                                                                                                                                                                                                         ; Entity Name                       ; Library Name ;
+-----------------------------------------------------------------------------------------------------------------------------------------+-------------+---------------------------+---------------+-------------+------+--------------+---------+-----------+------+--------------+--------------+-------------------+------------------+-------------------------------------------------------------------------------------------------------------------------------------------------------------------------------------------------------------------------------------------------------------------------------------------------------------------------------------------------------------+-----------------------------------+--------------+
; |robot_motor_top                                                                                                                        ; 2274 (2)    ; 1702 (0)                  ; 0 (0)         ; 10880       ; 3    ; 12           ; 0       ; 6         ; 21   ; 0            ; 572 (2)      ; 870 (0)           ; 832 (0)          ; |robot_motor_top                                                                                                                                                                                                                                                                                                                                            ; robot_motor_top                   ; work         ;
;    |motor_controller:motor_ctrl|                                                                                                        ; 227 (209)   ; 70 (62)                   ; 0 (0)         ; 0           ; 0    ; 0            ; 0       ; 0         ; 0    ; 0            ; 157 (147)    ; 0 (0)             ; 70 (62)          ; |robot_motor_top|motor_controller:motor_ctrl                                                                                                                                                                                                                                                                                                                ; motor_controller                  ; work         ;
;       |pwm_generator:pwmA|                                                                                                              ; 12 (12)     ; 7 (7)                     ; 0 (0)         ; 0           ; 0    ; 0            ; 0       ; 0         ; 0    ; 0            ; 5 (5)        ; 0 (0)             ; 7 (7)            ; |robot_motor_top|motor_controller:motor_ctrl|pwm_generator:pwmA                                                                                                                                                                                                                                                                                             ; pwm_generator                     ; work         ;
;       |pwm_generator:pwmB|                                                                                                              ; 6 (6)       ; 1 (1)                     ; 0 (0)         ; 0           ; 0    ; 0            ; 0       ; 0         ; 0    ; 0            ; 5 (5)        ; 0 (0)             ; 1 (1)            ; |robot_motor_top|motor_controller:motor_ctrl|pwm_generator:pwmB                                                                                                                                                                                                                                                                                             ; pwm_generator                     ; work         ;
;    |path_controller:path_ctrl|                                                                                                          ; 476 (0)     ; 252 (0)                   ; 0 (0)         ; 0           ; 0    ; 12           ; 0       ; 6         ; 0    ; 0            ; 224 (0)      ; 7 (0)             ; 245 (0)          ; |robot_motor_top|path_controller:path_ctrl                                                                                                                                                                                                                                                                                                                  ; path_controller                   ; work         ;
;       |ir_sensor:irr_f|                                                                                                                 ; 3 (3)       ; 3 (3)                     ; 0 (0)         ; 0           ; 0    ; 0            ; 0       ; 0         ; 0    ; 0            ; 0 (0)        ; 2 (2)             ; 1 (1)            ; |robot_motor_top|path_controller:path_ctrl|ir_sensor:irr_f                                                                                                                                                                                                                                                                                                  ; ir_sensor                         ; work         ;
;       |ir_sensor:irr_l|                                                                                                                 ; 3 (3)       ; 3 (3)                     ; 0 (0)         ; 0           ; 0    ; 0            ; 0       ; 0         ; 0    ; 0            ; 0 (0)        ; 2 (2)             ; 1 (1)            ; |robot_motor_top|path_controller:path_ctrl|ir_sensor:irr_l                                                                                                                                                                                                                                                                                                  ; ir_sensor                         ; work         ;
;       |ir_sensor:irr_r|                                                                                                                 ; 3 (3)       ; 3 (3)                     ; 0 (0)         ; 0           ; 0    ; 0            ; 0       ; 0         ; 0    ; 0            ; 0 (0)        ; 2 (2)             ; 1 (1)            ; |robot_motor_top|path_controller:path_ctrl|ir_sensor:irr_r                                                                                                                                                                                                                                                                                                  ; ir_sensor                         ; work         ;
;       |us_sensor:us_f|                                                                                                                  ; 156 (156)   ; 81 (81)                   ; 0 (0)         ; 0           ; 0    ; 4            ; 0       ; 2         ; 0    ; 0            ; 75 (75)      ; 1 (1)             ; 80 (80)          ; |robot_motor_top|path_controller:path_ctrl|us_sensor:us_f                                                                                                                                                                                                                                                                                                   ; us_sensor                         ; work         ;
;          |lpm_mult:Mult0|                                                                                                               ; 0 (0)       ; 0 (0)                     ; 0 (0)         ; 0           ; 0    ; 4            ; 0       ; 2         ; 0    ; 0            ; 0 (0)        ; 0 (0)             ; 0 (0)            ; |robot_motor_top|path_controller:path_ctrl|us_sensor:us_f|lpm_mult:Mult0                                                                                                                                                                                                                                                                                    ; lpm_mult                          ; work         ;
;             |mult_ngt:auto_generated|                                                                                                   ; 0 (0)       ; 0 (0)                     ; 0 (0)         ; 0           ; 0    ; 4            ; 0       ; 2         ; 0    ; 0            ; 0 (0)        ; 0 (0)             ; 0 (0)            ; |robot_motor_top|path_controller:path_ctrl|us_sensor:us_f|lpm_mult:Mult0|mult_ngt:auto_generated                                                                                                                                                                                                                                                            ; mult_ngt                          ; work         ;
;       |us_sensor:us_l|                                                                                                                  ; 155 (155)   ; 81 (81)                   ; 0 (0)         ; 0           ; 0    ; 4            ; 0       ; 2         ; 0    ; 0            ; 74 (74)      ; 0 (0)             ; 81 (81)          ; |robot_motor_top|path_controller:path_ctrl|us_sensor:us_l                                                                                                                                                                                                                                                                                                   ; us_sensor                         ; work         ;
;          |lpm_mult:Mult0|                                                                                                               ; 0 (0)       ; 0 (0)                     ; 0 (0)         ; 0           ; 0    ; 4            ; 0       ; 2         ; 0    ; 0            ; 0 (0)        ; 0 (0)             ; 0 (0)            ; |robot_motor_top|path_controller:path_ctrl|us_sensor:us_l|lpm_mult:Mult0                                                                                                                                                                                                                                                                                    ; lpm_mult                          ; work         ;
;             |mult_ngt:auto_generated|                                                                                                   ; 0 (0)       ; 0 (0)                     ; 0 (0)         ; 0           ; 0    ; 4            ; 0       ; 2         ; 0    ; 0            ; 0 (0)        ; 0 (0)             ; 0 (0)            ; |robot_motor_top|path_controller:path_ctrl|us_sensor:us_l|lpm_mult:Mult0|mult_ngt:auto_generated                                                                                                                                                                                                                                                            ; mult_ngt                          ; work         ;
;       |us_sensor:us_r|                                                                                                                  ; 156 (156)   ; 81 (81)                   ; 0 (0)         ; 0           ; 0    ; 4            ; 0       ; 2         ; 0    ; 0            ; 75 (75)      ; 0 (0)             ; 81 (81)          ; |robot_motor_top|path_controller:path_ctrl|us_sensor:us_r                                                                                                                                                                                                                                                                                                   ; us_sensor                         ; work         ;
;          |lpm_mult:Mult0|                                                                                                               ; 0 (0)       ; 0 (0)                     ; 0 (0)         ; 0           ; 0    ; 4            ; 0       ; 2         ; 0    ; 0            ; 0 (0)        ; 0 (0)             ; 0 (0)            ; |robot_motor_top|path_controller:path_ctrl|us_sensor:us_r|lpm_mult:Mult0                                                                                                                                                                                                                                                                                    ; lpm_mult                          ; work         ;
;             |mult_ngt:auto_generated|                                                                                                   ; 0 (0)       ; 0 (0)                     ; 0 (0)         ; 0           ; 0    ; 4            ; 0       ; 2         ; 0    ; 0            ; 0 (0)        ; 0 (0)             ; 0 (0)            ; |robot_motor_top|path_controller:path_ctrl|us_sensor:us_r|lpm_mult:Mult0|mult_ngt:auto_generated                                                                                                                                                                                                                                                            ; mult_ngt                          ; work         ;
;    |sld_hub:auto_hub|                                                                                                                   ; 149 (1)     ; 90 (0)                    ; 0 (0)         ; 0           ; 0    ; 0            ; 0       ; 0         ; 0    ; 0            ; 59 (1)       ; 24 (0)            ; 66 (0)           ; |robot_motor_top|sld_hub:auto_hub                                                                                                                                                                                                                                                                                                                           ; sld_hub                           ; altera_sld   ;
;       |alt_sld_fab_with_jtag_input:\instrumentation_fabric_with_node_gen:fabric_gen_new_way:with_jtag_input_gen:instrumentation_fabric| ; 148 (0)     ; 90 (0)                    ; 0 (0)         ; 0           ; 0    ; 0            ; 0       ; 0         ; 0    ; 0            ; 58 (0)       ; 24 (0)            ; 66 (0)           ; |robot_motor_top|sld_hub:auto_hub|alt_sld_fab_with_jtag_input:\instrumentation_fabric_with_node_gen:fabric_gen_new_way:with_jtag_input_gen:instrumentation_fabric                                                                                                                                                                                           ; alt_sld_fab_with_jtag_input       ; altera_sld   ;
;          |alt_sld_fab:instrumentation_fabric|                                                                                           ; 148 (0)     ; 90 (0)                    ; 0 (0)         ; 0           ; 0    ; 0            ; 0       ; 0         ; 0    ; 0            ; 58 (0)       ; 24 (0)            ; 66 (0)           ; |robot_motor_top|sld_hub:auto_hub|alt_sld_fab_with_jtag_input:\instrumentation_fabric_with_node_gen:fabric_gen_new_way:with_jtag_input_gen:instrumentation_fabric|alt_sld_fab:instrumentation_fabric                                                                                                                                                        ; alt_sld_fab                       ; alt_sld_fab  ;
;             |alt_sld_fab_alt_sld_fab:alt_sld_fab|                                                                                       ; 148 (6)     ; 90 (5)                    ; 0 (0)         ; 0           ; 0    ; 0            ; 0       ; 0         ; 0    ; 0            ; 58 (1)       ; 24 (4)            ; 66 (0)           ; |robot_motor_top|sld_hub:auto_hub|alt_sld_fab_with_jtag_input:\instrumentation_fabric_with_node_gen:fabric_gen_new_way:with_jtag_input_gen:instrumentation_fabric|alt_sld_fab:instrumentation_fabric|alt_sld_fab_alt_sld_fab:alt_sld_fab                                                                                                                    ; alt_sld_fab_alt_sld_fab           ; alt_sld_fab  ;
;                |alt_sld_fab_alt_sld_fab_sldfabric:sldfabric|                                                                            ; 143 (0)     ; 85 (0)                    ; 0 (0)         ; 0           ; 0    ; 0            ; 0       ; 0         ; 0    ; 0            ; 57 (0)       ; 20 (0)            ; 66 (0)           ; |robot_motor_top|sld_hub:auto_hub|alt_sld_fab_with_jtag_input:\instrumentation_fabric_with_node_gen:fabric_gen_new_way:with_jtag_input_gen:instrumentation_fabric|alt_sld_fab:instrumentation_fabric|alt_sld_fab_alt_sld_fab:alt_sld_fab|alt_sld_fab_alt_sld_fab_sldfabric:sldfabric                                                                        ; alt_sld_fab_alt_sld_fab_sldfabric ; alt_sld_fab  ;
;                   |sld_jtag_hub:\jtag_hub_gen:real_sld_jtag_hub|                                                                        ; 143 (102)   ; 85 (57)                   ; 0 (0)         ; 0           ; 0    ; 0            ; 0       ; 0         ; 0    ; 0            ; 57 (44)      ; 20 (20)           ; 66 (40)          ; |robot_motor_top|sld_hub:auto_hub|alt_sld_fab_with_jtag_input:\instrumentation_fabric_with_node_gen:fabric_gen_new_way:with_jtag_input_gen:instrumentation_fabric|alt_sld_fab:instrumentation_fabric|alt_sld_fab_alt_sld_fab:alt_sld_fab|alt_sld_fab_alt_sld_fab_sldfabric:sldfabric|sld_jtag_hub:\jtag_hub_gen:real_sld_jtag_hub                           ; sld_jtag_hub                      ; work         ;
;                      |sld_rom_sr:hub_info_reg|                                                                                          ; 21 (21)     ; 9 (9)                     ; 0 (0)         ; 0           ; 0    ; 0            ; 0       ; 0         ; 0    ; 0            ; 12 (12)      ; 0 (0)             ; 9 (9)            ; |robot_motor_top|sld_hub:auto_hub|alt_sld_fab_with_jtag_input:\instrumentation_fabric_with_node_gen:fabric_gen_new_way:with_jtag_input_gen:instrumentation_fabric|alt_sld_fab:instrumentation_fabric|alt_sld_fab_alt_sld_fab:alt_sld_fab|alt_sld_fab_alt_sld_fab_sldfabric:sldfabric|sld_jtag_hub:\jtag_hub_gen:real_sld_jtag_hub|sld_rom_sr:hub_info_reg   ; sld_rom_sr                        ; work         ;
;                      |sld_shadow_jsm:shadow_jsm|                                                                                        ; 20 (20)     ; 19 (19)                   ; 0 (0)         ; 0           ; 0    ; 0            ; 0       ; 0         ; 0    ; 0            ; 1 (1)        ; 0 (0)             ; 19 (19)          ; |robot_motor_top|sld_hub:auto_hub|alt_sld_fab_with_jtag_input:\instrumentation_fabric_with_node_gen:fabric_gen_new_way:with_jtag_input_gen:instrumentation_fabric|alt_sld_fab:instrumentation_fabric|alt_sld_fab_alt_sld_fab:alt_sld_fab|alt_sld_fab_alt_sld_fab_sldfabric:sldfabric|sld_jtag_hub:\jtag_hub_gen:real_sld_jtag_hub|sld_shadow_jsm:shadow_jsm ; sld_shadow_jsm                    ; altera_sld   ;
;    |sld_signaltap:auto_signaltap_0|                                                                                                     ; 1420 (169)  ; 1290 (168)                ; 0 (0)         ; 10880       ; 3    ; 0            ; 0       ; 0         ; 0    ; 0            ; 130 (1)      ; 839 (168)         ; 451 (1)          ; |robot_motor_top|sld_signaltap:auto_signaltap_0                                                                                                                                                                                                                                                                                                             ; sld_signaltap                     ; work         ;
;       |sld_signaltap_impl:sld_signaltap_body|                                                                                           ; 1251 (0)    ; 1122 (0)                  ; 0 (0)         ; 10880       ; 3    ; 0            ; 0       ; 0         ; 0    ; 0            ; 129 (0)      ; 671 (0)           ; 451 (0)          ; |robot_motor_top|sld_signaltap:auto_signaltap_0|sld_signaltap_impl:sld_signaltap_body                                                                                                                                                                                                                                                                       ; sld_signaltap_impl                ; work         ;
;          |sld_signaltap_implb:sld_signaltap_body|                                                                                       ; 1251 (438)  ; 1122 (410)                ; 0 (0)         ; 10880       ; 3    ; 0            ; 0       ; 0         ; 0    ; 0            ; 129 (30)     ; 671 (351)         ; 451 (57)         ; |robot_motor_top|sld_signaltap:auto_signaltap_0|sld_signaltap_impl:sld_signaltap_body|sld_signaltap_implb:sld_signaltap_body                                                                                                                                                                                                                                ; sld_signaltap_implb               ; work         ;
;             |altdpram:\stp_non_zero_ram_gen:attribute_mem_gen:attribute_mem|                                                            ; 48 (46)     ; 46 (46)                   ; 0 (0)         ; 0           ; 0    ; 0            ; 0       ; 0         ; 0    ; 0            ; 2 (0)        ; 31 (31)           ; 15 (0)           ; |robot_motor_top|sld_signaltap:auto_signaltap_0|sld_signaltap_impl:sld_signaltap_body|sld_signaltap_implb:sld_signaltap_body|altdpram:\stp_non_zero_ram_gen:attribute_mem_gen:attribute_mem                                                                                                                                                                 ; altdpram                          ; work         ;
;                |lpm_decode:wdecoder|                                                                                                    ; 2 (0)       ; 0 (0)                     ; 0 (0)         ; 0           ; 0    ; 0            ; 0       ; 0         ; 0    ; 0            ; 2 (0)        ; 0 (0)             ; 0 (0)            ; |robot_motor_top|sld_signaltap:auto_signaltap_0|sld_signaltap_impl:sld_signaltap_body|sld_signaltap_implb:sld_signaltap_body|altdpram:\stp_non_zero_ram_gen:attribute_mem_gen:attribute_mem|lpm_decode:wdecoder                                                                                                                                             ; lpm_decode                        ; work         ;
;                   |decode_dvf:auto_generated|                                                                                           ; 2 (2)       ; 0 (0)                     ; 0 (0)         ; 0           ; 0    ; 0            ; 0       ; 0         ; 0    ; 0            ; 2 (2)        ; 0 (0)             ; 0 (0)            ; |robot_motor_top|sld_signaltap:auto_signaltap_0|sld_signaltap_impl:sld_signaltap_body|sld_signaltap_implb:sld_signaltap_body|altdpram:\stp_non_zero_ram_gen:attribute_mem_gen:attribute_mem|lpm_decode:wdecoder|decode_dvf:auto_generated                                                                                                                   ; decode_dvf                        ; work         ;
;                |lpm_mux:mux|                                                                                                            ; 15 (0)      ; 0 (0)                     ; 0 (0)         ; 0           ; 0    ; 0            ; 0       ; 0         ; 0    ; 0            ; 0 (0)        ; 0 (0)             ; 15 (0)           ; |robot_motor_top|sld_signaltap:auto_signaltap_0|sld_signaltap_impl:sld_signaltap_body|sld_signaltap_implb:sld_signaltap_body|altdpram:\stp_non_zero_ram_gen:attribute_mem_gen:attribute_mem|lpm_mux:mux                                                                                                                                                     ; lpm_mux                           ; work         ;
;                   |mux_ssc:auto_generated|                                                                                              ; 15 (15)     ; 0 (0)                     ; 0 (0)         ; 0           ; 0    ; 0            ; 0       ; 0         ; 0    ; 0            ; 0 (0)        ; 0 (0)             ; 15 (15)          ; |robot_motor_top|sld_signaltap:auto_signaltap_0|sld_signaltap_impl:sld_signaltap_body|sld_signaltap_implb:sld_signaltap_body|altdpram:\stp_non_zero_ram_gen:attribute_mem_gen:attribute_mem|lpm_mux:mux|mux_ssc:auto_generated                                                                                                                              ; mux_ssc                           ; work         ;
;             |altsyncram:\stp_non_zero_ram_gen:stp_buffer_ram|                                                                           ; 0 (0)       ; 0 (0)                     ; 0 (0)         ; 10880       ; 3    ; 0            ; 0       ; 0         ; 0    ; 0            ; 0 (0)        ; 0 (0)             ; 0 (0)            ; |robot_motor_top|sld_signaltap:auto_signaltap_0|sld_signaltap_impl:sld_signaltap_body|sld_signaltap_implb:sld_signaltap_body|altsyncram:\stp_non_zero_ram_gen:stp_buffer_ram                                                                                                                                                                                ; altsyncram                        ; work         ;
;                |altsyncram_l524:auto_generated|                                                                                         ; 0 (0)       ; 0 (0)                     ; 0 (0)         ; 10880       ; 3    ; 0            ; 0       ; 0         ; 0    ; 0            ; 0 (0)        ; 0 (0)             ; 0 (0)            ; |robot_motor_top|sld_signaltap:auto_signaltap_0|sld_signaltap_impl:sld_signaltap_body|sld_signaltap_implb:sld_signaltap_body|altsyncram:\stp_non_zero_ram_gen:stp_buffer_ram|altsyncram_l524:auto_generated                                                                                                                                                 ; altsyncram_l524                   ; work         ;
;             |lpm_shiftreg:segment_offset_config_deserialize|                                                                            ; 7 (7)       ; 7 (7)                     ; 0 (0)         ; 0           ; 0    ; 0            ; 0       ; 0         ; 0    ; 0            ; 0 (0)        ; 7 (7)             ; 0 (0)            ; |robot_motor_top|sld_signaltap:auto_signaltap_0|sld_signaltap_impl:sld_signaltap_body|sld_signaltap_implb:sld_signaltap_body|lpm_shiftreg:segment_offset_config_deserialize                                                                                                                                                                                 ; lpm_shiftreg                      ; work         ;
;             |lpm_shiftreg:status_register|                                                                                              ; 18 (18)     ; 17 (17)                   ; 0 (0)         ; 0           ; 0    ; 0            ; 0       ; 0         ; 0    ; 0            ; 1 (1)        ; 0 (0)             ; 17 (17)          ; |robot_motor_top|sld_signaltap:auto_signaltap_0|sld_signaltap_impl:sld_signaltap_body|sld_signaltap_implb:sld_signaltap_body|lpm_shiftreg:status_register                                                                                                                                                                                                   ; lpm_shiftreg                      ; work         ;
;             |serial_crc_16:\tdo_crc_gen:tdo_crc_calc|                                                                                   ; 14 (14)     ; 13 (13)                   ; 0 (0)         ; 0           ; 0    ; 0            ; 0       ; 0         ; 0    ; 0            ; 1 (1)        ; 0 (0)             ; 13 (13)          ; |robot_motor_top|sld_signaltap:auto_signaltap_0|sld_signaltap_impl:sld_signaltap_body|sld_signaltap_implb:sld_signaltap_body|serial_crc_16:\tdo_crc_gen:tdo_crc_calc                                                                                                                                                                                        ; serial_crc_16                     ; work         ;
;             |sld_buffer_manager:sld_buffer_manager_inst|                                                                                ; 73 (73)     ; 44 (44)                   ; 0 (0)         ; 0           ; 0    ; 0            ; 0       ; 0         ; 0    ; 0            ; 27 (27)      ; 10 (10)           ; 36 (36)          ; |robot_motor_top|sld_signaltap:auto_signaltap_0|sld_signaltap_impl:sld_signaltap_body|sld_signaltap_implb:sld_signaltap_body|sld_buffer_manager:sld_buffer_manager_inst                                                                                                                                                                                     ; sld_buffer_manager                ; work         ;
;             |sld_ela_control:ela_control|                                                                                               ; 469 (6)     ; 441 (5)                   ; 0 (0)         ; 0           ; 0    ; 0            ; 0       ; 0         ; 0    ; 0            ; 28 (1)       ; 267 (4)           ; 174 (1)          ; |robot_motor_top|sld_signaltap:auto_signaltap_0|sld_signaltap_impl:sld_signaltap_body|sld_signaltap_implb:sld_signaltap_body|sld_ela_control:ela_control                                                                                                                                                                                                    ; sld_ela_control                   ; work         ;
;                |lpm_shiftreg:\storage_on_enable_bit:trigger_condition_deserialize|                                                      ; 1 (1)       ; 1 (1)                     ; 0 (0)         ; 0           ; 0    ; 0            ; 0       ; 0         ; 0    ; 0            ; 0 (0)        ; 0 (0)             ; 1 (1)            ; |robot_motor_top|sld_signaltap:auto_signaltap_0|sld_signaltap_impl:sld_signaltap_body|sld_signaltap_implb:sld_signaltap_body|sld_ela_control:ela_control|lpm_shiftreg:\storage_on_enable_bit:trigger_condition_deserialize                                                                                                                                  ; lpm_shiftreg                      ; work         ;
;                |lpm_shiftreg:trigger_config_deserialize|                                                                                ; 4 (4)       ; 4 (4)                     ; 0 (0)         ; 0           ; 0    ; 0            ; 0       ; 0         ; 0    ; 0            ; 0 (0)        ; 4 (4)             ; 0 (0)            ; |robot_motor_top|sld_signaltap:auto_signaltap_0|sld_signaltap_impl:sld_signaltap_body|sld_signaltap_implb:sld_signaltap_body|sld_ela_control:ela_control|lpm_shiftreg:trigger_config_deserialize                                                                                                                                                            ; lpm_shiftreg                      ; work         ;
;                |sld_ela_basic_multi_level_trigger:\basic_multi_level_mbpm_trigger_gen:multi_level_mbpm|                                 ; 420 (0)     ; 420 (0)                   ; 0 (0)         ; 0           ; 0    ; 0            ; 0       ; 0         ; 0    ; 0            ; 0 (0)        ; 250 (0)           ; 170 (0)          ; |robot_motor_top|sld_signaltap:auto_signaltap_0|sld_signaltap_impl:sld_signaltap_body|sld_signaltap_implb:sld_signaltap_body|sld_ela_control:ela_control|sld_ela_basic_multi_level_trigger:\basic_multi_level_mbpm_trigger_gen:multi_level_mbpm                                                                                                             ; sld_ela_basic_multi_level_trigger ; work         ;
;                   |lpm_shiftreg:trigger_condition_deserialize|                                                                          ; 252 (252)   ; 252 (252)                 ; 0 (0)         ; 0           ; 0    ; 0            ; 0       ; 0         ; 0    ; 0            ; 0 (0)        ; 247 (247)         ; 5 (5)            ; |robot_motor_top|sld_signaltap:auto_signaltap_0|sld_signaltap_impl:sld_signaltap_body|sld_signaltap_implb:sld_signaltap_body|sld_ela_control:ela_control|sld_ela_basic_multi_level_trigger:\basic_multi_level_mbpm_trigger_gen:multi_level_mbpm|lpm_shiftreg:trigger_condition_deserialize                                                                  ; lpm_shiftreg                      ; work         ;
;                   |sld_mbpmg:\trigger_modules_gen:0:trigger_match|                                                                      ; 171 (0)     ; 168 (0)                   ; 0 (0)         ; 0           ; 0    ; 0            ; 0       ; 0         ; 0    ; 0            ; 0 (0)        ; 3 (0)             ; 168 (0)          ; |robot_motor_top|sld_signaltap:auto_signaltap_0|sld_signaltap_impl:sld_signaltap_body|sld_signaltap_implb:sld_signaltap_body|sld_ela_control:ela_control|sld_ela_basic_multi_level_trigger:\basic_multi_level_mbpm_trigger_gen:multi_level_mbpm|sld_mbpmg:\trigger_modules_gen:0:trigger_match                                                              ; sld_mbpmg                         ; work         ;
;                      |sld_sbpmg:\gen_sbpmg_pipeline_less_than_two:sm0:0:sm1|                                                            ; 2 (2)       ; 2 (2)                     ; 0 (0)         ; 0           ; 0    ; 0            ; 0       ; 0         ; 0    ; 0            ; 0 (0)        ; 0 (0)             ; 2 (2)            ; |robot_motor_top|sld_signaltap:auto_signaltap_0|sld_signaltap_impl:sld_signaltap_body|sld_signaltap_implb:sld_signaltap_body|sld_ela_control:ela_control|sld_ela_basic_multi_level_trigger:\basic_multi_level_mbpm_trigger_gen:multi_level_mbpm|sld_mbpmg:\trigger_modules_gen:0:trigger_match|sld_sbpmg:\gen_sbpmg_pipeline_less_than_two:sm0:0:sm1        ; sld_sbpmg                         ; work         ;
;                      |sld_sbpmg:\gen_sbpmg_pipeline_less_than_two:sm0:10:sm1|                                                           ; 3 (3)       ; 2 (2)                     ; 0 (0)         ; 0           ; 0    ; 0            ; 0       ; 0         ; 0    ; 0            ; 0 (0)        ; 1 (1)             ; 2 (2)            ; |robot_motor_top|sld_signaltap:auto_signaltap_0|sld_signaltap_impl:sld_signaltap_body|sld_signaltap_implb:sld_signaltap_body|sld_ela_control:ela_control|sld_ela_basic_multi_level_trigger:\basic_multi_level_mbpm_trigger_gen:multi_level_mbpm|sld_mbpmg:\trigger_modules_gen:0:trigger_match|sld_sbpmg:\gen_sbpmg_pipeline_less_than_two:sm0:10:sm1       ; sld_sbpmg                         ; work         ;
;                      |sld_sbpmg:\gen_sbpmg_pipeline_less_than_two:sm0:11:sm1|                                                           ; 2 (2)       ; 2 (2)                     ; 0 (0)         ; 0           ; 0    ; 0            ; 0       ; 0         ; 0    ; 0            ; 0 (0)        ; 0 (0)             ; 2 (2)            ; |robot_motor_top|sld_signaltap:auto_signaltap_0|sld_signaltap_impl:sld_signaltap_body|sld_signaltap_implb:sld_signaltap_body|sld_ela_control:ela_control|sld_ela_basic_multi_level_trigger:\basic_multi_level_mbpm_trigger_gen:multi_level_mbpm|sld_mbpmg:\trigger_modules_gen:0:trigger_match|sld_sbpmg:\gen_sbpmg_pipeline_less_than_two:sm0:11:sm1       ; sld_sbpmg                         ; work         ;
;                      |sld_sbpmg:\gen_sbpmg_pipeline_less_than_two:sm0:12:sm1|                                                           ; 2 (2)       ; 2 (2)                     ; 0 (0)         ; 0           ; 0    ; 0            ; 0       ; 0         ; 0    ; 0            ; 0 (0)        ; 0 (0)             ; 2 (2)            ; |robot_motor_top|sld_signaltap:auto_signaltap_0|sld_signaltap_impl:sld_signaltap_body|sld_signaltap_implb:sld_signaltap_body|sld_ela_control:ela_control|sld_ela_basic_multi_level_trigger:\basic_multi_level_mbpm_trigger_gen:multi_level_mbpm|sld_mbpmg:\trigger_modules_gen:0:trigger_match|sld_sbpmg:\gen_sbpmg_pipeline_less_than_two:sm0:12:sm1       ; sld_sbpmg                         ; work         ;
;                      |sld_sbpmg:\gen_sbpmg_pipeline_less_than_two:sm0:13:sm1|                                                           ; 2 (2)       ; 2 (2)                     ; 0 (0)         ; 0           ; 0    ; 0            ; 0       ; 0         ; 0    ; 0            ; 0 (0)        ; 0 (0)             ; 2 (2)            ; |robot_motor_top|sld_signaltap:auto_signaltap_0|sld_signaltap_impl:sld_signaltap_body|sld_signaltap_implb:sld_signaltap_body|sld_ela_control:ela_control|sld_ela_basic_multi_level_trigger:\basic_multi_level_mbpm_trigger_gen:multi_level_mbpm|sld_mbpmg:\trigger_modules_gen:0:trigger_match|sld_sbpmg:\gen_sbpmg_pipeline_less_than_two:sm0:13:sm1       ; sld_sbpmg                         ; work         ;
;                      |sld_sbpmg:\gen_sbpmg_pipeline_less_than_two:sm0:14:sm1|                                                           ; 2 (2)       ; 2 (2)                     ; 0 (0)         ; 0           ; 0    ; 0            ; 0       ; 0         ; 0    ; 0            ; 0 (0)        ; 0 (0)             ; 2 (2)            ; |robot_motor_top|sld_signaltap:auto_signaltap_0|sld_signaltap_impl:sld_signaltap_body|sld_signaltap_implb:sld_signaltap_body|sld_ela_control:ela_control|sld_ela_basic_multi_level_trigger:\basic_multi_level_mbpm_trigger_gen:multi_level_mbpm|sld_mbpmg:\trigger_modules_gen:0:trigger_match|sld_sbpmg:\gen_sbpmg_pipeline_less_than_two:sm0:14:sm1       ; sld_sbpmg                         ; work         ;
;                      |sld_sbpmg:\gen_sbpmg_pipeline_less_than_two:sm0:15:sm1|                                                           ; 2 (2)       ; 2 (2)                     ; 0 (0)         ; 0           ; 0    ; 0            ; 0       ; 0         ; 0    ; 0            ; 0 (0)        ; 0 (0)             ; 2 (2)            ; |robot_motor_top|sld_signaltap:auto_signaltap_0|sld_signaltap_impl:sld_signaltap_body|sld_signaltap_implb:sld_signaltap_body|sld_ela_control:ela_control|sld_ela_basic_multi_level_trigger:\basic_multi_level_mbpm_trigger_gen:multi_level_mbpm|sld_mbpmg:\trigger_modules_gen:0:trigger_match|sld_sbpmg:\gen_sbpmg_pipeline_less_than_two:sm0:15:sm1       ; sld_sbpmg                         ; work         ;
;                      |sld_sbpmg:\gen_sbpmg_pipeline_less_than_two:sm0:16:sm1|                                                           ; 2 (2)       ; 2 (2)                     ; 0 (0)         ; 0           ; 0    ; 0            ; 0       ; 0         ; 0    ; 0            ; 0 (0)        ; 0 (0)             ; 2 (2)            ; |robot_motor_top|sld_signaltap:auto_signaltap_0|sld_signaltap_impl:sld_signaltap_body|sld_signaltap_implb:sld_signaltap_body|sld_ela_control:ela_control|sld_ela_basic_multi_level_trigger:\basic_multi_level_mbpm_trigger_gen:multi_level_mbpm|sld_mbpmg:\trigger_modules_gen:0:trigger_match|sld_sbpmg:\gen_sbpmg_pipeline_less_than_two:sm0:16:sm1       ; sld_sbpmg                         ; work         ;
;                      |sld_sbpmg:\gen_sbpmg_pipeline_less_than_two:sm0:17:sm1|                                                           ; 2 (2)       ; 2 (2)                     ; 0 (0)         ; 0           ; 0    ; 0            ; 0       ; 0         ; 0    ; 0            ; 0 (0)        ; 0 (0)             ; 2 (2)            ; |robot_motor_top|sld_signaltap:auto_signaltap_0|sld_signaltap_impl:sld_signaltap_body|sld_signaltap_implb:sld_signaltap_body|sld_ela_control:ela_control|sld_ela_basic_multi_level_trigger:\basic_multi_level_mbpm_trigger_gen:multi_level_mbpm|sld_mbpmg:\trigger_modules_gen:0:trigger_match|sld_sbpmg:\gen_sbpmg_pipeline_less_than_two:sm0:17:sm1       ; sld_sbpmg                         ; work         ;
;                      |sld_sbpmg:\gen_sbpmg_pipeline_less_than_two:sm0:18:sm1|                                                           ; 2 (2)       ; 2 (2)                     ; 0 (0)         ; 0           ; 0    ; 0            ; 0       ; 0         ; 0    ; 0            ; 0 (0)        ; 0 (0)             ; 2 (2)            ; |robot_motor_top|sld_signaltap:auto_signaltap_0|sld_signaltap_impl:sld_signaltap_body|sld_signaltap_implb:sld_signaltap_body|sld_ela_control:ela_control|sld_ela_basic_multi_level_trigger:\basic_multi_level_mbpm_trigger_gen:multi_level_mbpm|sld_mbpmg:\trigger_modules_gen:0:trigger_match|sld_sbpmg:\gen_sbpmg_pipeline_less_than_two:sm0:18:sm1       ; sld_sbpmg                         ; work         ;
;                      |sld_sbpmg:\gen_sbpmg_pipeline_less_than_two:sm0:19:sm1|                                                           ; 2 (2)       ; 2 (2)                     ; 0 (0)         ; 0           ; 0    ; 0            ; 0       ; 0         ; 0    ; 0            ; 0 (0)        ; 0 (0)             ; 2 (2)            ; |robot_motor_top|sld_signaltap:auto_signaltap_0|sld_signaltap_impl:sld_signaltap_body|sld_signaltap_implb:sld_signaltap_body|sld_ela_control:ela_control|sld_ela_basic_multi_level_trigger:\basic_multi_level_mbpm_trigger_gen:multi_level_mbpm|sld_mbpmg:\trigger_modules_gen:0:trigger_match|sld_sbpmg:\gen_sbpmg_pipeline_less_than_two:sm0:19:sm1       ; sld_sbpmg                         ; work         ;
;                      |sld_sbpmg:\gen_sbpmg_pipeline_less_than_two:sm0:1:sm1|                                                            ; 2 (2)       ; 2 (2)                     ; 0 (0)         ; 0           ; 0    ; 0            ; 0       ; 0         ; 0    ; 0            ; 0 (0)        ; 0 (0)             ; 2 (2)            ; |robot_motor_top|sld_signaltap:auto_signaltap_0|sld_signaltap_impl:sld_signaltap_body|sld_signaltap_implb:sld_signaltap_body|sld_ela_control:ela_control|sld_ela_basic_multi_level_trigger:\basic_multi_level_mbpm_trigger_gen:multi_level_mbpm|sld_mbpmg:\trigger_modules_gen:0:trigger_match|sld_sbpmg:\gen_sbpmg_pipeline_less_than_two:sm0:1:sm1        ; sld_sbpmg                         ; work         ;
;                      |sld_sbpmg:\gen_sbpmg_pipeline_less_than_two:sm0:20:sm1|                                                           ; 2 (2)       ; 2 (2)                     ; 0 (0)         ; 0           ; 0    ; 0            ; 0       ; 0         ; 0    ; 0            ; 0 (0)        ; 0 (0)             ; 2 (2)            ; |robot_motor_top|sld_signaltap:auto_signaltap_0|sld_signaltap_impl:sld_signaltap_body|sld_signaltap_implb:sld_signaltap_body|sld_ela_control:ela_control|sld_ela_basic_multi_level_trigger:\basic_multi_level_mbpm_trigger_gen:multi_level_mbpm|sld_mbpmg:\trigger_modules_gen:0:trigger_match|sld_sbpmg:\gen_sbpmg_pipeline_less_than_two:sm0:20:sm1       ; sld_sbpmg                         ; work         ;
;                      |sld_sbpmg:\gen_sbpmg_pipeline_less_than_two:sm0:21:sm1|                                                           ; 2 (2)       ; 2 (2)                     ; 0 (0)         ; 0           ; 0    ; 0            ; 0       ; 0         ; 0    ; 0            ; 0 (0)        ; 0 (0)             ; 2 (2)            ; |robot_motor_top|sld_signaltap:auto_signaltap_0|sld_signaltap_impl:sld_signaltap_body|sld_signaltap_implb:sld_signaltap_body|sld_ela_control:ela_control|sld_ela_basic_multi_level_trigger:\basic_multi_level_mbpm_trigger_gen:multi_level_mbpm|sld_mbpmg:\trigger_modules_gen:0:trigger_match|sld_sbpmg:\gen_sbpmg_pipeline_less_than_two:sm0:21:sm1       ; sld_sbpmg                         ; work         ;
;                      |sld_sbpmg:\gen_sbpmg_pipeline_less_than_two:sm0:22:sm1|                                                           ; 2 (2)       ; 2 (2)                     ; 0 (0)         ; 0           ; 0    ; 0            ; 0       ; 0         ; 0    ; 0            ; 0 (0)        ; 0 (0)             ; 2 (2)            ; |robot_motor_top|sld_signaltap:auto_signaltap_0|sld_signaltap_impl:sld_signaltap_body|sld_signaltap_implb:sld_signaltap_body|sld_ela_control:ela_control|sld_ela_basic_multi_level_trigger:\basic_multi_level_mbpm_trigger_gen:multi_level_mbpm|sld_mbpmg:\trigger_modules_gen:0:trigger_match|sld_sbpmg:\gen_sbpmg_pipeline_less_than_two:sm0:22:sm1       ; sld_sbpmg                         ; work         ;
;                      |sld_sbpmg:\gen_sbpmg_pipeline_less_than_two:sm0:23:sm1|                                                           ; 2 (2)       ; 2 (2)                     ; 0 (0)         ; 0           ; 0    ; 0            ; 0       ; 0         ; 0    ; 0            ; 0 (0)        ; 0 (0)             ; 2 (2)            ; |robot_motor_top|sld_signaltap:auto_signaltap_0|sld_signaltap_impl:sld_signaltap_body|sld_signaltap_implb:sld_signaltap_body|sld_ela_control:ela_control|sld_ela_basic_multi_level_trigger:\basic_multi_level_mbpm_trigger_gen:multi_level_mbpm|sld_mbpmg:\trigger_modules_gen:0:trigger_match|sld_sbpmg:\gen_sbpmg_pipeline_less_than_two:sm0:23:sm1       ; sld_sbpmg                         ; work         ;
;                      |sld_sbpmg:\gen_sbpmg_pipeline_less_than_two:sm0:24:sm1|                                                           ; 2 (2)       ; 2 (2)                     ; 0 (0)         ; 0           ; 0    ; 0            ; 0       ; 0         ; 0    ; 0            ; 0 (0)        ; 0 (0)             ; 2 (2)            ; |robot_motor_top|sld_signaltap:auto_signaltap_0|sld_signaltap_impl:sld_signaltap_body|sld_signaltap_implb:sld_signaltap_body|sld_ela_control:ela_control|sld_ela_basic_multi_level_trigger:\basic_multi_level_mbpm_trigger_gen:multi_level_mbpm|sld_mbpmg:\trigger_modules_gen:0:trigger_match|sld_sbpmg:\gen_sbpmg_pipeline_less_than_two:sm0:24:sm1       ; sld_sbpmg                         ; work         ;
;                      |sld_sbpmg:\gen_sbpmg_pipeline_less_than_two:sm0:25:sm1|                                                           ; 2 (2)       ; 2 (2)                     ; 0 (0)         ; 0           ; 0    ; 0            ; 0       ; 0         ; 0    ; 0            ; 0 (0)        ; 0 (0)             ; 2 (2)            ; |robot_motor_top|sld_signaltap:auto_signaltap_0|sld_signaltap_impl:sld_signaltap_body|sld_signaltap_implb:sld_signaltap_body|sld_ela_control:ela_control|sld_ela_basic_multi_level_trigger:\basic_multi_level_mbpm_trigger_gen:multi_level_mbpm|sld_mbpmg:\trigger_modules_gen:0:trigger_match|sld_sbpmg:\gen_sbpmg_pipeline_less_than_two:sm0:25:sm1       ; sld_sbpmg                         ; work         ;
;                      |sld_sbpmg:\gen_sbpmg_pipeline_less_than_two:sm0:26:sm1|                                                           ; 2 (2)       ; 2 (2)                     ; 0 (0)         ; 0           ; 0    ; 0            ; 0       ; 0         ; 0    ; 0            ; 0 (0)        ; 0 (0)             ; 2 (2)            ; |robot_motor_top|sld_signaltap:auto_signaltap_0|sld_signaltap_impl:sld_signaltap_body|sld_signaltap_implb:sld_signaltap_body|sld_ela_control:ela_control|sld_ela_basic_multi_level_trigger:\basic_multi_level_mbpm_trigger_gen:multi_level_mbpm|sld_mbpmg:\trigger_modules_gen:0:trigger_match|sld_sbpmg:\gen_sbpmg_pipeline_less_than_two:sm0:26:sm1       ; sld_sbpmg                         ; work         ;
;                      |sld_sbpmg:\gen_sbpmg_pipeline_less_than_two:sm0:27:sm1|                                                           ; 2 (2)       ; 2 (2)                     ; 0 (0)         ; 0           ; 0    ; 0            ; 0       ; 0         ; 0    ; 0            ; 0 (0)        ; 0 (0)             ; 2 (2)            ; |robot_motor_top|sld_signaltap:auto_signaltap_0|sld_signaltap_impl:sld_signaltap_body|sld_signaltap_implb:sld_signaltap_body|sld_ela_control:ela_control|sld_ela_basic_multi_level_trigger:\basic_multi_level_mbpm_trigger_gen:multi_level_mbpm|sld_mbpmg:\trigger_modules_gen:0:trigger_match|sld_sbpmg:\gen_sbpmg_pipeline_less_than_two:sm0:27:sm1       ; sld_sbpmg                         ; work         ;
;                      |sld_sbpmg:\gen_sbpmg_pipeline_less_than_two:sm0:28:sm1|                                                           ; 2 (2)       ; 2 (2)                     ; 0 (0)         ; 0           ; 0    ; 0            ; 0       ; 0         ; 0    ; 0            ; 0 (0)        ; 0 (0)             ; 2 (2)            ; |robot_motor_top|sld_signaltap:auto_signaltap_0|sld_signaltap_impl:sld_signaltap_body|sld_signaltap_implb:sld_signaltap_body|sld_ela_control:ela_control|sld_ela_basic_multi_level_trigger:\basic_multi_level_mbpm_trigger_gen:multi_level_mbpm|sld_mbpmg:\trigger_modules_gen:0:trigger_match|sld_sbpmg:\gen_sbpmg_pipeline_less_than_two:sm0:28:sm1       ; sld_sbpmg                         ; work         ;
;                      |sld_sbpmg:\gen_sbpmg_pipeline_less_than_two:sm0:29:sm1|                                                           ; 2 (2)       ; 2 (2)                     ; 0 (0)         ; 0           ; 0    ; 0            ; 0       ; 0         ; 0    ; 0            ; 0 (0)        ; 0 (0)             ; 2 (2)            ; |robot_motor_top|sld_signaltap:auto_signaltap_0|sld_signaltap_impl:sld_signaltap_body|sld_signaltap_implb:sld_signaltap_body|sld_ela_control:ela_control|sld_ela_basic_multi_level_trigger:\basic_multi_level_mbpm_trigger_gen:multi_level_mbpm|sld_mbpmg:\trigger_modules_gen:0:trigger_match|sld_sbpmg:\gen_sbpmg_pipeline_less_than_two:sm0:29:sm1       ; sld_sbpmg                         ; work         ;
;                      |sld_sbpmg:\gen_sbpmg_pipeline_less_than_two:sm0:2:sm1|                                                            ; 2 (2)       ; 2 (2)                     ; 0 (0)         ; 0           ; 0    ; 0            ; 0       ; 0         ; 0    ; 0            ; 0 (0)        ; 0 (0)             ; 2 (2)            ; |robot_motor_top|sld_signaltap:auto_signaltap_0|sld_signaltap_impl:sld_signaltap_body|sld_signaltap_implb:sld_signaltap_body|sld_ela_control:ela_control|sld_ela_basic_multi_level_trigger:\basic_multi_level_mbpm_trigger_gen:multi_level_mbpm|sld_mbpmg:\trigger_modules_gen:0:trigger_match|sld_sbpmg:\gen_sbpmg_pipeline_less_than_two:sm0:2:sm1        ; sld_sbpmg                         ; work         ;
;                      |sld_sbpmg:\gen_sbpmg_pipeline_less_than_two:sm0:30:sm1|                                                           ; 2 (2)       ; 2 (2)                     ; 0 (0)         ; 0           ; 0    ; 0            ; 0       ; 0         ; 0    ; 0            ; 0 (0)        ; 0 (0)             ; 2 (2)            ; |robot_motor_top|sld_signaltap:auto_signaltap_0|sld_signaltap_impl:sld_signaltap_body|sld_signaltap_implb:sld_signaltap_body|sld_ela_control:ela_control|sld_ela_basic_multi_level_trigger:\basic_multi_level_mbpm_trigger_gen:multi_level_mbpm|sld_mbpmg:\trigger_modules_gen:0:trigger_match|sld_sbpmg:\gen_sbpmg_pipeline_less_than_two:sm0:30:sm1       ; sld_sbpmg                         ; work         ;
;                      |sld_sbpmg:\gen_sbpmg_pipeline_less_than_two:sm0:31:sm1|                                                           ; 2 (2)       ; 2 (2)                     ; 0 (0)         ; 0           ; 0    ; 0            ; 0       ; 0         ; 0    ; 0            ; 0 (0)        ; 0 (0)             ; 2 (2)            ; |robot_motor_top|sld_signaltap:auto_signaltap_0|sld_signaltap_impl:sld_signaltap_body|sld_signaltap_implb:sld_signaltap_body|sld_ela_control:ela_control|sld_ela_basic_multi_level_trigger:\basic_multi_level_mbpm_trigger_gen:multi_level_mbpm|sld_mbpmg:\trigger_modules_gen:0:trigger_match|sld_sbpmg:\gen_sbpmg_pipeline_less_than_two:sm0:31:sm1       ; sld_sbpmg                         ; work         ;
;                      |sld_sbpmg:\gen_sbpmg_pipeline_less_than_two:sm0:32:sm1|                                                           ; 2 (2)       ; 2 (2)                     ; 0 (0)         ; 0           ; 0    ; 0            ; 0       ; 0         ; 0    ; 0            ; 0 (0)        ; 0 (0)             ; 2 (2)            ; |robot_motor_top|sld_signaltap:auto_signaltap_0|sld_signaltap_impl:sld_signaltap_body|sld_signaltap_implb:sld_signaltap_body|sld_ela_control:ela_control|sld_ela_basic_multi_level_trigger:\basic_multi_level_mbpm_trigger_gen:multi_level_mbpm|sld_mbpmg:\trigger_modules_gen:0:trigger_match|sld_sbpmg:\gen_sbpmg_pipeline_less_than_two:sm0:32:sm1       ; sld_sbpmg                         ; work         ;
;                      |sld_sbpmg:\gen_sbpmg_pipeline_less_than_two:sm0:33:sm1|                                                           ; 2 (2)       ; 2 (2)                     ; 0 (0)         ; 0           ; 0    ; 0            ; 0       ; 0         ; 0    ; 0            ; 0 (0)        ; 0 (0)             ; 2 (2)            ; |robot_motor_top|sld_signaltap:auto_signaltap_0|sld_signaltap_impl:sld_signaltap_body|sld_signaltap_implb:sld_signaltap_body|sld_ela_control:ela_control|sld_ela_basic_multi_level_trigger:\basic_multi_level_mbpm_trigger_gen:multi_level_mbpm|sld_mbpmg:\trigger_modules_gen:0:trigger_match|sld_sbpmg:\gen_sbpmg_pipeline_less_than_two:sm0:33:sm1       ; sld_sbpmg                         ; work         ;
;                      |sld_sbpmg:\gen_sbpmg_pipeline_less_than_two:sm0:34:sm1|                                                           ; 2 (2)       ; 2 (2)                     ; 0 (0)         ; 0           ; 0    ; 0            ; 0       ; 0         ; 0    ; 0            ; 0 (0)        ; 0 (0)             ; 2 (2)            ; |robot_motor_top|sld_signaltap:auto_signaltap_0|sld_signaltap_impl:sld_signaltap_body|sld_signaltap_implb:sld_signaltap_body|sld_ela_control:ela_control|sld_ela_basic_multi_level_trigger:\basic_multi_level_mbpm_trigger_gen:multi_level_mbpm|sld_mbpmg:\trigger_modules_gen:0:trigger_match|sld_sbpmg:\gen_sbpmg_pipeline_less_than_two:sm0:34:sm1       ; sld_sbpmg                         ; work         ;
;                      |sld_sbpmg:\gen_sbpmg_pipeline_less_than_two:sm0:35:sm1|                                                           ; 2 (2)       ; 2 (2)                     ; 0 (0)         ; 0           ; 0    ; 0            ; 0       ; 0         ; 0    ; 0            ; 0 (0)        ; 0 (0)             ; 2 (2)            ; |robot_motor_top|sld_signaltap:auto_signaltap_0|sld_signaltap_impl:sld_signaltap_body|sld_signaltap_implb:sld_signaltap_body|sld_ela_control:ela_control|sld_ela_basic_multi_level_trigger:\basic_multi_level_mbpm_trigger_gen:multi_level_mbpm|sld_mbpmg:\trigger_modules_gen:0:trigger_match|sld_sbpmg:\gen_sbpmg_pipeline_less_than_two:sm0:35:sm1       ; sld_sbpmg                         ; work         ;
;                      |sld_sbpmg:\gen_sbpmg_pipeline_less_than_two:sm0:36:sm1|                                                           ; 2 (2)       ; 2 (2)                     ; 0 (0)         ; 0           ; 0    ; 0            ; 0       ; 0         ; 0    ; 0            ; 0 (0)        ; 0 (0)             ; 2 (2)            ; |robot_motor_top|sld_signaltap:auto_signaltap_0|sld_signaltap_impl:sld_signaltap_body|sld_signaltap_implb:sld_signaltap_body|sld_ela_control:ela_control|sld_ela_basic_multi_level_trigger:\basic_multi_level_mbpm_trigger_gen:multi_level_mbpm|sld_mbpmg:\trigger_modules_gen:0:trigger_match|sld_sbpmg:\gen_sbpmg_pipeline_less_than_two:sm0:36:sm1       ; sld_sbpmg                         ; work         ;
;                      |sld_sbpmg:\gen_sbpmg_pipeline_less_than_two:sm0:37:sm1|                                                           ; 2 (2)       ; 2 (2)                     ; 0 (0)         ; 0           ; 0    ; 0            ; 0       ; 0         ; 0    ; 0            ; 0 (0)        ; 0 (0)             ; 2 (2)            ; |robot_motor_top|sld_signaltap:auto_signaltap_0|sld_signaltap_impl:sld_signaltap_body|sld_signaltap_implb:sld_signaltap_body|sld_ela_control:ela_control|sld_ela_basic_multi_level_trigger:\basic_multi_level_mbpm_trigger_gen:multi_level_mbpm|sld_mbpmg:\trigger_modules_gen:0:trigger_match|sld_sbpmg:\gen_sbpmg_pipeline_less_than_two:sm0:37:sm1       ; sld_sbpmg                         ; work         ;
;                      |sld_sbpmg:\gen_sbpmg_pipeline_less_than_two:sm0:38:sm1|                                                           ; 2 (2)       ; 2 (2)                     ; 0 (0)         ; 0           ; 0    ; 0            ; 0       ; 0         ; 0    ; 0            ; 0 (0)        ; 0 (0)             ; 2 (2)            ; |robot_motor_top|sld_signaltap:auto_signaltap_0|sld_signaltap_impl:sld_signaltap_body|sld_signaltap_implb:sld_signaltap_body|sld_ela_control:ela_control|sld_ela_basic_multi_level_trigger:\basic_multi_level_mbpm_trigger_gen:multi_level_mbpm|sld_mbpmg:\trigger_modules_gen:0:trigger_match|sld_sbpmg:\gen_sbpmg_pipeline_less_than_two:sm0:38:sm1       ; sld_sbpmg                         ; work         ;
;                      |sld_sbpmg:\gen_sbpmg_pipeline_less_than_two:sm0:39:sm1|                                                           ; 2 (2)       ; 2 (2)                     ; 0 (0)         ; 0           ; 0    ; 0            ; 0       ; 0         ; 0    ; 0            ; 0 (0)        ; 0 (0)             ; 2 (2)            ; |robot_motor_top|sld_signaltap:auto_signaltap_0|sld_signaltap_impl:sld_signaltap_body|sld_signaltap_implb:sld_signaltap_body|sld_ela_control:ela_control|sld_ela_basic_multi_level_trigger:\basic_multi_level_mbpm_trigger_gen:multi_level_mbpm|sld_mbpmg:\trigger_modules_gen:0:trigger_match|sld_sbpmg:\gen_sbpmg_pipeline_less_than_two:sm0:39:sm1       ; sld_sbpmg                         ; work         ;
;                      |sld_sbpmg:\gen_sbpmg_pipeline_less_than_two:sm0:3:sm1|                                                            ; 2 (2)       ; 2 (2)                     ; 0 (0)         ; 0           ; 0    ; 0            ; 0       ; 0         ; 0    ; 0            ; 0 (0)        ; 0 (0)             ; 2 (2)            ; |robot_motor_top|sld_signaltap:auto_signaltap_0|sld_signaltap_impl:sld_signaltap_body|sld_signaltap_implb:sld_signaltap_body|sld_ela_control:ela_control|sld_ela_basic_multi_level_trigger:\basic_multi_level_mbpm_trigger_gen:multi_level_mbpm|sld_mbpmg:\trigger_modules_gen:0:trigger_match|sld_sbpmg:\gen_sbpmg_pipeline_less_than_two:sm0:3:sm1        ; sld_sbpmg                         ; work         ;
;                      |sld_sbpmg:\gen_sbpmg_pipeline_less_than_two:sm0:40:sm1|                                                           ; 2 (2)       ; 2 (2)                     ; 0 (0)         ; 0           ; 0    ; 0            ; 0       ; 0         ; 0    ; 0            ; 0 (0)        ; 0 (0)             ; 2 (2)            ; |robot_motor_top|sld_signaltap:auto_signaltap_0|sld_signaltap_impl:sld_signaltap_body|sld_signaltap_implb:sld_signaltap_body|sld_ela_control:ela_control|sld_ela_basic_multi_level_trigger:\basic_multi_level_mbpm_trigger_gen:multi_level_mbpm|sld_mbpmg:\trigger_modules_gen:0:trigger_match|sld_sbpmg:\gen_sbpmg_pipeline_less_than_two:sm0:40:sm1       ; sld_sbpmg                         ; work         ;
;                      |sld_sbpmg:\gen_sbpmg_pipeline_less_than_two:sm0:41:sm1|                                                           ; 2 (2)       ; 2 (2)                     ; 0 (0)         ; 0           ; 0    ; 0            ; 0       ; 0         ; 0    ; 0            ; 0 (0)        ; 0 (0)             ; 2 (2)            ; |robot_motor_top|sld_signaltap:auto_signaltap_0|sld_signaltap_impl:sld_signaltap_body|sld_signaltap_implb:sld_signaltap_body|sld_ela_control:ela_control|sld_ela_basic_multi_level_trigger:\basic_multi_level_mbpm_trigger_gen:multi_level_mbpm|sld_mbpmg:\trigger_modules_gen:0:trigger_match|sld_sbpmg:\gen_sbpmg_pipeline_less_than_two:sm0:41:sm1       ; sld_sbpmg                         ; work         ;
;                      |sld_sbpmg:\gen_sbpmg_pipeline_less_than_two:sm0:42:sm1|                                                           ; 2 (2)       ; 2 (2)                     ; 0 (0)         ; 0           ; 0    ; 0            ; 0       ; 0         ; 0    ; 0            ; 0 (0)        ; 0 (0)             ; 2 (2)            ; |robot_motor_top|sld_signaltap:auto_signaltap_0|sld_signaltap_impl:sld_signaltap_body|sld_signaltap_implb:sld_signaltap_body|sld_ela_control:ela_control|sld_ela_basic_multi_level_trigger:\basic_multi_level_mbpm_trigger_gen:multi_level_mbpm|sld_mbpmg:\trigger_modules_gen:0:trigger_match|sld_sbpmg:\gen_sbpmg_pipeline_less_than_two:sm0:42:sm1       ; sld_sbpmg                         ; work         ;
;                      |sld_sbpmg:\gen_sbpmg_pipeline_less_than_two:sm0:43:sm1|                                                           ; 2 (2)       ; 2 (2)                     ; 0 (0)         ; 0           ; 0    ; 0            ; 0       ; 0         ; 0    ; 0            ; 0 (0)        ; 0 (0)             ; 2 (2)            ; |robot_motor_top|sld_signaltap:auto_signaltap_0|sld_signaltap_impl:sld_signaltap_body|sld_signaltap_implb:sld_signaltap_body|sld_ela_control:ela_control|sld_ela_basic_multi_level_trigger:\basic_multi_level_mbpm_trigger_gen:multi_level_mbpm|sld_mbpmg:\trigger_modules_gen:0:trigger_match|sld_sbpmg:\gen_sbpmg_pipeline_less_than_two:sm0:43:sm1       ; sld_sbpmg                         ; work         ;
;                      |sld_sbpmg:\gen_sbpmg_pipeline_less_than_two:sm0:44:sm1|                                                           ; 2 (2)       ; 2 (2)                     ; 0 (0)         ; 0           ; 0    ; 0            ; 0       ; 0         ; 0    ; 0            ; 0 (0)        ; 0 (0)             ; 2 (2)            ; |robot_motor_top|sld_signaltap:auto_signaltap_0|sld_signaltap_impl:sld_signaltap_body|sld_signaltap_implb:sld_signaltap_body|sld_ela_control:ela_control|sld_ela_basic_multi_level_trigger:\basic_multi_level_mbpm_trigger_gen:multi_level_mbpm|sld_mbpmg:\trigger_modules_gen:0:trigger_match|sld_sbpmg:\gen_sbpmg_pipeline_less_than_two:sm0:44:sm1       ; sld_sbpmg                         ; work         ;
;                      |sld_sbpmg:\gen_sbpmg_pipeline_less_than_two:sm0:45:sm1|                                                           ; 2 (2)       ; 2 (2)                     ; 0 (0)         ; 0           ; 0    ; 0            ; 0       ; 0         ; 0    ; 0            ; 0 (0)        ; 0 (0)             ; 2 (2)            ; |robot_motor_top|sld_signaltap:auto_signaltap_0|sld_signaltap_impl:sld_signaltap_body|sld_signaltap_implb:sld_signaltap_body|sld_ela_control:ela_control|sld_ela_basic_multi_level_trigger:\basic_multi_level_mbpm_trigger_gen:multi_level_mbpm|sld_mbpmg:\trigger_modules_gen:0:trigger_match|sld_sbpmg:\gen_sbpmg_pipeline_less_than_two:sm0:45:sm1       ; sld_sbpmg                         ; work         ;
;                      |sld_sbpmg:\gen_sbpmg_pipeline_less_than_two:sm0:46:sm1|                                                           ; 2 (2)       ; 2 (2)                     ; 0 (0)         ; 0           ; 0    ; 0            ; 0       ; 0         ; 0    ; 0            ; 0 (0)        ; 0 (0)             ; 2 (2)            ; |robot_motor_top|sld_signaltap:auto_signaltap_0|sld_signaltap_impl:sld_signaltap_body|sld_signaltap_implb:sld_signaltap_body|sld_ela_control:ela_control|sld_ela_basic_multi_level_trigger:\basic_multi_level_mbpm_trigger_gen:multi_level_mbpm|sld_mbpmg:\trigger_modules_gen:0:trigger_match|sld_sbpmg:\gen_sbpmg_pipeline_less_than_two:sm0:46:sm1       ; sld_sbpmg                         ; work         ;
;                      |sld_sbpmg:\gen_sbpmg_pipeline_less_than_two:sm0:47:sm1|                                                           ; 2 (2)       ; 2 (2)                     ; 0 (0)         ; 0           ; 0    ; 0            ; 0       ; 0         ; 0    ; 0            ; 0 (0)        ; 0 (0)             ; 2 (2)            ; |robot_motor_top|sld_signaltap:auto_signaltap_0|sld_signaltap_impl:sld_signaltap_body|sld_signaltap_implb:sld_signaltap_body|sld_ela_control:ela_control|sld_ela_basic_multi_level_trigger:\basic_multi_level_mbpm_trigger_gen:multi_level_mbpm|sld_mbpmg:\trigger_modules_gen:0:trigger_match|sld_sbpmg:\gen_sbpmg_pipeline_less_than_two:sm0:47:sm1       ; sld_sbpmg                         ; work         ;
;                      |sld_sbpmg:\gen_sbpmg_pipeline_less_than_two:sm0:48:sm1|                                                           ; 2 (2)       ; 2 (2)                     ; 0 (0)         ; 0           ; 0    ; 0            ; 0       ; 0         ; 0    ; 0            ; 0 (0)        ; 0 (0)             ; 2 (2)            ; |robot_motor_top|sld_signaltap:auto_signaltap_0|sld_signaltap_impl:sld_signaltap_body|sld_signaltap_implb:sld_signaltap_body|sld_ela_control:ela_control|sld_ela_basic_multi_level_trigger:\basic_multi_level_mbpm_trigger_gen:multi_level_mbpm|sld_mbpmg:\trigger_modules_gen:0:trigger_match|sld_sbpmg:\gen_sbpmg_pipeline_less_than_two:sm0:48:sm1       ; sld_sbpmg                         ; work         ;
;                      |sld_sbpmg:\gen_sbpmg_pipeline_less_than_two:sm0:49:sm1|                                                           ; 2 (2)       ; 2 (2)                     ; 0 (0)         ; 0           ; 0    ; 0            ; 0       ; 0         ; 0    ; 0            ; 0 (0)        ; 0 (0)             ; 2 (2)            ; |robot_motor_top|sld_signaltap:auto_signaltap_0|sld_signaltap_impl:sld_signaltap_body|sld_signaltap_implb:sld_signaltap_body|sld_ela_control:ela_control|sld_ela_basic_multi_level_trigger:\basic_multi_level_mbpm_trigger_gen:multi_level_mbpm|sld_mbpmg:\trigger_modules_gen:0:trigger_match|sld_sbpmg:\gen_sbpmg_pipeline_less_than_two:sm0:49:sm1       ; sld_sbpmg                         ; work         ;
;                      |sld_sbpmg:\gen_sbpmg_pipeline_less_than_two:sm0:4:sm1|                                                            ; 2 (2)       ; 2 (2)                     ; 0 (0)         ; 0           ; 0    ; 0            ; 0       ; 0         ; 0    ; 0            ; 0 (0)        ; 0 (0)             ; 2 (2)            ; |robot_motor_top|sld_signaltap:auto_signaltap_0|sld_signaltap_impl:sld_signaltap_body|sld_signaltap_implb:sld_signaltap_body|sld_ela_control:ela_control|sld_ela_basic_multi_level_trigger:\basic_multi_level_mbpm_trigger_gen:multi_level_mbpm|sld_mbpmg:\trigger_modules_gen:0:trigger_match|sld_sbpmg:\gen_sbpmg_pipeline_less_than_two:sm0:4:sm1        ; sld_sbpmg                         ; work         ;
;                      |sld_sbpmg:\gen_sbpmg_pipeline_less_than_two:sm0:50:sm1|                                                           ; 2 (2)       ; 2 (2)                     ; 0 (0)         ; 0           ; 0    ; 0            ; 0       ; 0         ; 0    ; 0            ; 0 (0)        ; 0 (0)             ; 2 (2)            ; |robot_motor_top|sld_signaltap:auto_signaltap_0|sld_signaltap_impl:sld_signaltap_body|sld_signaltap_implb:sld_signaltap_body|sld_ela_control:ela_control|sld_ela_basic_multi_level_trigger:\basic_multi_level_mbpm_trigger_gen:multi_level_mbpm|sld_mbpmg:\trigger_modules_gen:0:trigger_match|sld_sbpmg:\gen_sbpmg_pipeline_less_than_two:sm0:50:sm1       ; sld_sbpmg                         ; work         ;
;                      |sld_sbpmg:\gen_sbpmg_pipeline_less_than_two:sm0:51:sm1|                                                           ; 2 (2)       ; 2 (2)                     ; 0 (0)         ; 0           ; 0    ; 0            ; 0       ; 0         ; 0    ; 0            ; 0 (0)        ; 0 (0)             ; 2 (2)            ; |robot_motor_top|sld_signaltap:auto_signaltap_0|sld_signaltap_impl:sld_signaltap_body|sld_signaltap_implb:sld_signaltap_body|sld_ela_control:ela_control|sld_ela_basic_multi_level_trigger:\basic_multi_level_mbpm_trigger_gen:multi_level_mbpm|sld_mbpmg:\trigger_modules_gen:0:trigger_match|sld_sbpmg:\gen_sbpmg_pipeline_less_than_two:sm0:51:sm1       ; sld_sbpmg                         ; work         ;
;                      |sld_sbpmg:\gen_sbpmg_pipeline_less_than_two:sm0:52:sm1|                                                           ; 2 (2)       ; 2 (2)                     ; 0 (0)         ; 0           ; 0    ; 0            ; 0       ; 0         ; 0    ; 0            ; 0 (0)        ; 0 (0)             ; 2 (2)            ; |robot_motor_top|sld_signaltap:auto_signaltap_0|sld_signaltap_impl:sld_signaltap_body|sld_signaltap_implb:sld_signaltap_body|sld_ela_control:ela_control|sld_ela_basic_multi_level_trigger:\basic_multi_level_mbpm_trigger_gen:multi_level_mbpm|sld_mbpmg:\trigger_modules_gen:0:trigger_match|sld_sbpmg:\gen_sbpmg_pipeline_less_than_two:sm0:52:sm1       ; sld_sbpmg                         ; work         ;
;                      |sld_sbpmg:\gen_sbpmg_pipeline_less_than_two:sm0:53:sm1|                                                           ; 2 (2)       ; 2 (2)                     ; 0 (0)         ; 0           ; 0    ; 0            ; 0       ; 0         ; 0    ; 0            ; 0 (0)        ; 0 (0)             ; 2 (2)            ; |robot_motor_top|sld_signaltap:auto_signaltap_0|sld_signaltap_impl:sld_signaltap_body|sld_signaltap_implb:sld_signaltap_body|sld_ela_control:ela_control|sld_ela_basic_multi_level_trigger:\basic_multi_level_mbpm_trigger_gen:multi_level_mbpm|sld_mbpmg:\trigger_modules_gen:0:trigger_match|sld_sbpmg:\gen_sbpmg_pipeline_less_than_two:sm0:53:sm1       ; sld_sbpmg                         ; work         ;
;                      |sld_sbpmg:\gen_sbpmg_pipeline_less_than_two:sm0:54:sm1|                                                           ; 2 (2)       ; 2 (2)                     ; 0 (0)         ; 0           ; 0    ; 0            ; 0       ; 0         ; 0    ; 0            ; 0 (0)        ; 0 (0)             ; 2 (2)            ; |robot_motor_top|sld_signaltap:auto_signaltap_0|sld_signaltap_impl:sld_signaltap_body|sld_signaltap_implb:sld_signaltap_body|sld_ela_control:ela_control|sld_ela_basic_multi_level_trigger:\basic_multi_level_mbpm_trigger_gen:multi_level_mbpm|sld_mbpmg:\trigger_modules_gen:0:trigger_match|sld_sbpmg:\gen_sbpmg_pipeline_less_than_two:sm0:54:sm1       ; sld_sbpmg                         ; work         ;
;                      |sld_sbpmg:\gen_sbpmg_pipeline_less_than_two:sm0:55:sm1|                                                           ; 2 (2)       ; 2 (2)                     ; 0 (0)         ; 0           ; 0    ; 0            ; 0       ; 0         ; 0    ; 0            ; 0 (0)        ; 0 (0)             ; 2 (2)            ; |robot_motor_top|sld_signaltap:auto_signaltap_0|sld_signaltap_impl:sld_signaltap_body|sld_signaltap_implb:sld_signaltap_body|sld_ela_control:ela_control|sld_ela_basic_multi_level_trigger:\basic_multi_level_mbpm_trigger_gen:multi_level_mbpm|sld_mbpmg:\trigger_modules_gen:0:trigger_match|sld_sbpmg:\gen_sbpmg_pipeline_less_than_two:sm0:55:sm1       ; sld_sbpmg                         ; work         ;
;                      |sld_sbpmg:\gen_sbpmg_pipeline_less_than_two:sm0:56:sm1|                                                           ; 2 (2)       ; 2 (2)                     ; 0 (0)         ; 0           ; 0    ; 0            ; 0       ; 0         ; 0    ; 0            ; 0 (0)        ; 0 (0)             ; 2 (2)            ; |robot_motor_top|sld_signaltap:auto_signaltap_0|sld_signaltap_impl:sld_signaltap_body|sld_signaltap_implb:sld_signaltap_body|sld_ela_control:ela_control|sld_ela_basic_multi_level_trigger:\basic_multi_level_mbpm_trigger_gen:multi_level_mbpm|sld_mbpmg:\trigger_modules_gen:0:trigger_match|sld_sbpmg:\gen_sbpmg_pipeline_less_than_two:sm0:56:sm1       ; sld_sbpmg                         ; work         ;
;                      |sld_sbpmg:\gen_sbpmg_pipeline_less_than_two:sm0:57:sm1|                                                           ; 2 (2)       ; 2 (2)                     ; 0 (0)         ; 0           ; 0    ; 0            ; 0       ; 0         ; 0    ; 0            ; 0 (0)        ; 0 (0)             ; 2 (2)            ; |robot_motor_top|sld_signaltap:auto_signaltap_0|sld_signaltap_impl:sld_signaltap_body|sld_signaltap_implb:sld_signaltap_body|sld_ela_control:ela_control|sld_ela_basic_multi_level_trigger:\basic_multi_level_mbpm_trigger_gen:multi_level_mbpm|sld_mbpmg:\trigger_modules_gen:0:trigger_match|sld_sbpmg:\gen_sbpmg_pipeline_less_than_two:sm0:57:sm1       ; sld_sbpmg                         ; work         ;
;                      |sld_sbpmg:\gen_sbpmg_pipeline_less_than_two:sm0:58:sm1|                                                           ; 2 (2)       ; 2 (2)                     ; 0 (0)         ; 0           ; 0    ; 0            ; 0       ; 0         ; 0    ; 0            ; 0 (0)        ; 0 (0)             ; 2 (2)            ; |robot_motor_top|sld_signaltap:auto_signaltap_0|sld_signaltap_impl:sld_signaltap_body|sld_signaltap_implb:sld_signaltap_body|sld_ela_control:ela_control|sld_ela_basic_multi_level_trigger:\basic_multi_level_mbpm_trigger_gen:multi_level_mbpm|sld_mbpmg:\trigger_modules_gen:0:trigger_match|sld_sbpmg:\gen_sbpmg_pipeline_less_than_two:sm0:58:sm1       ; sld_sbpmg                         ; work         ;
;                      |sld_sbpmg:\gen_sbpmg_pipeline_less_than_two:sm0:59:sm1|                                                           ; 2 (2)       ; 2 (2)                     ; 0 (0)         ; 0           ; 0    ; 0            ; 0       ; 0         ; 0    ; 0            ; 0 (0)        ; 0 (0)             ; 2 (2)            ; |robot_motor_top|sld_signaltap:auto_signaltap_0|sld_signaltap_impl:sld_signaltap_body|sld_signaltap_implb:sld_signaltap_body|sld_ela_control:ela_control|sld_ela_basic_multi_level_trigger:\basic_multi_level_mbpm_trigger_gen:multi_level_mbpm|sld_mbpmg:\trigger_modules_gen:0:trigger_match|sld_sbpmg:\gen_sbpmg_pipeline_less_than_two:sm0:59:sm1       ; sld_sbpmg                         ; work         ;
;                      |sld_sbpmg:\gen_sbpmg_pipeline_less_than_two:sm0:5:sm1|                                                            ; 2 (2)       ; 2 (2)                     ; 0 (0)         ; 0           ; 0    ; 0            ; 0       ; 0         ; 0    ; 0            ; 0 (0)        ; 0 (0)             ; 2 (2)            ; |robot_motor_top|sld_signaltap:auto_signaltap_0|sld_signaltap_impl:sld_signaltap_body|sld_signaltap_implb:sld_signaltap_body|sld_ela_control:ela_control|sld_ela_basic_multi_level_trigger:\basic_multi_level_mbpm_trigger_gen:multi_level_mbpm|sld_mbpmg:\trigger_modules_gen:0:trigger_match|sld_sbpmg:\gen_sbpmg_pipeline_less_than_two:sm0:5:sm1        ; sld_sbpmg                         ; work         ;
;                      |sld_sbpmg:\gen_sbpmg_pipeline_less_than_two:sm0:60:sm1|                                                           ; 2 (2)       ; 2 (2)                     ; 0 (0)         ; 0           ; 0    ; 0            ; 0       ; 0         ; 0    ; 0            ; 0 (0)        ; 0 (0)             ; 2 (2)            ; |robot_motor_top|sld_signaltap:auto_signaltap_0|sld_signaltap_impl:sld_signaltap_body|sld_signaltap_implb:sld_signaltap_body|sld_ela_control:ela_control|sld_ela_basic_multi_level_trigger:\basic_multi_level_mbpm_trigger_gen:multi_level_mbpm|sld_mbpmg:\trigger_modules_gen:0:trigger_match|sld_sbpmg:\gen_sbpmg_pipeline_less_than_two:sm0:60:sm1       ; sld_sbpmg                         ; work         ;
;                      |sld_sbpmg:\gen_sbpmg_pipeline_less_than_two:sm0:61:sm1|                                                           ; 2 (2)       ; 2 (2)                     ; 0 (0)         ; 0           ; 0    ; 0            ; 0       ; 0         ; 0    ; 0            ; 0 (0)        ; 0 (0)             ; 2 (2)            ; |robot_motor_top|sld_signaltap:auto_signaltap_0|sld_signaltap_impl:sld_signaltap_body|sld_signaltap_implb:sld_signaltap_body|sld_ela_control:ela_control|sld_ela_basic_multi_level_trigger:\basic_multi_level_mbpm_trigger_gen:multi_level_mbpm|sld_mbpmg:\trigger_modules_gen:0:trigger_match|sld_sbpmg:\gen_sbpmg_pipeline_less_than_two:sm0:61:sm1       ; sld_sbpmg                         ; work         ;
;                      |sld_sbpmg:\gen_sbpmg_pipeline_less_than_two:sm0:62:sm1|                                                           ; 2 (2)       ; 2 (2)                     ; 0 (0)         ; 0           ; 0    ; 0            ; 0       ; 0         ; 0    ; 0            ; 0 (0)        ; 0 (0)             ; 2 (2)            ; |robot_motor_top|sld_signaltap:auto_signaltap_0|sld_signaltap_impl:sld_signaltap_body|sld_signaltap_implb:sld_signaltap_body|sld_ela_control:ela_control|sld_ela_basic_multi_level_trigger:\basic_multi_level_mbpm_trigger_gen:multi_level_mbpm|sld_mbpmg:\trigger_modules_gen:0:trigger_match|sld_sbpmg:\gen_sbpmg_pipeline_less_than_two:sm0:62:sm1       ; sld_sbpmg                         ; work         ;
;                      |sld_sbpmg:\gen_sbpmg_pipeline_less_than_two:sm0:63:sm1|                                                           ; 3 (3)       ; 2 (2)                     ; 0 (0)         ; 0           ; 0    ; 0            ; 0       ; 0         ; 0    ; 0            ; 0 (0)        ; 1 (1)             ; 2 (2)            ; |robot_motor_top|sld_signaltap:auto_signaltap_0|sld_signaltap_impl:sld_signaltap_body|sld_signaltap_implb:sld_signaltap_body|sld_ela_control:ela_control|sld_ela_basic_multi_level_trigger:\basic_multi_level_mbpm_trigger_gen:multi_level_mbpm|sld_mbpmg:\trigger_modules_gen:0:trigger_match|sld_sbpmg:\gen_sbpmg_pipeline_less_than_two:sm0:63:sm1       ; sld_sbpmg                         ; work         ;
;                      |sld_sbpmg:\gen_sbpmg_pipeline_less_than_two:sm0:64:sm1|                                                           ; 2 (2)       ; 2 (2)                     ; 0 (0)         ; 0           ; 0    ; 0            ; 0       ; 0         ; 0    ; 0            ; 0 (0)        ; 0 (0)             ; 2 (2)            ; |robot_motor_top|sld_signaltap:auto_signaltap_0|sld_signaltap_impl:sld_signaltap_body|sld_signaltap_implb:sld_signaltap_body|sld_ela_control:ela_control|sld_ela_basic_multi_level_trigger:\basic_multi_level_mbpm_trigger_gen:multi_level_mbpm|sld_mbpmg:\trigger_modules_gen:0:trigger_match|sld_sbpmg:\gen_sbpmg_pipeline_less_than_two:sm0:64:sm1       ; sld_sbpmg                         ; work         ;
;                      |sld_sbpmg:\gen_sbpmg_pipeline_less_than_two:sm0:65:sm1|                                                           ; 2 (2)       ; 2 (2)                     ; 0 (0)         ; 0           ; 0    ; 0            ; 0       ; 0         ; 0    ; 0            ; 0 (0)        ; 0 (0)             ; 2 (2)            ; |robot_motor_top|sld_signaltap:auto_signaltap_0|sld_signaltap_impl:sld_signaltap_body|sld_signaltap_implb:sld_signaltap_body|sld_ela_control:ela_control|sld_ela_basic_multi_level_trigger:\basic_multi_level_mbpm_trigger_gen:multi_level_mbpm|sld_mbpmg:\trigger_modules_gen:0:trigger_match|sld_sbpmg:\gen_sbpmg_pipeline_less_than_two:sm0:65:sm1       ; sld_sbpmg                         ; work         ;
;                      |sld_sbpmg:\gen_sbpmg_pipeline_less_than_two:sm0:66:sm1|                                                           ; 2 (2)       ; 2 (2)                     ; 0 (0)         ; 0           ; 0    ; 0            ; 0       ; 0         ; 0    ; 0            ; 0 (0)        ; 0 (0)             ; 2 (2)            ; |robot_motor_top|sld_signaltap:auto_signaltap_0|sld_signaltap_impl:sld_signaltap_body|sld_signaltap_implb:sld_signaltap_body|sld_ela_control:ela_control|sld_ela_basic_multi_level_trigger:\basic_multi_level_mbpm_trigger_gen:multi_level_mbpm|sld_mbpmg:\trigger_modules_gen:0:trigger_match|sld_sbpmg:\gen_sbpmg_pipeline_less_than_two:sm0:66:sm1       ; sld_sbpmg                         ; work         ;
;                      |sld_sbpmg:\gen_sbpmg_pipeline_less_than_two:sm0:67:sm1|                                                           ; 2 (2)       ; 2 (2)                     ; 0 (0)         ; 0           ; 0    ; 0            ; 0       ; 0         ; 0    ; 0            ; 0 (0)        ; 0 (0)             ; 2 (2)            ; |robot_motor_top|sld_signaltap:auto_signaltap_0|sld_signaltap_impl:sld_signaltap_body|sld_signaltap_implb:sld_signaltap_body|sld_ela_control:ela_control|sld_ela_basic_multi_level_trigger:\basic_multi_level_mbpm_trigger_gen:multi_level_mbpm|sld_mbpmg:\trigger_modules_gen:0:trigger_match|sld_sbpmg:\gen_sbpmg_pipeline_less_than_two:sm0:67:sm1       ; sld_sbpmg                         ; work         ;
;                      |sld_sbpmg:\gen_sbpmg_pipeline_less_than_two:sm0:68:sm1|                                                           ; 2 (2)       ; 2 (2)                     ; 0 (0)         ; 0           ; 0    ; 0            ; 0       ; 0         ; 0    ; 0            ; 0 (0)        ; 0 (0)             ; 2 (2)            ; |robot_motor_top|sld_signaltap:auto_signaltap_0|sld_signaltap_impl:sld_signaltap_body|sld_signaltap_implb:sld_signaltap_body|sld_ela_control:ela_control|sld_ela_basic_multi_level_trigger:\basic_multi_level_mbpm_trigger_gen:multi_level_mbpm|sld_mbpmg:\trigger_modules_gen:0:trigger_match|sld_sbpmg:\gen_sbpmg_pipeline_less_than_two:sm0:68:sm1       ; sld_sbpmg                         ; work         ;
;                      |sld_sbpmg:\gen_sbpmg_pipeline_less_than_two:sm0:69:sm1|                                                           ; 2 (2)       ; 2 (2)                     ; 0 (0)         ; 0           ; 0    ; 0            ; 0       ; 0         ; 0    ; 0            ; 0 (0)        ; 0 (0)             ; 2 (2)            ; |robot_motor_top|sld_signaltap:auto_signaltap_0|sld_signaltap_impl:sld_signaltap_body|sld_signaltap_implb:sld_signaltap_body|sld_ela_control:ela_control|sld_ela_basic_multi_level_trigger:\basic_multi_level_mbpm_trigger_gen:multi_level_mbpm|sld_mbpmg:\trigger_modules_gen:0:trigger_match|sld_sbpmg:\gen_sbpmg_pipeline_less_than_two:sm0:69:sm1       ; sld_sbpmg                         ; work         ;
;                      |sld_sbpmg:\gen_sbpmg_pipeline_less_than_two:sm0:6:sm1|                                                            ; 2 (2)       ; 2 (2)                     ; 0 (0)         ; 0           ; 0    ; 0            ; 0       ; 0         ; 0    ; 0            ; 0 (0)        ; 0 (0)             ; 2 (2)            ; |robot_motor_top|sld_signaltap:auto_signaltap_0|sld_signaltap_impl:sld_signaltap_body|sld_signaltap_implb:sld_signaltap_body|sld_ela_control:ela_control|sld_ela_basic_multi_level_trigger:\basic_multi_level_mbpm_trigger_gen:multi_level_mbpm|sld_mbpmg:\trigger_modules_gen:0:trigger_match|sld_sbpmg:\gen_sbpmg_pipeline_less_than_two:sm0:6:sm1        ; sld_sbpmg                         ; work         ;
;                      |sld_sbpmg:\gen_sbpmg_pipeline_less_than_two:sm0:70:sm1|                                                           ; 2 (2)       ; 2 (2)                     ; 0 (0)         ; 0           ; 0    ; 0            ; 0       ; 0         ; 0    ; 0            ; 0 (0)        ; 0 (0)             ; 2 (2)            ; |robot_motor_top|sld_signaltap:auto_signaltap_0|sld_signaltap_impl:sld_signaltap_body|sld_signaltap_implb:sld_signaltap_body|sld_ela_control:ela_control|sld_ela_basic_multi_level_trigger:\basic_multi_level_mbpm_trigger_gen:multi_level_mbpm|sld_mbpmg:\trigger_modules_gen:0:trigger_match|sld_sbpmg:\gen_sbpmg_pipeline_less_than_two:sm0:70:sm1       ; sld_sbpmg                         ; work         ;
;                      |sld_sbpmg:\gen_sbpmg_pipeline_less_than_two:sm0:71:sm1|                                                           ; 2 (2)       ; 2 (2)                     ; 0 (0)         ; 0           ; 0    ; 0            ; 0       ; 0         ; 0    ; 0            ; 0 (0)        ; 0 (0)             ; 2 (2)            ; |robot_motor_top|sld_signaltap:auto_signaltap_0|sld_signaltap_impl:sld_signaltap_body|sld_signaltap_implb:sld_signaltap_body|sld_ela_control:ela_control|sld_ela_basic_multi_level_trigger:\basic_multi_level_mbpm_trigger_gen:multi_level_mbpm|sld_mbpmg:\trigger_modules_gen:0:trigger_match|sld_sbpmg:\gen_sbpmg_pipeline_less_than_two:sm0:71:sm1       ; sld_sbpmg                         ; work         ;
;                      |sld_sbpmg:\gen_sbpmg_pipeline_less_than_two:sm0:72:sm1|                                                           ; 2 (2)       ; 2 (2)                     ; 0 (0)         ; 0           ; 0    ; 0            ; 0       ; 0         ; 0    ; 0            ; 0 (0)        ; 0 (0)             ; 2 (2)            ; |robot_motor_top|sld_signaltap:auto_signaltap_0|sld_signaltap_impl:sld_signaltap_body|sld_signaltap_implb:sld_signaltap_body|sld_ela_control:ela_control|sld_ela_basic_multi_level_trigger:\basic_multi_level_mbpm_trigger_gen:multi_level_mbpm|sld_mbpmg:\trigger_modules_gen:0:trigger_match|sld_sbpmg:\gen_sbpmg_pipeline_less_than_two:sm0:72:sm1       ; sld_sbpmg                         ; work         ;
;                      |sld_sbpmg:\gen_sbpmg_pipeline_less_than_two:sm0:73:sm1|                                                           ; 2 (2)       ; 2 (2)                     ; 0 (0)         ; 0           ; 0    ; 0            ; 0       ; 0         ; 0    ; 0            ; 0 (0)        ; 0 (0)             ; 2 (2)            ; |robot_motor_top|sld_signaltap:auto_signaltap_0|sld_signaltap_impl:sld_signaltap_body|sld_signaltap_implb:sld_signaltap_body|sld_ela_control:ela_control|sld_ela_basic_multi_level_trigger:\basic_multi_level_mbpm_trigger_gen:multi_level_mbpm|sld_mbpmg:\trigger_modules_gen:0:trigger_match|sld_sbpmg:\gen_sbpmg_pipeline_less_than_two:sm0:73:sm1       ; sld_sbpmg                         ; work         ;
;                      |sld_sbpmg:\gen_sbpmg_pipeline_less_than_two:sm0:74:sm1|                                                           ; 2 (2)       ; 2 (2)                     ; 0 (0)         ; 0           ; 0    ; 0            ; 0       ; 0         ; 0    ; 0            ; 0 (0)        ; 0 (0)             ; 2 (2)            ; |robot_motor_top|sld_signaltap:auto_signaltap_0|sld_signaltap_impl:sld_signaltap_body|sld_signaltap_implb:sld_signaltap_body|sld_ela_control:ela_control|sld_ela_basic_multi_level_trigger:\basic_multi_level_mbpm_trigger_gen:multi_level_mbpm|sld_mbpmg:\trigger_modules_gen:0:trigger_match|sld_sbpmg:\gen_sbpmg_pipeline_less_than_two:sm0:74:sm1       ; sld_sbpmg                         ; work         ;
;                      |sld_sbpmg:\gen_sbpmg_pipeline_less_than_two:sm0:75:sm1|                                                           ; 2 (2)       ; 2 (2)                     ; 0 (0)         ; 0           ; 0    ; 0            ; 0       ; 0         ; 0    ; 0            ; 0 (0)        ; 0 (0)             ; 2 (2)            ; |robot_motor_top|sld_signaltap:auto_signaltap_0|sld_signaltap_impl:sld_signaltap_body|sld_signaltap_implb:sld_signaltap_body|sld_ela_control:ela_control|sld_ela_basic_multi_level_trigger:\basic_multi_level_mbpm_trigger_gen:multi_level_mbpm|sld_mbpmg:\trigger_modules_gen:0:trigger_match|sld_sbpmg:\gen_sbpmg_pipeline_less_than_two:sm0:75:sm1       ; sld_sbpmg                         ; work         ;
;                      |sld_sbpmg:\gen_sbpmg_pipeline_less_than_two:sm0:76:sm1|                                                           ; 2 (2)       ; 2 (2)                     ; 0 (0)         ; 0           ; 0    ; 0            ; 0       ; 0         ; 0    ; 0            ; 0 (0)        ; 0 (0)             ; 2 (2)            ; |robot_motor_top|sld_signaltap:auto_signaltap_0|sld_signaltap_impl:sld_signaltap_body|sld_signaltap_implb:sld_signaltap_body|sld_ela_control:ela_control|sld_ela_basic_multi_level_trigger:\basic_multi_level_mbpm_trigger_gen:multi_level_mbpm|sld_mbpmg:\trigger_modules_gen:0:trigger_match|sld_sbpmg:\gen_sbpmg_pipeline_less_than_two:sm0:76:sm1       ; sld_sbpmg                         ; work         ;
;                      |sld_sbpmg:\gen_sbpmg_pipeline_less_than_two:sm0:77:sm1|                                                           ; 2 (2)       ; 2 (2)                     ; 0 (0)         ; 0           ; 0    ; 0            ; 0       ; 0         ; 0    ; 0            ; 0 (0)        ; 0 (0)             ; 2 (2)            ; |robot_motor_top|sld_signaltap:auto_signaltap_0|sld_signaltap_impl:sld_signaltap_body|sld_signaltap_implb:sld_signaltap_body|sld_ela_control:ela_control|sld_ela_basic_multi_level_trigger:\basic_multi_level_mbpm_trigger_gen:multi_level_mbpm|sld_mbpmg:\trigger_modules_gen:0:trigger_match|sld_sbpmg:\gen_sbpmg_pipeline_less_than_two:sm0:77:sm1       ; sld_sbpmg                         ; work         ;
;                      |sld_sbpmg:\gen_sbpmg_pipeline_less_than_two:sm0:78:sm1|                                                           ; 2 (2)       ; 2 (2)                     ; 0 (0)         ; 0           ; 0    ; 0            ; 0       ; 0         ; 0    ; 0            ; 0 (0)        ; 0 (0)             ; 2 (2)            ; |robot_motor_top|sld_signaltap:auto_signaltap_0|sld_signaltap_impl:sld_signaltap_body|sld_signaltap_implb:sld_signaltap_body|sld_ela_control:ela_control|sld_ela_basic_multi_level_trigger:\basic_multi_level_mbpm_trigger_gen:multi_level_mbpm|sld_mbpmg:\trigger_modules_gen:0:trigger_match|sld_sbpmg:\gen_sbpmg_pipeline_less_than_two:sm0:78:sm1       ; sld_sbpmg                         ; work         ;
;                      |sld_sbpmg:\gen_sbpmg_pipeline_less_than_two:sm0:79:sm1|                                                           ; 2 (2)       ; 2 (2)                     ; 0 (0)         ; 0           ; 0    ; 0            ; 0       ; 0         ; 0    ; 0            ; 0 (0)        ; 0 (0)             ; 2 (2)            ; |robot_motor_top|sld_signaltap:auto_signaltap_0|sld_signaltap_impl:sld_signaltap_body|sld_signaltap_implb:sld_signaltap_body|sld_ela_control:ela_control|sld_ela_basic_multi_level_trigger:\basic_multi_level_mbpm_trigger_gen:multi_level_mbpm|sld_mbpmg:\trigger_modules_gen:0:trigger_match|sld_sbpmg:\gen_sbpmg_pipeline_less_than_two:sm0:79:sm1       ; sld_sbpmg                         ; work         ;
;                      |sld_sbpmg:\gen_sbpmg_pipeline_less_than_two:sm0:7:sm1|                                                            ; 3 (3)       ; 2 (2)                     ; 0 (0)         ; 0           ; 0    ; 0            ; 0       ; 0         ; 0    ; 0            ; 0 (0)        ; 1 (1)             ; 2 (2)            ; |robot_motor_top|sld_signaltap:auto_signaltap_0|sld_signaltap_impl:sld_signaltap_body|sld_signaltap_implb:sld_signaltap_body|sld_ela_control:ela_control|sld_ela_basic_multi_level_trigger:\basic_multi_level_mbpm_trigger_gen:multi_level_mbpm|sld_mbpmg:\trigger_modules_gen:0:trigger_match|sld_sbpmg:\gen_sbpmg_pipeline_less_than_two:sm0:7:sm1        ; sld_sbpmg                         ; work         ;
;                      |sld_sbpmg:\gen_sbpmg_pipeline_less_than_two:sm0:80:sm1|                                                           ; 2 (2)       ; 2 (2)                     ; 0 (0)         ; 0           ; 0    ; 0            ; 0       ; 0         ; 0    ; 0            ; 0 (0)        ; 0 (0)             ; 2 (2)            ; |robot_motor_top|sld_signaltap:auto_signaltap_0|sld_signaltap_impl:sld_signaltap_body|sld_signaltap_implb:sld_signaltap_body|sld_ela_control:ela_control|sld_ela_basic_multi_level_trigger:\basic_multi_level_mbpm_trigger_gen:multi_level_mbpm|sld_mbpmg:\trigger_modules_gen:0:trigger_match|sld_sbpmg:\gen_sbpmg_pipeline_less_than_two:sm0:80:sm1       ; sld_sbpmg                         ; work         ;
;                      |sld_sbpmg:\gen_sbpmg_pipeline_less_than_two:sm0:81:sm1|                                                           ; 2 (2)       ; 2 (2)                     ; 0 (0)         ; 0           ; 0    ; 0            ; 0       ; 0         ; 0    ; 0            ; 0 (0)        ; 0 (0)             ; 2 (2)            ; |robot_motor_top|sld_signaltap:auto_signaltap_0|sld_signaltap_impl:sld_signaltap_body|sld_signaltap_implb:sld_signaltap_body|sld_ela_control:ela_control|sld_ela_basic_multi_level_trigger:\basic_multi_level_mbpm_trigger_gen:multi_level_mbpm|sld_mbpmg:\trigger_modules_gen:0:trigger_match|sld_sbpmg:\gen_sbpmg_pipeline_less_than_two:sm0:81:sm1       ; sld_sbpmg                         ; work         ;
;                      |sld_sbpmg:\gen_sbpmg_pipeline_less_than_two:sm0:82:sm1|                                                           ; 2 (2)       ; 2 (2)                     ; 0 (0)         ; 0           ; 0    ; 0            ; 0       ; 0         ; 0    ; 0            ; 0 (0)        ; 0 (0)             ; 2 (2)            ; |robot_motor_top|sld_signaltap:auto_signaltap_0|sld_signaltap_impl:sld_signaltap_body|sld_signaltap_implb:sld_signaltap_body|sld_ela_control:ela_control|sld_ela_basic_multi_level_trigger:\basic_multi_level_mbpm_trigger_gen:multi_level_mbpm|sld_mbpmg:\trigger_modules_gen:0:trigger_match|sld_sbpmg:\gen_sbpmg_pipeline_less_than_two:sm0:82:sm1       ; sld_sbpmg                         ; work         ;
;                      |sld_sbpmg:\gen_sbpmg_pipeline_less_than_two:sm0:83:sm1|                                                           ; 2 (2)       ; 2 (2)                     ; 0 (0)         ; 0           ; 0    ; 0            ; 0       ; 0         ; 0    ; 0            ; 0 (0)        ; 0 (0)             ; 2 (2)            ; |robot_motor_top|sld_signaltap:auto_signaltap_0|sld_signaltap_impl:sld_signaltap_body|sld_signaltap_implb:sld_signaltap_body|sld_ela_control:ela_control|sld_ela_basic_multi_level_trigger:\basic_multi_level_mbpm_trigger_gen:multi_level_mbpm|sld_mbpmg:\trigger_modules_gen:0:trigger_match|sld_sbpmg:\gen_sbpmg_pipeline_less_than_two:sm0:83:sm1       ; sld_sbpmg                         ; work         ;
;                      |sld_sbpmg:\gen_sbpmg_pipeline_less_than_two:sm0:8:sm1|                                                            ; 2 (2)       ; 2 (2)                     ; 0 (0)         ; 0           ; 0    ; 0            ; 0       ; 0         ; 0    ; 0            ; 0 (0)        ; 0 (0)             ; 2 (2)            ; |robot_motor_top|sld_signaltap:auto_signaltap_0|sld_signaltap_impl:sld_signaltap_body|sld_signaltap_implb:sld_signaltap_body|sld_ela_control:ela_control|sld_ela_basic_multi_level_trigger:\basic_multi_level_mbpm_trigger_gen:multi_level_mbpm|sld_mbpmg:\trigger_modules_gen:0:trigger_match|sld_sbpmg:\gen_sbpmg_pipeline_less_than_two:sm0:8:sm1        ; sld_sbpmg                         ; work         ;
;                      |sld_sbpmg:\gen_sbpmg_pipeline_less_than_two:sm0:9:sm1|                                                            ; 2 (2)       ; 2 (2)                     ; 0 (0)         ; 0           ; 0    ; 0            ; 0       ; 0         ; 0    ; 0            ; 0 (0)        ; 0 (0)             ; 2 (2)            ; |robot_motor_top|sld_signaltap:auto_signaltap_0|sld_signaltap_impl:sld_signaltap_body|sld_signaltap_implb:sld_signaltap_body|sld_ela_control:ela_control|sld_ela_basic_multi_level_trigger:\basic_multi_level_mbpm_trigger_gen:multi_level_mbpm|sld_mbpmg:\trigger_modules_gen:0:trigger_match|sld_sbpmg:\gen_sbpmg_pipeline_less_than_two:sm0:9:sm1        ; sld_sbpmg                         ; work         ;
;                |sld_ela_trigger_flow_mgr:\builtin:ela_trigger_flow_mgr_entity|                                                          ; 39 (29)     ; 11 (1)                    ; 0 (0)         ; 0           ; 0    ; 0            ; 0       ; 0         ; 0    ; 0            ; 27 (27)      ; 9 (0)             ; 3 (2)            ; |robot_motor_top|sld_signaltap:auto_signaltap_0|sld_signaltap_impl:sld_signaltap_body|sld_signaltap_implb:sld_signaltap_body|sld_ela_control:ela_control|sld_ela_trigger_flow_mgr:\builtin:ela_trigger_flow_mgr_entity                                                                                                                                      ; sld_ela_trigger_flow_mgr          ; work         ;
;                   |lpm_shiftreg:trigger_config_deserialize|                                                                             ; 10 (10)     ; 10 (10)                   ; 0 (0)         ; 0           ; 0    ; 0            ; 0       ; 0         ; 0    ; 0            ; 0 (0)        ; 9 (9)             ; 1 (1)            ; |robot_motor_top|sld_signaltap:auto_signaltap_0|sld_signaltap_impl:sld_signaltap_body|sld_signaltap_implb:sld_signaltap_body|sld_ela_control:ela_control|sld_ela_trigger_flow_mgr:\builtin:ela_trigger_flow_mgr_entity|lpm_shiftreg:trigger_config_deserialize                                                                                              ; lpm_shiftreg                      ; work         ;
;             |sld_gap_detector:\stp_non_zero_ram_gen:gap_detect_on:gap_detector|                                                         ; 2 (2)       ; 2 (2)                     ; 0 (0)         ; 0           ; 0    ; 0            ; 0       ; 0         ; 0    ; 0            ; 0 (0)        ; 1 (1)             ; 1 (1)            ; |robot_motor_top|sld_signaltap:auto_signaltap_0|sld_signaltap_impl:sld_signaltap_body|sld_signaltap_implb:sld_signaltap_body|sld_gap_detector:\stp_non_zero_ram_gen:gap_detect_on:gap_detector                                                                                                                                                              ; sld_gap_detector                  ; work         ;
;             |sld_offload_buffer_mgr:\stp_non_zero_depth_offload_gen:stp_offload_buff_mgr_inst|                                          ; 156 (10)    ; 134 (0)                   ; 0 (0)         ; 0           ; 0    ; 0            ; 0       ; 0         ; 0    ; 0            ; 18 (10)      ; 4 (0)             ; 134 (0)          ; |robot_motor_top|sld_signaltap:auto_signaltap_0|sld_signaltap_impl:sld_signaltap_body|sld_signaltap_implb:sld_signaltap_body|sld_offload_buffer_mgr:\stp_non_zero_depth_offload_gen:stp_offload_buff_mgr_inst                                                                                                                                               ; sld_offload_buffer_mgr            ; work         ;
;                |lpm_counter:\adv_point_3_and_more:advance_pointer_counter|                                                              ; 9 (0)       ; 7 (0)                     ; 0 (0)         ; 0           ; 0    ; 0            ; 0       ; 0         ; 0    ; 0            ; 2 (0)        ; 0 (0)             ; 7 (0)            ; |robot_motor_top|sld_signaltap:auto_signaltap_0|sld_signaltap_impl:sld_signaltap_body|sld_signaltap_implb:sld_signaltap_body|sld_offload_buffer_mgr:\stp_non_zero_depth_offload_gen:stp_offload_buff_mgr_inst|lpm_counter:\adv_point_3_and_more:advance_pointer_counter                                                                                     ; lpm_counter                       ; work         ;
;                   |cntr_1hi:auto_generated|                                                                                             ; 9 (9)       ; 7 (7)                     ; 0 (0)         ; 0           ; 0    ; 0            ; 0       ; 0         ; 0    ; 0            ; 2 (2)        ; 0 (0)             ; 7 (7)            ; |robot_motor_top|sld_signaltap:auto_signaltap_0|sld_signaltap_impl:sld_signaltap_body|sld_signaltap_implb:sld_signaltap_body|sld_offload_buffer_mgr:\stp_non_zero_depth_offload_gen:stp_offload_buff_mgr_inst|lpm_counter:\adv_point_3_and_more:advance_pointer_counter|cntr_1hi:auto_generated                                                             ; cntr_1hi                          ; work         ;
;                |lpm_counter:read_pointer_counter|                                                                                       ; 7 (0)       ; 7 (0)                     ; 0 (0)         ; 0           ; 0    ; 0            ; 0       ; 0         ; 0    ; 0            ; 0 (0)        ; 0 (0)             ; 7 (0)            ; |robot_motor_top|sld_signaltap:auto_signaltap_0|sld_signaltap_impl:sld_signaltap_body|sld_signaltap_implb:sld_signaltap_body|sld_offload_buffer_mgr:\stp_non_zero_depth_offload_gen:stp_offload_buff_mgr_inst|lpm_counter:read_pointer_counter                                                                                                              ; lpm_counter                       ; work         ;
;                   |cntr_i6j:auto_generated|                                                                                             ; 7 (7)       ; 7 (7)                     ; 0 (0)         ; 0           ; 0    ; 0            ; 0       ; 0         ; 0    ; 0            ; 0 (0)        ; 0 (0)             ; 7 (7)            ; |robot_motor_top|sld_signaltap:auto_signaltap_0|sld_signaltap_impl:sld_signaltap_body|sld_signaltap_implb:sld_signaltap_body|sld_offload_buffer_mgr:\stp_non_zero_depth_offload_gen:stp_offload_buff_mgr_inst|lpm_counter:read_pointer_counter|cntr_i6j:auto_generated                                                                                      ; cntr_i6j                          ; work         ;
;                |lpm_counter:status_advance_pointer_counter|                                                                             ; 6 (0)       ; 4 (0)                     ; 0 (0)         ; 0           ; 0    ; 0            ; 0       ; 0         ; 0    ; 0            ; 2 (0)        ; 0 (0)             ; 4 (0)            ; |robot_motor_top|sld_signaltap:auto_signaltap_0|sld_signaltap_impl:sld_signaltap_body|sld_signaltap_implb:sld_signaltap_body|sld_offload_buffer_mgr:\stp_non_zero_depth_offload_gen:stp_offload_buff_mgr_inst|lpm_counter:status_advance_pointer_counter                                                                                                    ; lpm_counter                       ; work         ;
;                   |cntr_egi:auto_generated|                                                                                             ; 6 (6)       ; 4 (4)                     ; 0 (0)         ; 0           ; 0    ; 0            ; 0       ; 0         ; 0    ; 0            ; 2 (2)        ; 0 (0)             ; 4 (4)            ; |robot_motor_top|sld_signaltap:auto_signaltap_0|sld_signaltap_impl:sld_signaltap_body|sld_signaltap_implb:sld_signaltap_body|sld_offload_buffer_mgr:\stp_non_zero_depth_offload_gen:stp_offload_buff_mgr_inst|lpm_counter:status_advance_pointer_counter|cntr_egi:auto_generated                                                                            ; cntr_egi                          ; work         ;
;                |lpm_counter:status_read_pointer_counter|                                                                                ; 3 (0)       ; 1 (0)                     ; 0 (0)         ; 0           ; 0    ; 0            ; 0       ; 0         ; 0    ; 0            ; 2 (0)        ; 0 (0)             ; 1 (0)            ; |robot_motor_top|sld_signaltap:auto_signaltap_0|sld_signaltap_impl:sld_signaltap_body|sld_signaltap_implb:sld_signaltap_body|sld_offload_buffer_mgr:\stp_non_zero_depth_offload_gen:stp_offload_buff_mgr_inst|lpm_counter:status_read_pointer_counter                                                                                                       ; lpm_counter                       ; work         ;
;                   |cntr_23j:auto_generated|                                                                                             ; 3 (3)       ; 1 (1)                     ; 0 (0)         ; 0           ; 0    ; 0            ; 0       ; 0         ; 0    ; 0            ; 2 (2)        ; 0 (0)             ; 1 (1)            ; |robot_motor_top|sld_signaltap:auto_signaltap_0|sld_signaltap_impl:sld_signaltap_body|sld_signaltap_implb:sld_signaltap_body|sld_offload_buffer_mgr:\stp_non_zero_depth_offload_gen:stp_offload_buff_mgr_inst|lpm_counter:status_read_pointer_counter|cntr_23j:auto_generated                                                                               ; cntr_23j                          ; work         ;
;                |lpm_shiftreg:info_data_shift_out|                                                                                       ; 16 (16)     ; 15 (15)                   ; 0 (0)         ; 0           ; 0    ; 0            ; 0       ; 0         ; 0    ; 0            ; 1 (1)        ; 0 (0)             ; 15 (15)          ; |robot_motor_top|sld_signaltap:auto_signaltap_0|sld_signaltap_impl:sld_signaltap_body|sld_signaltap_implb:sld_signaltap_body|sld_offload_buffer_mgr:\stp_non_zero_depth_offload_gen:stp_offload_buff_mgr_inst|lpm_shiftreg:info_data_shift_out                                                                                                              ; lpm_shiftreg                      ; work         ;
;                |lpm_shiftreg:ram_data_shift_out|                                                                                        ; 89 (89)     ; 85 (85)                   ; 0 (0)         ; 0           ; 0    ; 0            ; 0       ; 0         ; 0    ; 0            ; 0 (0)        ; 4 (4)             ; 85 (85)          ; |robot_motor_top|sld_signaltap:auto_signaltap_0|sld_signaltap_impl:sld_signaltap_body|sld_signaltap_implb:sld_signaltap_body|sld_offload_buffer_mgr:\stp_non_zero_depth_offload_gen:stp_offload_buff_mgr_inst|lpm_shiftreg:ram_data_shift_out                                                                                                               ; lpm_shiftreg                      ; work         ;
;                |lpm_shiftreg:status_data_shift_out|                                                                                     ; 16 (16)     ; 15 (15)                   ; 0 (0)         ; 0           ; 0    ; 0            ; 0       ; 0         ; 0    ; 0            ; 1 (1)        ; 0 (0)             ; 15 (15)          ; |robot_motor_top|sld_signaltap:auto_signaltap_0|sld_signaltap_impl:sld_signaltap_body|sld_signaltap_implb:sld_signaltap_body|sld_offload_buffer_mgr:\stp_non_zero_depth_offload_gen:stp_offload_buff_mgr_inst|lpm_shiftreg:status_data_shift_out                                                                                                            ; lpm_shiftreg                      ; work         ;
;             |sld_rom_sr:crc_rom_sr|                                                                                                     ; 30 (30)     ; 8 (8)                     ; 0 (0)         ; 0           ; 0    ; 0            ; 0       ; 0         ; 0    ; 0            ; 22 (22)      ; 0 (0)             ; 8 (8)            ; |robot_motor_top|sld_signaltap:auto_signaltap_0|sld_signaltap_impl:sld_signaltap_body|sld_signaltap_implb:sld_signaltap_body|sld_rom_sr:crc_rom_sr                                                                                                                                                                                                          ; sld_rom_sr                        ; work         ;
+-----------------------------------------------------------------------------------------------------------------------------------------+-------------+---------------------------+---------------+-------------+------+--------------+---------+-----------+------+--------------+--------------+-------------------+------------------+-------------------------------------------------------------------------------------------------------------------------------------------------------------------------------------------------------------------------------------------------------------------------------------------------------------------------------------------------------------+-----------------------------------+--------------+
Note: For table entries with two numbers listed, the numbers in parentheses indicate the number of resources of the given type used by the specific entity alone. The numbers listed outside of parentheses indicate the total resources of the given type used by the specific entity and all of its sub-entities in the hierarchy.


+----------------------------------------------------------------------------------------+
; Delay Chain Summary                                                                    ;
+--------+----------+---------------+---------------+-----------------------+-----+------+
; Name   ; Pin Type ; Pad to Core 0 ; Pad to Core 1 ; Pad to Input Register ; TCO ; TCOE ;
+--------+----------+---------------+---------------+-----------------------+-----+------+
; EN1_A  ; Input    ; --            ; --            ; --                    ; --  ; --   ;
; EN2_A  ; Input    ; --            ; --            ; --                    ; --  ; --   ;
; EN1_B  ; Input    ; --            ; --            ; --                    ; --  ; --   ;
; EN2_B  ; Input    ; --            ; --            ; --                    ; --  ; --   ;
; trig_l ; Output   ; --            ; --            ; --                    ; --  ; --   ;
; trig_f ; Output   ; --            ; --            ; --                    ; --  ; --   ;
; trig_r ; Output   ; --            ; --            ; --                    ; --  ; --   ;
; ENA    ; Output   ; --            ; --            ; --                    ; --  ; --   ;
; ENB    ; Output   ; --            ; --            ; --                    ; --  ; --   ;
; IN1    ; Output   ; --            ; --            ; --                    ; --  ; --   ;
; IN2    ; Output   ; --            ; --            ; --                    ; --  ; --   ;
; IN3    ; Output   ; --            ; --            ; --                    ; --  ; --   ;
; IN4    ; Output   ; --            ; --            ; --                    ; --  ; --   ;
; clk    ; Input    ; (0) 0 ps      ; --            ; --                    ; --  ; --   ;
; reset  ; Input    ; (6) 1314 ps   ; --            ; --                    ; --  ; --   ;
; ec_f   ; Input    ; (6) 1314 ps   ; --            ; --                    ; --  ; --   ;
; ec_l   ; Input    ; (6) 1314 ps   ; --            ; --                    ; --  ; --   ;
; ec_r   ; Input    ; --            ; (6) 1314 ps   ; --                    ; --  ; --   ;
; ir_f   ; Input    ; (6) 1314 ps   ; --            ; --                    ; --  ; --   ;
; ir_l   ; Input    ; (6) 1314 ps   ; --            ; --                    ; --  ; --   ;
; ir_r   ; Input    ; --            ; (6) 1314 ps   ; --                    ; --  ; --   ;
+--------+----------+---------------+---------------+-----------------------+-----+------+


+--------------------------------------------------------------------------------------------------------------------------------+
; Pad To Core Delay Chain Fanout                                                                                                 ;
+--------------------------------------------------------------------------------------------------+-------------------+---------+
; Source Pin / Fanout                                                                              ; Pad To Core Index ; Setting ;
+--------------------------------------------------------------------------------------------------+-------------------+---------+
; EN1_A                                                                                            ;                   ;         ;
; EN2_A                                                                                            ;                   ;         ;
; EN1_B                                                                                            ;                   ;         ;
; EN2_B                                                                                            ;                   ;         ;
; clk                                                                                              ;                   ;         ;
; reset                                                                                            ;                   ;         ;
;      - motor_controller:motor_ctrl|IN4                                                           ; 0                 ; 6       ;
;      - motor_controller:motor_ctrl|IN3                                                           ; 0                 ; 6       ;
;      - motor_controller:motor_ctrl|IN2                                                           ; 0                 ; 6       ;
;      - motor_controller:motor_ctrl|IN1                                                           ; 0                 ; 6       ;
;      - motor_controller:motor_ctrl|derivative[0]                                                 ; 0                 ; 6       ;
;      - motor_controller:motor_ctrl|derivative[1]                                                 ; 0                 ; 6       ;
;      - motor_controller:motor_ctrl|derivative[2]                                                 ; 0                 ; 6       ;
;      - motor_controller:motor_ctrl|error[0]                                                      ; 0                 ; 6       ;
;      - motor_controller:motor_ctrl|error[1]                                                      ; 0                 ; 6       ;
;      - motor_controller:motor_ctrl|error[2]                                                      ; 0                 ; 6       ;
;      - path_controller:path_ctrl|us_sensor:us_l|trig                                             ; 0                 ; 6       ;
;      - path_controller:path_ctrl|us_sensor:us_r|trig                                             ; 0                 ; 6       ;
;      - path_controller:path_ctrl|us_sensor:us_f|trig                                             ; 0                 ; 6       ;
;      - motor_controller:motor_ctrl|next_error[0]                                                 ; 0                 ; 6       ;
;      - path_controller:path_ctrl|us_sensor:us_f|state.s0                                         ; 0                 ; 6       ;
;      - path_controller:path_ctrl|us_sensor:us_f|state.s1                                         ; 0                 ; 6       ;
;      - path_controller:path_ctrl|us_sensor:us_f|state.s2                                         ; 0                 ; 6       ;
;      - path_controller:path_ctrl|us_sensor:us_f|state.s3                                         ; 0                 ; 6       ;
;      - path_controller:path_ctrl|us_sensor:us_r|state.s0                                         ; 0                 ; 6       ;
;      - path_controller:path_ctrl|us_sensor:us_r|state.s1                                         ; 0                 ; 6       ;
;      - path_controller:path_ctrl|us_sensor:us_r|state.s2                                         ; 0                 ; 6       ;
;      - path_controller:path_ctrl|us_sensor:us_r|state.s3                                         ; 0                 ; 6       ;
;      - path_controller:path_ctrl|us_sensor:us_l|state.s0                                         ; 0                 ; 6       ;
;      - path_controller:path_ctrl|us_sensor:us_l|state.s1                                         ; 0                 ; 6       ;
;      - path_controller:path_ctrl|us_sensor:us_l|state.s2                                         ; 0                 ; 6       ;
;      - path_controller:path_ctrl|us_sensor:us_l|state.s3                                         ; 0                 ; 6       ;
;      - motor_controller:motor_ctrl|state.FORWARD                                                 ; 0                 ; 6       ;
;      - motor_controller:motor_ctrl|state.LEFT                                                    ; 0                 ; 6       ;
;      - motor_controller:motor_ctrl|state.RIGHT                                                   ; 0                 ; 6       ;
;      - motor_controller:motor_ctrl|state.UTURN                                                   ; 0                 ; 6       ;
;      - motor_controller:motor_ctrl|derivative[3]                                                 ; 0                 ; 6       ;
;      - path_controller:path_ctrl|us_sensor:us_l|counter[1]                                       ; 0                 ; 6       ;
;      - path_controller:path_ctrl|us_sensor:us_l|counter[2]                                       ; 0                 ; 6       ;
;      - path_controller:path_ctrl|us_sensor:us_l|counter[3]                                       ; 0                 ; 6       ;
;      - path_controller:path_ctrl|us_sensor:us_l|counter[4]                                       ; 0                 ; 6       ;
;      - path_controller:path_ctrl|us_sensor:us_l|counter[5]                                       ; 0                 ; 6       ;
;      - path_controller:path_ctrl|us_sensor:us_l|counter[6]                                       ; 0                 ; 6       ;
;      - path_controller:path_ctrl|us_sensor:us_l|counter[7]                                       ; 0                 ; 6       ;
;      - path_controller:path_ctrl|us_sensor:us_l|counter[8]                                       ; 0                 ; 6       ;
;      - path_controller:path_ctrl|us_sensor:us_l|counter[9]                                       ; 0                 ; 6       ;
;      - path_controller:path_ctrl|us_sensor:us_l|counter[10]                                      ; 0                 ; 6       ;
;      - path_controller:path_ctrl|us_sensor:us_l|counter[11]                                      ; 0                 ; 6       ;
;      - path_controller:path_ctrl|us_sensor:us_l|counter[12]                                      ; 0                 ; 6       ;
;      - path_controller:path_ctrl|us_sensor:us_l|counter[13]                                      ; 0                 ; 6       ;
;      - path_controller:path_ctrl|us_sensor:us_l|counter[14]                                      ; 0                 ; 6       ;
;      - path_controller:path_ctrl|us_sensor:us_l|counter[15]                                      ; 0                 ; 6       ;
;      - path_controller:path_ctrl|us_sensor:us_l|counter[16]                                      ; 0                 ; 6       ;
;      - path_controller:path_ctrl|us_sensor:us_l|counter[17]                                      ; 0                 ; 6       ;
;      - path_controller:path_ctrl|us_sensor:us_l|counter[18]                                      ; 0                 ; 6       ;
;      - path_controller:path_ctrl|us_sensor:us_l|counter[19]                                      ; 0                 ; 6       ;
;      - path_controller:path_ctrl|us_sensor:us_l|counter[20]                                      ; 0                 ; 6       ;
;      - path_controller:path_ctrl|us_sensor:us_l|counter[21]                                      ; 0                 ; 6       ;
;      - path_controller:path_ctrl|us_sensor:us_l|counter[22]                                      ; 0                 ; 6       ;
;      - path_controller:path_ctrl|us_sensor:us_l|counter[23]                                      ; 0                 ; 6       ;
;      - path_controller:path_ctrl|us_sensor:us_l|counter[24]                                      ; 0                 ; 6       ;
;      - path_controller:path_ctrl|us_sensor:us_l|counter[25]                                      ; 0                 ; 6       ;
;      - path_controller:path_ctrl|us_sensor:us_l|counter[26]                                      ; 0                 ; 6       ;
;      - path_controller:path_ctrl|us_sensor:us_l|counter[27]                                      ; 0                 ; 6       ;
;      - path_controller:path_ctrl|us_sensor:us_l|counter[28]                                      ; 0                 ; 6       ;
;      - path_controller:path_ctrl|us_sensor:us_l|counter[29]                                      ; 0                 ; 6       ;
;      - path_controller:path_ctrl|us_sensor:us_l|counter[30]                                      ; 0                 ; 6       ;
;      - path_controller:path_ctrl|us_sensor:us_l|counter[31]                                      ; 0                 ; 6       ;
;      - path_controller:path_ctrl|us_sensor:us_f|counter[1]                                       ; 0                 ; 6       ;
;      - path_controller:path_ctrl|us_sensor:us_f|counter[2]                                       ; 0                 ; 6       ;
;      - path_controller:path_ctrl|us_sensor:us_f|counter[3]                                       ; 0                 ; 6       ;
;      - path_controller:path_ctrl|us_sensor:us_f|counter[4]                                       ; 0                 ; 6       ;
;      - path_controller:path_ctrl|us_sensor:us_f|counter[5]                                       ; 0                 ; 6       ;
;      - path_controller:path_ctrl|us_sensor:us_f|counter[6]                                       ; 0                 ; 6       ;
;      - path_controller:path_ctrl|us_sensor:us_f|counter[7]                                       ; 0                 ; 6       ;
;      - path_controller:path_ctrl|us_sensor:us_f|counter[8]                                       ; 0                 ; 6       ;
;      - path_controller:path_ctrl|us_sensor:us_f|counter[9]                                       ; 0                 ; 6       ;
;      - path_controller:path_ctrl|us_sensor:us_f|counter[10]                                      ; 0                 ; 6       ;
;      - path_controller:path_ctrl|us_sensor:us_f|counter[11]                                      ; 0                 ; 6       ;
;      - path_controller:path_ctrl|us_sensor:us_f|counter[12]                                      ; 0                 ; 6       ;
;      - path_controller:path_ctrl|us_sensor:us_f|counter[13]                                      ; 0                 ; 6       ;
;      - path_controller:path_ctrl|us_sensor:us_f|counter[14]                                      ; 0                 ; 6       ;
;      - path_controller:path_ctrl|us_sensor:us_f|counter[15]                                      ; 0                 ; 6       ;
;      - path_controller:path_ctrl|us_sensor:us_f|counter[16]                                      ; 0                 ; 6       ;
;      - path_controller:path_ctrl|us_sensor:us_f|counter[17]                                      ; 0                 ; 6       ;
;      - path_controller:path_ctrl|us_sensor:us_f|counter[18]                                      ; 0                 ; 6       ;
;      - path_controller:path_ctrl|us_sensor:us_f|counter[19]                                      ; 0                 ; 6       ;
;      - path_controller:path_ctrl|us_sensor:us_f|counter[20]                                      ; 0                 ; 6       ;
;      - path_controller:path_ctrl|us_sensor:us_f|counter[21]                                      ; 0                 ; 6       ;
;      - path_controller:path_ctrl|us_sensor:us_f|counter[22]                                      ; 0                 ; 6       ;
;      - path_controller:path_ctrl|us_sensor:us_f|counter[23]                                      ; 0                 ; 6       ;
;      - path_controller:path_ctrl|us_sensor:us_f|counter[24]                                      ; 0                 ; 6       ;
;      - path_controller:path_ctrl|us_sensor:us_f|counter[25]                                      ; 0                 ; 6       ;
;      - path_controller:path_ctrl|us_sensor:us_f|counter[26]                                      ; 0                 ; 6       ;
;      - path_controller:path_ctrl|us_sensor:us_f|counter[27]                                      ; 0                 ; 6       ;
;      - path_controller:path_ctrl|us_sensor:us_f|counter[28]                                      ; 0                 ; 6       ;
;      - path_controller:path_ctrl|us_sensor:us_f|counter[29]                                      ; 0                 ; 6       ;
;      - path_controller:path_ctrl|us_sensor:us_f|counter[30]                                      ; 0                 ; 6       ;
;      - path_controller:path_ctrl|us_sensor:us_f|counter[31]                                      ; 0                 ; 6       ;
;      - path_controller:path_ctrl|us_sensor:us_r|counter[1]                                       ; 0                 ; 6       ;
;      - path_controller:path_ctrl|us_sensor:us_r|counter[2]                                       ; 0                 ; 6       ;
;      - path_controller:path_ctrl|us_sensor:us_r|counter[3]                                       ; 0                 ; 6       ;
;      - path_controller:path_ctrl|us_sensor:us_r|counter[4]                                       ; 0                 ; 6       ;
;      - path_controller:path_ctrl|us_sensor:us_r|counter[5]                                       ; 0                 ; 6       ;
;      - path_controller:path_ctrl|us_sensor:us_r|counter[6]                                       ; 0                 ; 6       ;
;      - path_controller:path_ctrl|us_sensor:us_r|counter[7]                                       ; 0                 ; 6       ;
;      - path_controller:path_ctrl|us_sensor:us_r|counter[8]                                       ; 0                 ; 6       ;
;      - path_controller:path_ctrl|us_sensor:us_r|counter[9]                                       ; 0                 ; 6       ;
;      - path_controller:path_ctrl|us_sensor:us_r|counter[10]                                      ; 0                 ; 6       ;
;      - path_controller:path_ctrl|us_sensor:us_r|counter[11]                                      ; 0                 ; 6       ;
;      - path_controller:path_ctrl|us_sensor:us_r|counter[12]                                      ; 0                 ; 6       ;
;      - path_controller:path_ctrl|us_sensor:us_r|counter[13]                                      ; 0                 ; 6       ;
;      - path_controller:path_ctrl|us_sensor:us_r|counter[14]                                      ; 0                 ; 6       ;
;      - path_controller:path_ctrl|us_sensor:us_r|counter[15]                                      ; 0                 ; 6       ;
;      - path_controller:path_ctrl|us_sensor:us_r|counter[16]                                      ; 0                 ; 6       ;
;      - path_controller:path_ctrl|us_sensor:us_r|counter[17]                                      ; 0                 ; 6       ;
;      - path_controller:path_ctrl|us_sensor:us_r|counter[18]                                      ; 0                 ; 6       ;
;      - path_controller:path_ctrl|us_sensor:us_r|counter[19]                                      ; 0                 ; 6       ;
;      - path_controller:path_ctrl|us_sensor:us_r|counter[20]                                      ; 0                 ; 6       ;
;      - path_controller:path_ctrl|us_sensor:us_r|counter[21]                                      ; 0                 ; 6       ;
;      - path_controller:path_ctrl|us_sensor:us_r|counter[22]                                      ; 0                 ; 6       ;
;      - path_controller:path_ctrl|us_sensor:us_r|counter[23]                                      ; 0                 ; 6       ;
;      - path_controller:path_ctrl|us_sensor:us_r|counter[24]                                      ; 0                 ; 6       ;
;      - path_controller:path_ctrl|us_sensor:us_r|counter[25]                                      ; 0                 ; 6       ;
;      - path_controller:path_ctrl|us_sensor:us_r|counter[26]                                      ; 0                 ; 6       ;
;      - path_controller:path_ctrl|us_sensor:us_r|counter[27]                                      ; 0                 ; 6       ;
;      - path_controller:path_ctrl|us_sensor:us_r|counter[28]                                      ; 0                 ; 6       ;
;      - path_controller:path_ctrl|us_sensor:us_r|counter[29]                                      ; 0                 ; 6       ;
;      - path_controller:path_ctrl|us_sensor:us_r|counter[30]                                      ; 0                 ; 6       ;
;      - path_controller:path_ctrl|us_sensor:us_r|counter[31]                                      ; 0                 ; 6       ;
;      - motor_controller:motor_ctrl|delay_counter[6]                                              ; 0                 ; 6       ;
;      - motor_controller:motor_ctrl|delay_counter[7]                                              ; 0                 ; 6       ;
;      - motor_controller:motor_ctrl|delay_counter[8]                                              ; 0                 ; 6       ;
;      - motor_controller:motor_ctrl|delay_counter[9]                                              ; 0                 ; 6       ;
;      - motor_controller:motor_ctrl|delay_counter[10]                                             ; 0                 ; 6       ;
;      - motor_controller:motor_ctrl|delay_counter[11]                                             ; 0                 ; 6       ;
;      - motor_controller:motor_ctrl|delay_counter[12]                                             ; 0                 ; 6       ;
;      - motor_controller:motor_ctrl|delay_counter[13]                                             ; 0                 ; 6       ;
;      - motor_controller:motor_ctrl|delay_counter[14]                                             ; 0                 ; 6       ;
;      - motor_controller:motor_ctrl|delay_counter[15]                                             ; 0                 ; 6       ;
;      - motor_controller:motor_ctrl|delay_counter[16]                                             ; 0                 ; 6       ;
;      - motor_controller:motor_ctrl|delay_counter[17]                                             ; 0                 ; 6       ;
;      - motor_controller:motor_ctrl|delay_counter[18]                                             ; 0                 ; 6       ;
;      - motor_controller:motor_ctrl|delay_counter[19]                                             ; 0                 ; 6       ;
;      - motor_controller:motor_ctrl|delay_counter[20]                                             ; 0                 ; 6       ;
;      - motor_controller:motor_ctrl|delay_counter[21]                                             ; 0                 ; 6       ;
;      - motor_controller:motor_ctrl|delay_counter[22]                                             ; 0                 ; 6       ;
;      - motor_controller:motor_ctrl|delay_counter[23]                                             ; 0                 ; 6       ;
;      - motor_controller:motor_ctrl|delay_counter[24]                                             ; 0                 ; 6       ;
;      - motor_controller:motor_ctrl|delay_counter[25]                                             ; 0                 ; 6       ;
;      - motor_controller:motor_ctrl|delay_counter[26]                                             ; 0                 ; 6       ;
;      - motor_controller:motor_ctrl|delay_counter[27]                                             ; 0                 ; 6       ;
;      - motor_controller:motor_ctrl|delay_counter[28]                                             ; 0                 ; 6       ;
;      - motor_controller:motor_ctrl|delay_counter[29]                                             ; 0                 ; 6       ;
;      - motor_controller:motor_ctrl|delay_counter[30]                                             ; 0                 ; 6       ;
;      - motor_controller:motor_ctrl|delay_counter[31]                                             ; 0                 ; 6       ;
;      - path_controller:path_ctrl|us_sensor:us_f|delay_counter[7]                                 ; 0                 ; 6       ;
;      - path_controller:path_ctrl|us_sensor:us_f|delay_counter[8]                                 ; 0                 ; 6       ;
;      - path_controller:path_ctrl|us_sensor:us_f|delay_counter[9]                                 ; 0                 ; 6       ;
;      - path_controller:path_ctrl|us_sensor:us_f|delay_counter[10]                                ; 0                 ; 6       ;
;      - path_controller:path_ctrl|us_sensor:us_f|delay_counter[11]                                ; 0                 ; 6       ;
;      - path_controller:path_ctrl|us_sensor:us_f|delay_counter[12]                                ; 0                 ; 6       ;
;      - path_controller:path_ctrl|us_sensor:us_f|delay_counter[13]                                ; 0                 ; 6       ;
;      - path_controller:path_ctrl|us_sensor:us_f|delay_counter[14]                                ; 0                 ; 6       ;
;      - path_controller:path_ctrl|us_sensor:us_f|delay_counter[15]                                ; 0                 ; 6       ;
;      - path_controller:path_ctrl|us_sensor:us_f|delay_counter[16]                                ; 0                 ; 6       ;
;      - path_controller:path_ctrl|us_sensor:us_f|delay_counter[17]                                ; 0                 ; 6       ;
;      - path_controller:path_ctrl|us_sensor:us_f|delay_counter[18]                                ; 0                 ; 6       ;
;      - path_controller:path_ctrl|us_sensor:us_f|delay_counter[19]                                ; 0                 ; 6       ;
;      - path_controller:path_ctrl|us_sensor:us_f|delay_counter[20]                                ; 0                 ; 6       ;
;      - path_controller:path_ctrl|us_sensor:us_f|delay_counter[21]                                ; 0                 ; 6       ;
;      - path_controller:path_ctrl|us_sensor:us_f|delay_counter[22]                                ; 0                 ; 6       ;
;      - path_controller:path_ctrl|us_sensor:us_f|delay_counter[23]                                ; 0                 ; 6       ;
;      - path_controller:path_ctrl|us_sensor:us_f|delay_counter[24]                                ; 0                 ; 6       ;
;      - path_controller:path_ctrl|us_sensor:us_f|delay_counter[25]                                ; 0                 ; 6       ;
;      - path_controller:path_ctrl|us_sensor:us_f|delay_counter[26]                                ; 0                 ; 6       ;
;      - path_controller:path_ctrl|us_sensor:us_f|delay_counter[27]                                ; 0                 ; 6       ;
;      - path_controller:path_ctrl|us_sensor:us_f|delay_counter[28]                                ; 0                 ; 6       ;
;      - path_controller:path_ctrl|us_sensor:us_f|delay_counter[29]                                ; 0                 ; 6       ;
;      - path_controller:path_ctrl|us_sensor:us_f|delay_counter[30]                                ; 0                 ; 6       ;
;      - path_controller:path_ctrl|us_sensor:us_f|delay_counter[31]                                ; 0                 ; 6       ;
;      - path_controller:path_ctrl|us_sensor:us_f|counter[0]                                       ; 0                 ; 6       ;
;      - path_controller:path_ctrl|us_sensor:us_f|delay_counter[6]                                 ; 0                 ; 6       ;
;      - path_controller:path_ctrl|us_sensor:us_l|delay_counter[7]                                 ; 0                 ; 6       ;
;      - path_controller:path_ctrl|us_sensor:us_l|delay_counter[8]                                 ; 0                 ; 6       ;
;      - path_controller:path_ctrl|us_sensor:us_l|delay_counter[9]                                 ; 0                 ; 6       ;
;      - path_controller:path_ctrl|us_sensor:us_l|delay_counter[10]                                ; 0                 ; 6       ;
;      - path_controller:path_ctrl|us_sensor:us_l|delay_counter[11]                                ; 0                 ; 6       ;
;      - path_controller:path_ctrl|us_sensor:us_l|delay_counter[12]                                ; 0                 ; 6       ;
;      - path_controller:path_ctrl|us_sensor:us_l|delay_counter[13]                                ; 0                 ; 6       ;
;      - path_controller:path_ctrl|us_sensor:us_l|delay_counter[14]                                ; 0                 ; 6       ;
;      - path_controller:path_ctrl|us_sensor:us_l|delay_counter[15]                                ; 0                 ; 6       ;
;      - path_controller:path_ctrl|us_sensor:us_l|delay_counter[16]                                ; 0                 ; 6       ;
;      - path_controller:path_ctrl|us_sensor:us_l|delay_counter[17]                                ; 0                 ; 6       ;
;      - path_controller:path_ctrl|us_sensor:us_l|delay_counter[18]                                ; 0                 ; 6       ;
;      - path_controller:path_ctrl|us_sensor:us_l|delay_counter[19]                                ; 0                 ; 6       ;
;      - path_controller:path_ctrl|us_sensor:us_l|delay_counter[20]                                ; 0                 ; 6       ;
;      - path_controller:path_ctrl|us_sensor:us_l|delay_counter[21]                                ; 0                 ; 6       ;
;      - path_controller:path_ctrl|us_sensor:us_l|delay_counter[22]                                ; 0                 ; 6       ;
;      - path_controller:path_ctrl|us_sensor:us_l|delay_counter[23]                                ; 0                 ; 6       ;
;      - path_controller:path_ctrl|us_sensor:us_l|delay_counter[24]                                ; 0                 ; 6       ;
;      - path_controller:path_ctrl|us_sensor:us_l|delay_counter[25]                                ; 0                 ; 6       ;
;      - path_controller:path_ctrl|us_sensor:us_l|delay_counter[26]                                ; 0                 ; 6       ;
;      - path_controller:path_ctrl|us_sensor:us_l|delay_counter[27]                                ; 0                 ; 6       ;
;      - path_controller:path_ctrl|us_sensor:us_l|delay_counter[28]                                ; 0                 ; 6       ;
;      - path_controller:path_ctrl|us_sensor:us_l|delay_counter[29]                                ; 0                 ; 6       ;
;      - path_controller:path_ctrl|us_sensor:us_l|delay_counter[30]                                ; 0                 ; 6       ;
;      - path_controller:path_ctrl|us_sensor:us_l|delay_counter[31]                                ; 0                 ; 6       ;
;      - path_controller:path_ctrl|us_sensor:us_l|counter[0]                                       ; 0                 ; 6       ;
;      - path_controller:path_ctrl|us_sensor:us_l|delay_counter[6]                                 ; 0                 ; 6       ;
;      - path_controller:path_ctrl|us_sensor:us_r|delay_counter[7]                                 ; 0                 ; 6       ;
;      - path_controller:path_ctrl|us_sensor:us_r|delay_counter[8]                                 ; 0                 ; 6       ;
;      - path_controller:path_ctrl|us_sensor:us_r|delay_counter[9]                                 ; 0                 ; 6       ;
;      - path_controller:path_ctrl|us_sensor:us_r|delay_counter[10]                                ; 0                 ; 6       ;
;      - path_controller:path_ctrl|us_sensor:us_r|delay_counter[11]                                ; 0                 ; 6       ;
;      - path_controller:path_ctrl|us_sensor:us_r|delay_counter[12]                                ; 0                 ; 6       ;
;      - path_controller:path_ctrl|us_sensor:us_r|delay_counter[13]                                ; 0                 ; 6       ;
;      - path_controller:path_ctrl|us_sensor:us_r|delay_counter[14]                                ; 0                 ; 6       ;
;      - path_controller:path_ctrl|us_sensor:us_r|delay_counter[15]                                ; 0                 ; 6       ;
;      - path_controller:path_ctrl|us_sensor:us_r|delay_counter[16]                                ; 0                 ; 6       ;
;      - path_controller:path_ctrl|us_sensor:us_r|delay_counter[17]                                ; 0                 ; 6       ;
;      - path_controller:path_ctrl|us_sensor:us_r|delay_counter[18]                                ; 0                 ; 6       ;
;      - path_controller:path_ctrl|us_sensor:us_r|delay_counter[19]                                ; 0                 ; 6       ;
;      - path_controller:path_ctrl|us_sensor:us_r|delay_counter[20]                                ; 0                 ; 6       ;
;      - path_controller:path_ctrl|us_sensor:us_r|delay_counter[21]                                ; 0                 ; 6       ;
;      - path_controller:path_ctrl|us_sensor:us_r|delay_counter[22]                                ; 0                 ; 6       ;
;      - path_controller:path_ctrl|us_sensor:us_r|delay_counter[23]                                ; 0                 ; 6       ;
;      - path_controller:path_ctrl|us_sensor:us_r|delay_counter[24]                                ; 0                 ; 6       ;
;      - path_controller:path_ctrl|us_sensor:us_r|delay_counter[25]                                ; 0                 ; 6       ;
;      - path_controller:path_ctrl|us_sensor:us_r|delay_counter[26]                                ; 0                 ; 6       ;
;      - path_controller:path_ctrl|us_sensor:us_r|delay_counter[27]                                ; 0                 ; 6       ;
;      - path_controller:path_ctrl|us_sensor:us_r|delay_counter[28]                                ; 0                 ; 6       ;
;      - path_controller:path_ctrl|us_sensor:us_r|delay_counter[29]                                ; 0                 ; 6       ;
;      - path_controller:path_ctrl|us_sensor:us_r|delay_counter[30]                                ; 0                 ; 6       ;
;      - path_controller:path_ctrl|us_sensor:us_r|delay_counter[31]                                ; 0                 ; 6       ;
;      - path_controller:path_ctrl|us_sensor:us_r|counter[0]                                       ; 0                 ; 6       ;
;      - path_controller:path_ctrl|us_sensor:us_r|delay_counter[6]                                 ; 0                 ; 6       ;
;      - motor_controller:motor_ctrl|delay_counter[5]                                              ; 0                 ; 6       ;
;      - path_controller:path_ctrl|us_sensor:us_f|delay_counter[5]                                 ; 0                 ; 6       ;
;      - path_controller:path_ctrl|us_sensor:us_l|delay_counter[5]                                 ; 0                 ; 6       ;
;      - path_controller:path_ctrl|us_sensor:us_r|delay_counter[5]                                 ; 0                 ; 6       ;
;      - motor_controller:motor_ctrl|delay_counter[4]                                              ; 0                 ; 6       ;
;      - path_controller:path_ctrl|us_sensor:us_f|delay_counter[4]                                 ; 0                 ; 6       ;
;      - path_controller:path_ctrl|us_sensor:us_l|delay_counter[4]                                 ; 0                 ; 6       ;
;      - path_controller:path_ctrl|us_sensor:us_r|delay_counter[4]                                 ; 0                 ; 6       ;
;      - motor_controller:motor_ctrl|delay_counter[3]                                              ; 0                 ; 6       ;
;      - path_controller:path_ctrl|us_sensor:us_f|delay_counter[3]                                 ; 0                 ; 6       ;
;      - path_controller:path_ctrl|us_sensor:us_l|delay_counter[3]                                 ; 0                 ; 6       ;
;      - path_controller:path_ctrl|us_sensor:us_r|delay_counter[3]                                 ; 0                 ; 6       ;
;      - motor_controller:motor_ctrl|delay_counter[2]                                              ; 0                 ; 6       ;
;      - path_controller:path_ctrl|us_sensor:us_f|delay_counter[2]                                 ; 0                 ; 6       ;
;      - path_controller:path_ctrl|us_sensor:us_l|delay_counter[2]                                 ; 0                 ; 6       ;
;      - path_controller:path_ctrl|us_sensor:us_r|delay_counter[2]                                 ; 0                 ; 6       ;
;      - motor_controller:motor_ctrl|delay_counter[1]                                              ; 0                 ; 6       ;
;      - path_controller:path_ctrl|us_sensor:us_f|delay_counter[1]                                 ; 0                 ; 6       ;
;      - path_controller:path_ctrl|us_sensor:us_l|delay_counter[1]                                 ; 0                 ; 6       ;
;      - path_controller:path_ctrl|us_sensor:us_r|delay_counter[1]                                 ; 0                 ; 6       ;
;      - motor_controller:motor_ctrl|delay_counter[0]                                              ; 0                 ; 6       ;
;      - path_controller:path_ctrl|us_sensor:us_f|delay_counter[0]                                 ; 0                 ; 6       ;
;      - path_controller:path_ctrl|us_sensor:us_l|delay_counter[0]                                 ; 0                 ; 6       ;
;      - path_controller:path_ctrl|us_sensor:us_r|delay_counter[0]                                 ; 0                 ; 6       ;
;      - path_controller:path_ctrl|us_sensor:us_f|distance_out[0]                                  ; 0                 ; 6       ;
;      - path_controller:path_ctrl|us_sensor:us_f|distance_out[10]                                 ; 0                 ; 6       ;
;      - path_controller:path_ctrl|us_sensor:us_f|distance_out[11]                                 ; 0                 ; 6       ;
;      - path_controller:path_ctrl|us_sensor:us_f|distance_out[1]                                  ; 0                 ; 6       ;
;      - path_controller:path_ctrl|us_sensor:us_f|distance_out[2]                                  ; 0                 ; 6       ;
;      - path_controller:path_ctrl|us_sensor:us_f|distance_out[3]                                  ; 0                 ; 6       ;
;      - path_controller:path_ctrl|us_sensor:us_f|distance_out[4]                                  ; 0                 ; 6       ;
;      - path_controller:path_ctrl|us_sensor:us_f|distance_out[5]                                  ; 0                 ; 6       ;
;      - path_controller:path_ctrl|us_sensor:us_f|distance_out[6]                                  ; 0                 ; 6       ;
;      - path_controller:path_ctrl|us_sensor:us_f|distance_out[7]                                  ; 0                 ; 6       ;
;      - path_controller:path_ctrl|us_sensor:us_f|distance_out[8]                                  ; 0                 ; 6       ;
;      - path_controller:path_ctrl|us_sensor:us_f|distance_out[9]                                  ; 0                 ; 6       ;
;      - path_controller:path_ctrl|us_sensor:us_l|distance_out[0]                                  ; 0                 ; 6       ;
;      - path_controller:path_ctrl|us_sensor:us_l|distance_out[10]                                 ; 0                 ; 6       ;
;      - path_controller:path_ctrl|us_sensor:us_l|distance_out[11]                                 ; 0                 ; 6       ;
;      - path_controller:path_ctrl|us_sensor:us_l|distance_out[1]                                  ; 0                 ; 6       ;
;      - path_controller:path_ctrl|us_sensor:us_l|distance_out[2]                                  ; 0                 ; 6       ;
;      - path_controller:path_ctrl|us_sensor:us_l|distance_out[3]                                  ; 0                 ; 6       ;
;      - path_controller:path_ctrl|us_sensor:us_l|distance_out[4]                                  ; 0                 ; 6       ;
;      - path_controller:path_ctrl|us_sensor:us_l|distance_out[5]                                  ; 0                 ; 6       ;
;      - path_controller:path_ctrl|us_sensor:us_l|distance_out[6]                                  ; 0                 ; 6       ;
;      - path_controller:path_ctrl|us_sensor:us_l|distance_out[7]                                  ; 0                 ; 6       ;
;      - path_controller:path_ctrl|us_sensor:us_l|distance_out[8]                                  ; 0                 ; 6       ;
;      - path_controller:path_ctrl|us_sensor:us_l|distance_out[9]                                  ; 0                 ; 6       ;
;      - path_controller:path_ctrl|us_sensor:us_r|distance_out[0]                                  ; 0                 ; 6       ;
;      - path_controller:path_ctrl|us_sensor:us_r|distance_out[10]                                 ; 0                 ; 6       ;
;      - path_controller:path_ctrl|us_sensor:us_r|distance_out[11]                                 ; 0                 ; 6       ;
;      - path_controller:path_ctrl|us_sensor:us_r|distance_out[1]                                  ; 0                 ; 6       ;
;      - path_controller:path_ctrl|us_sensor:us_r|distance_out[2]                                  ; 0                 ; 6       ;
;      - path_controller:path_ctrl|us_sensor:us_r|distance_out[3]                                  ; 0                 ; 6       ;
;      - path_controller:path_ctrl|us_sensor:us_r|distance_out[4]                                  ; 0                 ; 6       ;
;      - path_controller:path_ctrl|us_sensor:us_r|distance_out[5]                                  ; 0                 ; 6       ;
;      - path_controller:path_ctrl|us_sensor:us_r|distance_out[6]                                  ; 0                 ; 6       ;
;      - path_controller:path_ctrl|us_sensor:us_r|distance_out[7]                                  ; 0                 ; 6       ;
;      - path_controller:path_ctrl|us_sensor:us_r|distance_out[8]                                  ; 0                 ; 6       ;
;      - path_controller:path_ctrl|us_sensor:us_r|distance_out[9]                                  ; 0                 ; 6       ;
;      - motor_controller:motor_ctrl|duty_A[5]                                                     ; 0                 ; 6       ;
;      - motor_controller:motor_ctrl|duty_A[4]                                                     ; 0                 ; 6       ;
;      - motor_controller:motor_ctrl|duty_A[3]                                                     ; 0                 ; 6       ;
;      - motor_controller:motor_ctrl|duty_A[2]                                                     ; 0                 ; 6       ;
;      - motor_controller:motor_ctrl|duty_A[1]                                                     ; 0                 ; 6       ;
;      - motor_controller:motor_ctrl|duty_A[0]                                                     ; 0                 ; 6       ;
;      - motor_controller:motor_ctrl|duty_B[5]                                                     ; 0                 ; 6       ;
;      - motor_controller:motor_ctrl|duty_B[4]                                                     ; 0                 ; 6       ;
;      - motor_controller:motor_ctrl|duty_B[3]                                                     ; 0                 ; 6       ;
;      - motor_controller:motor_ctrl|duty_B[2]                                                     ; 0                 ; 6       ;
;      - motor_controller:motor_ctrl|duty_B[1]                                                     ; 0                 ; 6       ;
;      - motor_controller:motor_ctrl|duty_B[0]                                                     ; 0                 ; 6       ;
;      - path_controller:path_ctrl|ir_sensor:irr_f|obstacle                                        ; 0                 ; 6       ;
;      - path_controller:path_ctrl|ir_sensor:irr_l|obstacle                                        ; 0                 ; 6       ;
;      - motor_controller:motor_ctrl|next_error[1]                                                 ; 0                 ; 6       ;
;      - motor_controller:motor_ctrl|next_error[3]                                                 ; 0                 ; 6       ;
;      - path_controller:path_ctrl|ir_sensor:irr_r|obstacle                                        ; 0                 ; 6       ;
;      - path_controller:path_ctrl|ir_sensor:irr_f|ir_sync2                                        ; 0                 ; 6       ;
;      - path_controller:path_ctrl|ir_sensor:irr_l|ir_sync2                                        ; 0                 ; 6       ;
;      - path_controller:path_ctrl|ir_sensor:irr_r|ir_sync2                                        ; 0                 ; 6       ;
;      - path_controller:path_ctrl|ir_sensor:irr_f|ir_sync1                                        ; 0                 ; 6       ;
;      - path_controller:path_ctrl|ir_sensor:irr_l|ir_sync1                                        ; 0                 ; 6       ;
;      - path_controller:path_ctrl|ir_sensor:irr_r|ir_sync1                                        ; 0                 ; 6       ;
;      - path_controller:path_ctrl|us_sensor:us_f|lpm_mult:Mult0|mult_ngt:auto_generated|mac_mult3 ; 0                 ; 6       ;
;      - path_controller:path_ctrl|us_sensor:us_f|lpm_mult:Mult0|mult_ngt:auto_generated|mac_mult1 ; 0                 ; 6       ;
;      - path_controller:path_ctrl|us_sensor:us_l|lpm_mult:Mult0|mult_ngt:auto_generated|mac_mult3 ; 0                 ; 6       ;
;      - path_controller:path_ctrl|us_sensor:us_l|lpm_mult:Mult0|mult_ngt:auto_generated|mac_mult1 ; 0                 ; 6       ;
;      - path_controller:path_ctrl|us_sensor:us_r|lpm_mult:Mult0|mult_ngt:auto_generated|mac_mult3 ; 0                 ; 6       ;
;      - path_controller:path_ctrl|us_sensor:us_r|lpm_mult:Mult0|mult_ngt:auto_generated|mac_mult1 ; 0                 ; 6       ;
; ec_f                                                                                             ;                   ;         ;
;      - path_controller:path_ctrl|us_sensor:us_f|Selector3~3                                      ; 0                 ; 6       ;
;      - path_controller:path_ctrl|us_sensor:us_f|counter[29]~46                                   ; 0                 ; 6       ;
;      - path_controller:path_ctrl|us_sensor:us_f|counter[29]~48                                   ; 0                 ; 6       ;
; ec_l                                                                                             ;                   ;         ;
;      - path_controller:path_ctrl|us_sensor:us_l|Selector3~3                                      ; 0                 ; 6       ;
;      - path_controller:path_ctrl|us_sensor:us_l|counter[24]~46                                   ; 0                 ; 6       ;
;      - path_controller:path_ctrl|us_sensor:us_l|counter[24]~48                                   ; 0                 ; 6       ;
; ec_r                                                                                             ;                   ;         ;
;      - path_controller:path_ctrl|us_sensor:us_r|Selector2~1                                      ; 1                 ; 6       ;
;      - path_controller:path_ctrl|us_sensor:us_r|counter[6]~52                                    ; 1                 ; 6       ;
;      - path_controller:path_ctrl|us_sensor:us_r|counter[6]~54                                    ; 1                 ; 6       ;
; ir_f                                                                                             ;                   ;         ;
;      - path_controller:path_ctrl|ir_sensor:irr_f|ir_sync1~feeder                                 ; 0                 ; 6       ;
; ir_l                                                                                             ;                   ;         ;
;      - path_controller:path_ctrl|ir_sensor:irr_l|ir_sync1~feeder                                 ; 0                 ; 6       ;
; ir_r                                                                                             ;                   ;         ;
;      - path_controller:path_ctrl|ir_sensor:irr_r|ir_sync1~feeder                                 ; 1                 ; 6       ;
+--------------------------------------------------------------------------------------------------+-------------------+---------+


+--------------------------------------------------------------------------------------------------------------------------------------------------------------------------------------------------------------------------------------------------------------------------------------------------------------------------------------------------------------------------------------------------------------------------------------------------------------------------------------------------------+
; Control Signals                                                                                                                                                                                                                                                                                                                                                                                                                                                                                        ;
+-------------------------------------------------------------------------------------------------------------------------------------------------------------------------------------------------------------------------------------------------------------------------------------------------------------------------------------------------------------+--------------------+---------+----------------------------+--------+----------------------+------------------+---------------------------+
; Name                                                                                                                                                                                                                                                                                                                                                        ; Location           ; Fan-Out ; Usage                      ; Global ; Global Resource Used ; Global Line Name ; Enable Signal Source Name ;
+-------------------------------------------------------------------------------------------------------------------------------------------------------------------------------------------------------------------------------------------------------------------------------------------------------------------------------------------------------------+--------------------+---------+----------------------------+--------+----------------------+------------------+---------------------------+
; altera_internal_jtag~TCKUTAP                                                                                                                                                                                                                                                                                                                                ; JTAG_X1_Y17_N0     ; 605     ; Clock                      ; yes    ; Global Clock         ; GCLK2            ; --                        ;
; altera_internal_jtag~TMSUTAP                                                                                                                                                                                                                                                                                                                                ; JTAG_X1_Y17_N0     ; 23      ; Sync. clear                ; no     ; --                   ; --               ; --                        ;
; clk                                                                                                                                                                                                                                                                                                                                                         ; PIN_R8             ; 1109    ; Clock                      ; yes    ; Global Clock         ; GCLK18           ; --                        ;
; motor_controller:motor_ctrl|IN2~1                                                                                                                                                                                                                                                                                                                           ; LCCOMB_X38_Y14_N10 ; 4       ; Clock enable               ; no     ; --                   ; --               ; --                        ;
; motor_controller:motor_ctrl|Selector19~0                                                                                                                                                                                                                                                                                                                    ; LCCOMB_X38_Y14_N22 ; 35      ; Clock enable, Sync. clear  ; no     ; --                   ; --               ; --                        ;
; motor_controller:motor_ctrl|duty_A[2]~1                                                                                                                                                                                                                                                                                                                     ; LCCOMB_X38_Y14_N4  ; 13      ; Clock enable               ; no     ; --                   ; --               ; --                        ;
; motor_controller:motor_ctrl|state.FORWARD                                                                                                                                                                                                                                                                                                                   ; FF_X39_Y15_N21     ; 16      ; Sync. clear                ; no     ; --                   ; --               ; --                        ;
; path_controller:path_ctrl|us_sensor:us_f|Selector36~0                                                                                                                                                                                                                                                                                                       ; LCCOMB_X37_Y25_N8  ; 33      ; Clock enable               ; no     ; --                   ; --               ; --                        ;
; path_controller:path_ctrl|us_sensor:us_f|Selector3~3                                                                                                                                                                                                                                                                                                        ; LCCOMB_X37_Y25_N30 ; 6       ; Clock enable               ; no     ; --                   ; --               ; --                        ;
; path_controller:path_ctrl|us_sensor:us_f|counter[29]~47                                                                                                                                                                                                                                                                                                     ; LCCOMB_X37_Y25_N6  ; 32      ; Sync. clear                ; no     ; --                   ; --               ; --                        ;
; path_controller:path_ctrl|us_sensor:us_f|counter[29]~49                                                                                                                                                                                                                                                                                                     ; LCCOMB_X37_Y25_N2  ; 32      ; Clock enable               ; no     ; --                   ; --               ; --                        ;
; path_controller:path_ctrl|us_sensor:us_f|delay_counter[0]~82                                                                                                                                                                                                                                                                                                ; LCCOMB_X37_Y25_N4  ; 32      ; Sync. clear                ; no     ; --                   ; --               ; --                        ;
; path_controller:path_ctrl|us_sensor:us_f|state.s3                                                                                                                                                                                                                                                                                                           ; FF_X37_Y25_N23     ; 19      ; Clock enable               ; no     ; --                   ; --               ; --                        ;
; path_controller:path_ctrl|us_sensor:us_l|Selector36~0                                                                                                                                                                                                                                                                                                       ; LCCOMB_X41_Y15_N10 ; 33      ; Clock enable               ; no     ; --                   ; --               ; --                        ;
; path_controller:path_ctrl|us_sensor:us_l|Selector3~3                                                                                                                                                                                                                                                                                                        ; LCCOMB_X41_Y15_N6  ; 6       ; Clock enable               ; no     ; --                   ; --               ; --                        ;
; path_controller:path_ctrl|us_sensor:us_l|counter[24]~47                                                                                                                                                                                                                                                                                                     ; LCCOMB_X41_Y15_N22 ; 32      ; Sync. clear                ; no     ; --                   ; --               ; --                        ;
; path_controller:path_ctrl|us_sensor:us_l|counter[24]~49                                                                                                                                                                                                                                                                                                     ; LCCOMB_X41_Y15_N18 ; 32      ; Clock enable               ; no     ; --                   ; --               ; --                        ;
; path_controller:path_ctrl|us_sensor:us_l|delay_counter[16]~82                                                                                                                                                                                                                                                                                               ; LCCOMB_X41_Y15_N4  ; 32      ; Sync. clear                ; no     ; --                   ; --               ; --                        ;
; path_controller:path_ctrl|us_sensor:us_l|state.s3                                                                                                                                                                                                                                                                                                           ; FF_X41_Y15_N17     ; 19      ; Clock enable               ; no     ; --                   ; --               ; --                        ;
; path_controller:path_ctrl|us_sensor:us_r|Selector2~1                                                                                                                                                                                                                                                                                                        ; LCCOMB_X38_Y19_N6  ; 6       ; Clock enable               ; no     ; --                   ; --               ; --                        ;
; path_controller:path_ctrl|us_sensor:us_r|Selector36~0                                                                                                                                                                                                                                                                                                       ; LCCOMB_X38_Y19_N2  ; 33      ; Clock enable               ; no     ; --                   ; --               ; --                        ;
; path_controller:path_ctrl|us_sensor:us_r|counter[6]~53                                                                                                                                                                                                                                                                                                      ; LCCOMB_X38_Y19_N30 ; 32      ; Sync. clear                ; no     ; --                   ; --               ; --                        ;
; path_controller:path_ctrl|us_sensor:us_r|counter[6]~55                                                                                                                                                                                                                                                                                                      ; LCCOMB_X38_Y19_N26 ; 32      ; Clock enable               ; no     ; --                   ; --               ; --                        ;
; path_controller:path_ctrl|us_sensor:us_r|delay_counter[0]~82                                                                                                                                                                                                                                                                                                ; LCCOMB_X38_Y19_N28 ; 32      ; Sync. clear                ; no     ; --                   ; --               ; --                        ;
; path_controller:path_ctrl|us_sensor:us_r|state.s3                                                                                                                                                                                                                                                                                                           ; FF_X38_Y19_N25     ; 19      ; Clock enable               ; no     ; --                   ; --               ; --                        ;
; reset                                                                                                                                                                                                                                                                                                                                                       ; PIN_J15            ; 320     ; Async. clear               ; no     ; --                   ; --               ; --                        ;
; sld_hub:auto_hub|alt_sld_fab_with_jtag_input:\instrumentation_fabric_with_node_gen:fabric_gen_new_way:with_jtag_input_gen:instrumentation_fabric|alt_sld_fab:instrumentation_fabric|alt_sld_fab_alt_sld_fab:alt_sld_fab|alt_sld_fab_alt_sld_fab_sldfabric:sldfabric|sld_jtag_hub:\jtag_hub_gen:real_sld_jtag_hub|clr_reg                                    ; FF_X19_Y17_N11     ; 26      ; Async. clear               ; no     ; --                   ; --               ; --                        ;
; sld_hub:auto_hub|alt_sld_fab_with_jtag_input:\instrumentation_fabric_with_node_gen:fabric_gen_new_way:with_jtag_input_gen:instrumentation_fabric|alt_sld_fab:instrumentation_fabric|alt_sld_fab_alt_sld_fab:alt_sld_fab|alt_sld_fab_alt_sld_fab_sldfabric:sldfabric|sld_jtag_hub:\jtag_hub_gen:real_sld_jtag_hub|design_hash_proc~0                         ; LCCOMB_X19_Y18_N30 ; 4       ; Sync. load                 ; no     ; --                   ; --               ; --                        ;
; sld_hub:auto_hub|alt_sld_fab_with_jtag_input:\instrumentation_fabric_with_node_gen:fabric_gen_new_way:with_jtag_input_gen:instrumentation_fabric|alt_sld_fab:instrumentation_fabric|alt_sld_fab_alt_sld_fab:alt_sld_fab|alt_sld_fab_alt_sld_fab_sldfabric:sldfabric|sld_jtag_hub:\jtag_hub_gen:real_sld_jtag_hub|hub_info_reg_ena                           ; LCCOMB_X19_Y18_N12 ; 4       ; Clock enable               ; no     ; --                   ; --               ; --                        ;
; sld_hub:auto_hub|alt_sld_fab_with_jtag_input:\instrumentation_fabric_with_node_gen:fabric_gen_new_way:with_jtag_input_gen:instrumentation_fabric|alt_sld_fab:instrumentation_fabric|alt_sld_fab_alt_sld_fab:alt_sld_fab|alt_sld_fab_alt_sld_fab_sldfabric:sldfabric|sld_jtag_hub:\jtag_hub_gen:real_sld_jtag_hub|hub_info_reg_ena~0                         ; LCCOMB_X21_Y20_N18 ; 5       ; Clock enable               ; no     ; --                   ; --               ; --                        ;
; sld_hub:auto_hub|alt_sld_fab_with_jtag_input:\instrumentation_fabric_with_node_gen:fabric_gen_new_way:with_jtag_input_gen:instrumentation_fabric|alt_sld_fab:instrumentation_fabric|alt_sld_fab_alt_sld_fab:alt_sld_fab|alt_sld_fab_alt_sld_fab_sldfabric:sldfabric|sld_jtag_hub:\jtag_hub_gen:real_sld_jtag_hub|identity_contrib_shift_reg[0]~1            ; LCCOMB_X19_Y19_N2  ; 4       ; Clock enable               ; no     ; --                   ; --               ; --                        ;
; sld_hub:auto_hub|alt_sld_fab_with_jtag_input:\instrumentation_fabric_with_node_gen:fabric_gen_new_way:with_jtag_input_gen:instrumentation_fabric|alt_sld_fab:instrumentation_fabric|alt_sld_fab_alt_sld_fab:alt_sld_fab|alt_sld_fab_alt_sld_fab_sldfabric:sldfabric|sld_jtag_hub:\jtag_hub_gen:real_sld_jtag_hub|irf_reg[1][0]~0                            ; LCCOMB_X23_Y19_N16 ; 10      ; Clock enable               ; no     ; --                   ; --               ; --                        ;
; sld_hub:auto_hub|alt_sld_fab_with_jtag_input:\instrumentation_fabric_with_node_gen:fabric_gen_new_way:with_jtag_input_gen:instrumentation_fabric|alt_sld_fab:instrumentation_fabric|alt_sld_fab_alt_sld_fab:alt_sld_fab|alt_sld_fab_alt_sld_fab_sldfabric:sldfabric|sld_jtag_hub:\jtag_hub_gen:real_sld_jtag_hub|irf_reg[1][4]                              ; FF_X24_Y19_N31     ; 9       ; Clock enable               ; no     ; --                   ; --               ; --                        ;
; sld_hub:auto_hub|alt_sld_fab_with_jtag_input:\instrumentation_fabric_with_node_gen:fabric_gen_new_way:with_jtag_input_gen:instrumentation_fabric|alt_sld_fab:instrumentation_fabric|alt_sld_fab_alt_sld_fab:alt_sld_fab|alt_sld_fab_alt_sld_fab_sldfabric:sldfabric|sld_jtag_hub:\jtag_hub_gen:real_sld_jtag_hub|irf_reg[1][7]                              ; FF_X24_Y19_N1      ; 23      ; Clock enable               ; no     ; --                   ; --               ; --                        ;
; sld_hub:auto_hub|alt_sld_fab_with_jtag_input:\instrumentation_fabric_with_node_gen:fabric_gen_new_way:with_jtag_input_gen:instrumentation_fabric|alt_sld_fab:instrumentation_fabric|alt_sld_fab_alt_sld_fab:alt_sld_fab|alt_sld_fab_alt_sld_fab_sldfabric:sldfabric|sld_jtag_hub:\jtag_hub_gen:real_sld_jtag_hub|irsr_reg[2]~2                              ; LCCOMB_X23_Y19_N24 ; 9       ; Clock enable               ; no     ; --                   ; --               ; --                        ;
; sld_hub:auto_hub|alt_sld_fab_with_jtag_input:\instrumentation_fabric_with_node_gen:fabric_gen_new_way:with_jtag_input_gen:instrumentation_fabric|alt_sld_fab:instrumentation_fabric|alt_sld_fab_alt_sld_fab:alt_sld_fab|alt_sld_fab_alt_sld_fab_sldfabric:sldfabric|sld_jtag_hub:\jtag_hub_gen:real_sld_jtag_hub|mixer_addr_reg_internal[4]~7               ; LCCOMB_X19_Y18_N26 ; 5       ; Sync. load                 ; no     ; --                   ; --               ; --                        ;
; sld_hub:auto_hub|alt_sld_fab_with_jtag_input:\instrumentation_fabric_with_node_gen:fabric_gen_new_way:with_jtag_input_gen:instrumentation_fabric|alt_sld_fab:instrumentation_fabric|alt_sld_fab_alt_sld_fab:alt_sld_fab|alt_sld_fab_alt_sld_fab_sldfabric:sldfabric|sld_jtag_hub:\jtag_hub_gen:real_sld_jtag_hub|mixer_addr_reg_internal[4]~8               ; LCCOMB_X19_Y18_N20 ; 5       ; Clock enable               ; no     ; --                   ; --               ; --                        ;
; sld_hub:auto_hub|alt_sld_fab_with_jtag_input:\instrumentation_fabric_with_node_gen:fabric_gen_new_way:with_jtag_input_gen:instrumentation_fabric|alt_sld_fab:instrumentation_fabric|alt_sld_fab_alt_sld_fab:alt_sld_fab|alt_sld_fab_alt_sld_fab_sldfabric:sldfabric|sld_jtag_hub:\jtag_hub_gen:real_sld_jtag_hub|sld_rom_sr:hub_info_reg|WORD_SR[0]~17      ; LCCOMB_X19_Y18_N28 ; 4       ; Clock enable               ; no     ; --                   ; --               ; --                        ;
; sld_hub:auto_hub|alt_sld_fab_with_jtag_input:\instrumentation_fabric_with_node_gen:fabric_gen_new_way:with_jtag_input_gen:instrumentation_fabric|alt_sld_fab:instrumentation_fabric|alt_sld_fab_alt_sld_fab:alt_sld_fab|alt_sld_fab_alt_sld_fab_sldfabric:sldfabric|sld_jtag_hub:\jtag_hub_gen:real_sld_jtag_hub|sld_rom_sr:hub_info_reg|word_counter[0]~13 ; LCCOMB_X20_Y18_N2  ; 5       ; Sync. clear                ; no     ; --                   ; --               ; --                        ;
; sld_hub:auto_hub|alt_sld_fab_with_jtag_input:\instrumentation_fabric_with_node_gen:fabric_gen_new_way:with_jtag_input_gen:instrumentation_fabric|alt_sld_fab:instrumentation_fabric|alt_sld_fab_alt_sld_fab:alt_sld_fab|alt_sld_fab_alt_sld_fab_sldfabric:sldfabric|sld_jtag_hub:\jtag_hub_gen:real_sld_jtag_hub|sld_rom_sr:hub_info_reg|word_counter[0]~20 ; LCCOMB_X19_Y18_N6  ; 5       ; Clock enable               ; no     ; --                   ; --               ; --                        ;
; sld_hub:auto_hub|alt_sld_fab_with_jtag_input:\instrumentation_fabric_with_node_gen:fabric_gen_new_way:with_jtag_input_gen:instrumentation_fabric|alt_sld_fab:instrumentation_fabric|alt_sld_fab_alt_sld_fab:alt_sld_fab|alt_sld_fab_alt_sld_fab_sldfabric:sldfabric|sld_jtag_hub:\jtag_hub_gen:real_sld_jtag_hub|sld_shadow_jsm:shadow_jsm|state[0]         ; FF_X19_Y20_N23     ; 15      ; Async. clear               ; no     ; --                   ; --               ; --                        ;
; sld_hub:auto_hub|alt_sld_fab_with_jtag_input:\instrumentation_fabric_with_node_gen:fabric_gen_new_way:with_jtag_input_gen:instrumentation_fabric|alt_sld_fab:instrumentation_fabric|alt_sld_fab_alt_sld_fab:alt_sld_fab|alt_sld_fab_alt_sld_fab_sldfabric:sldfabric|sld_jtag_hub:\jtag_hub_gen:real_sld_jtag_hub|sld_shadow_jsm:shadow_jsm|state[11]        ; FF_X19_Y17_N31     ; 12      ; Clock enable               ; no     ; --                   ; --               ; --                        ;
; sld_hub:auto_hub|alt_sld_fab_with_jtag_input:\instrumentation_fabric_with_node_gen:fabric_gen_new_way:with_jtag_input_gen:instrumentation_fabric|alt_sld_fab:instrumentation_fabric|alt_sld_fab_alt_sld_fab:alt_sld_fab|alt_sld_fab_alt_sld_fab_sldfabric:sldfabric|sld_jtag_hub:\jtag_hub_gen:real_sld_jtag_hub|sld_shadow_jsm:shadow_jsm|state[3]         ; FF_X19_Y20_N25     ; 36      ; Sync. load                 ; no     ; --                   ; --               ; --                        ;
; sld_hub:auto_hub|alt_sld_fab_with_jtag_input:\instrumentation_fabric_with_node_gen:fabric_gen_new_way:with_jtag_input_gen:instrumentation_fabric|alt_sld_fab:instrumentation_fabric|alt_sld_fab_alt_sld_fab:alt_sld_fab|alt_sld_fab_alt_sld_fab_sldfabric:sldfabric|sld_jtag_hub:\jtag_hub_gen:real_sld_jtag_hub|sld_shadow_jsm:shadow_jsm|state[4]         ; FF_X19_Y17_N19     ; 32      ; Sync. load                 ; no     ; --                   ; --               ; --                        ;
; sld_hub:auto_hub|alt_sld_fab_with_jtag_input:\instrumentation_fabric_with_node_gen:fabric_gen_new_way:with_jtag_input_gen:instrumentation_fabric|alt_sld_fab:instrumentation_fabric|alt_sld_fab_alt_sld_fab:alt_sld_fab|alt_sld_fab_alt_sld_fab_sldfabric:sldfabric|sld_jtag_hub:\jtag_hub_gen:real_sld_jtag_hub|virtual_ir_dr_scan_proc~0                  ; LCCOMB_X19_Y17_N8  ; 3       ; Clock enable               ; no     ; --                   ; --               ; --                        ;
; sld_hub:auto_hub|alt_sld_fab_with_jtag_input:\instrumentation_fabric_with_node_gen:fabric_gen_new_way:with_jtag_input_gen:instrumentation_fabric|alt_sld_fab:instrumentation_fabric|alt_sld_fab_alt_sld_fab:alt_sld_fab|alt_sld_fab_alt_sld_fab_sldfabric:sldfabric|sld_jtag_hub:\jtag_hub_gen:real_sld_jtag_hub|virtual_ir_scan_reg                        ; FF_X18_Y20_N9      ; 31      ; Async. clear, Clock enable ; no     ; --                   ; --               ; --                        ;
; sld_hub:auto_hub|alt_sld_fab_with_jtag_input:\instrumentation_fabric_with_node_gen:fabric_gen_new_way:with_jtag_input_gen:instrumentation_fabric|alt_sld_fab:instrumentation_fabric|alt_sld_fab_alt_sld_fab:alt_sld_fab|sldfabric_ident_writedata[0]~0                                                                                                      ; LCCOMB_X19_Y19_N12 ; 4       ; Clock enable               ; no     ; --                   ; --               ; --                        ;
; sld_signaltap:auto_signaltap_0|sld_signaltap_impl:sld_signaltap_body|sld_signaltap_implb:sld_signaltap_body|altdpram:\stp_non_zero_ram_gen:attribute_mem_gen:attribute_mem|lpm_decode:wdecoder|decode_dvf:auto_generated|eq_node[0]~1                                                                                                                       ; LCCOMB_X25_Y19_N4  ; 15      ; Clock enable               ; no     ; --                   ; --               ; --                        ;
; sld_signaltap:auto_signaltap_0|sld_signaltap_impl:sld_signaltap_body|sld_signaltap_implb:sld_signaltap_body|altdpram:\stp_non_zero_ram_gen:attribute_mem_gen:attribute_mem|lpm_decode:wdecoder|decode_dvf:auto_generated|eq_node[1]~0                                                                                                                       ; LCCOMB_X25_Y19_N2  ; 15      ; Clock enable               ; no     ; --                   ; --               ; --                        ;
; sld_signaltap:auto_signaltap_0|sld_signaltap_impl:sld_signaltap_body|sld_signaltap_implb:sld_signaltap_body|buffer_write_enable_delayed                                                                                                                                                                                                                     ; FF_X24_Y22_N21     ; 6       ; Clock enable, Write enable ; no     ; --                   ; --               ; --                        ;
; sld_signaltap:auto_signaltap_0|sld_signaltap_impl:sld_signaltap_body|sld_signaltap_implb:sld_signaltap_body|collect_data                                                                                                                                                                                                                                    ; LCCOMB_X29_Y21_N14 ; 2       ; Clock enable               ; no     ; --                   ; --               ; --                        ;
; sld_signaltap:auto_signaltap_0|sld_signaltap_impl:sld_signaltap_body|sld_signaltap_implb:sld_signaltap_body|process_0~0                                                                                                                                                                                                                                     ; LCCOMB_X19_Y20_N0  ; 32      ; Sync. clear                ; no     ; --                   ; --               ; --                        ;
; sld_signaltap:auto_signaltap_0|sld_signaltap_impl:sld_signaltap_body|sld_signaltap_implb:sld_signaltap_body|process_0~1                                                                                                                                                                                                                                     ; LCCOMB_X19_Y20_N2  ; 32      ; Sync. load                 ; no     ; --                   ; --               ; --                        ;
; sld_signaltap:auto_signaltap_0|sld_signaltap_impl:sld_signaltap_body|sld_signaltap_implb:sld_signaltap_body|reset_all                                                                                                                                                                                                                                       ; FF_X26_Y21_N1      ; 429     ; Async. clear               ; yes    ; Global Clock         ; GCLK14           ; --                        ;
; sld_signaltap:auto_signaltap_0|sld_signaltap_impl:sld_signaltap_body|sld_signaltap_implb:sld_signaltap_body|serial_crc_16:\tdo_crc_gen:tdo_crc_calc|lfsr[8]~1                                                                                                                                                                                               ; LCCOMB_X23_Y18_N4  ; 13      ; Clock enable               ; no     ; --                   ; --               ; --                        ;
; sld_signaltap:auto_signaltap_0|sld_signaltap_impl:sld_signaltap_body|sld_signaltap_implb:sld_signaltap_body|sld_buffer_manager:sld_buffer_manager_inst|last_buffer_write_address_sig[0]~0                                                                                                                                                                   ; LCCOMB_X27_Y22_N24 ; 7       ; Clock enable               ; no     ; --                   ; --               ; --                        ;
; sld_signaltap:auto_signaltap_0|sld_signaltap_impl:sld_signaltap_body|sld_signaltap_implb:sld_signaltap_body|sld_buffer_manager:sld_buffer_manager_inst|modified_post_count[7]~2                                                                                                                                                                             ; LCCOMB_X25_Y21_N4  ; 15      ; Clock enable               ; no     ; --                   ; --               ; --                        ;
; sld_signaltap:auto_signaltap_0|sld_signaltap_impl:sld_signaltap_body|sld_signaltap_implb:sld_signaltap_body|sld_buffer_manager:sld_buffer_manager_inst|process_1~0                                                                                                                                                                                          ; LCCOMB_X28_Y21_N26 ; 22      ; Clock enable               ; no     ; --                   ; --               ; --                        ;
; sld_signaltap:auto_signaltap_0|sld_signaltap_impl:sld_signaltap_body|sld_signaltap_implb:sld_signaltap_body|sld_offload_buffer_mgr:\stp_non_zero_depth_offload_gen:stp_offload_buff_mgr_inst|Equal2~0                                                                                                                                                       ; LCCOMB_X26_Y21_N4  ; 1       ; Clock enable               ; no     ; --                   ; --               ; --                        ;
; sld_signaltap:auto_signaltap_0|sld_signaltap_impl:sld_signaltap_body|sld_signaltap_implb:sld_signaltap_body|sld_offload_buffer_mgr:\stp_non_zero_depth_offload_gen:stp_offload_buff_mgr_inst|acq_buf_read_reset                                                                                                                                             ; LCCOMB_X28_Y24_N24 ; 7       ; Sync. load                 ; no     ; --                   ; --               ; --                        ;
; sld_signaltap:auto_signaltap_0|sld_signaltap_impl:sld_signaltap_body|sld_signaltap_implb:sld_signaltap_body|sld_offload_buffer_mgr:\stp_non_zero_depth_offload_gen:stp_offload_buff_mgr_inst|lpm_counter:\adv_point_3_and_more:advance_pointer_counter|cntr_1hi:auto_generated|counter_reg_bit[6]~0                                                         ; LCCOMB_X25_Y24_N30 ; 7       ; Sync. load                 ; no     ; --                   ; --               ; --                        ;
; sld_signaltap:auto_signaltap_0|sld_signaltap_impl:sld_signaltap_body|sld_signaltap_implb:sld_signaltap_body|sld_offload_buffer_mgr:\stp_non_zero_depth_offload_gen:stp_offload_buff_mgr_inst|lpm_counter:status_advance_pointer_counter|cntr_egi:auto_generated|counter_reg_bit[3]~0                                                                        ; LCCOMB_X26_Y21_N14 ; 4       ; Sync. load                 ; no     ; --                   ; --               ; --                        ;
; sld_signaltap:auto_signaltap_0|sld_signaltap_impl:sld_signaltap_body|sld_signaltap_implb:sld_signaltap_body|sld_offload_buffer_mgr:\stp_non_zero_depth_offload_gen:stp_offload_buff_mgr_inst|lpm_counter:status_read_pointer_counter|cntr_23j:auto_generated|counter_reg_bit[0]~0                                                                           ; LCCOMB_X26_Y19_N8  ; 1       ; Sync. load                 ; no     ; --                   ; --               ; --                        ;
; sld_signaltap:auto_signaltap_0|sld_signaltap_impl:sld_signaltap_body|sld_signaltap_implb:sld_signaltap_body|sld_offload_buffer_mgr:\stp_non_zero_depth_offload_gen:stp_offload_buff_mgr_inst|read_pointer_counter_clk_ena                                                                                                                                   ; LCCOMB_X25_Y24_N10 ; 7       ; Clock enable               ; no     ; --                   ; --               ; --                        ;
; sld_signaltap:auto_signaltap_0|sld_signaltap_impl:sld_signaltap_body|sld_signaltap_implb:sld_signaltap_body|sld_rom_sr:crc_rom_sr|WORD_SR[0]~8                                                                                                                                                                                                              ; LCCOMB_X20_Y17_N0  ; 4       ; Sync. clear                ; no     ; --                   ; --               ; --                        ;
; sld_signaltap:auto_signaltap_0|sld_signaltap_impl:sld_signaltap_body|sld_signaltap_implb:sld_signaltap_body|sld_rom_sr:crc_rom_sr|WORD_SR[0]~9                                                                                                                                                                                                              ; LCCOMB_X20_Y17_N30 ; 4       ; Clock enable               ; no     ; --                   ; --               ; --                        ;
; sld_signaltap:auto_signaltap_0|sld_signaltap_impl:sld_signaltap_body|sld_signaltap_implb:sld_signaltap_body|sld_rom_sr:crc_rom_sr|word_counter[2]~5                                                                                                                                                                                                         ; LCCOMB_X20_Y17_N26 ; 4       ; Clock enable               ; no     ; --                   ; --               ; --                        ;
; sld_signaltap:auto_signaltap_0|sld_signaltap_impl:sld_signaltap_body|sld_signaltap_implb:sld_signaltap_body|status_shift_enable~1                                                                                                                                                                                                                           ; LCCOMB_X21_Y19_N16 ; 17      ; Clock enable               ; no     ; --                   ; --               ; --                        ;
; sld_signaltap:auto_signaltap_0|sld_signaltap_impl:sld_signaltap_body|sld_signaltap_implb:sld_signaltap_body|tdo_crc_len_reg[20]~35                                                                                                                                                                                                                          ; LCCOMB_X23_Y18_N2  ; 32      ; Clock enable               ; no     ; --                   ; --               ; --                        ;
; sld_signaltap:auto_signaltap_0|sld_signaltap_impl:sld_signaltap_body|sld_signaltap_implb:sld_signaltap_body|tdo_crc_val_shift_reg[0]~1                                                                                                                                                                                                                      ; LCCOMB_X24_Y20_N20 ; 16      ; Clock enable               ; no     ; --                   ; --               ; --                        ;
; sld_signaltap:auto_signaltap_0|sld_signaltap_impl:sld_signaltap_body|sld_signaltap_implb:sld_signaltap_body|trigger_setup_ena                                                                                                                                                                                                                               ; LCCOMB_X21_Y20_N30 ; 274     ; Clock enable               ; no     ; --                   ; --               ; --                        ;
+-------------------------------------------------------------------------------------------------------------------------------------------------------------------------------------------------------------------------------------------------------------------------------------------------------------------------------------------------------------+--------------------+---------+----------------------------+--------+----------------------+------------------+---------------------------+


+---------------------------------------------------------------------------------------------------------------------------------------------------------------------------------------------------------------------------------------------------------------+
; Global & Other Fast Signals                                                                                                                                                                                                                                   ;
+-----------------------------------------------------------------------------------------------------------------------+----------------+---------+--------------------------------------+----------------------+------------------+---------------------------+
; Name                                                                                                                  ; Location       ; Fan-Out ; Fan-Out Using Intentional Clock Skew ; Global Resource Used ; Global Line Name ; Enable Signal Source Name ;
+-----------------------------------------------------------------------------------------------------------------------+----------------+---------+--------------------------------------+----------------------+------------------+---------------------------+
; altera_internal_jtag~TCKUTAP                                                                                          ; JTAG_X1_Y17_N0 ; 605     ; 0                                    ; Global Clock         ; GCLK2            ; --                        ;
; clk                                                                                                                   ; PIN_R8         ; 1109    ; 0                                    ; Global Clock         ; GCLK18           ; --                        ;
; sld_signaltap:auto_signaltap_0|sld_signaltap_impl:sld_signaltap_body|sld_signaltap_implb:sld_signaltap_body|reset_all ; FF_X26_Y21_N1  ; 429     ; 0                                    ; Global Clock         ; GCLK14           ; --                        ;
+-----------------------------------------------------------------------------------------------------------------------+----------------+---------+--------------------------------------+----------------------+------------------+---------------------------+


+-------------------------------------------------------------------------------------------------------------------------------------------------------------------------------------------------------------------------------------------------------------------------------------------------------------------------------------------------------------------------------------------------------------------------------------------------------------------------------------------------------------------------------------------------------------------------------------------------------------------------------------------------------------------------------------------------------------------------------------------------------------------+
; Fitter RAM Summary                                                                                                                                                                                                                                                                                                                                                                                                                                                                                                                                                                                                                                                                                                                                                ;
+-------------------------------------------------------------------------------------------------------------------------------------------------------------------------------------------------------+------+------------------+-------------+--------------+--------------+--------------+--------------+------------------------+-------------------------+------------------------+-------------------------+-------+-----------------------------+-----------------------------+-----------------------------+-----------------------------+---------------------+------+------+------------------------------------------------+----------------------+------------------------+------------------------+----------+------------------------+---------------+
; Name                                                                                                                                                                                                  ; Type ; Mode             ; Clock Mode  ; Port A Depth ; Port A Width ; Port B Depth ; Port B Width ; Port A Input Registers ; Port A Output Registers ; Port B Input Registers ; Port B Output Registers ; Size  ; Implementation Port A Depth ; Implementation Port A Width ; Implementation Port B Depth ; Implementation Port B Width ; Implementation Bits ; M9Ks ; MIF  ; Location                                       ; Mixed Width RDW Mode ; Port A RDW Mode        ; Port B RDW Mode        ; ECC Mode ; ECC Pipeline Registers ; Fits in MLABs ;
+-------------------------------------------------------------------------------------------------------------------------------------------------------------------------------------------------------+------+------------------+-------------+--------------+--------------+--------------+--------------+------------------------+-------------------------+------------------------+-------------------------+-------+-----------------------------+-----------------------------+-----------------------------+-----------------------------+---------------------+------+------+------------------------------------------------+----------------------+------------------------+------------------------+----------+------------------------+---------------+
; sld_signaltap:auto_signaltap_0|sld_signaltap_impl:sld_signaltap_body|sld_signaltap_implb:sld_signaltap_body|altsyncram:\stp_non_zero_ram_gen:stp_buffer_ram|altsyncram_l524:auto_generated|ALTSYNCRAM ; AUTO ; Simple Dual Port ; Dual Clocks ; 128          ; 85           ; 128          ; 85           ; yes                    ; no                      ; yes                    ; no                      ; 10880 ; 128                         ; 85                          ; 128                         ; 85                          ; 10880               ; 3    ; None ; M9K_X33_Y22_N0, M9K_X33_Y24_N0, M9K_X33_Y23_N0 ; Don't care           ; New data with NBE Read ; New data with NBE Read ; Off      ; No                     ; No - Unknown  ;
+-------------------------------------------------------------------------------------------------------------------------------------------------------------------------------------------------------+------+------------------+-------------+--------------+--------------+--------------+--------------+------------------------+-------------------------+------------------------+-------------------------+-------+-----------------------------+-----------------------------+-----------------------------+-----------------------------+---------------------+------+------+------------------------------------------------+----------------------+------------------------+------------------------+----------+------------------------+---------------+
Note: Fitter may spread logical memories into multiple blocks to improve timing. The actual required RAM blocks can be found in the Fitter Resource Usage section.


+-----------------------------------------------------------------------------------------------+
; Fitter DSP Block Usage Summary                                                                ;
+---------------------------------------+-------------+---------------------+-------------------+
; Statistic                             ; Number Used ; Available per Block ; Maximum Available ;
+---------------------------------------+-------------+---------------------+-------------------+
; Simple Multipliers (9-bit)            ; 0           ; 2                   ; 132               ;
; Simple Multipliers (18-bit)           ; 6           ; 1                   ; 66                ;
; Embedded Multiplier Blocks            ; 6           ; --                  ; 66                ;
; Embedded Multiplier 9-bit elements    ; 12          ; 2                   ; 132               ;
; Signed Embedded Multipliers           ; 0           ; --                  ; --                ;
; Unsigned Embedded Multipliers         ; 6           ; --                  ; --                ;
; Mixed Sign Embedded Multipliers       ; 0           ; --                  ; --                ;
; Variable Sign Embedded Multipliers    ; 0           ; --                  ; --                ;
; Dedicated Input Shift Register Chains ; 0           ; --                  ; --                ;
+---------------------------------------+-------------+---------------------+-------------------+


+---------------------------------------------------------------------------------------------------------------------------------------------------------------------------------------------------------------------------------------------------------------------------------------------+
; DSP Block Details                                                                                                                                                                                                                                                                           ;
+----------------------------------------------------------------------------------------------+----------------------------+--------------------+---------------------+--------------------------------+-----------------------+-----------------------+-------------------+-----------------+
; Name                                                                                         ; Mode                       ; Location           ; Sign Representation ; Has Input Shift Register Chain ; Data A Input Register ; Data B Input Register ; Pipeline Register ; Output Register ;
+----------------------------------------------------------------------------------------------+----------------------------+--------------------+---------------------+--------------------------------+-----------------------+-----------------------+-------------------+-----------------+
; path_controller:path_ctrl|us_sensor:us_f|lpm_mult:Mult0|mult_ngt:auto_generated|mac_out4     ; Simple Multiplier (18-bit) ; DSPOUT_X42_Y21_N2  ;                     ; No                             ;                       ;                       ;                   ; no              ;
;    path_controller:path_ctrl|us_sensor:us_f|lpm_mult:Mult0|mult_ngt:auto_generated|mac_mult3 ;                            ; DSPMULT_X42_Y21_N0 ; Unsigned            ;                                ; yes                   ; no                    ; no                ;                 ;
; path_controller:path_ctrl|us_sensor:us_f|lpm_mult:Mult0|mult_ngt:auto_generated|w217w[0]     ; Simple Multiplier (18-bit) ; DSPOUT_X42_Y22_N2  ;                     ; No                             ;                       ;                       ;                   ; no              ;
;    path_controller:path_ctrl|us_sensor:us_f|lpm_mult:Mult0|mult_ngt:auto_generated|mac_mult1 ;                            ; DSPMULT_X42_Y22_N0 ; Unsigned            ;                                ; yes                   ; no                    ; no                ;                 ;
; path_controller:path_ctrl|us_sensor:us_l|lpm_mult:Mult0|mult_ngt:auto_generated|mac_out4     ; Simple Multiplier (18-bit) ; DSPOUT_X42_Y16_N2  ;                     ; No                             ;                       ;                       ;                   ; no              ;
;    path_controller:path_ctrl|us_sensor:us_l|lpm_mult:Mult0|mult_ngt:auto_generated|mac_mult3 ;                            ; DSPMULT_X42_Y16_N0 ; Unsigned            ;                                ; yes                   ; no                    ; no                ;                 ;
; path_controller:path_ctrl|us_sensor:us_l|lpm_mult:Mult0|mult_ngt:auto_generated|w217w[0]     ; Simple Multiplier (18-bit) ; DSPOUT_X42_Y17_N2  ;                     ; No                             ;                       ;                       ;                   ; no              ;
;    path_controller:path_ctrl|us_sensor:us_l|lpm_mult:Mult0|mult_ngt:auto_generated|mac_mult1 ;                            ; DSPMULT_X42_Y17_N0 ; Unsigned            ;                                ; yes                   ; no                    ; no                ;                 ;
; path_controller:path_ctrl|us_sensor:us_r|lpm_mult:Mult0|mult_ngt:auto_generated|mac_out4     ; Simple Multiplier (18-bit) ; DSPOUT_X42_Y20_N2  ;                     ; No                             ;                       ;                       ;                   ; no              ;
;    path_controller:path_ctrl|us_sensor:us_r|lpm_mult:Mult0|mult_ngt:auto_generated|mac_mult3 ;                            ; DSPMULT_X42_Y20_N0 ; Unsigned            ;                                ; yes                   ; no                    ; no                ;                 ;
; path_controller:path_ctrl|us_sensor:us_r|lpm_mult:Mult0|mult_ngt:auto_generated|w217w[0]     ; Simple Multiplier (18-bit) ; DSPOUT_X42_Y19_N2  ;                     ; No                             ;                       ;                       ;                   ; no              ;
;    path_controller:path_ctrl|us_sensor:us_r|lpm_mult:Mult0|mult_ngt:auto_generated|mac_mult1 ;                            ; DSPMULT_X42_Y19_N0 ; Unsigned            ;                                ; yes                   ; no                    ; no                ;                 ;
+----------------------------------------------------------------------------------------------+----------------------------+--------------------+---------------------+--------------------------------+-----------------------+-----------------------+-------------------+-----------------+


+------------------------------------------------+
; Routing Usage Summary                          ;
+-----------------------+------------------------+
; Routing Resource Type ; Usage                  ;
+-----------------------+------------------------+
; Block interconnects   ; 1,895 / 71,559 ( 3 % ) ;
; C16 interconnects     ; 18 / 2,597 ( < 1 % )   ;
; C4 interconnects      ; 755 / 46,848 ( 2 % )   ;
; Direct links          ; 561 / 71,559 ( < 1 % ) ;
; Global clocks         ; 3 / 20 ( 15 % )        ;
; Local interconnects   ; 1,555 / 24,624 ( 6 % ) ;
; R24 interconnects     ; 17 / 2,496 ( < 1 % )   ;
; R4 interconnects      ; 955 / 62,424 ( 2 % )   ;
+-----------------------+------------------------+


+-----------------------------------------------------------------------------+
; LAB Logic Elements                                                          ;
+---------------------------------------------+-------------------------------+
; Number of Logic Elements  (Average = 12.49) ; Number of LABs  (Total = 182) ;
+---------------------------------------------+-------------------------------+
; 1                                           ; 7                             ;
; 2                                           ; 3                             ;
; 3                                           ; 5                             ;
; 4                                           ; 5                             ;
; 5                                           ; 5                             ;
; 6                                           ; 4                             ;
; 7                                           ; 3                             ;
; 8                                           ; 3                             ;
; 9                                           ; 3                             ;
; 10                                          ; 8                             ;
; 11                                          ; 5                             ;
; 12                                          ; 11                            ;
; 13                                          ; 11                            ;
; 14                                          ; 12                            ;
; 15                                          ; 25                            ;
; 16                                          ; 72                            ;
+---------------------------------------------+-------------------------------+


+--------------------------------------------------------------------+
; LAB-wide Signals                                                   ;
+------------------------------------+-------------------------------+
; LAB-wide Signals  (Average = 1.98) ; Number of LABs  (Total = 182) ;
+------------------------------------+-------------------------------+
; 1 Async. clear                     ; 98                            ;
; 1 Clock                            ; 108                           ;
; 1 Clock enable                     ; 74                            ;
; 1 Sync. clear                      ; 17                            ;
; 1 Sync. load                       ; 5                             ;
; 2 Clock enables                    ; 8                             ;
; 2 Clocks                           ; 51                            ;
+------------------------------------+-------------------------------+


+------------------------------------------------------------------------------+
; LAB Signals Sourced                                                          ;
+----------------------------------------------+-------------------------------+
; Number of Signals Sourced  (Average = 20.51) ; Number of LABs  (Total = 182) ;
+----------------------------------------------+-------------------------------+
; 0                                            ; 1                             ;
; 1                                            ; 3                             ;
; 2                                            ; 3                             ;
; 3                                            ; 2                             ;
; 4                                            ; 3                             ;
; 5                                            ; 5                             ;
; 6                                            ; 3                             ;
; 7                                            ; 2                             ;
; 8                                            ; 2                             ;
; 9                                            ; 1                             ;
; 10                                           ; 2                             ;
; 11                                           ; 2                             ;
; 12                                           ; 3                             ;
; 13                                           ; 6                             ;
; 14                                           ; 3                             ;
; 15                                           ; 3                             ;
; 16                                           ; 16                            ;
; 17                                           ; 6                             ;
; 18                                           ; 5                             ;
; 19                                           ; 3                             ;
; 20                                           ; 6                             ;
; 21                                           ; 9                             ;
; 22                                           ; 4                             ;
; 23                                           ; 9                             ;
; 24                                           ; 6                             ;
; 25                                           ; 8                             ;
; 26                                           ; 12                            ;
; 27                                           ; 9                             ;
; 28                                           ; 11                            ;
; 29                                           ; 4                             ;
; 30                                           ; 5                             ;
; 31                                           ; 2                             ;
; 32                                           ; 23                            ;
+----------------------------------------------+-------------------------------+


+---------------------------------------------------------------------------------+
; LAB Signals Sourced Out                                                         ;
+-------------------------------------------------+-------------------------------+
; Number of Signals Sourced Out  (Average = 5.72) ; Number of LABs  (Total = 182) ;
+-------------------------------------------------+-------------------------------+
; 0                                               ; 1                             ;
; 1                                               ; 16                            ;
; 2                                               ; 33                            ;
; 3                                               ; 28                            ;
; 4                                               ; 27                            ;
; 5                                               ; 11                            ;
; 6                                               ; 9                             ;
; 7                                               ; 4                             ;
; 8                                               ; 8                             ;
; 9                                               ; 6                             ;
; 10                                              ; 9                             ;
; 11                                              ; 4                             ;
; 12                                              ; 5                             ;
; 13                                              ; 4                             ;
; 14                                              ; 2                             ;
; 15                                              ; 2                             ;
; 16                                              ; 13                            ;
+-------------------------------------------------+-------------------------------+


+-----------------------------------------------------------------------------+
; LAB Distinct Inputs                                                         ;
+---------------------------------------------+-------------------------------+
; Number of Distinct Inputs  (Average = 9.14) ; Number of LABs  (Total = 182) ;
+---------------------------------------------+-------------------------------+
; 0                                           ; 0                             ;
; 1                                           ; 1                             ;
; 2                                           ; 9                             ;
; 3                                           ; 13                            ;
; 4                                           ; 22                            ;
; 5                                           ; 21                            ;
; 6                                           ; 11                            ;
; 7                                           ; 9                             ;
; 8                                           ; 15                            ;
; 9                                           ; 11                            ;
; 10                                          ; 13                            ;
; 11                                          ; 11                            ;
; 12                                          ; 7                             ;
; 13                                          ; 7                             ;
; 14                                          ; 3                             ;
; 15                                          ; 2                             ;
; 16                                          ; 4                             ;
; 17                                          ; 1                             ;
; 18                                          ; 2                             ;
; 19                                          ; 2                             ;
; 20                                          ; 4                             ;
; 21                                          ; 1                             ;
; 22                                          ; 1                             ;
; 23                                          ; 3                             ;
; 24                                          ; 0                             ;
; 25                                          ; 2                             ;
; 26                                          ; 3                             ;
; 27                                          ; 0                             ;
; 28                                          ; 0                             ;
; 29                                          ; 1                             ;
; 30                                          ; 0                             ;
; 31                                          ; 2                             ;
+---------------------------------------------+-------------------------------+


+------------------------------------------+
; I/O Rules Summary                        ;
+----------------------------------+-------+
; I/O Rules Statistic              ; Total ;
+----------------------------------+-------+
; Total I/O Rules                  ; 30    ;
; Number of I/O Rules Passed       ; 12    ;
; Number of I/O Rules Failed       ; 0     ;
; Number of I/O Rules Unchecked    ; 0     ;
; Number of I/O Rules Inapplicable ; 18    ;
+----------------------------------+-------+


+-----------------------------------------------------------------------------------------------------------------------------------------------------------------------------------------------------------------------------------------------------------------------------------------------------+
; I/O Rules Details                                                                                                                                                                                                                                                                                   ;
+--------------+-----------+-----------------------------------+------------------------------------------------------------------------------------------------------+----------+--------------------------------------------------------------------------+---------------------+-------------------+
; Status       ; ID        ; Category                          ; Rule Description                                                                                     ; Severity ; Information                                                              ; Area                ; Extra Information ;
+--------------+-----------+-----------------------------------+------------------------------------------------------------------------------------------------------+----------+--------------------------------------------------------------------------+---------------------+-------------------+
; Pass         ; IO_000001 ; Capacity Checks                   ; Number of pins in an I/O bank should not exceed the number of locations available.                   ; Critical ; 0 such failures found.                                                   ; I/O                 ;                   ;
; Inapplicable ; IO_000002 ; Capacity Checks                   ; Number of clocks in an I/O bank should not exceed the number of clocks available.                    ; Critical ; No Global Signal assignments found.                                      ; I/O                 ;                   ;
; Pass         ; IO_000003 ; Capacity Checks                   ; Number of pins in a Vrefgroup should not exceed the number of locations available.                   ; Critical ; 0 such failures found.                                                   ; I/O                 ;                   ;
; Inapplicable ; IO_000004 ; Voltage Compatibility Checks      ; The I/O bank should support the requested VCCIO.                                                     ; Critical ; No IOBANK_VCCIO assignments found.                                       ; I/O                 ;                   ;
; Inapplicable ; IO_000005 ; Voltage Compatibility Checks      ; The I/O bank should not have competing VREF values.                                                  ; Critical ; No VREF I/O Standard assignments found.                                  ; I/O                 ;                   ;
; Pass         ; IO_000006 ; Voltage Compatibility Checks      ; The I/O bank should not have competing VCCIO values.                                                 ; Critical ; 0 such failures found.                                                   ; I/O                 ;                   ;
; Pass         ; IO_000007 ; Valid Location Checks             ; Checks for unavailable locations.                                                                    ; Critical ; 0 such failures found.                                                   ; I/O                 ;                   ;
; Inapplicable ; IO_000008 ; Valid Location Checks             ; Checks for reserved locations.                                                                       ; Critical ; No reserved LogicLock region found.                                      ; I/O                 ;                   ;
; Pass         ; IO_000009 ; I/O Properties Checks for One I/O ; The location should support the requested I/O standard.                                              ; Critical ; 0 such failures found.                                                   ; I/O                 ;                   ;
; Pass         ; IO_000010 ; I/O Properties Checks for One I/O ; The location should support the requested I/O direction.                                             ; Critical ; 0 such failures found.                                                   ; I/O                 ;                   ;
; Inapplicable ; IO_000011 ; I/O Properties Checks for One I/O ; The location should support the requested Current Strength.                                          ; Critical ; No Current Strength assignments found.                                   ; I/O                 ;                   ;
; Pass         ; IO_000012 ; I/O Properties Checks for One I/O ; The location should support the requested On Chip Termination value.                                 ; Critical ; 0 such failures found.                                                   ; I/O                 ;                   ;
; Inapplicable ; IO_000013 ; I/O Properties Checks for One I/O ; The location should support the requested Bus Hold value.                                            ; Critical ; No Enable Bus-Hold Circuitry assignments found.                          ; I/O                 ;                   ;
; Inapplicable ; IO_000014 ; I/O Properties Checks for One I/O ; The location should support the requested Weak Pull Up value.                                        ; Critical ; No Weak Pull-Up Resistor assignments found.                              ; I/O                 ;                   ;
; Pass         ; IO_000015 ; I/O Properties Checks for One I/O ; The location should support the requested PCI Clamp Diode.                                           ; Critical ; 0 such failures found.                                                   ; I/O                 ;                   ;
; Inapplicable ; IO_000018 ; I/O Properties Checks for One I/O ; The I/O standard should support the requested Current Strength.                                      ; Critical ; No Current Strength assignments found.                                   ; I/O                 ;                   ;
; Pass         ; IO_000019 ; I/O Properties Checks for One I/O ; The I/O standard should support the requested On Chip Termination value.                             ; Critical ; 0 such failures found.                                                   ; I/O                 ;                   ;
; Pass         ; IO_000020 ; I/O Properties Checks for One I/O ; The I/O standard should support the requested PCI Clamp Diode.                                       ; Critical ; 0 such failures found.                                                   ; I/O                 ;                   ;
; Inapplicable ; IO_000021 ; I/O Properties Checks for One I/O ; The I/O standard should support the requested Weak Pull Up value.                                    ; Critical ; No Weak Pull-Up Resistor assignments found.                              ; I/O                 ;                   ;
; Inapplicable ; IO_000022 ; I/O Properties Checks for One I/O ; The I/O standard should support the requested Bus Hold value.                                        ; Critical ; No Enable Bus-Hold Circuitry assignments found.                          ; I/O                 ;                   ;
; Inapplicable ; IO_000023 ; I/O Properties Checks for One I/O ; The I/O standard should support the Open Drain value.                                                ; Critical ; No open drain assignments found.                                         ; I/O                 ;                   ;
; Pass         ; IO_000024 ; I/O Properties Checks for One I/O ; The I/O direction should support the On Chip Termination value.                                      ; Critical ; 0 such failures found.                                                   ; I/O                 ;                   ;
; Inapplicable ; IO_000026 ; I/O Properties Checks for One I/O ; On Chip Termination and Current Strength should not be used at the same time.                        ; Critical ; No Current Strength assignments found.                                   ; I/O                 ;                   ;
; Inapplicable ; IO_000027 ; I/O Properties Checks for One I/O ; Weak Pull Up and Bus Hold should not be used at the same time.                                       ; Critical ; No Enable Bus-Hold Circuitry or Weak Pull-Up Resistor assignments found. ; I/O                 ;                   ;
; Inapplicable ; IO_000045 ; I/O Properties Checks for One I/O ; The I/O standard should support the requested Slew Rate value.                                       ; Critical ; No Slew Rate assignments found.                                          ; I/O                 ;                   ;
; Inapplicable ; IO_000046 ; I/O Properties Checks for One I/O ; The location should support the requested Slew Rate value.                                           ; Critical ; No Slew Rate assignments found.                                          ; I/O                 ;                   ;
; Inapplicable ; IO_000047 ; I/O Properties Checks for One I/O ; On Chip Termination and Slew Rate should not be used at the same time.                               ; Critical ; No Slew Rate assignments found.                                          ; I/O                 ;                   ;
; Pass         ; IO_000033 ; Electromigration Checks           ; Current density for consecutive I/Os should not exceed 240mA for row I/Os and 240mA for column I/Os. ; Critical ; 0 such failures found.                                                   ; I/O                 ;                   ;
; Inapplicable ; IO_000034 ; SI Related Distance Checks        ; Single-ended outputs should be 5 LAB row(s) away from a differential I/O.                            ; High     ; No Differential I/O Standard assignments found.                          ; I/O                 ;                   ;
; Inapplicable ; IO_000042 ; SI Related SSO Limit Checks       ; No more than 20 outputs are allowed in a VREF group when VREF is being read from.                    ; High     ; No VREF I/O Standard assignments found.                                  ; I/O                 ;                   ;
; ----         ; ----      ; Disclaimer                        ; OCT rules are checked but not reported.                                                              ; None     ; ----                                                                     ; On Chip Termination ;                   ;
+--------------+-----------+-----------------------------------+------------------------------------------------------------------------------------------------------+----------+--------------------------------------------------------------------------+---------------------+-------------------+


+---------------------------------------------------------------------------------------------------------------------------------------------------------------------------------------------------------------------------------------------------------------------------------------------------------------------------------------------------------------------------------------------------------------------------------------------------------------------------+
; I/O Rules Matrix                                                                                                                                                                                                                                                                                                                                                                                                                                                          ;
+---------------------+--------------+--------------+--------------+--------------+--------------+-----------+--------------+--------------+-----------+-----------+--------------+--------------+--------------+--------------+--------------+--------------+--------------+--------------+--------------+--------------+--------------+--------------+--------------+--------------+--------------+--------------+--------------+-----------+--------------+--------------+
; Pin/Rules           ; IO_000001    ; IO_000002    ; IO_000003    ; IO_000004    ; IO_000005    ; IO_000006 ; IO_000007    ; IO_000008    ; IO_000009 ; IO_000010 ; IO_000011    ; IO_000012    ; IO_000013    ; IO_000014    ; IO_000015    ; IO_000018    ; IO_000019    ; IO_000020    ; IO_000021    ; IO_000022    ; IO_000023    ; IO_000024    ; IO_000026    ; IO_000027    ; IO_000045    ; IO_000046    ; IO_000047    ; IO_000033 ; IO_000034    ; IO_000042    ;
+---------------------+--------------+--------------+--------------+--------------+--------------+-----------+--------------+--------------+-----------+-----------+--------------+--------------+--------------+--------------+--------------+--------------+--------------+--------------+--------------+--------------+--------------+--------------+--------------+--------------+--------------+--------------+--------------+-----------+--------------+--------------+
; Total Pass          ; 21           ; 0            ; 21           ; 0            ; 0            ; 25        ; 21           ; 0            ; 25        ; 25        ; 0            ; 9            ; 0            ; 0            ; 12           ; 0            ; 9            ; 12           ; 0            ; 0            ; 0            ; 9            ; 0            ; 0            ; 0            ; 0            ; 0            ; 25        ; 0            ; 0            ;
; Total Unchecked     ; 0            ; 0            ; 0            ; 0            ; 0            ; 0         ; 0            ; 0            ; 0         ; 0         ; 0            ; 0            ; 0            ; 0            ; 0            ; 0            ; 0            ; 0            ; 0            ; 0            ; 0            ; 0            ; 0            ; 0            ; 0            ; 0            ; 0            ; 0         ; 0            ; 0            ;
; Total Inapplicable  ; 4            ; 25           ; 4            ; 25           ; 25           ; 0         ; 4            ; 25           ; 0         ; 0         ; 25           ; 16           ; 25           ; 25           ; 13           ; 25           ; 16           ; 13           ; 25           ; 25           ; 25           ; 16           ; 25           ; 25           ; 25           ; 25           ; 25           ; 0         ; 25           ; 25           ;
; Total Fail          ; 0            ; 0            ; 0            ; 0            ; 0            ; 0         ; 0            ; 0            ; 0         ; 0         ; 0            ; 0            ; 0            ; 0            ; 0            ; 0            ; 0            ; 0            ; 0            ; 0            ; 0            ; 0            ; 0            ; 0            ; 0            ; 0            ; 0            ; 0         ; 0            ; 0            ;
; EN1_A               ; Pass         ; Inapplicable ; Pass         ; Inapplicable ; Inapplicable ; Pass      ; Pass         ; Inapplicable ; Pass      ; Pass      ; Inapplicable ; Inapplicable ; Inapplicable ; Inapplicable ; Pass         ; Inapplicable ; Inapplicable ; Pass         ; Inapplicable ; Inapplicable ; Inapplicable ; Inapplicable ; Inapplicable ; Inapplicable ; Inapplicable ; Inapplicable ; Inapplicable ; Pass      ; Inapplicable ; Inapplicable ;
; EN2_A               ; Pass         ; Inapplicable ; Pass         ; Inapplicable ; Inapplicable ; Pass      ; Pass         ; Inapplicable ; Pass      ; Pass      ; Inapplicable ; Inapplicable ; Inapplicable ; Inapplicable ; Pass         ; Inapplicable ; Inapplicable ; Pass         ; Inapplicable ; Inapplicable ; Inapplicable ; Inapplicable ; Inapplicable ; Inapplicable ; Inapplicable ; Inapplicable ; Inapplicable ; Pass      ; Inapplicable ; Inapplicable ;
; EN1_B               ; Pass         ; Inapplicable ; Pass         ; Inapplicable ; Inapplicable ; Pass      ; Pass         ; Inapplicable ; Pass      ; Pass      ; Inapplicable ; Inapplicable ; Inapplicable ; Inapplicable ; Pass         ; Inapplicable ; Inapplicable ; Pass         ; Inapplicable ; Inapplicable ; Inapplicable ; Inapplicable ; Inapplicable ; Inapplicable ; Inapplicable ; Inapplicable ; Inapplicable ; Pass      ; Inapplicable ; Inapplicable ;
; EN2_B               ; Pass         ; Inapplicable ; Pass         ; Inapplicable ; Inapplicable ; Pass      ; Pass         ; Inapplicable ; Pass      ; Pass      ; Inapplicable ; Inapplicable ; Inapplicable ; Inapplicable ; Pass         ; Inapplicable ; Inapplicable ; Pass         ; Inapplicable ; Inapplicable ; Inapplicable ; Inapplicable ; Inapplicable ; Inapplicable ; Inapplicable ; Inapplicable ; Inapplicable ; Pass      ; Inapplicable ; Inapplicable ;
; trig_l              ; Pass         ; Inapplicable ; Pass         ; Inapplicable ; Inapplicable ; Pass      ; Pass         ; Inapplicable ; Pass      ; Pass      ; Inapplicable ; Pass         ; Inapplicable ; Inapplicable ; Inapplicable ; Inapplicable ; Pass         ; Inapplicable ; Inapplicable ; Inapplicable ; Inapplicable ; Pass         ; Inapplicable ; Inapplicable ; Inapplicable ; Inapplicable ; Inapplicable ; Pass      ; Inapplicable ; Inapplicable ;
; trig_f              ; Pass         ; Inapplicable ; Pass         ; Inapplicable ; Inapplicable ; Pass      ; Pass         ; Inapplicable ; Pass      ; Pass      ; Inapplicable ; Pass         ; Inapplicable ; Inapplicable ; Inapplicable ; Inapplicable ; Pass         ; Inapplicable ; Inapplicable ; Inapplicable ; Inapplicable ; Pass         ; Inapplicable ; Inapplicable ; Inapplicable ; Inapplicable ; Inapplicable ; Pass      ; Inapplicable ; Inapplicable ;
; trig_r              ; Pass         ; Inapplicable ; Pass         ; Inapplicable ; Inapplicable ; Pass      ; Pass         ; Inapplicable ; Pass      ; Pass      ; Inapplicable ; Pass         ; Inapplicable ; Inapplicable ; Inapplicable ; Inapplicable ; Pass         ; Inapplicable ; Inapplicable ; Inapplicable ; Inapplicable ; Pass         ; Inapplicable ; Inapplicable ; Inapplicable ; Inapplicable ; Inapplicable ; Pass      ; Inapplicable ; Inapplicable ;
; ENA                 ; Pass         ; Inapplicable ; Pass         ; Inapplicable ; Inapplicable ; Pass      ; Pass         ; Inapplicable ; Pass      ; Pass      ; Inapplicable ; Pass         ; Inapplicable ; Inapplicable ; Inapplicable ; Inapplicable ; Pass         ; Inapplicable ; Inapplicable ; Inapplicable ; Inapplicable ; Pass         ; Inapplicable ; Inapplicable ; Inapplicable ; Inapplicable ; Inapplicable ; Pass      ; Inapplicable ; Inapplicable ;
; ENB                 ; Pass         ; Inapplicable ; Pass         ; Inapplicable ; Inapplicable ; Pass      ; Pass         ; Inapplicable ; Pass      ; Pass      ; Inapplicable ; Pass         ; Inapplicable ; Inapplicable ; Inapplicable ; Inapplicable ; Pass         ; Inapplicable ; Inapplicable ; Inapplicable ; Inapplicable ; Pass         ; Inapplicable ; Inapplicable ; Inapplicable ; Inapplicable ; Inapplicable ; Pass      ; Inapplicable ; Inapplicable ;
; IN1                 ; Pass         ; Inapplicable ; Pass         ; Inapplicable ; Inapplicable ; Pass      ; Pass         ; Inapplicable ; Pass      ; Pass      ; Inapplicable ; Pass         ; Inapplicable ; Inapplicable ; Inapplicable ; Inapplicable ; Pass         ; Inapplicable ; Inapplicable ; Inapplicable ; Inapplicable ; Pass         ; Inapplicable ; Inapplicable ; Inapplicable ; Inapplicable ; Inapplicable ; Pass      ; Inapplicable ; Inapplicable ;
; IN2                 ; Pass         ; Inapplicable ; Pass         ; Inapplicable ; Inapplicable ; Pass      ; Pass         ; Inapplicable ; Pass      ; Pass      ; Inapplicable ; Pass         ; Inapplicable ; Inapplicable ; Inapplicable ; Inapplicable ; Pass         ; Inapplicable ; Inapplicable ; Inapplicable ; Inapplicable ; Pass         ; Inapplicable ; Inapplicable ; Inapplicable ; Inapplicable ; Inapplicable ; Pass      ; Inapplicable ; Inapplicable ;
; IN3                 ; Pass         ; Inapplicable ; Pass         ; Inapplicable ; Inapplicable ; Pass      ; Pass         ; Inapplicable ; Pass      ; Pass      ; Inapplicable ; Pass         ; Inapplicable ; Inapplicable ; Inapplicable ; Inapplicable ; Pass         ; Inapplicable ; Inapplicable ; Inapplicable ; Inapplicable ; Pass         ; Inapplicable ; Inapplicable ; Inapplicable ; Inapplicable ; Inapplicable ; Pass      ; Inapplicable ; Inapplicable ;
; IN4                 ; Pass         ; Inapplicable ; Pass         ; Inapplicable ; Inapplicable ; Pass      ; Pass         ; Inapplicable ; Pass      ; Pass      ; Inapplicable ; Pass         ; Inapplicable ; Inapplicable ; Inapplicable ; Inapplicable ; Pass         ; Inapplicable ; Inapplicable ; Inapplicable ; Inapplicable ; Pass         ; Inapplicable ; Inapplicable ; Inapplicable ; Inapplicable ; Inapplicable ; Pass      ; Inapplicable ; Inapplicable ;
; clk                 ; Pass         ; Inapplicable ; Pass         ; Inapplicable ; Inapplicable ; Pass      ; Pass         ; Inapplicable ; Pass      ; Pass      ; Inapplicable ; Inapplicable ; Inapplicable ; Inapplicable ; Pass         ; Inapplicable ; Inapplicable ; Pass         ; Inapplicable ; Inapplicable ; Inapplicable ; Inapplicable ; Inapplicable ; Inapplicable ; Inapplicable ; Inapplicable ; Inapplicable ; Pass      ; Inapplicable ; Inapplicable ;
; reset               ; Pass         ; Inapplicable ; Pass         ; Inapplicable ; Inapplicable ; Pass      ; Pass         ; Inapplicable ; Pass      ; Pass      ; Inapplicable ; Inapplicable ; Inapplicable ; Inapplicable ; Pass         ; Inapplicable ; Inapplicable ; Pass         ; Inapplicable ; Inapplicable ; Inapplicable ; Inapplicable ; Inapplicable ; Inapplicable ; Inapplicable ; Inapplicable ; Inapplicable ; Pass      ; Inapplicable ; Inapplicable ;
; ec_f                ; Pass         ; Inapplicable ; Pass         ; Inapplicable ; Inapplicable ; Pass      ; Pass         ; Inapplicable ; Pass      ; Pass      ; Inapplicable ; Inapplicable ; Inapplicable ; Inapplicable ; Pass         ; Inapplicable ; Inapplicable ; Pass         ; Inapplicable ; Inapplicable ; Inapplicable ; Inapplicable ; Inapplicable ; Inapplicable ; Inapplicable ; Inapplicable ; Inapplicable ; Pass      ; Inapplicable ; Inapplicable ;
; ec_l                ; Pass         ; Inapplicable ; Pass         ; Inapplicable ; Inapplicable ; Pass      ; Pass         ; Inapplicable ; Pass      ; Pass      ; Inapplicable ; Inapplicable ; Inapplicable ; Inapplicable ; Pass         ; Inapplicable ; Inapplicable ; Pass         ; Inapplicable ; Inapplicable ; Inapplicable ; Inapplicable ; Inapplicable ; Inapplicable ; Inapplicable ; Inapplicable ; Inapplicable ; Pass      ; Inapplicable ; Inapplicable ;
; ec_r                ; Pass         ; Inapplicable ; Pass         ; Inapplicable ; Inapplicable ; Pass      ; Pass         ; Inapplicable ; Pass      ; Pass      ; Inapplicable ; Inapplicable ; Inapplicable ; Inapplicable ; Pass         ; Inapplicable ; Inapplicable ; Pass         ; Inapplicable ; Inapplicable ; Inapplicable ; Inapplicable ; Inapplicable ; Inapplicable ; Inapplicable ; Inapplicable ; Inapplicable ; Pass      ; Inapplicable ; Inapplicable ;
; ir_f                ; Pass         ; Inapplicable ; Pass         ; Inapplicable ; Inapplicable ; Pass      ; Pass         ; Inapplicable ; Pass      ; Pass      ; Inapplicable ; Inapplicable ; Inapplicable ; Inapplicable ; Pass         ; Inapplicable ; Inapplicable ; Pass         ; Inapplicable ; Inapplicable ; Inapplicable ; Inapplicable ; Inapplicable ; Inapplicable ; Inapplicable ; Inapplicable ; Inapplicable ; Pass      ; Inapplicable ; Inapplicable ;
; ir_l                ; Pass         ; Inapplicable ; Pass         ; Inapplicable ; Inapplicable ; Pass      ; Pass         ; Inapplicable ; Pass      ; Pass      ; Inapplicable ; Inapplicable ; Inapplicable ; Inapplicable ; Pass         ; Inapplicable ; Inapplicable ; Pass         ; Inapplicable ; Inapplicable ; Inapplicable ; Inapplicable ; Inapplicable ; Inapplicable ; Inapplicable ; Inapplicable ; Inapplicable ; Pass      ; Inapplicable ; Inapplicable ;
; ir_r                ; Pass         ; Inapplicable ; Pass         ; Inapplicable ; Inapplicable ; Pass      ; Pass         ; Inapplicable ; Pass      ; Pass      ; Inapplicable ; Inapplicable ; Inapplicable ; Inapplicable ; Pass         ; Inapplicable ; Inapplicable ; Pass         ; Inapplicable ; Inapplicable ; Inapplicable ; Inapplicable ; Inapplicable ; Inapplicable ; Inapplicable ; Inapplicable ; Inapplicable ; Pass      ; Inapplicable ; Inapplicable ;
; altera_reserved_tms ; Inapplicable ; Inapplicable ; Inapplicable ; Inapplicable ; Inapplicable ; Pass      ; Inapplicable ; Inapplicable ; Pass      ; Pass      ; Inapplicable ; Inapplicable ; Inapplicable ; Inapplicable ; Inapplicable ; Inapplicable ; Inapplicable ; Inapplicable ; Inapplicable ; Inapplicable ; Inapplicable ; Inapplicable ; Inapplicable ; Inapplicable ; Inapplicable ; Inapplicable ; Inapplicable ; Pass      ; Inapplicable ; Inapplicable ;
; altera_reserved_tck ; Inapplicable ; Inapplicable ; Inapplicable ; Inapplicable ; Inapplicable ; Pass      ; Inapplicable ; Inapplicable ; Pass      ; Pass      ; Inapplicable ; Inapplicable ; Inapplicable ; Inapplicable ; Inapplicable ; Inapplicable ; Inapplicable ; Inapplicable ; Inapplicable ; Inapplicable ; Inapplicable ; Inapplicable ; Inapplicable ; Inapplicable ; Inapplicable ; Inapplicable ; Inapplicable ; Pass      ; Inapplicable ; Inapplicable ;
; altera_reserved_tdi ; Inapplicable ; Inapplicable ; Inapplicable ; Inapplicable ; Inapplicable ; Pass      ; Inapplicable ; Inapplicable ; Pass      ; Pass      ; Inapplicable ; Inapplicable ; Inapplicable ; Inapplicable ; Inapplicable ; Inapplicable ; Inapplicable ; Inapplicable ; Inapplicable ; Inapplicable ; Inapplicable ; Inapplicable ; Inapplicable ; Inapplicable ; Inapplicable ; Inapplicable ; Inapplicable ; Pass      ; Inapplicable ; Inapplicable ;
; altera_reserved_tdo ; Inapplicable ; Inapplicable ; Inapplicable ; Inapplicable ; Inapplicable ; Pass      ; Inapplicable ; Inapplicable ; Pass      ; Pass      ; Inapplicable ; Inapplicable ; Inapplicable ; Inapplicable ; Inapplicable ; Inapplicable ; Inapplicable ; Inapplicable ; Inapplicable ; Inapplicable ; Inapplicable ; Inapplicable ; Inapplicable ; Inapplicable ; Inapplicable ; Inapplicable ; Inapplicable ; Pass      ; Inapplicable ; Inapplicable ;
+---------------------+--------------+--------------+--------------+--------------+--------------+-----------+--------------+--------------+-----------+-----------+--------------+--------------+--------------+--------------+--------------+--------------+--------------+--------------+--------------+--------------+--------------+--------------+--------------+--------------+--------------+--------------+--------------+-----------+--------------+--------------+


+---------------------------------------------------------------------------------------------+
; Fitter Device Options                                                                       ;
+------------------------------------------------------------------+--------------------------+
; Option                                                           ; Setting                  ;
+------------------------------------------------------------------+--------------------------+
; Enable user-supplied start-up clock (CLKUSR)                     ; Off                      ;
; Enable device-wide reset (DEV_CLRn)                              ; Off                      ;
; Enable device-wide output enable (DEV_OE)                        ; Off                      ;
; Enable INIT_DONE output                                          ; Off                      ;
; Configuration scheme                                             ; Active Serial            ;
; Error detection CRC                                              ; Off                      ;
; Enable open drain on CRC_ERROR pin                               ; Off                      ;
; Enable input tri-state on active configuration pins in user mode ; Off                      ;
; Configuration Voltage Level                                      ; Auto                     ;
; Force Configuration Voltage Level                                ; Off                      ;
; nCEO                                                             ; As output driving ground ;
; Data[0]                                                          ; As input tri-stated      ;
; Data[1]/ASDO                                                     ; As input tri-stated      ;
; Data[7..2]                                                       ; Unreserved               ;
; FLASH_nCE/nCSO                                                   ; As input tri-stated      ;
; Other Active Parallel pins                                       ; Unreserved               ;
; DCLK                                                             ; As output driving ground ;
+------------------------------------------------------------------+--------------------------+


+------------------------------------+
; Operating Settings and Conditions  ;
+---------------------------+--------+
; Setting                   ; Value  ;
+---------------------------+--------+
; Nominal Core Voltage      ; 1.20 V ;
; Low Junction Temperature  ; 0 °C   ;
; High Junction Temperature ; 85 °C  ;
+---------------------------+--------+


+-----------------+
; Fitter Messages ;
+-----------------+
Warning (18236): Number of processors has not been specified which may cause overloading on shared machines.  Set the global assignment NUM_PARALLEL_PROCESSORS in your QSF to an appropriate value for best performance.
Info (20030): Parallel compilation is enabled and will use 10 of the 10 processors detected
Info (119006): Selected device EP4CE22F17C6 for design "robot_motor_top"
Info (21077): Low junction temperature is 0 degrees C
Info (21077): High junction temperature is 85 degrees C
Info (171003): Fitter is performing an Auto Fit compilation, which may decrease Fitter effort to reduce compilation time
Warning (292013): Feature LogicLock is only available with a valid subscription license. You can purchase a software subscription to gain full access to this feature.
Info (176444): Device migration not selected. If you intend to use device migration later, you may need to change the pin assignments as they may be incompatible with other devices
    Info (176445): Device EP4CE10F17C6 is compatible
    Info (176445): Device EP4CE6F17C6 is compatible
    Info (176445): Device EP4CE15F17C6 is compatible
Info (169124): Fitter converted 5 user pins into dedicated programming pins
    Info (169125): Pin ~ALTERA_ASDO_DATA1~ is reserved at location C1
    Info (169125): Pin ~ALTERA_FLASH_nCE_nCSO~ is reserved at location D2
    Info (169125): Pin ~ALTERA_DCLK~ is reserved at location H1
    Info (169125): Pin ~ALTERA_DATA0~ is reserved at location H2
    Info (169125): Pin ~ALTERA_nCEO~ is reserved at location F16
Warning (15714): Some pins have incomplete I/O assignments. Refer to the I/O Assignment Warnings report for details
Info (176045): Design uses memory blocks. Violating setup or hold times of memory block address registers for either read or write operations could cause memory contents to be corrupted. Make sure that all memory block address registers meet the setup and hold time requirements.
Info (332164): Evaluating HDL-embedded SDC commands
    Info (332165): Entity sld_hub
        Info (332166): create_clock -name altera_reserved_tck [get_ports {altera_reserved_tck}] -period 10MHz   
        Info (332166): set_clock_groups -asynchronous -group {altera_reserved_tck}
Critical Warning (332012): Synopsys Design Constraints File file not found: 'robot_motor_top.sdc'. A Synopsys Design Constraints File is required by the Timing Analyzer to get proper timing constraints. Without it, the Compiler will not properly optimize the design.
Warning (332060): Node: clk was determined to be a clock but was found without an associated clock assignment.
    Info (13166): Register path_controller:path_ctrl|us_sensor:us_f|distance_out[0] is being clocked by clk
Critical Warning (332168): The following clock transfers have no clock uncertainty assignment. For more accurate results, apply clock uncertainty assignments or use the derive_clock_uncertainty command.
    Critical Warning (332169): From altera_reserved_tck (Rise) to altera_reserved_tck (Rise) (setup and hold)
    Critical Warning (332169): From altera_reserved_tck (Rise) to altera_reserved_tck (Fall) (setup and hold)
Info (332129): Detected timing requirements -- optimizing circuit to achieve only the specified requirements
Info (332111): Found 1 clocks
    Info (332111):   Period   Clock Name
    Info (332111): ======== ============
    Info (332111):  100.000 altera_reserved_tck
Info (176353): Automatically promoted node clk~input (placed in PIN R8 (CLK15, DIFFCLK_6p)) File: C:/Users/dutta/OneDrive/Desktop/motors/robot_motor_top.v Line: 2
    Info (176355): Automatically promoted destinations to use location or clock signal Global Clock CLKCTRL_G18
Info (176353): Automatically promoted node altera_internal_jtag~TCKUTAP 
    Info (176355): Automatically promoted destinations to use location or clock signal Global Clock
Info (176353): Automatically promoted node sld_signaltap:auto_signaltap_0|sld_signaltap_impl:sld_signaltap_body|sld_signaltap_implb:sld_signaltap_body|reset_all  File: d:/quartus/quartus/libraries/megafunctions/sld_signaltap_impl.vhd Line: 882
    Info (176355): Automatically promoted destinations to use location or clock signal Global Clock
    Info (176356): Following destination nodes may be non-global or may not use global or regional clocks
        Info (176357): Destination node sld_signaltap:auto_signaltap_0|sld_signaltap_impl:sld_signaltap_body|sld_signaltap_implb:sld_signaltap_body|sld_buffer_manager:sld_buffer_manager_inst|last_buffer_write_address_sig[0]~0 File: d:/quartus/quartus/libraries/megafunctions/sld_buffer_manager.vhd Line: 145
        Info (176357): Destination node sld_signaltap:auto_signaltap_0|sld_signaltap_impl:sld_signaltap_body|sld_signaltap_implb:sld_signaltap_body|sld_offload_buffer_mgr:\stp_non_zero_depth_offload_gen:stp_offload_buff_mgr_inst|acq_buf_read_reset~0 File: d:/quartus/quartus/libraries/megafunctions/sld_buffer_manager.vhd Line: 638
        Info (176357): Destination node sld_signaltap:auto_signaltap_0|sld_signaltap_impl:sld_signaltap_body|sld_signaltap_implb:sld_signaltap_body|sld_offload_buffer_mgr:\stp_non_zero_depth_offload_gen:stp_offload_buff_mgr_inst|acq_buf_read_reset File: d:/quartus/quartus/libraries/megafunctions/sld_buffer_manager.vhd Line: 638
Info (176233): Starting register packing
Info (176235): Finished register packing
    Extra Info (176218): Packed 96 registers into blocks of type Embedded multiplier block
Info (171121): Fitter preparation operations ending: elapsed time is 00:00:02
Info (14896): Fitter has disabled Advanced Physical Optimization because it is not supported for the current family.
Info (170189): Fitter placement preparation operations beginning
Info (170190): Fitter placement preparation operations ending: elapsed time is 00:00:00
Info (170191): Fitter placement operations beginning
Info (170137): Fitter placement was successful
Info (170192): Fitter placement operations ending: elapsed time is 00:00:01
Info (170193): Fitter routing operations beginning
Info (170195): Router estimated average interconnect usage is 1% of the available device resources
    Info (170196): Router estimated peak interconnect usage is 8% of the available device resources in the region that extends from location X32_Y11 to location X42_Y22
Info (170199): The Fitter performed an Auto Fit compilation.  Optimizations were skipped to reduce compilation time.
    Info (170201): Optimizations that may affect the design's routability were skipped
    Info (170200): Optimizations that may affect the design's timing were skipped
Info (170194): Fitter routing operations ending: elapsed time is 00:00:01
Info (11888): Total time spent on timing analysis during the Fitter is 0.39 seconds.
Info (334003): Started post-fitting delay annotation
Info (334004): Delay annotation completed successfully
Info (334003): Started post-fitting delay annotation
Info (334004): Delay annotation completed successfully
Info (11218): Fitter post-fit operations ending: elapsed time is 00:00:01
Info (144001): Generated suppressed messages file C:/Users/dutta/OneDrive/Desktop/motors/output_files/robot_motor_top.fit.smsg
Info: Quartus Prime Fitter was successful. 0 errors, 8 warnings
    Info: Peak virtual memory: 6014 megabytes
    Info: Processing ended: Thu Jan 22 23:53:33 2026
    Info: Elapsed time: 00:00:07
    Info: Total CPU time (on all processors): 00:00:10


+----------------------------+
; Fitter Suppressed Messages ;
+----------------------------+
The suppressed messages can be found in C:/Users/dutta/OneDrive/Desktop/motors/output_files/robot_motor_top.fit.smsg.


